manual_review_status	manual_review_notes	manual_review_version	source_id	source_row_number	canonical_record_id	endpoint_name	result_metric	measurement_text	unit_text	canonical_endpoint_name	canonical_measurement_text	canonical_unit_text	finite_scalar_value	canonical_semantics_status	canonical_quantity_kind	canonical_semantics_rule_id	canonical_reference_scope	canonical_reference_basis	canonicalization_status	assay_transfer_eligible	assay_transfer_ineligibility_reason	support_text
pass	Manually checked source support, canonical measurement/unit, semantic and reference policy, validity, and assay-transfer eligibility.	clintox_measurement_unit_manual_review.v2	nonclinical_in_vivo_toxicity	570995	184627c1d3e97532e0235febc2e2be6c3e4e1d17ee387d04b0b004c10edc206a	LD50		0.12	-log (mg/kg)	ld50	0.12	-log(mg/kg)	0.12	approved	toxicology_benchmark_dose	clintox.nonclinical.benchmark_dose.v1	absolute	none	valid	True		Compound 5 had an experimental -log LD50 of 0.12 in adult male mice after IP injection, with death occurring within 60 min, as reported in the present investigation of grayanotoxin toxicity.
pass	Manually checked source support, canonical measurement/unit, semantic and reference policy, validity, and assay-transfer eligibility.	clintox_measurement_unit_manual_review.v2	nonclinical_in_vivo_toxicity	228303	eceab1eceb67f3abdf97fd5ea481486dfeef85877e60922f0fdfa999016aebb7	LD50		0.8 (0.6–0.9)	g kg^-1	ld50	0.8	g kg^-1	0.8	approved	toxicology_benchmark_dose	clintox.nonclinical.benchmark_dose.v1	absolute	none	valid	True		For Zn, MT-null mice had an LD50 of 0.8 g kg−1 (95% CI: 0.6–0.9 g kg−1) after repeated sc daily doses.
pass	Manually checked source support, canonical measurement/unit, semantic and reference policy, validity, and assay-transfer eligibility.	clintox_measurement_unit_manual_review.v2	nonclinical_in_vivo_toxicity	81554	062b1f9153612dfb76b50a24299ac263814abb7f60a7cda1eeed99567cbc5782	LD50		1.8 (1.5-2.0)	g/kg	ld50	1.8	g/kg	1.8	approved	toxicology_benchmark_dose	clintox.nonclinical.benchmark_dose.v1	absolute	none	valid	True		A similar acute oral study of kojic acid was performed by Kynoch and Lloyd using fasted CFY rats. The preliminary LD50 was determined to be between 1 and 4 g/kg body weight. To more precisely determine the LD50, the dose groups were expanded to 5 males and 5 females and received 1, 1.6, 2.5, or 4 g/kg body weight kojic acid. The authors calculated the LD50 of kojic acid in rats to be 1.8 g/kg body weight (95% confidence limits = 1.5-2.0 g/kg body weight).
pass	Manually checked source support, canonical measurement/unit, semantic and reference policy, validity, and assay-transfer eligibility.	clintox_measurement_unit_manual_review.v2	nonclinical_in_vivo_toxicity	67021	cb6c99ff6cb2311d73f47a8e7f15f84eca9fcab130221980bf5c71e624a39ef3	LD50		7.65	mg/kg bw	ld50	0.883661435154	log10(mg/kg)	0.8836614351536176	approved	toxicology_benchmark_dose	clintox.nonclinical.benchmark_dose.v1	absolute	none	valid	True		The intraperitoneal LD50 of capsaicin in mice was 7.65 mg/kg bw (Glinsukon et al., 1980).
pass	Manually checked source support, canonical measurement/unit, semantic and reference policy, validity, and assay-transfer eligibility.	clintox_measurement_unit_manual_review.v2	nonclinical_in_vivo_toxicity	563120	3990d596df0c699b17a67542abcd3f7cdcea39116e2ff4d7bf555fd619bc31e0	LD50		575 (497–683)	mg kg-1	ld50	575	mg kg^-1	575.0	approved	toxicology_benchmark_dose	clintox.nonclinical.benchmark_dose.v1	absolute	none	valid	True		The peroral LD50 for female rats is 575 mg/kg with 95% confidence limits 497–683 mg/kg (reference [7]).
pass	Manually checked source support, canonical measurement/unit, semantic and reference policy, validity, and assay-transfer eligibility.	clintox_measurement_unit_manual_review.v2	nonclinical_in_vivo_toxicity	456646	dd56755edb637ef61ced2f85208ff38875f10a5f71944ee6fe65b2f8d78906c2	LC50		0.113 (0.060–0.213)	mg/g	lc50	0.113	mg/g	0.113	approved	toxicology_benchmark_dose	clintox.nonclinical.benchmark_dose.v1	absolute	none	valid	True		In male Drosophila melanogaster adults, the LC50 of 3-AT alone was 0.113 mg/g (95% CI 0.060–0.213) after 72 h dietary exposure.
pass	Manually checked source support, canonical measurement/unit, semantic and reference policy, validity, and assay-transfer eligibility.	clintox_measurement_unit_manual_review.v2	nonclinical_in_vivo_toxicity	459641	1b7c0533185c08665d72f6ae7f7a16b09f3f24d4e7685e4dc527ab912e12e7ed	LD50		38.4	mg/kg	ld50	38.4	mg/kg	38.4	approved	toxicology_benchmark_dose	clintox.nonclinical.benchmark_dose.v1	absolute	none	valid	True		The acute toxicity of propranolol was determined in mice. Table 5 (paragraph 64) shows that for male mice given intravenous propranolol (30 sec injection) the LD50 was 38.4 mg/kg.
pass	Manually checked source support, canonical measurement/unit, semantic and reference policy, validity, and assay-transfer eligibility.	clintox_measurement_unit_manual_review.v2	nonclinical_in_vivo_toxicity	219841	b06270b0a69ee45656fe722163dc05d696bd98f23345bc7199f6b4b1faebe8a2	LD50		3.8 (0.9-10.2)	mg·kg^-1	ld50	3.8	mg·kg^-1	3.8	approved	toxicology_benchmark_dose	clintox.nonclinical.benchmark_dose.v1	absolute	none	valid	True		In Table II, the intratracheal LD50 for T2 toxin in rats using saline + 1% Tween 80 as vehicle was 3.8 mg·kg−1 (95% confidence limits 0.9-10.2), slope 2.7, calculated by probit analysis.
pass	Manually checked source support, canonical measurement/unit, semantic and reference policy, validity, and assay-transfer eligibility.	clintox_measurement_unit_manual_review.v2	nonclinical_in_vivo_toxicity	396158	42cb2aa695a96e2f643c646206bf6e561b6a3185dde04aa714615e9fde18548c	LC50		1035 (640–2000)	ng/kg	lc50	1035	ng/kg	1035.0	approved	toxicology_benchmark_dose	clintox.nonclinical.benchmark_dose.v1	absolute	none	valid	True		In subchronic 10-d lethality sediment exposure tests with seawater-adapted pink salmon fry, the LC50 for deltamethrin (DM) was 1035 ng/kg with 95% confidence intervals of 640–2000 ng/kg.
pass	Manually checked source support, canonical measurement/unit, semantic and reference policy, validity, and assay-transfer eligibility.	clintox_measurement_unit_manual_review.v2	nonclinical_in_vivo_toxicity	537961	c23b2b3bcab924ba9974f23c3bbc6d9f0cdf118167b27fd430b1191e0152c71a	LD50		252 (177–341)	ng/mg	ld50	252	ng/mg	252.0	approved	toxicology_benchmark_dose	clintox.nonclinical.benchmark_dose.v1	absolute	none	valid	True		Topical LD50 of compound 2 against adult female Anopheles gambiae was 252 ng/mg (95% CI 177–341).
pass	Manually checked source support, canonical measurement/unit, semantic and reference policy, validity, and assay-transfer eligibility.	clintox_measurement_unit_manual_review.v2	nonclinical_in_vivo_toxicity	495241	fa471f39be83e3e151c9805d1c71a484737fc7dd0d0cdbd22e583b54b313dee3	LC50		1.56 (0.94–3.22)	µg g^-1	lc50	1.56	µg g^-1	1.56	approved	toxicology_benchmark_dose	clintox.nonclinical.benchmark_dose.v1	absolute	none	valid	True		In acute toxicity experiments with juvenile L. vannamei, probit analysis estimated a 96-h oral LC50 of 1.56 (0.94–3.22) µg g−1 for methyl parathion (p:29).
pass	Manually checked source support, canonical measurement/unit, semantic and reference policy, validity, and assay-transfer eligibility.	clintox_measurement_unit_manual_review.v2	nonclinical_in_vivo_toxicity	347546	564a4033160281d44e4c6a6fde3e01bf1d4a5fec9c94febf6f0f009d498ad4c0	LD50		2.5 (95% CI 1.9–3.3)	µg/g	ld50	2.5	µg/g	2.5	approved	toxicology_benchmark_dose	clintox.nonclinical.benchmark_dose.v1	absolute	none	valid	True		Chicken embryo LD50 for PFOA was 2.5 µg/g (6.0 nmol/g, 95% CI=1.9–3.3 µg/g) from the survival experiment.
pass	Manually checked source support, canonical measurement/unit, semantic and reference policy, validity, and assay-transfer eligibility.	clintox_measurement_unit_manual_review.v2	nonclinical_in_vivo_toxicity	431548	aa4b51b8e3f12172bb10dff169f661b6e91d1369249e15669e89bd595097dbb4	LD50		296 (268-324)	µg/kg	ld50	296	µg/kg	296.0	approved	toxicology_benchmark_dose	clintox.nonclinical.benchmark_dose.v1	absolute	none	valid	True		In the table, male B6 D2F1/J mice had a 30-day LD50 of 296 (268–324) µg/kg for TCDD (Chapman and Schiller, 1985).
pass	Manually checked source support, canonical measurement/unit, semantic and reference policy, validity, and assay-transfer eligibility.	clintox_measurement_unit_manual_review.v2	nonclinical_in_vivo_toxicity	373577	0d769d8eec447c2535f7834705890f780c8762c3d2fd88d90611c8b304ba2526	LOAEL		300	mg/kg-day	loael	2.47712125472	log10(mg/kg/d)	2.4771212547196626	approved	toxicology_benchmark_dose_rate	clintox.nonclinical.benchmark_dose_rate.v1	absolute	none	valid	True		In Table 4, Howdeshell et al. (2008) reported a LOAEL of 300 mg/kg-day for decreased fetal testosterone production in dibutyl phthalate studies.
pass	Manually checked source support, canonical measurement/unit, semantic and reference policy, validity, and assay-transfer eligibility.	clintox_measurement_unit_manual_review.v2	nonclinical_in_vivo_toxicity	68880	fea600820fa988778e3b4aff67159b5fa2735f9de5ae332eaa806a0becfef325	NOAEL		80	mg/kg bw/day	noael	80	mg/kg/d	80.0	approved	toxicology_benchmark_dose_rate	clintox.nonclinical.benchmark_dose_rate.v1	absolute	none	valid	True		In an OECD TG 414 developmental toxicity study, Crl:CD (SD) female rats (25/dose) were gavaged with 0, 40, 80, or 120 mg/kg bw/day methyl dihydrojasmonate on gestational days 7–20. The maternal NOAEL was 80 mg/kg bw/day.
pass	Manually checked source support, canonical measurement/unit, semantic and reference policy, validity, and assay-transfer eligibility.	clintox_measurement_unit_manual_review.v2	nonclinical_in_vivo_toxicity	183660	0167555f25d550f7aaf8536e287a6bb89d458dc8b0fcfea0cf7a4f17ea246ade	LD50		7.8 (4.6–8.0)	µg/kg per day	ld50	7.8	µg/kg/d	7.8	approved	toxicology_benchmark_dose_rate	clintox.nonclinical.benchmark_dose_rate.v1	absolute	none	valid	True		In subacute toxicity studies with 5 consecutive daily s.c. administrations in BDF1 male mice, the median LD50 of calcitriol was 7.8 µg/kg per day (range 4.6–8.0 µg/kg per day).
pass	Manually checked source support, canonical measurement/unit, semantic and reference policy, validity, and assay-transfer eligibility.	clintox_measurement_unit_manual_review.v2	nonclinical_in_vivo_toxicity	165681	aa8e47ebfb23f72f42a8dd712a80c6249b275d89ae00bbf550d75152c4c329c6	LC50		2120 (1769–2515)	mg L^-1	lc50	2120	mg L^-1	2120.0	approved	toxicology_benchmark_mass_concentration	clintox.nonclinical.benchmark_mass_concentration.v1	absolute	none	valid	True		The table (p.18) lists the LC50 for methomyl in transgenic C. elegans (LX929) at 48 h as 2120 mg/L, with 95% confidence interval (1769-2515 mg/L), after a 1-h exposure.
pass	Manually checked source support, canonical measurement/unit, semantic and reference policy, validity, and assay-transfer eligibility.	clintox_measurement_unit_manual_review.v2	nonclinical_in_vivo_toxicity	196150	acf11f26a905517ff913ccda109601a82aa55b0bd72c0c05a7846b2deec0bbaf	LC50		0.77	mg/L	lc50	0.77	mg/L	0.77	approved	toxicology_benchmark_mass_concentration	clintox.nonclinical.benchmark_mass_concentration.v1	absolute	none	valid	True		DIMPTS had an LC50 of 0.77 mg/L in female animals.
pass	Manually checked source support, canonical measurement/unit, semantic and reference policy, validity, and assay-transfer eligibility.	clintox_measurement_unit_manual_review.v2	nonclinical_in_vivo_toxicity	352665	5d57008c5c50c3cffbc115a21d5621caa09d24e02e7bd90372f3768c931e56e0	LC50		0.0108 (95% CI 0.008-0.015)	mg/ml	lc50	0.0108	mg/mL	0.0108	approved	toxicology_benchmark_mass_concentration	clintox.nonclinical.benchmark_mass_concentration.v1	absolute	none	valid	True		In topical toxicity assays, 20 nl of fluralaner dilution was administered to the lateral thorax of 20 adult female Culicoides sonorensis per group. At 24 h post-exposure, the estimated LC50 was 0.0108 mg/ml (95% CI 0.008-0.015) as determined by probit analysis.
pass	Manually checked source support, canonical measurement/unit, semantic and reference policy, validity, and assay-transfer eligibility.	clintox_measurement_unit_manual_review.v2	nonclinical_in_vivo_toxicity	443957	4e993b4a9d59e3b1a52b08e0a6984bef4c62c2e464c5ab5994c79ef494536b37	LC50		185.9 [95% CI 108.18–263.67]	ng/L	lc50	185.9	ng/L	185.9	approved	toxicology_benchmark_mass_concentration	clintox.nonclinical.benchmark_mass_concentration.v1	absolute	none	valid	True		In 13-month juveniles (12.0 ± 3.33 g), the 24-h LC50 of 6PPDQ was 185.9 ng/L [95% CI 108.18–263.67 ng/L] based on initial measured concentrations.
pass	Manually checked source support, canonical measurement/unit, semantic and reference policy, validity, and assay-transfer eligibility.	clintox_measurement_unit_manual_review.v2	nonclinical_in_vivo_toxicity	394054	1c1079ab20847ff85fd6669c343fdeeda05560329e815818b98e30a637510e53	LC50		1.316 (0.029–3.91)	ng/ml	lc50	1.316	ng/mL	1.316	approved	toxicology_benchmark_mass_concentration	clintox.nonclinical.benchmark_mass_concentration.v1	absolute	none	valid	True		Table 2 reports LC50 of ivermectin for Anopheles coluzzii at day 14 as 1.316 ng/ml (95% CI 0.029–3.91), calculated using log-probit analysis. Ivermectin was administered orally via membrane feeding to adult females.
pass	Manually checked source support, canonical measurement/unit, semantic and reference policy, validity, and assay-transfer eligibility.	clintox_measurement_unit_manual_review.v2	nonclinical_in_vivo_toxicity	399574	d53f35f98f6107fe916250a01b4fe61d3773da51569fde4c08aa729735930030	LC50		2.18 (95% CI: 1.89–2.45)	µg L^-1	lc50	2.18	µg L^-1	2.18	approved	toxicology_benchmark_mass_concentration	clintox.nonclinical.benchmark_mass_concentration.v1	absolute	none	valid	True		Podisus nigrispinus was susceptible to spinosad, with an LC50 of 2.18 µg L−1 (95% CI, 1.89–2.45 µg L−1). Lethality increased with higher concentrations and survival was assessed at 48 h (paragraphs 40–41).
pass	Manually checked source support, canonical measurement/unit, semantic and reference policy, validity, and assay-transfer eligibility.	clintox_measurement_unit_manual_review.v2	nonclinical_in_vivo_toxicity	118225	e7ccc7eeae4033d95fea4090915eb077ee03cca19ad1556d0bd1c43e03cb5fb3	LC50		2.7 (2.3–3.3)	µg ml^-1	lc50	2.7	µg mL^-1	2.7	approved	toxicology_benchmark_mass_concentration	clintox.nonclinical.benchmark_mass_concentration.v1	absolute	none	valid	True		Ae. aegypti (Orlando) larvae exposed to α-mangostin for 24 h had a 72-h LC50 of 2.7 (2.3–3.3) µg ml−1.
pass	Manually checked source support, canonical measurement/unit, semantic and reference policy, validity, and assay-transfer eligibility.	clintox_measurement_unit_manual_review.v2	nonclinical_in_vivo_toxicity	396212	904a30aee818f3271a025c7a6e5f03bd59cb8fb4be00e3bf44fd64d34404ac25	LC50		5.1 [3.0-10.5]	µg/L	lc50	5.1	µg/L	5.1	approved	toxicology_benchmark_mass_concentration	clintox.nonclinical.benchmark_mass_concentration.v1	absolute	none	valid	True		For cypermethrin in 48-h water exposure tests with pink salmon fry, acute LC50 was 5.1 µg/L (95% CI 3.0–10.5 µg/L).
pass	Manually checked source support, canonical measurement/unit, semantic and reference policy, validity, and assay-transfer eligibility.	clintox_measurement_unit_manual_review.v2	nonclinical_in_vivo_toxicity	118231	2f6949ddb601b10b139804fe722ecb4d0ddad2c2e2b48b8a4a39098aa03598ac	LC50		10.3 (9.5–11.2)	µg/ml	lc50	10.3	µg/mL	10.3	approved	toxicology_benchmark_mass_concentration	clintox.nonclinical.benchmark_mass_concentration.v1	absolute	none	valid	True		When α-mangostin was exposed to direct sunlight, the 45-min sample tested against third instar Ae. aegypti larvae (Orlando) produced an LC50 of 10.3 (9.5–11.2) µg/ml in semifield conditions.
pass	Manually checked source support, canonical measurement/unit, semantic and reference policy, validity, and assay-transfer eligibility.	clintox_measurement_unit_manual_review.v2	nonclinical_in_vivo_toxicity	232241	9b1ef56cfe1aaa449dc8266a46124f4be35dcc33b27ae35aa08a1d8d1dc4265f	LC50		379	µM	lc50	0.000379	M	0.000379	approved	toxicology_benchmark_molar_concentration	clintox.nonclinical.benchmark_molar_concentration.v1	absolute	none	valid	True		In the zebrafish embryo acute toxicity assay (96 hpf), compound 40 (4'-O-maltotriosyl pterostilbene) had a LC50 of 379 µM (Table 2, p.37).
pass	Manually checked source support, canonical measurement/unit, semantic and reference policy, validity, and assay-transfer eligibility.	clintox_measurement_unit_manual_review.v2	nonclinical_in_vivo_toxicity	350331	c1d0da6e1bb654e645b8fe845094bb3add2fe7618c5e150f8a546dda7b186b92	LC50		5.0 (4.8 – 5.2)	mM	lc50	5	mM	5.0	approved	toxicology_benchmark_molar_concentration	clintox.nonclinical.benchmark_molar_concentration.v1	absolute	none	valid	True		In Table 1, caffeine had an LC50 of 5.0 mM (4.8–5.2) in zebrafish embryos after 48 h exposure.
pass	Manually checked source support, canonical measurement/unit, semantic and reference policy, validity, and assay-transfer eligibility.	clintox_measurement_unit_manual_review.v2	nonclinical_in_vivo_toxicity	222936	241e3aefcc41b020f950ec7ec9b6b526af7cf9ed7ce9fa12bf9da0af550cd304	LC50		3.237 [95%CI 2.536–4.780]	nM	lc50	3.237	nM	3.237	approved	toxicology_benchmark_molar_concentration	clintox.nonclinical.benchmark_molar_concentration.v1	absolute	none	valid	True		For An. aquasalis, the lethal concentration (LC50) of Fluralaner was 3.237 nM [95%CI 2.536–4.780] as reported in Table 1, with a corresponding value of 1.7989 ng/mL [95%CI 1.4090–2.6558].
pass	Manually checked source support, canonical measurement/unit, semantic and reference policy, validity, and assay-transfer eligibility.	clintox_measurement_unit_manual_review.v2	nonclinical_in_vivo_toxicity	123252	8922eabc71ae14052d7461bb06da7ee85eaefbeea33b6e01ca31f383ea129e92	LC50		119 (93–153)	µM	lc50	119	µM	119.0	approved	toxicology_benchmark_molar_concentration	clintox.nonclinical.benchmark_molar_concentration.v1	absolute	none	valid	True		For compound 6 (R=3,4-Cl2Ph), the LC50 for zebrafish early-life stages was 119 µM (95% CL 93–153), as reported in Table at [p:92].
pass	Manually checked source support, canonical measurement/unit, semantic and reference policy, validity, and assay-transfer eligibility.	clintox_measurement_unit_manual_review.v2	nonclinical_in_vivo_toxicity	317515	2c96494a03dfd2bb37a03c6952f398aa02c371befdf67fa3dafc6b330067169b	LC50		36 (29.4–52.5)	µmol l^-1	lc50	36	µmol L^-1	36.0	approved	toxicology_benchmark_molar_concentration	clintox.nonclinical.benchmark_molar_concentration.v1	absolute	none	valid	True		From the table: the 96 h LC50 of NH3 to rainbow trout was 36 µmol l−1 with a confidence interval of 29.4–52.5 µmol l−1.
pass	Manually checked source support, canonical measurement/unit, semantic and reference policy, validity, and assay-transfer eligibility.	clintox_measurement_unit_manual_review.v2	nonclinical_in_vivo_toxicity	493639	b6c645876ff82dc3cafcfdc0e6045735b29fe627e43cf3b50b1f6236f5e20ed7	LC50		228.1 (201.5-257.5)	µmol/L	lc50	228.1	µmol/L	228.1	approved	toxicology_benchmark_molar_concentration	clintox.nonclinical.benchmark_molar_concentration.v1	absolute	none	valid	True		The 96 h acute LC50 for nickel in rainbow trout was 228.1 µmol/L (201.5-257.5) as presented in Table 4 of paragraph 68.
pass	Manually checked source support, canonical measurement/unit, semantic and reference policy, validity, and assay-transfer eligibility.	clintox_measurement_unit_manual_review.v2	nonclinical_in_vivo_toxicity	285251	d11b0d0f5ccc96aea015c989179b9a0087d2964ee9e268e3f203a707987b581d	LC50		151	ppb	lc50	151	ppb	151.0	approved	toxicology_benchmark_declared_fraction	clintox.nonclinical.benchmark_ppm_ppb.v1	absolute	none	valid	True		In Table 7, the 96-hour acute toxicity of fenamiphos to freshwater fish is reported: for Bluegill sunfish (Lepomis macrochirus) with 15% active ingredient Nemacur 15G, the LC50 is 151 ppb.
pass	Manually checked source support, canonical measurement/unit, semantic and reference policy, validity, and assay-transfer eligibility.	clintox_measurement_unit_manual_review.v2	nonclinical_in_vivo_toxicity	499174	eae1a4db32512d16766cb146fb425263e17cb7fe9d3195875bed5db81908216d	NOAEL		101	ppm	noael	101	ppm	101.0	approved	toxicology_benchmark_declared_fraction	clintox.nonclinical.benchmark_ppm_ppb.v1	absolute	none	valid	True		The no-adverse effects concentration (NOAEL) for subchronic inhalation exposure of 2,4-PD vapor in rats was 101 ppm, as no effects were observed at that concentration.
pass	Manually checked source support, canonical measurement/unit, semantic and reference policy, validity, and assay-transfer eligibility.	clintox_measurement_unit_manual_review.v2	nonclinical_in_vivo_toxicity	386269	1effe1c5e30b8bd9e13176a5ade7ac519ad628737043966d8265f46897d2101b	mortality_or_survival		90%	%	mortality_or_survival	0.9	ratio	0.9	approved	animal_mortality_or_survival_fraction	clintox.nonclinical.mortality_fraction.v1	endpoint_defined_ratio	other_explicit	valid	True		In the time course study of DCVC nephrotoxicity, DB and NDB mice received a single ip injection of 75 mg DCVC/kg in DW or DW alone. Since 90% of the NDB mice died between 36 and 48 h, all the results from this group are recorded only until 36 h.
pass	Manually checked source support, canonical measurement/unit, semantic and reference policy, validity, and assay-transfer eligibility.	clintox_measurement_unit_manual_review.v2	nonclinical_in_vivo_toxicity	292235	82c30a5a3f22cffbeec4768ff91650672134f8c2a95fc9b3f2c9717e393b771d	mortality_or_survival		1.0% per day	% per day	mortality_or_survival	0.01	ratio/d	0.01	approved	animal_mortality_or_survival_fraction	clintox.nonclinical.mortality_fraction.v1	endpoint_defined_ratio	other_explicit	valid	True		At a dose of 500 mg/kg, (one-half the LD50), it was administered 9 times in 12 days to rats and the observed mortality rate was only 1.0% per day.
pass	Confirmed shared percent-rate correction: 2% per week is 0.02 ratio/wk; source and retrieval fields remain literal.	clintox_measurement_unit_manual_review.v2	nonclinical_in_vivo_toxicity	367220	76c4069c50dddcb14c134b1897d27a21b1b3f800370d0c83df8614ae62f034a4	mortality_or_survival		2% per week	% per week	mortality_or_survival	0.02	ratio/wk	0.02	approved	animal_mortality_or_survival_fraction	clintox.nonclinical.mortality_fraction.v1	endpoint_defined_ratio	other_explicit	valid	True		Preliminary experiments suggested that indomethacin by itself resulted in substantial mortality of control, sham-irradiated mice. A dose of 8 mg/kg/day resulted in mortality of 2% per week in control mice.
pass	Manually checked source support, canonical measurement/unit, semantic and reference policy, validity, and assay-transfer eligibility.	clintox_measurement_unit_manual_review.v2	nonclinical_in_vivo_toxicity	570994	91d30c3d63bc644cb579d4b3c0fbe1fe3317fd04a1e8f3a0ae8027cd92c18907	LD50		0.21	-log (mg/kg)	ld50	0.21	-log(mg/kg)	0.21	approved	toxicology_benchmark_dose	clintox.nonclinical.benchmark_dose.v1	absolute	none	valid	True		Compound 4 had an experimental -log LD50 of 0.21 in adult male mice after IP injection, with death occurring within 60 min, as reported in the present investigation of grayanotoxin toxicity.
pass	Manually checked source support, canonical measurement/unit, semantic and reference policy, validity, and assay-transfer eligibility.	clintox_measurement_unit_manual_review.v2	nonclinical_in_vivo_toxicity	228302	21209a22443525b01f0a83188d8a0c1b35a80f8aa40651ac57ad034de1f369d4	LD50		1.9 (1.6–2.3)	g kg^-1	ld50	1.9	g kg^-1	1.9	approved	toxicology_benchmark_dose	clintox.nonclinical.benchmark_dose.v1	absolute	none	valid	True		For Zn, wild-type mice had an LD50 of 1.9 g kg−1 (99% CI not given, 95% CI from Table 1: 1.6–2.3 g kg−1) after repeated sc daily doses.
pass	Manually checked source support, canonical measurement/unit, semantic and reference policy, validity, and assay-transfer eligibility.	clintox_measurement_unit_manual_review.v2	nonclinical_in_vivo_toxicity	437491	76b5af290b1ab2c1196e12d58a10bf8fc16346984827e329b71f6e200730780e	LD50		1.4 (0.80-2.5)	g/kg	ld50	1.4	g/kg	1.4	approved	toxicology_benchmark_dose	clintox.nonclinical.benchmark_dose.v1	absolute	none	valid	True		Using a modified Draize technique, the dermal LD50 for undiluted 1,2-dibromo-3-chloropropane applied for 24 hours was 1.4 g/kg (19/20 confidence limits 0.80-2.5).
pass	Manually checked source support, canonical measurement/unit, semantic and reference policy, validity, and assay-transfer eligibility.	clintox_measurement_unit_manual_review.v2	nonclinical_in_vivo_toxicity	537376	5c9ef102f4abac61d67923b94761d39c279de0ef75464286b7b5d004c379d5c9	LD50		153 ± 3.4	mg/kg	ld50	2.18469143082	log10(mg/kg)	2.184691430817599	approved	toxicology_benchmark_dose	clintox.nonclinical.benchmark_dose.v1	absolute	none	valid	True		The LD50 for acetylhydrazine given intraperitoneally to mice was found to be 153 ± 3.4 mg/kg.
pass	Manually checked source support, canonical measurement/unit, semantic and reference policy, validity, and assay-transfer eligibility.	clintox_measurement_unit_manual_review.v2	nonclinical_in_vivo_toxicity	430485	6f9ce0d174e983e49d1423c9c451ab6e3c6fb4f2964f4ed0a7da292b9ab4813c	LD50		38–83	mg kg-1	ld50	38–83	mg kg^-1		approved	toxicology_benchmark_dose	clintox.nonclinical.benchmark_dose.v1	unknown	unknown	non_scalar_measurement	False	non_scalar_measurement	The lethal dose 50 (LD50) ranged from 56 to 203 mg kg-1 orally or 38 to 83 mg kg-1 intravenously, depending on species and sex.
pass	Manually checked source support, canonical measurement/unit, semantic and reference policy, validity, and assay-transfer eligibility.	clintox_measurement_unit_manual_review.v2	nonclinical_in_vivo_toxicity	46515	697b7c349199a3abf7866e2eaccec92b6b36f131981da62a0cc96cc888dbb409	NOAEL		<3	mg/kg/day	noael	<3	mg/kg/d		approved	toxicology_benchmark_dose_rate	clintox.nonclinical.benchmark_dose_rate.v1	unknown	unknown	non_scalar_measurement	False	non_scalar_measurement	The developmental NOAEL for IVL984 in mice was <3 mg/kg/day, indicating developmental toxicity at the lowest tested dose.
pass	Manually checked source support, canonical measurement/unit, semantic and reference policy, validity, and assay-transfer eligibility.	clintox_measurement_unit_manual_review.v2	nonclinical_in_vivo_toxicity	510645	c4f9fc0f632de3b64741a795a2cc1fbe7a15a44cdf3a697ccae5c3d1f12c5165	LC50		16.6–4.8 mg/L	mg/L	lc50	16.6–4.8	mg/L		approved	toxicology_benchmark_mass_concentration	clintox.nonclinical.benchmark_mass_concentration.v1	unknown	unknown	non_scalar_measurement	False	non_scalar_measurement	for developmental stages of common carps (16.6–4.8 mg/L) (Steinbach et al., 2013).
pass	Manually checked source support, canonical measurement/unit, semantic and reference policy, validity, and assay-transfer eligibility.	clintox_measurement_unit_manual_review.v2	nonclinical_in_vivo_toxicity	323394	ac9c1d410e34c38bcfc56b2e253d6ac3d6eeabe3571aa0ab5491ad8fc1396bd9	NOEL		5–20	µM	noel	5–20	µM		approved	toxicology_benchmark_molar_concentration	clintox.nonclinical.benchmark_molar_concentration.v1	unknown	unknown	non_scalar_measurement	False	non_scalar_measurement	From Table 1: Simazine NOEC for frog atria is 5–20 µM. Paragraph [p:30] also mentions this range.
pass	Manually checked source support, canonical measurement/unit, semantic and reference policy, validity, and assay-transfer eligibility.	clintox_measurement_unit_manual_review.v2	nonclinical_in_vivo_toxicity	78353	317659d61f0919f3d8d27c86a5487f09bf87389be9e92c1d4e1bcba9b1b145a4	NOAEL		approaching 25	ppm	noael	approaching 25	ppm		approved	toxicology_benchmark_declared_fraction	clintox.nonclinical.benchmark_ppm_ppb.v1	unknown	unknown	non_scalar_measurement	False	non_scalar_measurement	Paragraph 96 states: The results for DMF (a chemically similar material) were very similar. Based on changes in the liver occurring in both rats and mice, the NOAEL for DMF was 25 ppm in rats and approaching 25 ppm for mice.
pass	Manually checked source support, canonical measurement/unit, semantic and reference policy, validity, and assay-transfer eligibility.	clintox_measurement_unit_manual_review.v2	nonclinical_in_vivo_toxicity	253605	efc131fe52b5989a8a273f8c0964f58939a225ccd2e03e213c19fcf18cc12d5e	body_weight_change		22.8±1.42 g (84% of control)	g	body_weight_change	22.8±1.42 g (84% of control)	g		approved	body_weight_absolute_change	clintox.nonclinical.body_weight_mass.v1	unknown	unknown	non_scalar_measurement	False	non_scalar_measurement	In Table 1, WY-14,643-treated mice showed a mean body weight of 22.8±1.42 g (84% of control), significantly decreased compared to control (27.0±1.16 g, P<0.01).
pass	Manually checked source support, canonical measurement/unit, semantic and reference policy, validity, and assay-transfer eligibility.	clintox_measurement_unit_manual_review.v2	nonclinical_in_vivo_toxicity	367059	a38212e30c87f109bbf362b2dd5dee75f1ccb9d88384c872fe9a16c1dbec21a8	body_weight_change		10-15%	%	body_weight_change	10-15%	%		approved	body_weight_relative_change	clintox.nonclinical.body_weight_percent.v1	unknown	unknown	non_scalar_measurement	False	non_scalar_measurement	In adult female rats, absolute body weights were reduced 10-15% for up to 200 days following 0.2 or 0.4 µmol/kg body wt of CoPP administered intracerebroventricularly.
pass	Manually checked source support, canonical measurement/unit, semantic and reference policy, validity, and assay-transfer eligibility.	clintox_measurement_unit_manual_review.v2	nonclinical_in_vivo_toxicity	141676	1c23749db76aae4cae83668b6a256cb5a2d2d9f87f1cd0703bb0dc8880192264	mortality_or_survival		>50%	%	mortality_or_survival	>50%	%		approved	animal_mortality_or_survival_fraction	clintox.nonclinical.mortality_fraction.v1	unknown	unknown	non_scalar_measurement	False	non_scalar_measurement	Stobadine at 2–5 mg/kg IV administered 3 min before ischemia increased survival from 0 to more than 50% after 72-h reperfusion in dogs with brain ischemia induced by 7-min common carotid artery occlusion potentiated with ganglion blocker-induced hypotension.
pass	Manually checked source support, canonical measurement/unit, semantic and reference policy, validity, and assay-transfer eligibility.	clintox_measurement_unit_manual_review.v2	nonclinical_in_vivo_toxicity	295784	14bc51562350a25ce33a542903fa9b1bbe8aad72889acc060934d815dfb4c042	animal_toxicity_finding				animal_toxicity_finding				evidence_only	unreviewed	clintox.unreviewed_measurement.v1	unknown	unknown	non_scalar_measurement	False	non_scalar_measurement	In Xenopus laevis tadpoles and freshly metamorphosed frogs exposed to higher HHCB concentrations via diet, histopathological examination revealed cellular hypertrophy and hyperplasia of the thyroid follicular epithelium. Notable changes in the thyroid glands occurred in these groups compared to controls.
pass	Manually checked source support, canonical measurement/unit, semantic and reference policy, validity, and assay-transfer eligibility.	clintox_measurement_unit_manual_review.v2	nonclinical_in_vivo_toxicity	490845	b4fd1bb68fd2d8e00183418f8d49d13a7a7404df1ea293f0ad492bd78ea2cfa7	LOEC		24 and 12	µg kg−1	loec	24 and 12	µg kg^-1		approved	toxicology_benchmark_dose	clintox.nonclinical.benchmark_dose.v1	unknown	unknown	off_schema_controlled_value	False	off_schema_controlled_value	From Table 2: For imidacloprid, Apis mellifera by oral chronic exposure, LOEC on survival of winter bees: 24 µg kg−1; LOEC on associative learning via PER assay on winter bees (12 µg kg−1) and summer bees (12 µg kg−1) (Decourtye et al. 2003).
pass	Manually checked source support, canonical measurement/unit, semantic and reference policy, validity, and assay-transfer eligibility.	clintox_measurement_unit_manual_review.v2	nonclinical_in_vivo_toxicity	281717	35ca4f100763abc575eccd5092096dba0d02a6514765917d399beaa042be9156	TD50		0.31	mg/kg-day	td50	0.31	mg/kg/d	0.31	approved	toxicology_benchmark_dose_rate	clintox.nonclinical.benchmark_dose_rate.v1	absolute	none	off_schema_controlled_value	False	off_schema_controlled_value	The minimum rodent TD50 is 0.31 mg/kg-day for adrenal tumors produced in male rats given reserpine in the diet.
pass	Manually checked source support, canonical measurement/unit, semantic and reference policy, validity, and assay-transfer eligibility.	clintox_measurement_unit_manual_review.v2	nonclinical_in_vivo_toxicity	274150	24ed839cb77b13311a7658327eebd056de12f3c128f8ace2be3b2044549a11e5	EC50		1100	µg/L	ec50	1.1	mg/L	1.1	approved	toxicology_benchmark_mass_concentration	clintox.nonclinical.benchmark_mass_concentration.v1	absolute	none	off_schema_controlled_value	False	off_schema_controlled_value	For X. laevis in natural water, EC50 is 1,100 µg/L (Morgan et al., 1996).
pass	Manually checked source support, canonical measurement/unit, semantic and reference policy, validity, and assay-transfer eligibility.	clintox_measurement_unit_manual_review.v2	nonclinical_in_vivo_toxicity	212222	ad674e8cbe60f08bca6bdb2dc2ed856fe79280fd21726938087998dd31679e8e	LOEC		9.8	µM	loec	9.8e-06	M	9.8e-06	approved	toxicology_benchmark_molar_concentration	clintox.nonclinical.benchmark_molar_concentration.v1	absolute	none	off_schema_controlled_value	False	off_schema_controlled_value	A decrease in larval development of C. elegans was observed following 48 h incubation with TDCIPP, with a LOEC of 9.8 µM (Behl et al., 2015).
pass	Manually checked source support, canonical measurement/unit, semantic and reference policy, validity, and assay-transfer eligibility.	clintox_measurement_unit_manual_review.v2	nonclinical_in_vivo_toxicity	534304	ddd2fbc7977e250e71273ed03c2a4af77e879fd3b27331d9f878d9f54b472cc3	LC90		0.014 (0.0129–0.0161)	ppm	lc90	0.014	ppm	0.014	approved	toxicology_benchmark_declared_fraction	clintox.nonclinical.benchmark_ppm_ppb.v1	absolute	none	off_schema_controlled_value	False	off_schema_controlled_value	In Appendix 1, line 12, for Aedes aegypti larvae (L3 instar, lab colony, osmosed water) exposed to spinosad 120 SC formulation until emergence, the LC50 was 0.006 ppm (0.0056–0.0066) and the LC90 was 0.014 ppm (0.0129–0.0161).
pass	Manually checked source support, canonical measurement/unit, semantic and reference policy, validity, and assay-transfer eligibility.	clintox_measurement_unit_manual_review.v2	nonclinical_in_vivo_toxicity	503440	233036917c5c40f02a0312ed9bfc85d9d26d5ce82d14e24f860d3e1b4c6dc5ff	RD50		<299	mg PAA/m^3	rd50	<299	mg PAA/m^3		evidence_only	unreviewed	clintox.unreviewed_measurement.v1	unknown	unknown	off_schema_controlled_value	False	off_schema_controlled_value	In a second study (Janssen, 1990, cited ECETOC, 2001), male Wistar rats exposed to PAA concentrations of 221–487.5 mg/m3 for 25 min had an RD50 of <299 mg/m3. Necrosis in the anterior part of the nose was observed, with no effects in trachea and lungs.
pass	Manually checked source support, canonical measurement/unit, semantic and reference policy, validity, and assay-transfer eligibility.	clintox_measurement_unit_manual_review.v2	nonclinical_in_vivo_toxicity	139357	12d4bec754f4922d2991734bd3a144cb26f040b00c31ac96b90155875d198a83	mortality_or_survival		-74.3	%	mortality_or_survival	-0.743	ratio	-0.743	approved	animal_mortality_or_survival_fraction	clintox.nonclinical.mortality_fraction.v1	endpoint_defined_ratio	other_explicit	outside_bounded_0_100_domain	False	outside_bounded_0_100_domain	By day 35, the total number of zooplankton species decreased by an average of 45.1% and 74.3% in the 10- and 30-mg PFOS/L treatments, respectively.
pass	Manually checked source support, canonical measurement/unit, semantic and reference policy, validity, and assay-transfer eligibility.	clintox_measurement_unit_manual_review.v2	nonclinical_in_vivo_toxicity	446835	770b48940008e6307d4b95f2a344c7f74aebb30a5a495f3a6f6f5f390aea49fd	NOEL		0.0	ng g^-1	noel	0	mg/kg	0.0	approved	toxicology_benchmark_dose	clintox.nonclinical.benchmark_dose.v1	absolute	none	outside_positive_domain	False	outside_positive_domain	The POB NOEC was 0.0 ng g−1 for EMB (p:49).
pass	Manually checked source support, canonical measurement/unit, semantic and reference policy, validity, and assay-transfer eligibility.	clintox_measurement_unit_manual_review.v2	nonclinical_in_vivo_toxicity	139331	b7631cffc9093755ea9ca1b828dd5778ad95bc9436cd3fe27f08a34ab1213515	NOAEL		0.0	mg/L	noael	0	mg/L	0.0	approved	toxicology_benchmark_mass_concentration	clintox.nonclinical.benchmark_mass_concentration.v1	absolute	none	outside_positive_domain	False	outside_positive_domain	In a 20-d chronic test with Chironomus tentans (MacDonald et al. 2004), the NOAEC for growth was 0.0 mg PFOS/L, as given in Table 7.
pass	Manually checked source support, canonical measurement/unit, semantic and reference policy, validity, and assay-transfer eligibility.	clintox_measurement_unit_manual_review.v2	nonclinical_in_vivo_toxicity	255280	4e5b07f5716c2b1428bc8f26cf6192c959ec1a51e4615e74f0668630f9b6736a	animal_toxicity_finding		6.37 ± 0.57	× 10^3/mm3	animal_toxicity_finding	6370 ± 570	/mm^3	6370.0	evidence_only	unreviewed	clintox.unreviewed_measurement.v1	unknown	unknown	unreviewed_measurement_semantics	False	unreviewed_measurement_semantics	CDDP treatment caused a significant (p < 0.05) reduction in thymus cell count (6.37 ± 0.57 × 10^3/mm3) compared to the vehicle control group (16.20 ± 1.16 × 10^3/mm3) in EAC-bearing mice.
pass	Confirmed that the source point estimate lies outside its own interval; literal retrieval evidence is retained and numeric assay transfer is excluded.	clintox_measurement_unit_manual_review.v2	nonclinical_in_vivo_toxicity	375484	45c9dc98e657201e53676ed7a785201d89f43b36e013c3e864aa8ae3330fe17d	LD50		2089 (1893-2036)	mg/kg	ld50	2089	mg/kg	2089.0	approved	toxicology_benchmark_dose	clintox.nonclinical.benchmark_dose.v1	absolute	none	valid	False	source_point_outside_reported_interval	Single-dose LD50 of mesna in female mice by i.p. administration was 2089 mg/kg with 95% confidence limits 1893-2036 (Table, page 30).
pass	Confirmed that the source point estimate lies outside its own interval; literal retrieval evidence is retained and numeric assay transfer is excluded.	clintox_measurement_unit_manual_review.v2	nonclinical_in_vivo_toxicity	489522	2ed41f1c81d00e731ad57c8a1e6da35824199030c7c61825e9b7b732e1f1349c	LC50		54.0 (19.5–41.0)	mg/L	lc50	54	mg/L	54.0	approved	toxicology_benchmark_mass_concentration	clintox.nonclinical.benchmark_mass_concentration.v1	absolute	none	valid	False	source_point_outside_reported_interval	Brine shrimp (Artemia nauplii) lethality assay with emodin: at 24 h, the LC50 was 54.0 mg/L (95% CI 19.5–41.0 mg/L), with mortality percentages at concentrations 2–10 mg/L. Control had 0% mortality.
pass	Confirmed that the source point estimate lies outside its own interval; literal retrieval evidence is retained and numeric assay transfer is excluded.	clintox_measurement_unit_manual_review.v2	nonclinical_in_vivo_toxicity	222341	1c76a3a57d75ed1ec6cf94a0d1e1a0624bd46fbdd10f8c2f5ea91e5b2c26236b	LC50		700(213-2.327)	ppm	lc50	700	ppm	700.0	approved	toxicology_benchmark_declared_fraction	clintox.nonclinical.benchmark_ppm_ppb.v1	absolute	none	valid	False	source_point_outside_reported_interval	In Table I, a single 4-hour inhalation exposure of female rats (weight 213-317 gm, 6 animals per level) to methacrylonitrile vapor gave an LC50 of 700 ppm (range 213-2.327).
pass	Manually checked source support, canonical measurement/unit, semantic and reference policy, validity, and assay-transfer eligibility.	clintox_measurement_unit_manual_review.v2	nonclinical_in_vivo_toxicity	351013	7d3dee17a879d67363afb99f9f85ac99f542702c79a028ce7d246aed29d2eec5	body_weight_change		6.23±0.19	g	body_weight_change	6.23 ± 0.19	g	6.23	approved	body_weight_absolute_change	clintox.nonclinical.body_weight_mass.v1	comparator_relative	baseline	valid	False	reference_scope_comparator_relative	In SHR male pups, the TM-exposed group had a neonatal mass on P2 of 6.23±0.19 g compared to 5.35±0.05 g in controls, a significant increase (p<0.01). The growth rate (P21–P2)/P2 was 3.28±0.14 in TM-exposed versus 4.16±0.27 in controls (p<0.05).
pass	Manually checked source support, canonical measurement/unit, semantic and reference policy, validity, and assay-transfer eligibility.	clintox_measurement_unit_manual_review.v2	nonclinical_in_vivo_toxicity	73020	942f7d740d3e1238b03ce12857ef64375e9d264112404ca930298840d559ce98	body_weight_change		-0.59 ± 0.45 (range -1.11 to 0.00)	% of initial body weight per week	body_weight_change	-0.59 ± 0.45	% of initial body weight/wk	-0.59	approved	body_weight_relative_change	clintox.nonclinical.body_weight_percent.v1	comparator_relative	baseline	valid	False	reference_scope_comparator_relative	In Study A (28-day treatment), overweight Labradors received dirlotapide at 0.05 mg/kg. The mean (±SD) weekly weight change was -0.59 ± 0.45% of initial body weight (range -1.11 to 0.00%).
pass	Manually checked source support, canonical measurement/unit, semantic and reference policy, validity, and assay-transfer eligibility.	clintox_measurement_unit_manual_review.v2	nonclinical_in_vivo_toxicity	146714	a1430ed674e858bfcb268ba4da0d90f8ca9caa66709c0c393682fad40739168c	LD50		500 mg/kg or greater	mg/kg	ld50	500 mg/kg or greater	mg/kg		approved	toxicology_benchmark_dose	clintox.nonclinical.benchmark_dose.v1	unknown	unknown	non_scalar_measurement	False	non_scalar_measurement	Malathion, an impurity in organophosphorus insecticides, is stated to have a rat oral LD50 value of 500 mg/kg or greater.
pass	Manually checked source support, canonical measurement/unit, semantic and reference policy, validity, and assay-transfer eligibility.	clintox_measurement_unit_manual_review.v2	nonclinical_in_vivo_toxicity	59264	10e87bb9aff624b120bfb2eeecd42e59478db6b0337cd7aff6f3fe4070f84fd6	NOEL		<20	mg/(kg day)	noel	<20	mg/(kg d)		approved	toxicology_benchmark_dose_rate	clintox.nonclinical.benchmark_dose_rate.v1	unknown	unknown	non_scalar_measurement	False	non_scalar_measurement	In the development toxicity studies in the rat (Segment II), the NOEL was <20 mg/(kg day).
pass	Manually checked source support, canonical measurement/unit, semantic and reference policy, validity, and assay-transfer eligibility.	clintox_measurement_unit_manual_review.v2	nonclinical_in_vivo_toxicity	302294	9b098d3b45cf783e9005ea40896612921c8705566a44f407548fe2cd2deaf266	LC50		69 800	mg l^-1	lc50	69 800	mg L^-1		approved	toxicology_benchmark_mass_concentration	clintox.nonclinical.benchmark_mass_concentration.v1	unknown	unknown	non_scalar_measurement	False	non_scalar_measurement	For the same species, a 96-hour LC50 of 69,800 mg/L is reported.
pass	Manually checked source support, canonical measurement/unit, semantic and reference policy, validity, and assay-transfer eligibility.	clintox_measurement_unit_manual_review.v2	nonclinical_in_vivo_toxicity	287380	b91270d9b492ae38b7a4d39d5d8ccb534b7ee6915c8449bf1bcc3d8bf7956504	LOEL		>1,000–2,000 µmol/dl	µmol/dl	loel	>1,000–2,000	µmol/dL		approved	toxicology_benchmark_molar_concentration	clintox.nonclinical.benchmark_molar_concentration.v1	unknown	unknown	non_scalar_measurement	False	non_scalar_measurement	Stegink (1976) measured plasma amino acid levels after loading and reported that the threshold level required to produce neuronal necrosis under high osmotic load for aspartate is about 50–60 µmol/dl in the acutely sensitive neonatal mouse but must be over 1,000–2,000 µmol/dl in the neonatal primate.
pass	Manually checked source support, canonical measurement/unit, semantic and reference policy, validity, and assay-transfer eligibility.	clintox_measurement_unit_manual_review.v2	nonclinical_in_vivo_toxicity	86535	4cc4d066802a5dc4dece7756008c4b191dadc275f6120425c30b4ba637c98988	NOAEL		≥500	ppm	noael	≥500	ppm		approved	toxicology_benchmark_declared_fraction	clintox.nonclinical.benchmark_ppm_ppb.v1	unknown	unknown	non_scalar_measurement	False	non_scalar_measurement	The study authors identified a NOAEL of ≥500 ppm for reproductive toxicity. In both the F0 and F1 generation, styrene treatment had no effect on reproductive parameters including estrous cycle length, mating, precoital interval, fertility, delivery of litters, gestation length, implantation sites, sperm count at 500 ppm, sperm motility or morphology, primordial follicles or corpora lutea in F1 females, or litter size, pup viability, sex distribution, postnatal survival, or pup body weight gain on PND 1–4.
pass	Manually checked source support, canonical measurement/unit, semantic and reference policy, validity, and assay-transfer eligibility.	clintox_measurement_unit_manual_review.v2	nonclinical_in_vivo_toxicity	26956	01ee0d59bd7e02a2c20f11855ca52e339d26460d3b713069d50b0eb8a17a15d6	body_weight_change		27.5 ± 3.0 (treated) vs 27.6 ± 2.9 (control)	g	body_weight_change	27.5 ± 3.0 (treated) vs 27.6 ± 2.9 (control)	g		approved	body_weight_absolute_change	clintox.nonclinical.body_weight_mass.v1	unknown	unknown	non_scalar_measurement	False	non_scalar_measurement	Two groups of C3H/HeN male mice (20/group, 2 months old) received either basal diet or diet containing 0.2% chrysazin (danthron) (N = 18) for 540 days. Terminal body weights of the mice were similar in both groups (27.6 g ± 2.9 (SD) and 27.5 g ± 3.0 in the control and the treated groups, respectively).
pass	Manually checked source support, canonical measurement/unit, semantic and reference policy, validity, and assay-transfer eligibility.	clintox_measurement_unit_manual_review.v2	nonclinical_in_vivo_toxicity	163445	e4643af786d11b9a6abe927b02a5339eaeb820dace4b8f6ddb1d9510a5a6ddc7	body_weight_change		46% lower (i.e., 54% of control)	%	body_weight_change	46 lower (i.e., 54% of control)	%		approved	body_weight_relative_change	clintox.nonclinical.body_weight_percent.v1	unknown	unknown	non_scalar_measurement	False	non_scalar_measurement	Exposure to ortho-phthalaldehyde resulted in dose-related reductions in final body weights relative to controls in both rats and mice. Of the 3 male surviving rats in the 3.5 ppm group, final body weights were 46% lower relative to controls.
pass	Manually checked source support, canonical measurement/unit, semantic and reference policy, validity, and assay-transfer eligibility.	clintox_measurement_unit_manual_review.v2	nonclinical_in_vivo_toxicity	263220	3e86bc3988f6055811fad0b6375dd8a783d70188949d46e0d4ec847562253d17	mortality_or_survival		100% mortality at 14 days	%	mortality_or_survival	100 mortality at 14 days	%		approved	animal_mortality_or_survival_fraction	clintox.nonclinical.mortality_fraction.v1	unknown	unknown	non_scalar_measurement	False	non_scalar_measurement	In another experiment, bees fed syrup containing 100,000 mg HMF/kg had 100% mortality after 14 days, while more than 85% of control bees survived.
pass	Manually checked source support, canonical measurement/unit, semantic and reference policy, validity, and assay-transfer eligibility.	clintox_measurement_unit_manual_review.v2	nonclinical_in_vivo_toxicity	188081	2003bacc667e0ba1f2c3abd390db132059368e4c0352e708116db08fc501e75d	animal_toxicity_finding		2.6-fold		animal_toxicity_finding	2.6-fold			evidence_only	unreviewed	clintox.unreviewed_measurement.v1	unknown	unknown	non_scalar_measurement	False	non_scalar_measurement	TCDD dose-dependently repressed hepatic expression of hepcidin (Hamp and Hamp2), the master regulator of systemic Fe homeostasis, resulting in a 2.6-fold increase in serum Fe with accumulating Fe spilling into urine.
pass	Manually checked source support, canonical measurement/unit, semantic and reference policy, validity, and assay-transfer eligibility.	clintox_measurement_unit_manual_review.v2	nonclinical_in_vivo_toxicity	41697	7086dc59bdf312e33f073d92073398d23bc998a0d2aa7605303304a63551e747	LD95		86.0	mg/kg	ld95	86	mg/kg	86.0	approved	toxicology_benchmark_dose	clintox.nonclinical.benchmark_dose.v1	absolute	none	off_schema_controlled_value	False	off_schema_controlled_value	Male Swiss-Webster mice were given 15 ml/kg of Brucine intraperitoneally. The LD95 was 86.0 mg/kg.
pass	Manually checked source support, canonical measurement/unit, semantic and reference policy, validity, and assay-transfer eligibility.	clintox_measurement_unit_manual_review.v2	nonclinical_in_vivo_toxicity	98381	fede679f0aae80045e73a759dfebebab0a103a5b3ea34d98ce23b5276a046ff1	LD10		>100	mg/kg/day	ld10	>100	mg/kg/d		approved	toxicology_benchmark_dose_rate	clintox.nonclinical.benchmark_dose_rate.v1	unknown	unknown	off_schema_controlled_value	False	off_schema_controlled_value	When LFM-A13 was administered daily via oral gavage in a suspension formulation for 7 or 28 consecutive days, it did not cause severe toxicity in Lewis rats (n = 10) that was associated with morbidity or mortality at a daily dose level of 100 mg/kg (Table 1). The LD10 was >100 mg/kg/day or 2.8 g/kg/treatment course.
pass	Manually checked source support, canonical measurement/unit, semantic and reference policy, validity, and assay-transfer eligibility.	clintox_measurement_unit_manual_review.v2	nonclinical_in_vivo_toxicity	525705	0cd53ed27be102bacd4461f510576cbe994587d17bafce5f82ea57136008f1a8	LC10		1.67	mg/L	lc10	1.67	mg/L	1.67	approved	toxicology_benchmark_mass_concentration	clintox.nonclinical.benchmark_mass_concentration.v1	absolute	none	off_schema_controlled_value	False	off_schema_controlled_value	The 96-h LC10 value determined in juvenile clams for resmethrin was 1.67 mg/L.
pass	Manually checked source support, canonical measurement/unit, semantic and reference policy, validity, and assay-transfer eligibility.	clintox_measurement_unit_manual_review.v2	nonclinical_in_vivo_toxicity	212221	06323917532d80dc5c4b1130cadbcb8eef423acce84e8b3c0dab612c932fb120	LOEC		1.2	µM	loec	1.2e-06	M	1.2e-06	approved	toxicology_benchmark_molar_concentration	clintox.nonclinical.benchmark_molar_concentration.v1	absolute	none	off_schema_controlled_value	False	off_schema_controlled_value	Developmental exposure of zebrafish larvae to TDCIPP resulted in behavioral changes on 6 dpf with a LOEC of 1.2 µM (Jarema et al., 2015).
pass	Manually checked source support, canonical measurement/unit, semantic and reference policy, validity, and assay-transfer eligibility.	clintox_measurement_unit_manual_review.v2	nonclinical_in_vivo_toxicity	534369	282493d355e5ceba8a9d9c709a7baced09b5d74d60d3c7ee241982fa4d410b4d	LC90		< 0.00098	ppm	lc90	< 0.00098	ppm		approved	toxicology_benchmark_declared_fraction	clintox.nonclinical.benchmark_ppm_ppb.v1	unknown	unknown	off_schema_controlled_value	False	off_schema_controlled_value	In Appendix 1, line 56, for Culex pipiens larvae (L3 instar, field larvae, field sewage water) exposed to spinosad 120 SC formulation for 24 h, the LC50 was < 0.00098 ppm and the LC90 was < 0.00098 ppm.
pass	Manually checked source support, canonical measurement/unit, semantic and reference policy, validity, and assay-transfer eligibility.	clintox_measurement_unit_manual_review.v2	nonclinical_in_vivo_toxicity	193948	726fe46f1a2336b90eb9c6bf84668555e6d174c7532c3c5fe8983db389aaeb3f	Animal toxicology finding				animal_toxicology_finding				evidence_only	unreviewed	clintox.unreviewed_measurement.v1	unknown	unknown	off_schema_controlled_value	False	off_schema_controlled_value	At both 14 and 28 weeks, DBP exposure caused a reduction in the number of Sertoli cells per tubule cross-section in a dose dependent manner (P<0.05; Fig. 3b).
pass	Manually checked source support, canonical measurement/unit, semantic and reference policy, validity, and assay-transfer eligibility.	clintox_measurement_unit_manual_review.v2	nonclinical_in_vivo_toxicity	287460	8c9030773bd86d1f01cc8f8f19bf2f6c08850d9ca5f1f8f328cec2a4a5e1afd3	mortality_or_survival		-26.25%	%	mortality_or_survival	-0.2625	ratio	-0.2625	approved	animal_mortality_or_survival_fraction	clintox.nonclinical.mortality_fraction.v1	endpoint_defined_ratio	other_explicit	outside_bounded_0_100_domain	False	outside_bounded_0_100_domain	Danio rerio embryos were continuously exposed to cinnamaldehyde at 0.28 µg/mL for up to 96 hpf. The embryo's survival decreased by 26.25% compared to the control (p = 0.024), indicating dose-dependent mortality.
pass	Manually checked source support, canonical measurement/unit, semantic and reference policy, validity, and assay-transfer eligibility.	clintox_measurement_unit_manual_review.v2	general_cytotoxicity	468158	ea969fc79df2aa80a5e8d4ccc0721d55a55cb0c599afb59ac3f2a5a4bd09f5b8	cell_death_percent		5.96	%	cell_death_percent	0.0596	ratio	0.0596	approved	cell_death_fraction	clintox.cytotoxicity.cell_death_percent.v1	endpoint_defined_ratio	other_explicit	valid	True		HL-60 cells were treated with 8-chloroadenosine (8-ClA) at 2 µM for 48 h. Apoptosis rate measured by FACS was 5.96 ± 1.02% (mean ± SEM, n=3).
pass	Manually checked source support, canonical measurement/unit, semantic and reference policy, validity, and assay-transfer eligibility.	clintox_measurement_unit_manual_review.v2	general_cytotoxicity	567097	cd96609a19e88fd0205b99bd28fc81386fc383c3afc4dbbf64cbced6117c724d	cell_death_percent		21	% day^-1	cell_death_percent	0.21	ratio/d	0.21	approved	cell_death_fraction	clintox.cytotoxicity.cell_death_percent.v1	endpoint_defined_ratio	other_explicit	valid	True		Rates of cell loss in L929 monolayers apoptosis accounted for increases in the rate of cell loss from 0.24% day−1 in exponentially growing controls to an average 21 and 57% day−1 in cultures exposed to 1 and 10 µM VP-16, respectively (Table 1). Thus 1 µM VP-16 gave 21% day−1.
pass	Manually checked source support, canonical measurement/unit, semantic and reference policy, validity, and assay-transfer eligibility.	clintox_measurement_unit_manual_review.v2	general_cytotoxicity	471898	6ed4e0958d03a288f79c62c328d219d517618894713cf436f113ff64c489e0e4	membrane_integrity		100	% of control	membrane_integrity	1	ratio to control	1.0	approved	membrane_integrity_control_response	clintox.cytotoxicity.membrane_control_percent.v1	standardized_control_ratio	assay_control	valid	True		In Table 1, treatment of H460 cells with kaempferol at 50 µM for 16 h resulted in LDH release of 100% (100 ± 4, mean ± S.D. of control) from six independent experiments with triplicate determinations.
pass	Manually checked source support, canonical measurement/unit, semantic and reference policy, validity, and assay-transfer eligibility.	clintox_measurement_unit_manual_review.v2	general_cytotoxicity	464841	bd0316f7344d7d9c024f2d809169ec94b01c62b13502051f2df8d578d66687f9	IC50		388.4	µg/mL	ic50	2.58927922124	log10(mg/L)	2.589279221235967	approved	cytotoxicity_potency_mass	clintox.cytotoxicity.potency_mass.v1	absolute	none	valid	True		In MDA-MB-231 cells, 3-HBI showed an IC50 of 388.40 µg/mL for cell viability reduction.
pass	Manually checked source support, canonical measurement/unit, semantic and reference policy, validity, and assay-transfer eligibility.	clintox_measurement_unit_manual_review.v2	general_cytotoxicity	301300	e80c1bedf19829daeb78df027790bbe518f1896d8f69e5102a60c98c1f582f37	IC50		9.379	µg/mL	ic50	9.379	mg/L	9.379	approved	cytotoxicity_potency_mass	clintox.cytotoxicity.potency_mass.v1	absolute	none	valid	True		The IC50 of MTZ for anti-parasitic effect on Blastocystis in the co-culture condition was calculated as 9.379 ± 0.03 µg/mL (mean ± SD).
pass	Manually checked source support, canonical measurement/unit, semantic and reference policy, validity, and assay-transfer eligibility.	clintox_measurement_unit_manual_review.v2	general_cytotoxicity	657493	748747e4ac2274918633003edf72f4ac349247975fb812296a201d5613ebadcc	GI50		8	µM	gi50	8e-06	M	8e-06	approved	cytotoxicity_potency_molar	clintox.cytotoxicity.potency_molar.v1	absolute	none	valid	True		In Table 3, cisplatin showed an EC50 of 8 µM (95% CI: +2 -2) against A431 cells under hypoxic light conditions (455 nm, 8 min, 3.54 mW/cm2, 1.7 J/cm2), using the SRB assay.
pass	Manually checked source support, canonical measurement/unit, semantic and reference policy, validity, and assay-transfer eligibility.	clintox_measurement_unit_manual_review.v2	general_cytotoxicity	603797	961db942b3292d32eac2285353958cdfb1650262b9ff5b5546abe83f3c687017	IC50		2.78	µM	ic50	-5.55595520408	log10(M)	-5.555955204081924	approved	cytotoxicity_potency_molar	clintox.cytotoxicity.potency_molar.v1	absolute	none	valid	True		As reported in Table 1, compound 19 exhibited an IC50 of 2.78±0.04 µM against HepG2 cells in the MTT assay.
pass	Manually checked source support, canonical measurement/unit, semantic and reference policy, validity, and assay-transfer eligibility.	clintox_measurement_unit_manual_review.v2	general_cytotoxicity	538718	9ae388033b48e0cf42c147c0c9976a4fa7a8dcc4f3c36c73604ec45d205aaf56	proliferation_inhibition_percent		25	%	proliferation_inhibition_percent	0.25	ratio to control	0.25	approved	cytotoxicity_control_response_fraction	clintox.cytotoxicity.viability_control_percent.v1	standardized_control_ratio	assay_control	valid	True		In OVCAR3 ovarian cancer cells, treatment with 6 µM of free chrysin (Chr) resulted in a decrease of approximately 25% in colony numbers compared to untreated cells, as measured by a clonogenic assay.
pass	Manually checked source support, canonical measurement/unit, semantic and reference policy, validity, and assay-transfer eligibility.	clintox_measurement_unit_manual_review.v2	general_cytotoxicity	11089	857a01e973dccc2155db63a34292a7c3570f92ba1fe3ed75969b13d29553105c	cell_death_percent		24.5	%	cell_death_percent	0.245	ratio	0.245	approved	cell_death_fraction	clintox.cytotoxicity.cell_death_percent.v1	endpoint_defined_ratio	other_explicit	valid	True		In HL-60 cells treated with 4.0 µM 5'-Cl for 12 h, the presence of both NAC and z-VAD-FMK caused a reduction in apoptosis from 58.20 ± 4.9% to 24.50 ± 3.9% (mean ± SD, n=3).
pass	Manually checked source support, canonical measurement/unit, semantic and reference policy, validity, and assay-transfer eligibility.	clintox_measurement_unit_manual_review.v2	general_cytotoxicity	567098	c360ab5cd0f3a6a9193f862fa4cab19bbe0090f1d5bff9f68400327a1a9ee376	cell_death_percent		57	% day^-1	cell_death_percent	0.57	ratio/d	0.5700000000000001	approved	cell_death_fraction	clintox.cytotoxicity.cell_death_percent.v1	endpoint_defined_ratio	other_explicit	valid	True		Rates of cell loss in L929 monolayers apoptosis accounted for increases in the rate of cell loss from 0.24% day−1 in exponentially growing controls to an average 21 and 57% day−1 in cultures exposed to 1 and 10 µM VP-16, respectively (Table 1). Thus 10 µM VP-16 gave 57% day−1.
pass	Manually checked source support, canonical measurement/unit, semantic and reference policy, validity, and assay-transfer eligibility.	clintox_measurement_unit_manual_review.v2	general_cytotoxicity	244610	1dd8816dd244ff9d317250786b4660eecae14dc3ac1c5ee75fb23a74f8471d1b	membrane_integrity		336	% of control	membrane_integrity	3.36	ratio to control	3.36	approved	membrane_integrity_control_response	clintox.cytotoxicity.membrane_control_percent.v1	standardized_control_ratio	assay_control	valid	True		LDH release assay showed that resveratrol (100 µmol/L) increased LDH release to 336% of control after 48 hours treatment in U251 cells (Fig. 5A; n=23, P<0.01).
pass	Manually checked source support, canonical measurement/unit, semantic and reference policy, validity, and assay-transfer eligibility.	clintox_measurement_unit_manual_review.v2	general_cytotoxicity	686902	318076a54376e32839f5fc6122feca21205da1d32fc2c9107e207d73ae91b589	IC50		14.3	µg/ml	ic50	1.15533603747	log10(mg/L)	1.1553360374650619	approved	cytotoxicity_potency_mass	clintox.cytotoxicity.potency_mass.v1	absolute	none	valid	True		From Table 1, compound 6 (2-Br) showed an IC50 of 14.30 µg/ml against HT29 cells.
pass	Manually checked source support, canonical measurement/unit, semantic and reference policy, validity, and assay-transfer eligibility.	clintox_measurement_unit_manual_review.v2	general_cytotoxicity	174413	4842644a8b9fdadbe8e2c383d58e2748af3fe0e5d4fce4414673e1c993adea14	EC50		11.7	µg/ml	ec50	11.7	mg/L	11.7	approved	cytotoxicity_potency_mass	clintox.cytotoxicity.potency_mass.v1	absolute	none	valid	True		Table 1 shows that LS180 colorectal cancer cell death EC50 at 48 h by PI exclusion is 11.7 µg/ml.
pass	Manually checked source support, canonical measurement/unit, semantic and reference policy, validity, and assay-transfer eligibility.	clintox_measurement_unit_manual_review.v2	general_cytotoxicity	569497	837c947d7dd2a40e44b98f99b5739ad5fd7bc750cc029064af5d8ca698c6639c	IC50		9	µM	ic50	9e-06	M	9e-06	approved	cytotoxicity_potency_molar	clintox.cytotoxicity.potency_molar.v1	absolute	none	valid	True		Rapamycin treatment for 24 h and 48 h gave IC50 values of 9–9.5 µM and 7–7.5 µM in SK-MES-1 cells, respectively.
pass	Manually checked source support, canonical measurement/unit, semantic and reference policy, validity, and assay-transfer eligibility.	clintox_measurement_unit_manual_review.v2	general_cytotoxicity	169051	40dd9273e19a0d839c70f524d6b38a4046af55e042fc03265df9bde0bcbb9a6e	IC50		10.38	µM	ic50	-4.98380264649	log10(M)	-4.983802646487561	approved	cytotoxicity_potency_molar	clintox.cytotoxicity.potency_molar.v1	absolute	none	valid	True		Tamoxifen exhibited an IC50 of 10.38 µM in MCF-7 cells after 24 h treatment, as determined by MTT assay (mean ± SD from four independent experiments performed in triplicate; p<0.001 vs control).
pass	Manually checked source support, canonical measurement/unit, semantic and reference policy, validity, and assay-transfer eligibility.	clintox_measurement_unit_manual_review.v2	general_cytotoxicity	380117	3a0cdacdfa91778daee4c42b64fe87e2377dda9fcd4a833978b3b1f1b2086990	viability_percent		28.1	%	viability_percent	0.281	ratio to control	0.281	approved	cytotoxicity_control_response_fraction	clintox.cytotoxicity.viability_control_percent.v1	standardized_control_ratio	assay_control	valid	True		In SW480 cells treated with I3C 175 µM plus putrescine 20 µM (I+P20) for 96 hours, cell number as percent of control was 28.1% (SD 22.6, n=4) as reported in Table 1.
pass	Manually checked source support, canonical measurement/unit, semantic and reference policy, validity, and assay-transfer eligibility.	clintox_measurement_unit_manual_review.v2	general_cytotoxicity	197311	a18325f225a390ce2736a8654377f3cbec7a0849aca27b81e6c0f208c5a729a2	cell_death_percent		10.6	%	cell_death_percent	0.106	ratio	0.106	approved	cell_death_fraction	clintox.cytotoxicity.cell_death_percent.v1	endpoint_defined_ratio	other_explicit	valid	True		CDDO-Me at 0.25, 0.5, and 1 µM for 24 hours increased the percentage of annexin V:PE-binding Ec109 cells to 6.7%, 10.6%, and 26.0%, respectively, compared to an untreated control of 5.3%.
pass	Manually checked source support, canonical measurement/unit, semantic and reference policy, validity, and assay-transfer eligibility.	clintox_measurement_unit_manual_review.v2	general_cytotoxicity	567093	56c2d25630db7bbcdc01d49ad05ef97dbf42213231a38199850fa6a932a55e63	cell_death_percent		57	% day^-1	cell_death_percent	0.57	ratio/d	0.5700000000000001	approved	cell_death_fraction	clintox.cytotoxicity.cell_death_percent.v1	endpoint_defined_ratio	other_explicit	valid	True		In L929 cells exposed to 10 µM VP-16, the fractional rate of total DNA radioactivity loss measured over the Day 1–4 interval increased to 57% day−1.
pass	Manually checked source support, canonical measurement/unit, semantic and reference policy, validity, and assay-transfer eligibility.	clintox_measurement_unit_manual_review.v2	general_cytotoxicity	615960	186d818169495f4ea15151db457911157bb311913841f30ddd5b7b9c25fb982d	membrane_integrity		302	% of control	membrane_integrity	3.02	ratio to control	3.02	approved	membrane_integrity_control_response	clintox.cytotoxicity.membrane_control_percent.v1	standardized_control_ratio	assay_control	valid	True		LDH release in PC12 cells treated with 10 µM MeHg was 302 ± 5.7% of control (Fig. 2A).
pass	Manually checked source support, canonical measurement/unit, semantic and reference policy, validity, and assay-transfer eligibility.	clintox_measurement_unit_manual_review.v2	general_cytotoxicity	726885	352737b8d97411d8dfd77004e2f5056c1f3b1cf395b9331fd91e29589d302185	IC50		11.15	µg/mL	ic50	1.04727486738	log10(mg/L)	1.0472748673841794	approved	cytotoxicity_potency_mass	clintox.cytotoxicity.potency_mass.v1	absolute	none	valid	True		Compound C17 exhibited an IC50 of 11.15 ± 4.65 µg/mL against A549 cells in the antiproliferative activity table.
pass	Manually checked source support, canonical measurement/unit, semantic and reference policy, validity, and assay-transfer eligibility.	clintox_measurement_unit_manual_review.v2	general_cytotoxicity	636490	d2d49a7ae300f79dd2d733354f3dc5ca60f25162648071ff2821a9d344e15578	other_icx_gix		2	µg/mL	other_icx_gix	2	mg/L	2.0	approved	cytotoxicity_potency_mass	clintox.cytotoxicity.potency_mass.v1	absolute	none	valid	True		Compound 15 had an ED50 of 2.0 µg/mL against lung carcinoma LLC cells.
pass	Manually checked source support, canonical measurement/unit, semantic and reference policy, validity, and assay-transfer eligibility.	clintox_measurement_unit_manual_review.v2	general_cytotoxicity	312733	e44afe2febc2583b38ec4f39f14df8c66a491c3142457073746e1e527ff76350	IC50		40.8	µM	ic50	4.08e-05	M	4.08e-05	approved	cytotoxicity_potency_molar	clintox.cytotoxicity.potency_molar.v1	absolute	none	valid	True		In the IC50 table, hydrazone 2d showed an IC50 of 40.8 ± 3.9 µM after 24 h exposure in KB-V1/Vbl cells as measured by MTT assay.
pass	Manually checked source support, canonical measurement/unit, semantic and reference policy, validity, and assay-transfer eligibility.	clintox_measurement_unit_manual_review.v2	general_cytotoxicity	405753	150ef9cf622d070be6ca015417922775fb53086d30089a91ce00c2ea3d54dd0d	IC50		12.5	µM	ic50	-4.90308998699	log10(M)	-4.903089986991944	approved	cytotoxicity_potency_molar	clintox.cytotoxicity.potency_molar.v1	absolute	none	valid	True		From Table 1, compound 6b showed an IC50 of 12.5 ± 0.32 µM against HT-29 cells in the MTT assay (mean ± SD of three experiments performed in duplicate).
pass	Manually checked source support, canonical measurement/unit, semantic and reference policy, validity, and assay-transfer eligibility.	clintox_measurement_unit_manual_review.v2	general_cytotoxicity	481776	307227645f750ce629379bcc79d2902e5b4b2cb190579763c4aa4643a2e62314	viability_percent		96.2	%	viability_percent	0.962	ratio to control	0.9620000000000001	approved	cytotoxicity_control_response_fraction	clintox.cytotoxicity.viability_control_percent.v1	standardized_control_ratio	assay_control	valid	True		Table in paragraph 36 shows that SKF86002 alone at 10 µM gave 96.2 ± 3.6 % of control cell growth at 24 hr.
pass	Manually checked source support, canonical measurement/unit, semantic and reference policy, validity, and assay-transfer eligibility.	clintox_measurement_unit_manual_review.v2	general_cytotoxicity	662314	5c7dc9bdb70e7d76fc56df5e77f5545d693510ef0b2a2bd0d366e2f6b6569506	cell_death_percent		20	%	cell_death_percent	0.2	ratio	0.2	approved	cell_death_fraction	clintox.cytotoxicity.cell_death_percent.v1	endpoint_defined_ratio	other_explicit	valid	True		Within 24 h, only 5-AED 3,17-propionate (4b) inhibited viability of HeLa cells by 20% (Table 1).
pass	Manually checked source support, canonical measurement/unit, semantic and reference policy, validity, and assay-transfer eligibility.	clintox_measurement_unit_manual_review.v2	general_cytotoxicity	567092	4404339c34b356441e3d12fd6ce13432e0f5483cec2e3c7ee63996d7ed7745ee	cell_death_percent		21	% day^-1	cell_death_percent	0.21	ratio/d	0.21	approved	cell_death_fraction	clintox.cytotoxicity.cell_death_percent.v1	endpoint_defined_ratio	other_explicit	valid	True		In L929 cells exposed to 1 µM VP-16, the fractional rate of total DNA radioactivity loss measured over the Day 1–4 interval increased to 21% day−1.
pass	Manually checked source support, canonical measurement/unit, semantic and reference policy, validity, and assay-transfer eligibility.	clintox_measurement_unit_manual_review.v2	general_cytotoxicity	615958	f62ab2526da460356b3eaa99ebb618585e0659a32e6230f505309bb6e0c16064	membrane_integrity		232	% of control	membrane_integrity	2.32	ratio to control	2.32	approved	membrane_integrity_control_response	clintox.cytotoxicity.membrane_control_percent.v1	standardized_control_ratio	assay_control	valid	True		LDH release in PC12 cells treated with 6 µM MeHg was 232 ± 5.7% of control (Fig. 2A).
pass	Manually checked source support, canonical measurement/unit, semantic and reference policy, validity, and assay-transfer eligibility.	clintox_measurement_unit_manual_review.v2	general_cytotoxicity	111029	f404cb9020477b8fefd198b1763afe00f4d93a9f49be25d89a4f3e18201d51e1	IC50		71.88	µg/mL	ic50	1.85660806844	log10(mg/L)	1.8566080684369362	approved	cytotoxicity_potency_mass	clintox.cytotoxicity.potency_mass.v1	absolute	none	valid	True		On the other hand, compounds 9, 10, and 13 showed the lowest potency in which 13 exhibited the least inhibitory activity with IC50 at 71.88 µg/mL.
pass	Manually checked source support, canonical measurement/unit, semantic and reference policy, validity, and assay-transfer eligibility.	clintox_measurement_unit_manual_review.v2	general_cytotoxicity	502511	8476f250b2033edefc9711981832bdf11e0927aefc7f0e8cfe6719f893dd91db	IC50		25.81	µg/mL	ic50	25.81	mg/L	25.81	approved	cytotoxicity_potency_mass	clintox.cytotoxicity.potency_mass.v1	absolute	none	valid	True		From Table 3, PTX-loaded BSA NPs in MCF-7/ADR cells gave an IC50 of 25.81 ± 4.71 µg/mL after 72 h incubation in an MTT assay.
pass	Manually checked source support, canonical measurement/unit, semantic and reference policy, validity, and assay-transfer eligibility.	clintox_measurement_unit_manual_review.v2	general_cytotoxicity	522662	5e7b20bc739c2d173bba75ee222fb7e54e9b39508663f21bb3c6a950d3884488	other_icx_gix		160	µM	other_icx_gix	0.00016	M	0.00016	approved	cytotoxicity_potency_molar	clintox.cytotoxicity.potency_molar.v1	absolute	none	valid	True		The CC50 value for chloropeptin I against HeLa-S3 cells was 160 µM.
pass	Manually checked source support, canonical measurement/unit, semantic and reference policy, validity, and assay-transfer eligibility.	clintox_measurement_unit_manual_review.v2	general_cytotoxicity	302623	abeddb2708f7fa4b0b1eb857ce9976be1210610c72c1fcce0bb4a60672b8af27	IC50		31.7	µM	ic50	-4.49894073778	log10(M)	-4.498940737782249	approved	cytotoxicity_potency_molar	clintox.cytotoxicity.potency_molar.v1	absolute	none	valid	True		In DU145 cells, the IC50 value for curcumin was 31.7 µM as measured by MTT assay.
pass	Manually checked source support, canonical measurement/unit, semantic and reference policy, validity, and assay-transfer eligibility.	clintox_measurement_unit_manual_review.v2	general_cytotoxicity	676811	efe20c12c1d5e7a3c04349ccd9dbe5e8862cb213c831612813af3645584876d3	proliferation_inhibition_percent		83.7	%	proliferation_inhibition_percent	0.837	ratio to control	0.8370000000000001	approved	cytotoxicity_control_response_fraction	clintox.cytotoxicity.viability_control_percent.v1	standardized_control_ratio	assay_control	valid	True		The maximal antiproliferative effect (83.7%) was reached by 20 µM Saikosaponin D at 72 h in A549 cells.
pass	Manually checked source support, canonical measurement/unit, semantic and reference policy, validity, and assay-transfer eligibility.	clintox_measurement_unit_manual_review.v2	general_cytotoxicity	290467	b04ab7f2c835c80187d79697f54790a06b3c80e14c5af3d735e0db2cb185fd07	cell_death_percent		80	%	cell_death_percent	0.8	ratio	0.8	approved	cell_death_fraction	clintox.cytotoxicity.cell_death_percent.v1	endpoint_defined_ratio	other_explicit	valid	True		As reported in paragraph 88, copper gluconate concentrations up to 100 µM were not cytotoxic to Hep G2 cells, but at 300 µM Cu caused the death of 80% of cells. The exposure time of 48 h is indicated in the figure caption of Figure 7A (paragraph 91).
pass	Manually checked source support, canonical measurement/unit, semantic and reference policy, validity, and assay-transfer eligibility.	clintox_measurement_unit_manual_review.v2	general_cytotoxicity	646032	b43935850d29ea4843b74742a51ff640371ed7a9afab1abb6eb85f7339cd83d0	membrane_integrity		123	% of control	membrane_integrity	1.23	ratio to control	1.23	approved	membrane_integrity_control_response	clintox.cytotoxicity.membrane_control_percent.v1	standardized_control_ratio	assay_control	valid	True		In HepG2 cells, treatment with 10 µg/ml CdO NPs resulted in LDH release to 123% over the control, as determined using the LDH-cytotoxicity colorimetric assay kit II (Fig. 7B).
pass	Manually checked source support, canonical measurement/unit, semantic and reference policy, validity, and assay-transfer eligibility.	clintox_measurement_unit_manual_review.v2	general_cytotoxicity	483272	8cad44d9e63739c6d419830fa53f3cb1cac40dc0e8e0917ecb14d53b8b12be20	IC50		5.2	µg/mL	ic50	0.716003343635	log10(mg/L)	0.7160033436347992	approved	cytotoxicity_potency_mass	clintox.cytotoxicity.potency_mass.v1	absolute	none	valid	True		Table 5 in paragraph 87 reports IC50 values (µg/mL) against MCF-7 cell line. Compound 4b shows IC50 = 5.2 ± 0.03 µg/mL.
pass	Manually checked source support, canonical measurement/unit, semantic and reference policy, validity, and assay-transfer eligibility.	clintox_measurement_unit_manual_review.v2	general_cytotoxicity	130107	c765061b6b075ef813075eca9cced8fa035d872bd341892ea39dafc835d4e9ca	EC50		2837	ng/mL	ec50	2.837	mg/L	2.837	approved	cytotoxicity_potency_mass	clintox.cytotoxicity.potency_mass.v1	absolute	none	valid	True		In the table of EC50 values (paragraph 75), the EC50 value for the neutral red uptake assay (NR50) in RTgill-W1 cells after 24h exposure to ZEN was 2,837 ng/mL.
pass	Manually checked source support, canonical measurement/unit, semantic and reference policy, validity, and assay-transfer eligibility.	clintox_measurement_unit_manual_review.v2	general_cytotoxicity	689871	b5df16bfb320827f3e1cea60c4bd2dfbc5a59feb14df6f5230bb5d382299ef4a	IC50		10	µM	ic50	1e-05	M	1e-05	approved	cytotoxicity_potency_molar	clintox.cytotoxicity.potency_molar.v1	absolute	none	valid	True		The cytotoxic effects (MTT test, 4-day exposure) of 5'-DFUR were tested against HaCaT and WiDr cells. Mean IC50 on WiDr was 10 µM.
pass	Manually checked source support, canonical measurement/unit, semantic and reference policy, validity, and assay-transfer eligibility.	clintox_measurement_unit_manual_review.v2	general_cytotoxicity	442306	d60df8e7185d50b68eba5ae01fd95d87711d30602bd269ac5b9428d14e256bea	IC50		11.7	µM	ic50	-4.93181413825	log10(M)	-4.931814138253839	approved	cytotoxicity_potency_molar	clintox.cytotoxicity.potency_molar.v1	absolute	none	valid	True		Cyclopentane-based 3,4-difluoro-substituted arylvinyl 1,2,4-trioxane 8b2 had an IC50 of 11.7 µM against A549 cells, with a selectivity index (SI) of 6.29.
pass	Manually checked source support, canonical measurement/unit, semantic and reference policy, validity, and assay-transfer eligibility.	clintox_measurement_unit_manual_review.v2	general_cytotoxicity	355392	5ad7c620f719c2c44ab12bb7aa2dedcf50ff5c90cfd59c3433c1ba2ea6a62e17	viability_percent		80	%	viability_percent	0.8	ratio to control	0.8	approved	cytotoxicity_control_response_fraction	clintox.cytotoxicity.viability_control_percent.v1	standardized_control_ratio	assay_control	valid	True		Papaverine showed 80% viability at 600 µM in wild-type S. cerevisiae BY4741 strain.
pass	Manually checked source support, canonical measurement/unit, semantic and reference policy, validity, and assay-transfer eligibility.	clintox_measurement_unit_manual_review.v2	general_cytotoxicity	566760	4b6e920d1811e08e1fa1d5f4bb559f4e3c4baa7cde4f7e70241ad888358b8d22	cell_death_percent		48.81	%	cell_death_percent	0.4881	ratio	0.48810000000000003	approved	cell_death_fraction	clintox.cytotoxicity.cell_death_percent.v1	endpoint_defined_ratio	other_explicit	valid	True		In MOGGCCM cells treated with 30 µM quercetin, flow cytometry showed 48.81% necrotic cells (Table 1, [p:48]).
pass	Manually checked source support, canonical measurement/unit, semantic and reference policy, validity, and assay-transfer eligibility.	clintox_measurement_unit_manual_review.v2	general_cytotoxicity	11976	1394d5a500394b5dc3f72a1586602a7716e43fed3539ffedd27d40139f6e7a41	cell_death_percent			%	cell_death_percent				approved	cell_death_fraction	clintox.cytotoxicity.cell_death_percent.v1	unknown	unknown	non_scalar_measurement	False	non_scalar_measurement	Compound 1 produced significant apoptosis after 48 h, with a notable increase (~20–25%) in the number of early apoptotic and late apoptotic cells in HeLa cells at 20 µM, as measured by Annexin V-PI assay.
pass	Manually checked source support, canonical measurement/unit, semantic and reference policy, validity, and assay-transfer eligibility.	clintox_measurement_unit_manual_review.v2	general_cytotoxicity	266846	b52410ca280ef6cb60ee49baa4e4c4386c3497d33bdbc1eb09918c53a6f41c6f	IC50			µg/mL	ic50				approved	cytotoxicity_potency_mass	clintox.cytotoxicity.potency_mass.v1	unknown	unknown	non_scalar_measurement	False	non_scalar_measurement	In Table 1 (paragraph 38), for OTA in H4IIE cells, the AlamarBlue assay gave IC50 >40.40 µg/mL.
pass	Manually checked source support, canonical measurement/unit, semantic and reference policy, validity, and assay-transfer eligibility.	clintox_measurement_unit_manual_review.v2	general_cytotoxicity	232181	3217b69a0cfe979e32a649ef835a873c0fa6b17ac6c063b890c5719e3c974a4f	IC50			µM	ic50				approved	cytotoxicity_potency_molar	clintox.cytotoxicity.potency_molar.v1	unknown	unknown	non_scalar_measurement	False	non_scalar_measurement	Compound 3 (N-acetyl-3,5-diferrocenyl-2-pyrazoline) required concentrations of 300-400 µM to achieve 50% growth inhibition of A549 cells as determined by MTT assay.
pass	Manually checked source support, canonical measurement/unit, semantic and reference policy, validity, and assay-transfer eligibility.	clintox_measurement_unit_manual_review.v2	general_cytotoxicity	120139	eaf78564f95d01908bb1581b2057e0618a65a5cab5ee9c2ef8024fc8a4a9f6cb	viability_percent			%	viability_percent				approved	cytotoxicity_control_response_fraction	clintox.cytotoxicity.viability_control_percent.v1	unknown	unknown	non_scalar_measurement	False	non_scalar_measurement	Cyclophosphamide (CYC) at 20 µM caused a viability decrease of about <30% in HMFs after 72 h, which was not statistically significant.
pass	Manually checked source support, canonical measurement/unit, semantic and reference policy, validity, and assay-transfer eligibility.	clintox_measurement_unit_manual_review.v2	general_cytotoxicity	580804	8a6b38dff8ae33e3d4ae1d4dc2596e461c7fa00ad04e0e1df726230abb6bc61e	other_quantitative		7.96		other_quantitative	7.96			evidence_only	unreviewed	clintox.unreviewed_measurement.v1	unknown	unknown	non_scalar_measurement	False	non_scalar_measurement	Treatment of IEC-18 cells with 0.1 µg/ml trichostatin A alone induced a significant degree of DNA cleavage, with mean absorbance 7.96 ± 2.18 compared to control 1.63 ± 0.6 (P<0.05, n=3); the exposure duration was not explicitly stated.
pass	Manually checked source support, canonical measurement/unit, semantic and reference policy, validity, and assay-transfer eligibility.	clintox_measurement_unit_manual_review.v2	general_cytotoxicity	425546	02ed1e95ff1b89ce88738372f3d529614ad24f10fe2929b9965e84c12076d930	LC50		0.012	µg/mL	lc50	0.012	mg/L	0.012	approved	cytotoxicity_potency_mass	clintox.cytotoxicity.potency_mass.v1	absolute	none	off_schema_controlled_value	False	off_schema_controlled_value	Pure compound resistomycin showed strong cytotoxicity against gastric adenocarcinoma (HMO2) cell line with an LC50 value of 0.012 µg/mL.
pass	Manually checked source support, canonical measurement/unit, semantic and reference policy, validity, and assay-transfer eligibility.	clintox_measurement_unit_manual_review.v2	general_cytotoxicity	317169	194646376f033a61bfd73c7a5da5360d268fd3c1315c5ac373c6a79033cc380e	TGI		0.7	µM	tgi	7e-07	M	7e-07	approved	cytotoxicity_potency_molar	clintox.cytotoxicity.potency_molar.v1	absolute	none	off_schema_controlled_value	False	off_schema_controlled_value	Compound 2d tested against MCF-7 cell line: TGI = 0.70 ± 0.68 µM (mean ± SD, n=3) using MTT assay at 48 h.
pass	Manually checked source support, canonical measurement/unit, semantic and reference policy, validity, and assay-transfer eligibility.	clintox_measurement_unit_manual_review.v2	general_cytotoxicity	338817	62246e0ef9733d35471bae37d669ee1638cd42c1fb6fa5bda280823a543124f5	percent_apoptosis		46	%	percent_apoptosis	0.46	ratio	0.46	evidence_only	unreviewed	clintox.unreviewed_measurement.v1	unknown	unknown	off_schema_controlled_value	False	off_schema_controlled_value	In H1299 cells, the high-dose treatment group (50 µM EGCG) showed a mean apoptosis rate of 46.00% (SD=1.58) after 72 h treatment, measured by annexin V-FITC and PI staining flow cytometry.
pass	Manually checked source support, canonical measurement/unit, semantic and reference policy, validity, and assay-transfer eligibility.	clintox_measurement_unit_manual_review.v2	general_cytotoxicity	337963	321a1941045d87729edbcc65f14d3f8e1737fad3e1f2810cdff9dd91444c1b81	cell_death_percent		-100	%	cell_death_percent	-1	ratio	-1.0	approved	cell_death_fraction	clintox.cytotoxicity.cell_death_percent.v1	endpoint_defined_ratio	other_explicit	outside_bounded_0_100_domain	False	outside_bounded_0_100_domain	Cisplatin and irinotecan caused a reduction of −90% and −100%, respectively, compared to the control values (Figure 10a,b).
pass	Manually checked source support, canonical measurement/unit, semantic and reference policy, validity, and assay-transfer eligibility.	clintox_measurement_unit_manual_review.v2	general_cytotoxicity	547720	0fea4140cc4d60eb360deb957d9a9c429cd031c11e83feeced506e86632fb7cd	viability_percent		-4.15	%	viability_percent	-0.0415	ratio to control	-0.0415	approved	cytotoxicity_control_response_fraction	clintox.cytotoxicity.viability_control_percent.v1	standardized_control_ratio	assay_control	outside_bounded_0_100_domain	False	outside_bounded_0_100_domain	In HT29 colon cancer cells, immediately after exposure to DOX (2.5 µg/ml) alone, cell viability decreased by -4.15% relative to control.
pass	Manually checked source support, canonical measurement/unit, semantic and reference policy, validity, and assay-transfer eligibility.	clintox_measurement_unit_manual_review.v2	general_cytotoxicity	752039	fcb5ee338a49319de5ed1f397d2abf9658cdb9a1270182e880a8e23e036bf010	IC50		0	mg/mL	ic50	0	mg/L	0.0	approved	cytotoxicity_potency_mass	clintox.cytotoxicity.potency_mass.v1	absolute	none	outside_positive_domain	False	outside_positive_domain	From Table 1, the IC50 of GB75 (5-FU)-PS0.1 against HeLa cells by NRU assay was 0 mg/mL in terms of 5-FU concentration.
pass	Manually checked source support, canonical measurement/unit, semantic and reference policy, validity, and assay-transfer eligibility.	clintox_measurement_unit_manual_review.v2	general_cytotoxicity	560827	801ee60c3d92eaea66e1c2e10d03e4c83a2b4810c718a75b0fa92ce216daf838	GI50		-7.48	M	gi50	-7.48	M	-7.48	approved	cytotoxicity_potency_molar	clintox.cytotoxicity.potency_molar.v1	absolute	none	outside_positive_domain	False	outside_positive_domain	In the NCI-60 growth inhibition table (paragraph 58), compound 17d against HL-60 (TB) showed Log10GI50 of -7.48 M.
pass	Manually checked source support, canonical measurement/unit, semantic and reference policy, validity, and assay-transfer eligibility.	clintox_measurement_unit_manual_review.v2	general_cytotoxicity	438825	39826eeca17acb9ef1bf57aa1574787ae2f955a591e903611b54b0746316cf1b	cell_death_percent		15	%	cell_death_percent	0.15	ratio	0.15	approved	cell_death_fraction	clintox.cytotoxicity.cell_death_percent.v1	endpoint_defined_ratio	other_explicit	support_reports_censored_value	False	support_reports_censored_value	After incubation of 40 µM TMZ with C6 cells for 48 h, a cell apoptosis ratio less than 15% was observed by flow cytometry.
pass	Manually checked source support, canonical measurement/unit, semantic and reference policy, validity, and assay-transfer eligibility.	clintox_measurement_unit_manual_review.v2	general_cytotoxicity	759255	46f035ce04e1a4ec5f8884c8d0415c5cd63305aa217b8cb7d7a0f19052ef44d9	IC50		5	µg/mL	ic50	5	mg/L	5.0	approved	cytotoxicity_potency_mass	clintox.cytotoxicity.potency_mass.v1	absolute	none	support_reports_censored_value	False	support_reports_censored_value	Vitextrifolin E showed an IC50 < 5 µg/mL against ZR-75-30 cells, indicating inactivity.
pass	Manually checked source support, canonical measurement/unit, semantic and reference policy, validity, and assay-transfer eligibility.	clintox_measurement_unit_manual_review.v2	general_cytotoxicity	680576	67e7a74201964f4ee7b12957808e95c32657ccb71d642fa0a06585a33f6b74e6	GI50		50	µM	gi50	5e-05	M	5e-05	approved	cytotoxicity_potency_molar	clintox.cytotoxicity.potency_molar.v1	absolute	none	support_reports_censored_value	False	support_reports_censored_value	In Table 3, compound (2) showed a GI50 ≥50 µM in HCT116 colon cancer cells using the SRB assay.
pass	Manually checked source support, canonical measurement/unit, semantic and reference policy, validity, and assay-transfer eligibility.	clintox_measurement_unit_manual_review.v2	general_cytotoxicity	1117	43db7e5a1881665d3dcb47bf7e9b54b8f4f9a9ccea5dcffa4fd431f59dd8b0df	viability_percent		80	%	viability_percent	0.8	ratio to control	0.8	approved	cytotoxicity_control_response_fraction	clintox.cytotoxicity.viability_control_percent.v1	standardized_control_ratio	assay_control	support_reports_censored_value	False	support_reports_censored_value	The PEGylated diamine conjugate of MA (16) had a percentage of cell viability equal or greater than 80% for the non-tumour WRL68 cell line at the corresponding IC50 concentration of the Hep G2 cancer-cell line, as determined by MTT assay.
pass	Manually checked source support, canonical measurement/unit, semantic and reference policy, validity, and assay-transfer eligibility.	clintox_measurement_unit_manual_review.v2	general_cytotoxicity	565815	8c4e9e6cec1b53d672f77aca13232aac178b07502c6f3e793d969594fba84ab4	other_quantitative		5.2	%	other_quantitative	0.052	ratio	0.052000000000000005	evidence_only	unreviewed	clintox.unreviewed_measurement.v1	unknown	unknown	unreviewed_measurement_semantics	False	unreviewed_measurement_semantics	| 6-OHDA (20 µM)+11-dehydrosinulariolide (10 µM) | 5.2±6.4* |
pass	Confirmed the literal 6×10^12 nM source value is implausible but not safely correctable; retrieval is retained and numeric assay transfer is excluded.	clintox_measurement_unit_manual_review.v2	general_cytotoxicity	532392	f23d561c76b5182b06b1c0ec40f9f9ee084600640d7f5c2802c2c54b0a027b72	IC50		6000000000000	nM	ic50	3.77815125038	log10(M)	3.778151250383644	approved	cytotoxicity_potency_molar	clintox.cytotoxicity.potency_molar.v1	absolute	none	valid	False	implausible_source_literal_concentration_scale	Table II reports the IC50 for ATRA alone in MCF-7 cells as 6×10^12 nM (6e12 nM), assessed by MTT assay after 96 h.
pass	Manually checked source support, canonical measurement/unit, semantic and reference policy, validity, and assay-transfer eligibility.	clintox_measurement_unit_manual_review.v2	general_cytotoxicity	561517	91b1998f148388efb30bb96d1e1de6c0912ba26dcb6c7e0c63d18df1dc1831f6	cell_death_percent			%	cell_death_percent				approved	cell_death_fraction	clintox.cytotoxicity.cell_death_percent.v1	unknown	unknown	non_scalar_measurement	False	non_scalar_measurement	HL60DR cells (mdr-1 expressing, drug resistant) treated with 50 µM C2-ceramide for 20 h showed 5 to 20% apoptotic cells as determined by acridine orange fluorescence microscopy.
pass	Manually checked source support, canonical measurement/unit, semantic and reference policy, validity, and assay-transfer eligibility.	clintox_measurement_unit_manual_review.v2	general_cytotoxicity	299527	069aca5a309ea53bd3319b8d1a62a4bdb4e21742ca0ebfd2586dfb4affc683fd	IC50			µg/mL	ic50				approved	cytotoxicity_potency_mass	clintox.cytotoxicity.potency_mass.v1	unknown	unknown	non_scalar_measurement	False	non_scalar_measurement	PBT-7 had an IC50 value > 2 µg/mL in CL1-0 cells after 48 h exposure.
pass	Manually checked source support, canonical measurement/unit, semantic and reference policy, validity, and assay-transfer eligibility.	clintox_measurement_unit_manual_review.v2	general_cytotoxicity	715710	746eb7ea715c3ad0ca260bc0dc496c80f32b0dac0f24cd1b1fc4e8acc99904f6	EC50			nM	ec50				approved	cytotoxicity_potency_molar	clintox.cytotoxicity.potency_molar.v1	unknown	unknown	non_scalar_measurement	False	non_scalar_measurement	Free MMAE had almost equal cytotoxicity to both DX3puroβ6 (+) and DX3puro cells (−) (EC50: 0.14–0.15 nM) as measured by the WST-1 cell viability assay.
pass	Manually checked source support, canonical measurement/unit, semantic and reference policy, validity, and assay-transfer eligibility.	clintox_measurement_unit_manual_review.v2	general_cytotoxicity	11778	56e0b89c1ad9782657bf6ab91a32c261d748d2395097c4864bddedbca433c759	proliferation_inhibition_percent			%	proliferation_inhibition_percent				approved	cytotoxicity_control_response_fraction	clintox.cytotoxicity.viability_control_percent.v1	unknown	unknown	non_scalar_measurement	False	non_scalar_measurement	In Table 1 (paragraph 25), compound 5g exhibited a cell inhibition rate of less than 0% (reported as <0) against HUVEC cells at 10 µM concentration.
pass	Manually checked source support, canonical measurement/unit, semantic and reference policy, validity, and assay-transfer eligibility.	clintox_measurement_unit_manual_review.v2	general_cytotoxicity	736727	5714ced64ac7fbc2b6f1c8dafd611d423bec71695c7fc5abe9b09fd561e57d23	qualitative_cytotoxicity				qualitative_cytotoxicity				evidence_only	unreviewed	clintox.unreviewed_measurement.v1	unknown	unknown	non_scalar_measurement	False	non_scalar_measurement	Protolichesterinic acid inhibited the proliferation of U266 cells with very low IC50 values.
pass	Manually checked source support, canonical measurement/unit, semantic and reference policy, validity, and assay-transfer eligibility.	clintox_measurement_unit_manual_review.v2	general_cytotoxicity	722460	c5aaaa216733f62a48279b42c2274a1d4607ff602b3ab19f0c9b90bf430cf857	IC35		0.013	µg/ml	ic35	0.013	mg/L	0.013	approved	cytotoxicity_potency_mass	clintox.cytotoxicity.potency_mass.v1	absolute	none	off_schema_controlled_value	False	off_schema_controlled_value	In Table 5, the IC35 of free PTX against A549 cells at 48 h was 0.013 µg/ml.
pass	Manually checked source support, canonical measurement/unit, semantic and reference policy, validity, and assay-transfer eligibility.	clintox_measurement_unit_manual_review.v2	general_cytotoxicity	778192	593a3bbe6e1983a7a6285e3da8ff63c924d923e6e6f4985ba68dec77cc57b86a	CC50		1000	µM	cc50	0.001	M	0.001	approved	cytotoxicity_potency_molar	clintox.cytotoxicity.potency_molar.v1	absolute	none	off_schema_controlled_value	False	off_schema_controlled_value	In Table 1, the row for Brazil/2015 ZIKV strain with pre-treatment shows CC50 > 1,000 for ATA in Vero cells at 12 h.
pass	Manually checked source support, canonical measurement/unit, semantic and reference policy, validity, and assay-transfer eligibility.	clintox_measurement_unit_manual_review.v2	general_cytotoxicity	291393	d44a3cbddfbf13e8fa6876f4686eb165f07f60fd0580c96c66f575301fe87c37	growth_inhibition_percent		70	%	growth_inhibition_percent	0.7	ratio	0.7000000000000001	evidence_only	unreviewed	clintox.unreviewed_measurement.v1	unknown	unknown	off_schema_controlled_value	False	off_schema_controlled_value	For DU145 cell line, EP at 10 µM showed growth inhibition of >70% at 24 h.
pass	Manually checked source support, canonical measurement/unit, semantic and reference policy, validity, and assay-transfer eligibility.	clintox_measurement_unit_manual_review.v2	general_cytotoxicity	728891	940e196e35f59396b4f03ecf5134008897719e4aee7e21b09d2d571199127c38	cell_death_percent		-67.35	%	cell_death_percent	-0.6735	ratio	-0.6735	approved	cell_death_fraction	clintox.cytotoxicity.cell_death_percent.v1	endpoint_defined_ratio	other_explicit	outside_bounded_0_100_domain	False	outside_bounded_0_100_domain	At 72 h, FPTI treatment at 40 µM concentration showed (-67.35%) inhibition in ASKA cells versus DMSO controls in the Alamar Blue assay.
pass	Manually checked source support, canonical measurement/unit, semantic and reference policy, validity, and assay-transfer eligibility.	clintox_measurement_unit_manual_review.v2	general_cytotoxicity	681889	5a10201b7725fd652e1009f83ddaba7a772be5f02f988b4d046d66227ada227f	viability_percent		-3	%	viability_percent	-0.03	ratio to control	-0.03	approved	cytotoxicity_control_response_fraction	clintox.cytotoxicity.viability_control_percent.v1	standardized_control_ratio	assay_control	outside_bounded_0_100_domain	False	outside_bounded_0_100_domain	Compound 13f at 20 µg/mL showed -3% growth of SF-268 cells relative to untreated control after 48 h incubation in the sulforhodamine B assay (Table 1), indicating net cell death.
pass	Manually checked source support, canonical measurement/unit, semantic and reference policy, validity, and assay-transfer eligibility.	clintox_measurement_unit_manual_review.v2	general_cytotoxicity	752047	7eb43aa6545be004dd2382c8dafc68b377423dc9ca5065403bcb69f53862c705	IC50		0	mg/mL	ic50	0	mg/L	0.0	approved	cytotoxicity_potency_mass	clintox.cytotoxicity.potency_mass.v1	absolute	none	outside_positive_domain	False	outside_positive_domain	From Table 1, the IC50 of GB75 (5-FU)-PS1.0 against MCF-7 cells by NRU assay was 0 mg/mL in terms of 5-FU concentration.
pass	Manually checked source support, canonical measurement/unit, semantic and reference policy, validity, and assay-transfer eligibility.	clintox_measurement_unit_manual_review.v2	general_cytotoxicity	334481	58720229cfbb5daa10688717d4dc8d1bbf878ff65aa9353e824827bb96ebce8e	IC50		0	µM	ic50	0	M	0.0	approved	cytotoxicity_potency_molar	clintox.cytotoxicity.potency_molar.v1	absolute	none	outside_positive_domain	False	outside_positive_domain	For compound 4d, the IC50 value in SH-SY5Y cells was 0 µM after 48 hrs of treatment, as measured by a resazurin assay; data from three independent experiments performed in triplicate (mean ± SEM).
pass	Manually checked source support, canonical measurement/unit, semantic and reference policy, validity, and assay-transfer eligibility.	clintox_measurement_unit_manual_review.v2	general_cytotoxicity	644101	5835ecb7e03399f567db49cdf74d7eb0b03e74cc45feafcab1054a9a88e90355	cell_death_percent		10	%	cell_death_percent	0.1	ratio	0.1	approved	cell_death_fraction	clintox.cytotoxicity.cell_death_percent.v1	endpoint_defined_ratio	other_explicit	support_reports_censored_value	False	support_reports_censored_value	When the K562 and K562/DOX cells were exposed to 1.0 µM DMAG alone, only wild cytotoxicity (<10%) to cells was observed [Figure 1a data of K562 cells not shown].
pass	Manually checked source support, canonical measurement/unit, semantic and reference policy, validity, and assay-transfer eligibility.	clintox_measurement_unit_manual_review.v2	general_cytotoxicity	398523	ecdf479087da20bf558de619a1f874a3f0da434acfe71940c7d07ca8eb14d1b8	IC50		50	ug/mL	ic50	50	mg/L	50.0	approved	cytotoxicity_potency_mass	clintox.cytotoxicity.potency_mass.v1	absolute	none	support_reports_censored_value	False	support_reports_censored_value	In Table 2, Vaccarin exhibited an IC50 >50 ug/mL against PC-3 cells using the MTT assay.
pass	Manually checked source support, canonical measurement/unit, semantic and reference policy, validity, and assay-transfer eligibility.	clintox_measurement_unit_manual_review.v2	general_cytotoxicity	778781	b58794aaf4433ca28d9541eb04ef638b7ca3d293dd0e135c80192e36a64a559a	TC50		25	µM	tc50	2.5e-05	M	2.5e-05	approved	cytotoxicity_potency_molar	clintox.cytotoxicity.potency_molar.v1	absolute	none	support_reports_censored_value	False	support_reports_censored_value	In uninfected A549/ACE2 cells, the CC50 values for brequinar (BRQ), dipyridamole (DPY), and their combination (BRQ+DPY) were all greater than 25 µM after two days of exposure, as assessed by both Cell-Titer Glo and Alamar-Blue assays (Fig 2E and F; Supplemental Table S2).
pass	Manually checked source support, canonical measurement/unit, semantic and reference policy, validity, and assay-transfer eligibility.	clintox_measurement_unit_manual_review.v2	general_cytotoxicity	169100	38bf9ce20fc42bef19e4e769d8bb076abcad21d2e80ad4e9f282a504e75125c7	proliferation_inhibition_percent		25	%	proliferation_inhibition_percent	0.25	ratio to control	0.25	approved	cytotoxicity_control_response_fraction	clintox.cytotoxicity.viability_control_percent.v1	standardized_control_ratio	assay_control	support_reports_censored_value	False	support_reports_censored_value	In the MTT assay on MGC-803 cells at 20 µM for 48 h, compound 12e exhibited an inhibition rate less than 25%.
pass	Manually checked source support, canonical measurement/unit, semantic and reference policy, validity, and assay-transfer eligibility.	clintox_measurement_unit_manual_review.v2	general_cytotoxicity	657187	dffdfa6595e851df8ec7dce25397f2c8999177255a34f1c8b06fc9bc9ee53851	other_quantitative		60	µM	other_quantitative	60	µM	60.0	evidence_only	unreviewed	clintox.unreviewed_measurement.v1	unknown	unknown	unreviewed_measurement_semantics	False	unreviewed_measurement_semantics	Dose-response experiments in mouse cochlear explants also revealed a median lethal dose (LD50) of >60 µM for dabrafenib alone.
pass	Manually checked source support, canonical measurement/unit, semantic and reference policy, validity, and assay-transfer eligibility.	clintox_measurement_unit_manual_review.v2	general_cytotoxicity	132491	0dd078bb41a58b96011eb6129a9b6bb0fa476e1cb04d1a2e0678a10261c87a81	cell_death_percent			%	cell_death_percent				approved	cell_death_fraction	clintox.cytotoxicity.cell_death_percent.v1	unknown	unknown	non_scalar_measurement	False	non_scalar_measurement	Compound 13 induced strong cell death at 10 µM with 70–90% DNA fragmentation at 24 ± 24 h in MCF-7 cells (Fig. 4b).
pass	Manually checked source support, canonical measurement/unit, semantic and reference policy, validity, and assay-transfer eligibility.	clintox_measurement_unit_manual_review.v2	general_cytotoxicity	639290	a8434f1f1510d7ac2d9c8457bc58f47d12fd101a437d43b835c9985ec2c41bd8	IC50			µg/ml	ic50				approved	cytotoxicity_potency_mass	clintox.cytotoxicity.potency_mass.v1	unknown	unknown	non_scalar_measurement	False	non_scalar_measurement	Table 1: 5-Fluorouracil tested on MCF-12-A cells gave IC50 >300 µg/ml in the MTT assay.
pass	Manually checked source support, canonical measurement/unit, semantic and reference policy, validity, and assay-transfer eligibility.	clintox_measurement_unit_manual_review.v2	general_cytotoxicity	244423	18e6e8e078072b63d198c637ca8702c19b53d633cdd20392ab6df0c6d46d6872	IC50			µM	ic50				approved	cytotoxicity_potency_molar	clintox.cytotoxicity.potency_molar.v1	unknown	unknown	non_scalar_measurement	False	non_scalar_measurement	Compound 7l had an IC50 of >100 µM against HepG2 cells.
pass	Manually checked source support, canonical measurement/unit, semantic and reference policy, validity, and assay-transfer eligibility.	clintox_measurement_unit_manual_review.v2	general_cytotoxicity	485485	5029e5078ba2217ab5dff99e0624fa1597c815d4fefd7747eae0bf4f01295973	viability_percent			%	viability_percent				approved	cytotoxicity_control_response_fraction	clintox.cytotoxicity.viability_control_percent.v1	unknown	unknown	non_scalar_measurement	False	non_scalar_measurement	In C17.2 cells exposed to As(III) (1 mg/l) for 24 h, quercetin at 1 µM increased viability by 11% to 21% relative to cells treated with As(III) alone, measured by sodium resazurin assay.
pass	Manually checked source support, canonical measurement/unit, semantic and reference policy, validity, and assay-transfer eligibility.	clintox_measurement_unit_manual_review.v2	general_cytotoxicity	349865	2fbd11174c06422f5f3c0e05e01cd5063ed738925e414f9214ab91ae16d26567	qualitative_cytotoxicity				qualitative_cytotoxicity				evidence_only	unreviewed	clintox.unreviewed_measurement.v1	unknown	unknown	non_scalar_measurement	False	non_scalar_measurement	Compound 7f with R1 = H is more potent than compound 7g with R1 = CH3 when R2 is 1,1-dimethoxyethyl; and when R1 = H, the activity order is 7f ≈ 7h > 7d ≈ 7b.
pass	Manually checked source support, canonical measurement/unit, semantic and reference policy, validity, and assay-transfer eligibility.	clintox_measurement_unit_manual_review.v2	off_target_ddi_exposure	566812	3377bbef9660c329c347dc8bc178488934d4fe80540db538878a80f0bee882a9	Urinary excretion of unchanged YM872	Urinary excretion of unchanged YM872 within 4 hours (percent of dose)	84.8 ± 4.8	% of dose	urinary_excretion_of_unchanged_ym872	0.848 ± 0.048	ratio	0.848	approved	administered_dose_fraction	clintox.offtarget.administered_dose_fraction.v1	endpoint_defined_ratio	administered_dose	valid	True		In paragraph 35, 84.8 ± 4.8% of the dose was excreted in the urine as unchanged YM872 within 4 h after the start of infusion (mean ± SD of four subjects).
pass	Manually checked source support, canonical measurement/unit, semantic and reference policy, validity, and assay-transfer eligibility.	clintox_measurement_unit_manual_review.v2	off_target_ddi_exposure	293319	21ad44d0d76668944c2f13a3b5ff3b1082d6d6fc99cd31226cb2864573d58afd	AUC	dose-normalized AUC estimate (95% CI)	1.674 (1.358–1.990)	(mg·h/L)/(mg/kg)	auc	1.674	(mg·h/L)/(mg/kg)	1.674	approved	exposure_mass_auc	clintox.offtarget.auc_mass.v1	absolute	none	valid	True		From Table 4 (p:42), the dose-normalized AUC estimate for isoniazid in pediatric patients with TB/HIV was 1.674 (95% CI 1.358–1.990) (mg·h/L)/(mg/kg). The P-values were 0.007 vs healthy volunteers, 0.22 vs adult TB/HIV, and 0.007 vs pediatric TB.
pass	Manually checked source support, canonical measurement/unit, semantic and reference policy, validity, and assay-transfer eligibility.	clintox_measurement_unit_manual_review.v2	off_target_ddi_exposure	155873	66c0512f48b5d1b86f5d0717445df87220e3ab431dde2bd6c2723eb2f9fb91df	CYP2D6	dose/weight adjusted AUC0-∞	1516.62 (95% CI 1411.27–1628.22)	(ng h/ml)/(mg/kg)	cyp2d6	1516.62	(ng h/mL)/(mg/kg)	1516.62	approved	exposure_mass_auc	clintox.offtarget.auc_mass.v1	absolute	none	valid	True		Mirtazapine disposition evaluated as AUC0-∞ is influenced by CYP2D6 phenotype group (p=0.01). The mean (95% CI) dose/weight adjusted AUC0-∞ is 1516.62 (1411.27–1628.22) (ng h/ml)/(mg/kg) in extensive/ultrarapid metabolizers (EM/UM).
pass	Manually checked source support, canonical measurement/unit, semantic and reference policy, validity, and assay-transfer eligibility.	clintox_measurement_unit_manual_review.v2	off_target_ddi_exposure	288299	0857e44999dd2bd0c584d5460d71d854f8e2b13ac50e1188f12ec54641f5a3a0		AUCt→∞	3,038 ± 788 (1,943–4,538)	(ng/ml)·h	missing_endpoint	3038 ± 788	(ng/mL)·h	3038.0	approved	exposure_mass_auc	clintox.offtarget.auc_mass.v1	absolute	none	valid	True		At site 1, for subjects with creatinine clearance 10–30 ml/min, the mean AUCt→∞ on day 1 was 3,038 ± 788 (ng/ml)·h (range 1,943–4,538).
pass	Manually checked source support, canonical measurement/unit, semantic and reference policy, validity, and assay-transfer eligibility.	clintox_measurement_unit_manual_review.v2	off_target_ddi_exposure	845973	4ee3db1ae55b3f19c55327ecc1f951841ab8049c29493be316448ae48503d61b		AUC(0-13) of S-mephenytoin	1265 (856-1870)	d·ng/mL	missing_endpoint	1265	d·ng/mL	1265.0	approved	exposure_mass_auc	clintox.offtarget.auc_mass.v1	absolute	none	valid	True		For CYP2C19 PMs (n=6), geometric mean (95% CI) AUC(0-13) of S-mephenytoin was 1265 (856-1870) d·ng/mL on day 10 (induced state after 10 days of oral artemisinin).
pass	Manually checked source support, canonical measurement/unit, semantic and reference policy, validity, and assay-transfer eligibility.	clintox_measurement_unit_manual_review.v2	off_target_ddi_exposure	1033949	205c66470c3b558b7d416ea1d5be04063f0b63eb94e5bb7a43af4991c98caa97	cumulative AUC (AUCT)	AUCT	0.44 (0.01–3.77)	g l-1 h	cumulative_auc_(auct)	0.44	g L^-1 h	0.44	approved	exposure_mass_auc	clintox.offtarget.auc_mass.v1	absolute	none	valid	True		In Study E (advanced colorectal cancer patients, dose 300 mg twice daily for tipifarnib-treated subjects), the cumulative AUC (AUCT) of tipifarnib was 0.44 (0.01–3.77) g·L−1·h (median and range).
pass	Manually checked source support, canonical measurement/unit, semantic and reference policy, validity, and assay-transfer eligibility.	clintox_measurement_unit_manual_review.v2	off_target_ddi_exposure	996176	71fef375606c7c714888d37c415900358d07ca1affb32d67626d96a76aa2759e	CYP2C9	AUC	0.26 (0.22-0.27)	g·h/L	cyp2c9	0.26	g·h/L	0.26	approved	exposure_mass_auc	clintox.offtarget.auc_mass.v1	absolute	none	valid	True		For CYP2C9 genotype 1/*3, the AUC of racemic ibuprofen is 0.26 (0.22-0.27) g·h/L as reported in Table summarizing nonparametric analysis of ibuprofen pharmacokinetics.
pass	Manually checked source support, canonical measurement/unit, semantic and reference policy, validity, and assay-transfer eligibility.	clintox_measurement_unit_manual_review.v2	off_target_ddi_exposure	373961	675c771e72f8f5769ca745be04d7bb34d02e0f8d7e143f8655953ef74e800641	CYP	AUC	123000 ± 41400*	g•h/ml	cyp	123000 ± 41400	g·h/mL	123000.0	approved	exposure_mass_auc	clintox.offtarget.auc_mass.v1	absolute	none	valid	True		From Table: Oral route, parameter AUC for antipyrine at 168 h after pre-administration of 1-aminobenzotriazole at 60 mg/pump: 123000 ± 41400* g•h/ml.
pass	Manually checked source support, canonical measurement/unit, semantic and reference policy, validity, and assay-transfer eligibility.	clintox_measurement_unit_manual_review.v2	off_target_ddi_exposure	844148	667dc34abca422ad673cfb64876379088ab1b774f72de26a6890e4924ed3c3c4	AUC	AUC0-12	903.9 (range 873.9–934.0)	h mg/L	auc	903.9	h mg/L	903.9	approved	exposure_mass_auc	clintox.offtarget.auc_mass.v1	absolute	none	valid	True		The mean MPAG Tmax after the second dose was 2.5 h (range 2–3), mean MPAG Cmax was 69.8 mg/L (range 68.6–71.0) and the mean MPAG AUC0−12 was 903.9 h mg/L (range 873.9–934.0).
pass	Manually checked source support, canonical measurement/unit, semantic and reference policy, validity, and assay-transfer eligibility.	clintox_measurement_unit_manual_review.v2	off_target_ddi_exposure	229377	2f94f016b1ed55fd43145d21ba0c37b9973edea307f46597b16c66ff75b9425d	AUC0-∞	AUC0-∞	1100 (51-2148)	h ng ml^-1	auc0_∞	1100	h ng mL^-1	1100.0	approved	exposure_mass_auc	clintox.offtarget.auc_mass.v1	absolute	none	valid	True		In CYP2C19 poor metabolizers, the mean AUC0-∞ of tilidine was 159 (95% CI 75-243) h·ng mL−1 during placebo and 1100 (51-2148) h·ng mL−1 during ritonavir (P=0.0156).
pass	Manually checked source support, canonical measurement/unit, semantic and reference policy, validity, and assay-transfer eligibility.	clintox_measurement_unit_manual_review.v2	off_target_ddi_exposure	229348	7dd83e90ca999228a0761768ce0f499664d3b8fed74414c3ce895238402a2215	AUC	area under the concentration–time curve (AUC)	1059 (95% CI 789-1330)	h ng/ml	auc	1059	h ng/mL	1059.0	approved	exposure_mass_auc	clintox.offtarget.auc_mass.v1	absolute	none	valid	True		In CYP2C19 ultrarapid metabolizers under placebo, nortilidine AUC was 1059 h ng/ml (95% confidence interval 789-1330).
pass	Manually checked source support, canonical measurement/unit, semantic and reference policy, validity, and assay-transfer eligibility.	clintox_measurement_unit_manual_review.v2	off_target_ddi_exposure	251609	8d77a69838cefaaf711dfaeed6280fc5b79d81ca8e20be0e0a0d56fd7a9f102f	CYP3A4	AUC2-4	3.76 (3.00–4.71)	h pg mL−1	cyp3a4	3.76	h pg mL^-1	3.76	approved	exposure_mass_auc	clintox.offtarget.auc_mass.v1	absolute	none	valid	True		Under treatment with 1800 mg/day St. John's wort plus 600 mg/day rifampin for 7 days, midazolam AUC2-4 was 3.76 (3.00–4.71) h pg mL−1 and eCLmet was 14,752 (11,766–18,495) mL min−1 (geometric mean, 95% CI) in 11 healthy volunteers.
pass	Manually checked source support, canonical measurement/unit, semantic and reference policy, validity, and assay-transfer eligibility.	clintox_measurement_unit_manual_review.v2	off_target_ddi_exposure	280820	6e2e280308c2bff0598f1353544a0568a86edd5ba12f28c2372555707554ea92	Edoxaban	AUC∞	1191 (95% CI 758-1871)	h pg/mL	edoxaban	1191	h pg/mL	1191.0	approved	exposure_mass_auc	clintox.offtarget.auc_mass.v1	absolute	none	valid	True		Plasma concentrations of edoxaban were significantly increased by coadministration of rifampicin and cobicistat. No significant change of any edoxaban pharmacokinetic parameter was observed during voriconazole (Table 2).
pass	Manually checked source support, canonical measurement/unit, semantic and reference policy, validity, and assay-transfer eligibility.	clintox_measurement_unit_manual_review.v2	off_target_ddi_exposure	24870	0a51ece47c7b4f3bb51ee67b527c45d1c3dbe6c4cbb67dbd38b2778acb14dd3a	rivaroxaban AUC(0-∞)	AUC(0-∞)	3883 (3467-4350)	h µg L^-1	rivaroxaban_auc(0_∞)	3883	h µg L^-1	3883.0	approved	exposure_mass_auc	clintox.offtarget.auc_mass.v1	absolute	none	valid	True		Table 1: Rivaroxaban + ciclosporin + fluconazole AUC(0-∞) = 3883 (3467-4350) h µg L−1; Rivaroxaban alone = 2088 (1789-2437) h µg L−1. P < 0.001.
pass	Manually checked source support, canonical measurement/unit, semantic and reference policy, validity, and assay-transfer eligibility.	clintox_measurement_unit_manual_review.v2	off_target_ddi_exposure	249791	88caf89c42abf061d24042c9024e46086915a13ae07560d5a480dd498ea36ef1	AUC	geometric mean AUC	11.91 (8.42-18.71)	hours µg mL-1	auc	11.91	h µg mL^-1	11.91	approved	exposure_mass_auc	clintox.offtarget.auc_mass.v1	absolute	none	valid	True		Table for fluoxetine pharmacokinetics: In Treatment 2 (KTZ, FLX, CAP), fluoxetine AUC was 11.91 (8.42-18.71) hours µg mL-1, reported as geometric mean (range).
pass	Manually checked source support, canonical measurement/unit, semantic and reference policy, validity, and assay-transfer eligibility.	clintox_measurement_unit_manual_review.v2	off_target_ddi_exposure	685183	ef5c0c55a61fbaa5e0d2010f740cd3352a0e22b4fd6d278b6a2487d5a5f41ff9		Observed area under the curve (AUCobs)	278.5 (range 69.9–2256.4)	h µg/mL	missing_endpoint	278.5	h µg/mL	278.5	approved	exposure_mass_auc	clintox.offtarget.auc_mass.v1	absolute	none	valid	True		Table 1 provides the mean efavirenz pharmacokinetic parameters for 66 HIV-infected Ugandans on day 14: AUCobs 278.5 (range 69.9–2256.4) h µg/mL.
pass	Manually checked source support, canonical measurement/unit, semantic and reference policy, validity, and assay-transfer eligibility.	clintox_measurement_unit_manual_review.v2	off_target_ddi_exposure	240633	3adaed15e7e90df02e1a144d4b3ad8aaa7ffd6b35c3909ae01387ef2052c151f	AUC	AUC	4.31 (3.16–5.42) [1.56–18.09]	h × ng/ml	auc	4.31	h × ng/mL	4.31	approved	exposure_mass_auc	clintox.offtarget.auc_mass.v1	absolute	none	valid	True		In Table 2, for THC AUC in the eGFR ≤ 15 ml/min per 1.73 m2 group, the reported median was 4.31 h×ng/ml (interquartile range 3.16–5.42, range 1.56–18.09).
pass	Manually checked source support, canonical measurement/unit, semantic and reference policy, validity, and assay-transfer eligibility.	clintox_measurement_unit_manual_review.v2	off_target_ddi_exposure	828052	9b6c283b5920914b8982c1c5270fc32d04f7c144d5d74b2444e28528f2049e5c	AUC0-∞	AUC0-∞	25.21 (range 12.27-39.67)	hr × µg/ml	auc0_∞	25.21	h × µg/mL	25.21	approved	exposure_mass_auc	clintox.offtarget.auc_mass.v1	absolute	none	valid	True		From table of mean pharmacokinetic parameters of flunixin following single IV administration at 2.2 mg/kg in adult alpacas, the AUC0-∞ geometric mean is 25.21 hr×µg/ml with a range of 12.27-39.67 hr×µg/ml (n=8).
pass	Manually checked source support, canonical measurement/unit, semantic and reference policy, validity, and assay-transfer eligibility.	clintox_measurement_unit_manual_review.v2	off_target_ddi_exposure	629054	e2fbc7ae5daa028bd9771a06f0de77f6dcd098d8a7951be098d4990d4adb4c39	AUC24	AUC24	9.19 (3.76–17.36)	h*mg/l	auc24	9.19	h*mg/L	9.19	approved	exposure_mass_auc	clintox.offtarget.auc_mass.v1	absolute	none	valid	True		From the pharmacokinetic table [p:95], tenofovir disoproxil fumarate (TDF) had an AUC24 of 9.19 h*mg/l (range 3.76–17.36) in plasma under the regimen of fosamprenavir/ritonavir 1400/200 mg once daily plus tenofovir/emtricitabine 300/200 mg once daily in 15 HIV-infected subjects.
pass	Manually checked source support, canonical measurement/unit, semantic and reference policy, validity, and assay-transfer eligibility.	clintox_measurement_unit_manual_review.v2	off_target_ddi_exposure	320939	2b2f85aaefe095b9dd06f84d86a2e685c43ec23f1f0d97b54831b6a5b9c16ca6	AUC0-∞	AUC0-∞	43.21 ± 15.39##	h*ng/mL	auc0_∞	43.21 ± 15.39	h*ng/mL	43.21	approved	exposure_mass_auc	clintox.offtarget.auc_mass.v1	absolute	none	valid	True		In NASH rats, the AUC0-∞ of Simvastatin (SV) was 43.21 ± 15.39 h*ng/mL in the SV+GJ group (NSG1), significantly lower (## p<0.01) compared to the HS group.
pass	Manually checked source support, canonical measurement/unit, semantic and reference policy, validity, and assay-transfer eligibility.	clintox_measurement_unit_manual_review.v2	off_target_ddi_exposure	295768	4056e6247a149270559bd799a8e40f011afa0ee14250afe0a9f795ec9499f19d		AUC0-last	175 (98–312)	h*µg/L	missing_endpoint	175	h*µg/L	175.0	approved	exposure_mass_auc	clintox.offtarget.auc_mass.v1	absolute	none	valid	True		In the single dosage study (Table 2a, p:48), for EA-230 at 10 mg/kg (n=6), the PK parameters were: AUC0-last 175 (95% CI 98–312) h*µg/L, AUC0-inf 175 (98–312) h*µg/L, Cmax 1336 (95% CI 672–2656) µg/L, t1/2 0.04 (0.02–0.07) h, CL 57 (32–102) L/h/kg, Vd 3 (2–5) L/kg.
pass	Manually checked source support, canonical measurement/unit, semantic and reference policy, validity, and assay-transfer eligibility.	clintox_measurement_unit_manual_review.v2	off_target_ddi_exposure	653642	294ecd2b786d94a8ad9896a445065e709220552c586bd380d02109e6cabe3bc1	Plasma concentration	AUC0-τ	19.86 (range 14.46–27.03)	h*µg/mL	plasma_concentration	19.86	h*µg/mL	19.86	approved	exposure_mass_auc	clintox.offtarget.auc_mass.v1	absolute	none	valid	True		After the first dose, the geometric mean plasma AUC0-τ was 19.86 h*µg/mL (GSD 1.24, range 14.46–27.03).
pass	Manually checked source support, canonical measurement/unit, semantic and reference policy, validity, and assay-transfer eligibility.	clintox_measurement_unit_manual_review.v2	off_target_ddi_exposure	658601	56f1407574666e09e122bd07cfb86199fb8f16892959e138d237442118ea7e2d	AUC	AUC(0-12)norm	0.164 (0.10-0.27)	h·kg·l-1	auc	0.164	h·kg·L^-1	0.164	approved	exposure_mass_auc	clintox.offtarget.auc_mass.v1	absolute	none	valid	True		Table 3 shows that after 300 mg repirinast, the geometric mean AUC(0-12)norm of BAY w 8199 was 0.164 h·kg·l-1 (1s-range 0.10-0.27).
pass	Manually checked source support, canonical measurement/unit, semantic and reference policy, validity, and assay-transfer eligibility.	clintox_measurement_unit_manual_review.v2	off_target_ddi_exposure	487885	882fd0284b4c663f185a5be3c37cbb61d08dd710f8c445a829e4b2a249d6b10b	AUC	GM postpartum AUC0-12	52.8 (38.2-73.1)	h·mg/L	auc	52.8	h·mg/L	52.8	approved	exposure_mass_auc	clintox.offtarget.auc_mass.v1	absolute	none	valid	True		Darunavir (600/100 mg twice daily) postpartum AUC0-12: GM 52.8 (95% CI 38.2-73.1) h·mg/L (n=5).
pass	Manually checked source support, canonical measurement/unit, semantic and reference policy, validity, and assay-transfer eligibility.	clintox_measurement_unit_manual_review.v2	off_target_ddi_exposure	593845	22d0af3016f4771652e1f7ab96ccb6e56fb4edd6d2f6f9baf850c0c750f1d910	AUC0→∞	AUC0→∞	236.2 ± 23.4*	h·ng/l	auc0→∞	236.2 ± 23.4	h·ng/L	236.2	approved	exposure_mass_auc	clintox.offtarget.auc_mass.v1	absolute	none	valid	True		Simvastatin AUC0→∞ after administration of simvastatin (0.25 mg/kg) following a 1-week quercetin-supplemented diet (10 mg/kg/day) was 236.2 ± 23.4* h·ng/l (P<0.05 versus simvastatin alone) in pig plasma.
pass	Manually checked source support, canonical measurement/unit, semantic and reference policy, validity, and assay-transfer eligibility.	clintox_measurement_unit_manual_review.v2	off_target_ddi_exposure	937910	fdb7bbd85bf20c12180bc915fb1a938cfaac138aade4a2efdb0125fa9bb5fb3e		AUC0–∞	3760 [342–4130]	h·ng/mL	missing_endpoint	3760	h·ng/mL	3760.0	approved	exposure_mass_auc	clintox.offtarget.auc_mass.v1	absolute	none	valid	True		For voriconazole 200 mg, AUC0–∞ was 3760 h·ng/mL [95% CI 342–4130].
pass	Manually checked source support, canonical measurement/unit, semantic and reference policy, validity, and assay-transfer eligibility.	clintox_measurement_unit_manual_review.v2	off_target_ddi_exposure	1018607	29cb52d3bb66ef33075530f3d3bfcfe1f16a4cdc528462d367d696e792f3ad20	AUC0–∞	AUC0–∞	102.0 ± 25.6*	h·ng·mL-1	auc0_∞	102 ± 25.6	h·ng·mL^-1	102.0	approved	exposure_mass_auc	clintox.offtarget.auc_mass.v1	absolute	none	valid	True		In Abcc3 KO mice treated with a single oral dose of 5 mg/kg clopidogrel, the AUC0–∞ was 102.0 ± 25.6 h·ng·mL-1 (mean ± SD), significantly different from WT (*P < 0.05).
pass	Manually checked source support, canonical measurement/unit, semantic and reference policy, validity, and assay-transfer eligibility.	clintox_measurement_unit_manual_review.v2	off_target_ddi_exposure	872630	07368062609087c924dfb2d5a0fb605ddca18516f1a8512a18b1193a19ad3cad	AUC	geometric mean AUC (range)	133.4 (79.0-228.6)	h·µg ml^-1	auc	133.4	h·µg mL^-1	133.4	approved	exposure_mass_auc	clintox.offtarget.auc_mass.v1	absolute	none	valid	True		In study 2, the geometric mean (range) AUC for piroxicam (20 mg) when co-administered with placebo was 133.4 (79.0-228.6) h·µg ml−1, and when co-administered with ranitidine (150 mg bid) it was 137.1 (69.2-210.2) h·µg ml−1. The mean ratio was 1.03 (0.98-1.08).
pass	Manually checked source support, canonical measurement/unit, semantic and reference policy, validity, and assay-transfer eligibility.	clintox_measurement_unit_manual_review.v2	off_target_ddi_exposure	826004	62cc1ca71ae6d89c9e9f7f489568eeb2c2d596053b1f5f3a487188dfdfef8180	AUCinf	AUCinf	1761 ± 390a	h·µg/l	aucinf	1761 ± 390	h·µg/L	1761.0	approved	exposure_mass_auc	clintox.offtarget.auc_mass.v1	absolute	none	valid	True		In patients with HCC and liver impairment receiving temsirolimus 10 mg IV weekly, the mean AUCinf of temsirolimus with sorafenib at steady state was 1761 ± 390 h·µg/l (P < 0.05 vs without sorafenib).
pass	Manually checked source support, canonical measurement/unit, semantic and reference policy, validity, and assay-transfer eligibility.	clintox_measurement_unit_manual_review.v2	off_target_ddi_exposure	1085955	508d493f43309ab616b494cc49ffb2c09fcaa6a0ef2f0aa63cd3759b30610c19	Ribavirin erythrocyte AUC0-168	AUC0-168	857.1 ± 253.8*	h·µg/mL	ribavirin_erythrocyte_auc0_168	857.1 ± 253.8	h·µg/mL	857.1	approved	exposure_mass_auc	clintox.offtarget.auc_mass.v1	absolute	none	valid	True		Table 2 reports RBV erythrocyte pharmacokinetics: in the DP phase, the mean AUC0-168 was 857.1 ± 253.8 h·µg/mL; the asterisk indicates a significant difference (p < 0.05).
pass	Manually checked source support, canonical measurement/unit, semantic and reference policy, validity, and assay-transfer eligibility.	clintox_measurement_unit_manual_review.v2	off_target_ddi_exposure	446672	87f04d00a92a34efd167a3a519e61c4ac75b38448d53e6b8fc517098f529cb69		AUC0-∞	198 (127-452)	h·µg·liter-1	missing_endpoint	198	h·µg·L^-1	198.0	approved	exposure_mass_auc	clintox.offtarget.auc_mass.v1	absolute	none	valid	True		After a single oral dose of 750 µg hypericin (as LI 160), the median AUC0-∞ was 198 (range 127-452) h·µg·liter-1 in healthy volunteers (n=12), as shown in Table 1.
pass	Manually checked source support, canonical measurement/unit, semantic and reference policy, validity, and assay-transfer eligibility.	clintox_measurement_unit_manual_review.v2	off_target_ddi_exposure	337573	df1aaf1ae40105647be29ef59baced5e69e768784e8af7dc8a741c0161afbe97	AUC	AUC	192 (172–211)	hour×ng/mL	auc	192	h×ng/mL	192.0	approved	exposure_mass_auc	clintox.offtarget.auc_mass.v1	absolute	none	valid	True		Table: 0.5 mg/kg IV olanzapine, Olanzapine AUCt: LPS 192 (172–211), Controls 157 (143–171).
pass	Manually checked source support, canonical measurement/unit, semantic and reference policy, validity, and assay-transfer eligibility.	clintox_measurement_unit_manual_review.v2	off_target_ddi_exposure	1053164	f5ae88c07736fda653ac11379bfccef473c5af88a8146d99284cc2f5af922ba0	plasma cabotegravir AUC0-t	AUC0-t	3873 (3543-4235)	h×µg/mL	plasma_cabotegravir_auc0_t	3873	h×µg/mL	3873.0	approved	exposure_mass_auc	clintox.offtarget.auc_mass.v1	absolute	none	valid	True		From the pharmacokinetic table, for injection two, geometric mean AUC0-t was 3873 h×µg/mL (95% CI 3543-4235), CVb 44.3%, n=89.
pass	Manually checked source support, canonical measurement/unit, semantic and reference policy, validity, and assay-transfer eligibility.	clintox_measurement_unit_manual_review.v2	off_target_ddi_exposure	1067520	3d8c2f7cc334b52463d1387a35395f31927932d6a1655b623e1880616306a0c1	AUC/Dose	AUC/Dose	14.2 ± 4.4 (range 9.7–20.3)	kg·h/mL	auc/dose	14.2 ± 4.4	kg·h/mL	14.2	approved	exposure_mass_auc	clintox.offtarget.auc_mass.v1	absolute	none	valid	True		In Table 1 (paragraph 34), GaM (gallium maltolate) showed mean ± SD AUC/Dose of 14.2 ± 4.4 kg·h/mL (range 9.7–20.3) after oral administration of 50 mg/kg once daily for 5 days to neonatal calves. The P value for the difference compared with GaN was 0.03.
pass	Manually checked source support, canonical measurement/unit, semantic and reference policy, validity, and assay-transfer eligibility.	clintox_measurement_unit_manual_review.v2	off_target_ddi_exposure	275256	28e2ce1dbd1dbb3d012685520c78dc97ea49bf92024e6d00f228c3af941dbdee	AUC	AUC(0,∞)	1.71 (1.61, 2.15)	mg L^-1 h	auc	1.71	mg L^-1 h	1.71	approved	exposure_mass_auc	clintox.offtarget.auc_mass.v1	absolute	none	valid	True		Simulation of 1000 patients treated with 100 mg docetaxel in combination with different ritonavir treatment regimens. The geometric mean AUC(0,∞) (mg L−1 h) with 90% CI for single dose 200 mg ritonavir simultaneously with docetaxel was 1.71 (1.61, 2.15).
pass	Manually checked source support, canonical measurement/unit, semantic and reference policy, validity, and assay-transfer eligibility.	clintox_measurement_unit_manual_review.v2	off_target_ddi_exposure	711209	d6659dc1343072aa84e3e0b9afaf173c45272d0502809e1b71ac7c603d0a99a3		AUC0–8 (median [IQR])	36.7 [24.0, 47.8]	mg h L–1	missing_endpoint	36.7	mg h L^-1	36.7	approved	exposure_mass_auc	clintox.offtarget.auc_mass.v1	absolute	none	valid	True		In the table, rifampicin AUC0–8 in the normal lactate group was 36.7 [24.0, 47.8] mg h L–1 (median and interquartile range).
pass	Manually checked source support, canonical measurement/unit, semantic and reference policy, validity, and assay-transfer eligibility.	clintox_measurement_unit_manual_review.v2	off_target_ddi_exposure	803914	e58d87fb11c9c045f282602cff965a71421487592ecba25f7926be6a6146c3bd		AUC0-tlast	0.549 ± 0.117 (0.415–0.682)	mg h/l	missing_endpoint	0.549 ± 0.117	mg h/L	0.549	approved	exposure_mass_auc	clintox.offtarget.auc_mass.v1	absolute	none	valid	True		In Sprague-Dawley rats after oral administration of 10 mg/kg desethylamiodarone (DEA) base (n=4), the AUC0-tlast for DEA was 0.549 ± 0.117 mg h/l with a range of 0.415–0.682.
pass	Manually checked source support, canonical measurement/unit, semantic and reference policy, validity, and assay-transfer eligibility.	clintox_measurement_unit_manual_review.v2	off_target_ddi_exposure	415993	3b09215654b57e99090ce78199b5de14aea4e65bafb8dffc2cf53879c326f930	AUC0-48h	area under the curve from 0 to 48 h (AUC0-48h)	8.0 ± 1.8*	mg h/ml	auc0_48h	8 ± 1.8	mg h/mL	8.0	approved	exposure_mass_auc	clintox.offtarget.auc_mass.v1	absolute	none	valid	True		In rats, following a single oral dose of CsA (10 mg/kg) with probucol dosed simultaneously, the area under the whole blood CsA concentration-time curve from 0 to 48 h AUC0-48h was 8.0 ± 1.8 mg h/ml (n=8, mean ± S.E., *P < 0.05 vs. vehicle).
pass	Manually checked source support, canonical measurement/unit, semantic and reference policy, validity, and assay-transfer eligibility.	clintox_measurement_unit_manual_review.v2	off_target_ddi_exposure	898633	534f011e607304ae35dae454596f479272e030443073c337a290062d57a57ec7	AUC0-infinity	AUC0-infinity	17.7 (16.9-33.0)	mg min L-1	auc0_infinity	17.7	mg min L^-1	17.7	approved	exposure_mass_auc	clintox.offtarget.auc_mass.v1	absolute	none	valid	True		According to Table 1, the AUC0-infinity of S(+) mirtazapine in poor metabolizers (0 active CYP2D6 alleles) was 17.7 mg min L-1 (range 16.9-33.0).
pass	Manually checked source support, canonical measurement/unit, semantic and reference policy, validity, and assay-transfer eligibility.	clintox_measurement_unit_manual_review.v2	off_target_ddi_exposure	321118	ccbaaad18391a81ae17ff4b900d068d7dc5e151943b880e706f02a18493c6c1a	antipyrine pharmacokinetics	antipyrine AUC	8.1 ± 1.5*	mg min/mL	antipyrine_pharmacokinetics	8.1 ± 1.5	mg min/mL	8.1	approved	exposure_mass_auc	clintox.offtarget.auc_mass.v1	absolute	none	valid	True		In rabbits treated intragastrically with 0.035 mL/kg carbon tetrachloride for 8 weeks, antipyrine AUC after intravenous administration (30 mg/kg) was 8.1 ± 1.5 mg min/mL, marked with an asterisk indicating a significant difference from control (p < 0.05) (Table 2).
pass	Manually checked source support, canonical measurement/unit, semantic and reference policy, validity, and assay-transfer eligibility.	clintox_measurement_unit_manual_review.v2	off_target_ddi_exposure	318380	349cd66fa44a0c2661145ded05d99e348a9969a9ec71bd7f48cafd3ef08616f5	Ae0–24 h	Ae0–24 h	0.878 ± 0.259	% of DA-8159 dose	ae0_24_h	0.878 ± 0.259	% of Da-8159 dose		evidence_only	unreviewed	clintox.unreviewed_measurement.v1	unknown	unknown	non_scalar_measurement	False	non_scalar_measurement	In Table 3 (paragraph 47), the Ae0–24 h of DA-8159 after single oral administration of DA-8159 (30 mg kg−1) without terazosin to rats was 0.878 ± 0.259% of DA-8159 dose.
pass	Manually checked source support, canonical measurement/unit, semantic and reference policy, validity, and assay-transfer eligibility.	clintox_measurement_unit_manual_review.v2	off_target_ddi_exposure	318381	8119098cd49b561e55ac8a5712c6c18e2fe2d7290c8204c33b3cb6eb7492dcdc	Ae0–24 h	Ae0–24 h	1.09 ± 0.480	% of DA-8159 dose	ae0_24_h	1.09 ± 0.480	% of Da-8159 dose		evidence_only	unreviewed	clintox.unreviewed_measurement.v1	unknown	unknown	non_scalar_measurement	False	non_scalar_measurement	In Table 3 (paragraph 47), the Ae0–24 h of DA-8159 after single oral administration of DA-8159 (30 mg kg−1) with simultaneous terazosin to rats was 1.09 ± 0.480% of DA-8159 dose.
pass	Manually checked source support, canonical measurement/unit, semantic and reference policy, validity, and assay-transfer eligibility.	clintox_measurement_unit_manual_review.v2	off_target_ddi_exposure	318382	9e22fa725da61d05bd6fdc6505728a9fd70dffe1597699a0cbfd3c70ecbe52db	GI24 h	GI24 h	2.10 ± 3.20	% of DA-8159 dose	gi24_h	2.10 ± 3.20	% of Da-8159 dose		evidence_only	unreviewed	clintox.unreviewed_measurement.v1	unknown	unknown	non_scalar_measurement	False	non_scalar_measurement	In Table 3 (paragraph 47), the GI24 h of DA-8159 after single oral administration of DA-8159 (30 mg kg−1) without terazosin to rats was 2.10 ± 3.20% of DA-8159 dose.
pass	Manually checked source support, canonical measurement/unit, semantic and reference policy, validity, and assay-transfer eligibility.	clintox_measurement_unit_manual_review.v2	off_target_ddi_exposure	318383	1aedf849369c05587239cb8701615bf8cb7b44bd107797cfc4c1a973b348cf07	GI24 h	GI24 h	1.52 ± 0.956	% of DA-8159 dose	gi24_h	1.52 ± 0.956	% of Da-8159 dose		evidence_only	unreviewed	clintox.unreviewed_measurement.v1	unknown	unknown	non_scalar_measurement	False	non_scalar_measurement	In Table 3 (paragraph 47), the GI24 h of DA-8159 after single oral administration of DA-8159 (30 mg kg−1) with simultaneous terazosin to rats was 1.52 ± 0.956% of DA-8159 dose.
pass	Manually checked source support, canonical measurement/unit, semantic and reference policy, validity, and assay-transfer eligibility.	clintox_measurement_unit_manual_review.v2	off_target_ddi_exposure	318396	849f2d0df3fa8c9fe50f17172c6230d86fe30ba330683679d6f935039db91f11	Ae0–24 h	Ae0–24 h	0.176 ± 0.113	% of DA-8159 dose	ae0_24_h	0.176 ± 0.113	% of Da-8159 dose		evidence_only	unreviewed	clintox.unreviewed_measurement.v1	unknown	unknown	non_scalar_measurement	False	non_scalar_measurement	In Table 3 (paragraph 47), the Ae0–24 h of DA-8164 after single oral administration of DA-8159 (30 mg kg−1) without terazosin to rats was 0.176 ± 0.113% of DA-8159 dose.
pass	Manually checked source support, canonical measurement/unit, semantic and reference policy, validity, and assay-transfer eligibility.	clintox_measurement_unit_manual_review.v2	off_target_ddi_exposure	318397	e93db0328e65c190ac90f9fa751fb949c0c200d509cd94c6b77cd6c85297459d	Ae0–24 h	Ae0–24 h	0.108 ± 0.0492	% of DA-8159 dose	ae0_24_h	0.108 ± 0.0492	% of Da-8159 dose		evidence_only	unreviewed	clintox.unreviewed_measurement.v1	unknown	unknown	non_scalar_measurement	False	non_scalar_measurement	In Table 3 (paragraph 47), the Ae0–24 h of DA-8164 after single oral administration of DA-8159 (30 mg kg−1) with simultaneous terazosin to rats was 0.108 ± 0.0492% of DA-8159 dose.
pass	Manually checked source support, canonical measurement/unit, semantic and reference policy, validity, and assay-transfer eligibility.	clintox_measurement_unit_manual_review.v2	off_target_ddi_exposure	318398	7931e7ef6c14b4af3dc35b090dab91fedf6de1b5825ee8635d18d660dad65ce4	GI24 h	GI24 h	0.654 ± 0.286	% of DA-8159 dose	gi24_h	0.654 ± 0.286	% of Da-8159 dose		evidence_only	unreviewed	clintox.unreviewed_measurement.v1	unknown	unknown	non_scalar_measurement	False	non_scalar_measurement	In Table 3 (paragraph 47), the GI24 h of DA-8164 after single oral administration of DA-8159 (30 mg kg−1) without terazosin to rats was 0.654 ± 0.286% of DA-8159 dose.
pass	Manually checked source support, canonical measurement/unit, semantic and reference policy, validity, and assay-transfer eligibility.	clintox_measurement_unit_manual_review.v2	off_target_ddi_exposure	318399	667195edeb9ea75d727d1d3735d5176b22c5a41d7ec8f93062fadf834484046d	GI24 h	GI24 h	0.621 ± 0.258	% of DA-8159 dose	gi24_h	0.621 ± 0.258	% of Da-8159 dose		evidence_only	unreviewed	clintox.unreviewed_measurement.v1	unknown	unknown	non_scalar_measurement	False	non_scalar_measurement	In Table 3 (paragraph 47), the GI24 h of DA-8164 after single oral administration of DA-8159 (30 mg kg−1) with simultaneous terazosin to rats was 0.621 ± 0.258% of DA-8159 dose.
pass	Manually checked source support, canonical measurement/unit, semantic and reference policy, validity, and assay-transfer eligibility.	clintox_measurement_unit_manual_review.v2	off_target_ddi_exposure	318426	f1b6dd62d8d18b403c2ae5d50fb6d42d8163d5447973aa304852667c67b3b885	Ae0–24 h	Ae0–24 h	1.46 ± 0.735	% of DA-8159 dose	ae0_24_h	1.46 ± 0.735	% of Da-8159 dose		evidence_only	unreviewed	clintox.unreviewed_measurement.v1	unknown	unknown	non_scalar_measurement	False	non_scalar_measurement	In the second table (paragraph 54), the Ae0–24 h of DA-8159 after single oral administration of DA-8159 (30 mg kg−1) without terazosin pretreatment to rats was 1.46 ± 0.735% of DA-8159 dose.
pass	Manually checked source support, canonical measurement/unit, semantic and reference policy, validity, and assay-transfer eligibility.	clintox_measurement_unit_manual_review.v2	off_target_ddi_exposure	318427	b33e2ae05ed4b706ddec157b8df2ad3b9488ac87b85d6a981de499107a1e2764	Ae0–24 h	Ae0–24 h	1.10 ± 1.07	% of DA-8159 dose	ae0_24_h	1.10 ± 1.07	% of Da-8159 dose		evidence_only	unreviewed	clintox.unreviewed_measurement.v1	unknown	unknown	non_scalar_measurement	False	non_scalar_measurement	In the second table (paragraph 54), the Ae0–24 h of DA-8159 after single oral administration of DA-8159 (30 mg kg−1) with daily terazosin pretreatment to rats was 1.10 ± 1.07% of DA-8159 dose.
pass	Manually checked source support, canonical measurement/unit, semantic and reference policy, validity, and assay-transfer eligibility.	clintox_measurement_unit_manual_review.v2	off_target_ddi_exposure	318428	fc637258dacae2549580daf8ac9eb453764a8691d26d619a223dda2cd04f442a	GI24 h	GI24 h	5.06 ± 5.14	% of DA-8159 dose	gi24_h	5.06 ± 5.14	% of Da-8159 dose		evidence_only	unreviewed	clintox.unreviewed_measurement.v1	unknown	unknown	non_scalar_measurement	False	non_scalar_measurement	In the second table (paragraph 54), the GI24 h of DA-8159 after single oral administration of DA-8159 (30 mg kg−1) without terazosin pretreatment to rats was 5.06 ± 5.14% of DA-8159 dose.
pass	Manually checked source support, canonical measurement/unit, semantic and reference policy, validity, and assay-transfer eligibility.	clintox_measurement_unit_manual_review.v2	off_target_ddi_exposure	318429	59b8dc0380acb3650d109f84154fcbf92fbfecb0786c5e99a80fd5534ae9250e	GI24 h	GI24 h	3.72 ± 3.52	% of DA-8159 dose	gi24_h	3.72 ± 3.52	% of Da-8159 dose		evidence_only	unreviewed	clintox.unreviewed_measurement.v1	unknown	unknown	non_scalar_measurement	False	non_scalar_measurement	In the second table (paragraph 54), the GI24 h of DA-8159 after single oral administration of DA-8159 (30 mg kg−1) with daily terazosin pretreatment to rats was 3.72 ± 3.52% of DA-8159 dose.
pass	Manually checked source support, canonical measurement/unit, semantic and reference policy, validity, and assay-transfer eligibility.	clintox_measurement_unit_manual_review.v2	off_target_ddi_exposure	318440	53279e54480e9f77af88bb945c0181f51255eaa2d450899c41bf410c8260eb97	Ae0–24 h	Ae0–24 h	0.0730 ± 0.0259	% of DA-8159 dose	ae0_24_h	0.0730 ± 0.0259	% of Da-8159 dose		evidence_only	unreviewed	clintox.unreviewed_measurement.v1	unknown	unknown	non_scalar_measurement	False	non_scalar_measurement	In the second table (paragraph 54), the Ae0–24 h of DA-8164 after single oral administration of DA-8159 (30 mg kg−1) without terazosin pretreatment to rats was 0.0730 ± 0.0259% of DA-8159 dose.
pass	Manually checked source support, canonical measurement/unit, semantic and reference policy, validity, and assay-transfer eligibility.	clintox_measurement_unit_manual_review.v2	off_target_ddi_exposure	318441	c5f5173d2d2737a53887328f6c1a0de53e178de0d124e1dfb1705aaf856c0c58	Ae0–24 h	Ae0–24 h	0.0754 ± 0.0463	% of DA-8159 dose	ae0_24_h	0.0754 ± 0.0463	% of Da-8159 dose		evidence_only	unreviewed	clintox.unreviewed_measurement.v1	unknown	unknown	non_scalar_measurement	False	non_scalar_measurement	In the second table (paragraph 54), the Ae0–24 h of DA-8164 after single oral administration of DA-8159 (30 mg kg−1) with daily terazosin pretreatment to rats was 0.0754 ± 0.0463% of DA-8159 dose.
pass	Manually checked source support, canonical measurement/unit, semantic and reference policy, validity, and assay-transfer eligibility.	clintox_measurement_unit_manual_review.v2	off_target_ddi_exposure	318442	9380b95cb2b3cb1d3d9b19dcfd4f309a6f654357754938696df0ce9504fbb269	GI24 h	GI24 h	0.539 ± 0.221	% of DA-8159 dose	gi24_h	0.539 ± 0.221	% of Da-8159 dose		evidence_only	unreviewed	clintox.unreviewed_measurement.v1	unknown	unknown	non_scalar_measurement	False	non_scalar_measurement	In the second table (paragraph 54), the GI24 h of DA-8164 after single oral administration of DA-8159 (30 mg kg−1) without terazosin pretreatment to rats was 0.539 ± 0.221% of DA-8159 dose.
pass	Manually checked source support, canonical measurement/unit, semantic and reference policy, validity, and assay-transfer eligibility.	clintox_measurement_unit_manual_review.v2	off_target_ddi_exposure	318443	c110c25a7433cbdfeb9cdf6848a2346c0af8c83843d94f1987d7ce6336fa26c1	GI24 h	GI24 h	0.458 ± 0.258	% of DA-8159 dose	gi24_h	0.458 ± 0.258	% of Da-8159 dose		evidence_only	unreviewed	clintox.unreviewed_measurement.v1	unknown	unknown	non_scalar_measurement	False	non_scalar_measurement	In the second table (paragraph 54), the GI24 h of DA-8164 after single oral administration of DA-8159 (30 mg kg−1) with daily terazosin pretreatment to rats was 0.458 ± 0.258% of DA-8159 dose.
pass	Manually checked source support, canonical measurement/unit, semantic and reference policy, validity, and assay-transfer eligibility.	clintox_measurement_unit_manual_review.v2	off_target_ddi_exposure	465030	48b61968a0cd6cbfcd3c93da0f941f293b990d76d5a0636a144770ed2b542904	Ae0-24h (DA-8164)	Ae0-24h (total amount excreted in urine as unchanged DA-8164 from time zero to 24 h)	2.33 ± 1.02	% of oral dose of DA-8159	ae0_24h_(da_8164)	2.33 ± 1.02	% of oral dose of Da-8159		evidence_only	unreviewed	clintox.unreviewed_measurement.v1	unknown	unknown	non_scalar_measurement	False	non_scalar_measurement	Ae0-24 h (% of oral dose of DA-8159) for DA-8164: Control (n=7): 2.33 ± 1.02.
pass	Manually checked source support, canonical measurement/unit, semantic and reference policy, validity, and assay-transfer eligibility.	clintox_measurement_unit_manual_review.v2	off_target_ddi_exposure	465031	2928ea3c3de08a7ce2a67adfdd20f9906172cd64fcd9a16baaae3ba10f5a5398	Ae0-24h (DA-8164)	Ae0-24h (total amount excreted in urine as unchanged DA-8164 from time zero to 24 h)	5.35 ± 2.50	% of oral dose of DA-8159	ae0_24h_(da_8164)	5.35 ± 2.50	% of oral dose of Da-8159		evidence_only	unreviewed	clintox.unreviewed_measurement.v1	unknown	unknown	non_scalar_measurement	False	non_scalar_measurement	Ae0-24 h (% of oral dose of DA-8159) for DA-8164: DMIS (n=8): 5.35 ± 2.50.
pass	Manually checked source support, canonical measurement/unit, semantic and reference policy, validity, and assay-transfer eligibility.	clintox_measurement_unit_manual_review.v2	off_target_ddi_exposure	465032	b2b343080adab6b20a43ff8aae3cff1228cb9d4ed09b6381d4882b7d979ccc4b	GI24h (DA-8164)	GI24h (total amount remaining in gastrointestinal tract at 24 h as unchanged DA-8164)	BD	% of oral dose of DA-8159	gi24h_(da_8164)	BD	% of oral dose of Da-8159		evidence_only	unreviewed	clintox.unreviewed_measurement.v1	unknown	unknown	non_scalar_measurement	False	non_scalar_measurement	GI24 h (% of oral dose of DA-8159) for DA-8164: Control (n=7): BD.
pass	Manually checked source support, canonical measurement/unit, semantic and reference policy, validity, and assay-transfer eligibility.	clintox_measurement_unit_manual_review.v2	off_target_ddi_exposure	465033	2acf244e11d95b7a071de5e135d85a1bc8d1305a92a95f51e15e40f935888a62	GI24h (DA-8164)	GI24h (total amount remaining in gastrointestinal tract at 24 h as unchanged DA-8164)	BD	% of oral dose of DA-8159	gi24h_(da_8164)	BD	% of oral dose of Da-8159		evidence_only	unreviewed	clintox.unreviewed_measurement.v1	unknown	unknown	non_scalar_measurement	False	non_scalar_measurement	GI24 h (% of oral dose of DA-8159) for DA-8164: DMIS (n=8): BD.
pass	Manually checked source support, canonical measurement/unit, semantic and reference policy, validity, and assay-transfer eligibility.	clintox_measurement_unit_manual_review.v2	off_target_ddi_exposure	497499	ee89b022d1ef200567a4cabf210a658655b9a3e66ab4911546e6bdefbcbad32d	urinary excretion	Ae0-24h	2.180 ± 0.681	% of dose of DA-8159	urinary_excretion	2.180 ± 0.681	% of dose of Da-8159		evidence_only	unreviewed	clintox.unreviewed_measurement.v1	unknown	unknown	non_scalar_measurement	False	non_scalar_measurement	From Table: DA-8159 Ae0-24 h (% of dose of DA-8159): Control 2.180 ± 0.681, PCM 3.51 ± 1.82.
pass	Manually checked source support, canonical measurement/unit, semantic and reference policy, validity, and assay-transfer eligibility.	clintox_measurement_unit_manual_review.v2	off_target_ddi_exposure	497500	136717e581c97915f8ced9d827a12a85986f7a4fbe083abc52358e6541a0c22d	urinary excretion	Ae0-24h	3.51 ± 1.82	% of dose of DA-8159	urinary_excretion	3.51 ± 1.82	% of dose of Da-8159		evidence_only	unreviewed	clintox.unreviewed_measurement.v1	unknown	unknown	non_scalar_measurement	False	non_scalar_measurement	From Table: DA-8159 Ae0-24 h (% of dose of DA-8159): Control 2.180 ± 0.681, PCM 3.51 ± 1.82.
pass	Manually checked source support, canonical measurement/unit, semantic and reference policy, validity, and assay-transfer eligibility.	clintox_measurement_unit_manual_review.v2	off_target_ddi_exposure	497501	9a084a20d3c670192555a950c1f077fa6330a82660cde69c86ebdf10910168cf	gastrointestinal content	GI24h	1.42 ± 1.01	% of dose of DA-8159	gastrointestinal_content	1.42 ± 1.01	% of dose of Da-8159		evidence_only	unreviewed	clintox.unreviewed_measurement.v1	unknown	unknown	non_scalar_measurement	False	non_scalar_measurement	From Table: DA-8159 GI24 h (% of dose of DA-8159): Control 1.42 ± 1.01, PCM 1.84 ± 1.31.
pass	Manually checked source support, canonical measurement/unit, semantic and reference policy, validity, and assay-transfer eligibility.	clintox_measurement_unit_manual_review.v2	off_target_ddi_exposure	497502	54649c81357150c12a7d41a38e77c2cf1ccf7c59c155134d90c78d988142a006	gastrointestinal content	GI24h	1.84 ± 1.31	% of dose of DA-8159	gastrointestinal_content	1.84 ± 1.31	% of dose of Da-8159		evidence_only	unreviewed	clintox.unreviewed_measurement.v1	unknown	unknown	non_scalar_measurement	False	non_scalar_measurement	From Table: DA-8159 GI24 h (% of dose of DA-8159): Control 1.42 ± 1.01, PCM 1.84 ± 1.31.
pass	Manually checked source support, canonical measurement/unit, semantic and reference policy, validity, and assay-transfer eligibility.	clintox_measurement_unit_manual_review.v2	off_target_ddi_exposure	497513	2cc170353522007b4b37ef5d0384cbd808377621fd3c1a2f133661e808bcab6f	urinary excretion	Ae0-24h	0.0559 ± 0.0287	% of dose of DA-8159	urinary_excretion	0.0559 ± 0.0287	% of dose of Da-8159		evidence_only	unreviewed	clintox.unreviewed_measurement.v1	unknown	unknown	non_scalar_measurement	False	non_scalar_measurement	From Table: DA-8164 Ae0-24 h (% of dose of DA-8159): Control 0.0559 ± 0.0287, PCM 0.0894 ± 0.4220.
pass	Manually checked source support, canonical measurement/unit, semantic and reference policy, validity, and assay-transfer eligibility.	clintox_measurement_unit_manual_review.v2	off_target_ddi_exposure	497514	698a3c6e76fc41e4acc6123577aa31fb659cc96cdbd2871afd5aa6ff0829cc49	urinary excretion	Ae0-24h	0.0894 ± 0.4220	% of dose of DA-8159	urinary_excretion	0.0894 ± 0.4220	% of dose of Da-8159		evidence_only	unreviewed	clintox.unreviewed_measurement.v1	unknown	unknown	non_scalar_measurement	False	non_scalar_measurement	From Table: DA-8164 Ae0-24 h (% of dose of DA-8159): Control 0.0559 ± 0.0287, PCM 0.0894 ± 0.4220.
pass	Manually checked source support, canonical measurement/unit, semantic and reference policy, validity, and assay-transfer eligibility.	clintox_measurement_unit_manual_review.v2	off_target_ddi_exposure	497515	900dab4eb24266fa505952d0abfe4c88a98565a31763b3991a78b59de60bba4a	gastrointestinal content	GI24h	BD (below detection limit)	% of dose of DA-8159	gastrointestinal_content	BD (below detection limit)	% of dose of Da-8159		evidence_only	unreviewed	clintox.unreviewed_measurement.v1	unknown	unknown	non_scalar_measurement	False	non_scalar_measurement	From Table: DA-8164 GI24 h (% of dose of DA-8159): Control BD, PCM BD.
pass	Manually checked source support, canonical measurement/unit, semantic and reference policy, validity, and assay-transfer eligibility.	clintox_measurement_unit_manual_review.v2	off_target_ddi_exposure	474671	9fa80e66c35de75520196f0de6a715e47fb8f8139d7f25b9bd9bc6683401ff96	Ae24h	Ae24h	not detected	% of dose	ae24h	not detected	%		approved	administered_dose_fraction	clintox.offtarget.administered_dose_fraction.v1	unknown	unknown	non_scalar_measurement	False	non_scalar_measurement	Table 2 reports that after oral administration of SKI3301 extract at 1000 mg/kg to male rats, ABF Ae24h was not detected (NDf) (n=10).
pass	Manually checked source support, canonical measurement/unit, semantic and reference policy, validity, and assay-transfer eligibility.	clintox_measurement_unit_manual_review.v2	off_target_ddi_exposure	761269	067772e465a2fabafc1669c8729655225d386e02b00e9ef39efc8e906ee749ab		AUC	median 82, IQR 59–112	ng.h/mL	missing_endpoint	median 82, IQR 59–112	ng·h/mL		approved	exposure_mass_auc	clintox.offtarget.auc_mass.v1	unknown	unknown	non_scalar_measurement	False	non_scalar_measurement	Simulations based on the covariate-free PK/PD model in PLWH showed that at a rosuvastatin dosage of 10 mg once daily, AUC0-24 was median 82 ng.h/mL (IQR 59–112).
pass	Manually checked source support, canonical measurement/unit, semantic and reference policy, validity, and assay-transfer eligibility.	clintox_measurement_unit_manual_review.v2	off_target_ddi_exposure	902297	0d57c46b077fc37efccc861d71bf90ba8e080b484251f88bc3d1148bc046e956	AUC	AUC	2409.8 (827.9)	nmol*h/l	auc	2409.8 (827.9)	nmol*h/L		approved	exposure_molar_auc	clintox.offtarget.auc_molar.v1	unknown	unknown	non_scalar_measurement	False	non_scalar_measurement	At AZD6370 50 mg dose (n=4), mean AUC was 2409.8 (827.9) nmol*h/l (Table 1).
pass	Manually checked source support, canonical measurement/unit, semantic and reference policy, validity, and assay-transfer eligibility.	clintox_measurement_unit_manual_review.v2	off_target_ddi_exposure	1071402	99e1d33ab78a51f5760792de797aaca1cc0649aeb72b41dc7ce27a3c55fc1846	bioavailability	oral bioavailability	10-23%		bioavailability	10-23%			approved	oral_bioavailability_fraction	clintox.offtarget.bioavailability_fraction.v1	unknown	unknown	non_scalar_measurement	False	non_scalar_measurement	Bioavailability of verapamil ranged from 10-23% in three subjects after oral administration of 80 mg 14C-D,L-verapamil.
pass	Manually checked source support, canonical measurement/unit, semantic and reference policy, validity, and assay-transfer eligibility.	clintox_measurement_unit_manual_review.v2	off_target_ddi_exposure	830633	a338c508aca94154c59850d566632ba5912e307ef940cb42cc6d361d37428ab8	buprenorphine Cl/F	Cl/F	1010 (119)	L/h	buprenorphine_cl/f	1010 (119)	L/h		approved	clearance	clintox.offtarget.clearance.v1	unknown	unknown	non_scalar_measurement	False	non_scalar_measurement	Buprenorphine Cl/F increased from 274 (27) L/h pre-rifampin to 1010 (119) L/h with rifampin (n=12, p<0.001).
pass	Manually checked source support, canonical measurement/unit, semantic and reference policy, validity, and assay-transfer eligibility.	clintox_measurement_unit_manual_review.v2	off_target_ddi_exposure	806732	03b04fb6a6947b393d67ad48d0560e9670c76f2b124a4a9422e81171a9715701	DPP-4	percent inhibition	>95%		dpp_4	>95%			approved	assay_control_response_fraction	clintox.offtarget.control_response_percent.v1	unknown	unknown	non_scalar_measurement	False	non_scalar_measurement	Maximum DPP-4 inhibition was >95% after a single dose of linagliptin ≥25 mg (citing [6]).
pass	Manually checked source support, canonical measurement/unit, semantic and reference policy, validity, and assay-transfer eligibility.	clintox_measurement_unit_manual_review.v2	off_target_ddi_exposure	248456	02d568b648733cc71162091c0546354d94726bcea6cdb0bda1bc7c49e98d1257	saxagliptin AUC	percent change in AUC	↔ (no change)		saxagliptin_auc	↔ (no change)			approved	ddi_comparator_relative_change	clintox.offtarget.ddi_comparator_percent.v1	unknown	unknown	non_scalar_measurement	False	non_scalar_measurement	Table: saxagliptin with glyburide — AUC no change.
pass	Manually checked source support, canonical measurement/unit, semantic and reference policy, validity, and assay-transfer eligibility.	clintox_measurement_unit_manual_review.v2	off_target_ddi_exposure	42766	38d5a113306720fce684a5a890805230e3503a87c0454198a136fb323bade782	P-gp	efflux ratio	<2		p_gp	<2			approved	efflux_ratio	clintox.offtarget.efflux_ratio.v1	unknown	unknown	non_scalar_measurement	False	non_scalar_measurement	Compound 18 is not a substrate of human P-gp (B-A/A-B ratio of < 2).
pass	Manually checked source support, canonical measurement/unit, semantic and reference policy, validity, and assay-transfer eligibility.	clintox_measurement_unit_manual_review.v2	off_target_ddi_exposure	544001	d4bea54f08c39e8768c50c04a0e846ac46b00d1216e15a106a41b14c572ae1c5	CYP3A	Vmax	2.39 (± 0.23)	nmol min–1 mg–1	cyp3a	2.39 (± 0.23)	nmol min^-1 mg^-1		approved	enzyme_kinetic_rate	clintox.offtarget.enzyme_rate.v1	unknown	unknown	non_scalar_measurement	False	non_scalar_measurement	Table 3 shows that for norketamine formation in 3-month rat liver S9 fractions, Vmax was 2.39 (± 0.23) nmol min–1 mg–1, Km was 15.99 (± 4.28) µM, and CLint was 0.150 ml min–1.
pass	Manually checked source support, canonical measurement/unit, semantic and reference policy, validity, and assay-transfer eligibility.	clintox_measurement_unit_manual_review.v2	off_target_ddi_exposure	224719	972ee1829559ca7f674114922f670de2d95ff60d76cc856a06942bf73fbdbf51	Cmax	Cmax	GM not provided in table, but mean RVZ concentration-time profiles shown in Figure 3; Table 3 provides GM Cmax and AUC0–24.	ng/ml	cmax	GM not provided in table, but mean RVZ concentration-time profiles shown in Figure 3; Table 3 provides GM Cmax and AUC0–24.	ng/mL		approved	exposure_mass_concentration	clintox.offtarget.exposure_concentration_mass.v1	unknown	unknown	non_scalar_measurement	False	non_scalar_measurement	Table 3 reports RVZ PK parameters at steady state after E1224 alone or with BNZ. For RVZ + BNZ, GM Cmax and AUC0–24 are given. Exact values not quoted in text.
pass	Manually checked source support, canonical measurement/unit, semantic and reference policy, validity, and assay-transfer eligibility.	clintox_measurement_unit_manual_review.v2	off_target_ddi_exposure	603742	6ccf6b92ef1947c9dd397908c16620d245ba2700bf3a3ff65793d3d38427207f	Cmax	Cmax	1,050 (35.4%)	nM	cmax	1,050 (35.4%)	nM		approved	exposure_molar_concentration	clintox.offtarget.exposure_concentration_molar.v1	unknown	unknown	non_scalar_measurement	False	non_scalar_measurement	In the hepatic impairment study, for subjects with moderate hepatic impairment receiving a single 25 mg oral dose, Cmax was 1,050 nM (geometric mean, 35.4% CV).
pass	Manually checked source support, canonical measurement/unit, semantic and reference policy, validity, and assay-transfer eligibility.	clintox_measurement_unit_manual_review.v2	off_target_ddi_exposure	608078	61dcc4e5d0c8c44d7aeaced7c4371157a478332c6ad2cbad970cdf30b724693c	clearance	clearance	2.80 (1.17)	ml/h/kg	clearance	2.80 (1.17)	mL/h/kg		approved	mass_normalized_clearance	clintox.offtarget.normalized_clearance.v1	unknown	unknown	non_scalar_measurement	False	non_scalar_measurement	The mean (SD) clearances derived from steady-state AUC values, following therapeutic dosing, for racemic warfarin, R-warfarin, and S-warfarin were 2.40 (0.82), 2.30 (0.65), and 2.80 (1.17) ml/h/kg, respectively.
pass	Manually checked source support, canonical measurement/unit, semantic and reference policy, validity, and assay-transfer eligibility.	clintox_measurement_unit_manual_review.v2	off_target_ddi_exposure	496036	c480a3adcab38f837d292cdfe2cd632601b3f208640239cfd1a155ed5ad1748f	Half-life	Half-life	2.52 (.33)	min	half_life	2.52 (.33)	min		approved	pk_duration	clintox.offtarget.pk_duration.v1	unknown	unknown	non_scalar_measurement	False	non_scalar_measurement	In normal dogs given doxorubicin 1.25 mg/kg alone, the mean half-life was 2.52 (SD 0.33) min.
pass	Manually checked source support, canonical measurement/unit, semantic and reference policy, validity, and assay-transfer eligibility.	clintox_measurement_unit_manual_review.v2	human_clinical_toxicity	339616	82e685b04ed08aa106053f0bb9869efe64957ea87d1b626d36ed468556fc685d	human_clinical_toxicity				human_clinical_toxicity				evidence_only	unreviewed	clintox.unreviewed_measurement.v1	unknown	unknown	non_scalar_measurement	False	non_scalar_measurement	Numerous drugs that the US Food and Drug Administration (FDA) has approved for use in cancer therapy are derived from plants, including taxanes such as paclitaxel and vinca alkaloids such as vinblastine.
pass	Manually checked source support, canonical measurement/unit, semantic and reference policy, validity, and assay-transfer eligibility.	clintox_measurement_unit_manual_review.v2	human_clinical_toxicity	275936	e6ae073c014687f4e3b874553a615296945371c72122c187124aefc8907aabcf	human_clinical_toxicity		toxicity_absent		human_clinical_toxicity	0	binary_outcome_class	0.0	approved	controlled_categorical_outcome	clintox_human_toxicity_binary.v1	not_applicable	none	off_schema_controlled_value	False	off_schema_controlled_value	Our data suggest that when administered as weekly monotherapy, single-agent ixabepilone is well tolerated in a heavily pretreated population of metastatic breast cancer patients. While weekly dosing of ixabepilone is not approved by the FDA at the current time, clinical data are accumulating which support the use of this schedule.
pass	Manually checked source support, canonical measurement/unit, semantic and reference policy, validity, and assay-transfer eligibility.	clintox_measurement_unit_manual_review.v2	human_clinical_toxicity	124354	98c5acb5ada475351bcd84b5fafaa2b667b2cac7ea7885a1794d226079efc22d	human_clinical_toxicity		cardiotoxicity		human_clinical_toxicity	1	binary_outcome_class	1.0	approved	controlled_categorical_outcome	clintox_human_toxicity_binary.v1	not_applicable	none	off_schema_controlled_value	False	off_schema_controlled_value	The development of torcetrapib was discontinued because of increased CVD events and mortality, which may have been related to off-target hypertensive effects secondary to induction of aldosterone and cortisol synthesis.
pass	Manually checked source support, canonical measurement/unit, semantic and reference policy, validity, and assay-transfer eligibility.	clintox_measurement_unit_manual_review.v2	human_clinical_toxicity	256111	de799810bf954b8238ad9615df4131131e47fb69cfbf335f7d79784b29705fc9	human_clinical_toxicity		ototoxicity		human_clinical_toxicity	ototoxicity			evidence_only	unreviewed	clintox.unreviewed_measurement.v1	unknown	unknown	off_schema_controlled_value	False	off_schema_controlled_value	The authors found that the XPC c.2815AC or CC genotype was associated with reduced ototoxicity, whereas in osteosarcoma patients treated with CDDP (cisplatin) the XPC c.2815 AA genotype was related to less hearing impairment (ototoxicity). Additional studies were called for to evaluate the association of XPC c.2815A>C with ototoxicity in HNSCC patients treated with CDDP chemoradiation.
pass	Manually checked source support, canonical measurement/unit, semantic and reference policy, validity, and assay-transfer eligibility.	clintox_measurement_unit_manual_review.v2	human_clinical_toxicity	346461	bfb156c14cd7dbb64ddf3a7f82f43f001533fb88d8312c1de1a3fd38adc00b1e	human_clinical_toxicity		toxicity_absent		human_clinical_toxicity	0	binary_outcome_class	0.0	approved	controlled_categorical_outcome	clintox_human_toxicity_binary.v1	not_applicable	none	valid	True		During the 18 weeks of tetrabenazine medication, no significant side effects were observed. Tetrabenazine was increased from 100 mg to 200 mg per day at the 15th week for treating oral dyskinesia, and there were no dropouts among the six patients who received tetrabenazine.
pass	Manually checked source support, canonical measurement/unit, semantic and reference policy, validity, and assay-transfer eligibility.	clintox_measurement_unit_manual_review.v2	human_clinical_toxicity	355368	0e135e31cc7dfc0eee440eb26477df3d8f136bff9d1c3bf716ff62ed86390bac	human_clinical_toxicity		dermatologic_toxicity		human_clinical_toxicity	1	binary_outcome_class	1.0	approved	controlled_categorical_outcome	clintox_human_toxicity_binary.v1	not_applicable	none	valid	True		Mockenhaupt et al. identified nevirapine, lamotrigine, and sertraline as drugs with a significantly increased risk of inducing SJS/TEN in a multinational case-control study in Europe (1997-2001). The risk per 10 000 new users was significantly increased for lamotrigine (2.5 cases per 10 000 users).
pass	Manually checked source support, canonical measurement/unit, semantic and reference policy, validity, and assay-transfer eligibility.	clintox_measurement_unit_manual_review.v2	human_clinical_toxicity	70551	69479c609d5d079fcd94ae9c0588893a1173ff5f3a57f420c3d0bd997ad877f3	human_clinical_toxicity				human_clinical_toxicity				evidence_only	unreviewed	clintox.unreviewed_measurement.v1	unknown	unknown	non_scalar_measurement	False	non_scalar_measurement	The executive summary states that seven drugs have been approved for the treatment of renal cell carcinoma, including axitinib, which is a valid treatment option after first-line VEGF-targeted therapy.
pass	Manually checked source support, canonical measurement/unit, semantic and reference policy, validity, and assay-transfer eligibility.	clintox_measurement_unit_manual_review.v2	human_clinical_toxicity	232588	72ec60442481127b845f83998e07ddf271ccb9153a8559d6c4ccff6ab7a8e259	human_clinical_toxicity		cardiotoxicity		human_clinical_toxicity	1	binary_outcome_class	1.0	approved	controlled_categorical_outcome	clintox_human_toxicity_binary.v1	not_applicable	none	off_schema_controlled_value	False	off_schema_controlled_value	In the United States, domperidone is obtained under an FDA investigational new drug application for treatment of gastroparesis. Cardiac effects including prolongation of QT and cardiac arrhythmia are the main concern with domperidone use. In a large prospective cohort study of 115 patients, 44 reported side effects, most commonly headache, diarrhea, and palpitations.
pass	Manually checked source support, canonical measurement/unit, semantic and reference policy, validity, and assay-transfer eligibility.	clintox_measurement_unit_manual_review.v2	human_clinical_toxicity	380586	05aff00e9a13704c44e73e9c906e61371f7a099534c653a3c8ad49d633a92732	human_clinical_toxicity		renal_toxicity		human_clinical_toxicity	renal_toxicity			evidence_only	unreviewed	clintox.unreviewed_measurement.v1	unknown	unknown	off_schema_controlled_value	False	off_schema_controlled_value	Tenofovir disoproxil fumarate, an orally bioavailable prodrug of the nucleotide analogue reverse transcriptase inhibitor tenofovir, is approved for the treatment of patients with chronic HBV or HIV-1 infection. Patients receiving tenofovir disoproxil fumarate for 8 years showed no sign of antiviral resistance, but renal toxic effects are seen in about 2–7% of patients and substantial bone loss can occur in patients with chronic HBV infection.
pass	Manually checked source support, canonical measurement/unit, semantic and reference policy, validity, and assay-transfer eligibility.	clintox_measurement_unit_manual_review.v2	human_clinical_toxicity	271255	319bf89096310582192a10b09ae7367fc0c79aa635d7c7bd890b4c45ad8b5a05	human_clinical_toxicity		toxicity_absent		human_clinical_toxicity	0	binary_outcome_class	0.0	approved	controlled_categorical_outcome	clintox_human_toxicity_binary.v1	not_applicable	none	valid	True		In another study, eight patients with hepatocellular carcinoma and a platelet count of <50 × 10^3/µL before initial and repeat radiofrequency ablation orally received lusutrombopag (3 mg/day for 7 days). Platelet count increased to 103.1 ± 22.8 ×10^3/µL and 110.7 ± 17.8 ×10^3/µL at 14 days after first treatment and repeated use, respectively. None of the patients needed platelet transfusion or developed serious adverse events of thrombosis, bleeding, fever, or rash.
pass	Manually checked source support, canonical measurement/unit, semantic and reference policy, validity, and assay-transfer eligibility.	clintox_measurement_unit_manual_review.v2	human_clinical_toxicity	312925	398931402b6961be2997640f2304fc34eb05c477c8313b8ce8891287d8edf56d	human_clinical_toxicity		other		human_clinical_toxicity	1	binary_outcome_class	1.0	approved	controlled_categorical_outcome	clintox_human_toxicity_binary.v1	not_applicable	none	valid	True		The authors state that their findings apply to use of thyroid hormone as replacement in patients with primary hypothyroidism. Over-replacement, defined as suppression of serum thyrotropin concentration below the lower limit of the normal range, resulted in accelerated loss of bone mineral density from the spine in women who had received thyroid hormone for years; similar trends were seen at the femoral neck and the radius. They also note that Ribot and colleagues reported accelerated rates of bone loss from the spine and femoral neck in the year after initiation of thyroid hormone replacement.
pass	Manually checked source support, canonical measurement/unit, semantic and reference policy, validity, and assay-transfer eligibility.	clintox_measurement_unit_manual_review.v2	human_clinical_toxicity	94711	4f9bdfa0a586b8e759085e16cdd684c91b738ea0b8f3c8cd73ceb92057a25244	human_clinical_toxicity				human_clinical_toxicity				evidence_only	unreviewed	clintox.unreviewed_measurement.v1	unknown	unknown	non_scalar_measurement	False	non_scalar_measurement	Currently, AD is managed with oral medications such as the Food and Drug Administration (FDA) approved cholinesterase inhibitors, including donepezil, rivastigmine, and galantamine. These drugs are indicated primarily for alleviation of symptoms rather than treating the underlying pathology.
pass	Manually checked source support, canonical measurement/unit, semantic and reference policy, validity, and assay-transfer eligibility.	clintox_measurement_unit_manual_review.v2	human_clinical_toxicity	87516	06931629f3f1668d2d84d6d4baa5a5032e933a610bb8629685e0339070e01473	human_clinical_toxicity		general_adverse_events		human_clinical_toxicity	1	binary_outcome_class	1.0	approved	controlled_categorical_outcome	clintox_human_toxicity_binary.v1	not_applicable	none	off_schema_controlled_value	False	off_schema_controlled_value	Earlier research indicated that patients treated with Mobocertinib and Amivantamab achieved favorable ORR and DCR, and these treatment methods are relatively safe. The FDA has approved Mobocertinib and Amivantamab for treatment of late-stage or metastatic NSCLC patients with EGFR ex20ins mutations. Although the results of the Phase III EXCLAIM-2 study fell short of expectations, leading to the withdrawal of Mobocertinib.
pass	Manually checked source support, canonical measurement/unit, semantic and reference policy, validity, and assay-transfer eligibility.	clintox_measurement_unit_manual_review.v2	human_clinical_toxicity	361755	96adec6db20b953fb8f5a54792cfa8f7dbe5ade139eea890d9320c9d725a524e	human_clinical_toxicity		musculoskeletal_toxicity		human_clinical_toxicity	musculoskeletal_toxicity			evidence_only	unreviewed	clintox.unreviewed_measurement.v1	unknown	unknown	off_schema_controlled_value	False	off_schema_controlled_value	In a randomized trial, 414 patients with advanced pancreatic cancer received the MMP inhibitor marimastat at 5, 10, or 25 mg bid or gemcitabine (1000 mg/m2) as first-line therapy. Grade 3 or 4 toxicities were reported in 22% of gemcitabine- and 12% of marimastat-treated patients. The major toxicity of marimastat was musculoskeletal toxicity (44% in the marimastat arm vs 12% in the gemcitabine arm); severe musculoskeletal side effects occurred only in the marimastat arm (8%).
pass	Manually checked source support, canonical measurement/unit, semantic and reference policy, validity, and assay-transfer eligibility.	clintox_measurement_unit_manual_review.v2	human_clinical_toxicity	297083	518b4e8577f5e58af11695c8c4d642197807003bf9b209ec0dd4308ab0d2e0be	human_clinical_toxicity		toxicity_absent		human_clinical_toxicity	0	binary_outcome_class	0.0	approved	controlled_categorical_outcome	clintox_human_toxicity_binary.v1	not_applicable	none	valid	True		In the present study, CDV (cidofovir) on the dosage schedule of 1 mg/kg per day administered 3 times weekly appeared to be well tolerated.
pass	Manually checked source support, canonical measurement/unit, semantic and reference policy, validity, and assay-transfer eligibility.	clintox_measurement_unit_manual_review.v2	human_clinical_toxicity	539212	d2152f700b723d3b540d919dbd5aa1023a854eb9724124b0bfb3bf7b6babdb84	human_clinical_toxicity		ocular_toxicity		human_clinical_toxicity	1	binary_outcome_class	1.0	approved	controlled_categorical_outcome	clintox_human_toxicity_binary.v1	not_applicable	none	valid	True		Cyclosporine A (CsA) 0.05% ophthalmic emulsion (Restasis) has been widely used in patients with dry eye since the U.S. FDA approved it in 2003. In phase 3 clinical trials, topical CsA at concentrations of 0.05% or 0.1% had negligible plasma levels after 3 years of continuous use at the recommended twice-daily dosing, but local side effects such as burning, stinging, discharge, foreign body sensation, and hyperemia were commonly reported.
pass	Manually checked source support, canonical measurement/unit, semantic and reference policy, validity, and assay-transfer eligibility.	clintox_measurement_unit_manual_review.v2	human_clinical_toxicity	338151	1d59bdf512a65d091973d25ef731bf9334ff901036a2a65b5663d48d7a044c72	human_clinical_toxicity				human_clinical_toxicity				evidence_only	unreviewed	clintox.unreviewed_measurement.v1	unknown	unknown	non_scalar_measurement	False	non_scalar_measurement	The passage states that five HDAC inhibitors have been approved for clinical approaches, including the hydroxamic acids vorinostat, panobinostat, and belinostat, the cyclic peptide romidepsin, and the benzamide chidamide.
pass	Manually checked source support, canonical measurement/unit, semantic and reference policy, validity, and assay-transfer eligibility.	clintox_measurement_unit_manual_review.v2	human_clinical_toxicity	151781	14ec08d26bd50cfd3c1644201126e040f54187b39215bb6f77cc5839838f1109	human_clinical_toxicity		cardiotoxicity		human_clinical_toxicity	1	binary_outcome_class	1.0	approved	controlled_categorical_outcome	clintox_human_toxicity_binary.v1	not_applicable	none	off_schema_controlled_value	False	off_schema_controlled_value	Mavacamten is a cardiac myosin inhibitor approved for the treatment of obstructive hypertrophic cardiomyopathy (HCM) in symptomatic NYHA class II-III patients treated orally. It may reduce systolic function and worsen heart failure, with a decrease in ejection fraction as low as 35% in 10% of patients, so echocardiogram assessment is required before and during treatment and patients with EF below 55% are not recommended to initiate therapy. It was mostly well tolerated but adverse effects such as dizziness and syncope, along with serious side effects including acute stress cardiomyopathy, atrial fibrillation, ventricular tachycardia, and angina pectoris, were observed. Due to the risk of heart failure, mavacamten treatment is only available through a restricted program under a Risk Evaluation and Mitigation Strategy.
pass	Manually checked source support, canonical measurement/unit, semantic and reference policy, validity, and assay-transfer eligibility.	clintox_measurement_unit_manual_review.v2	human_clinical_toxicity	294072	196e0dce3d8422d62fbcffd1dd80aed893e66432a24fa0b085f97185c1fae3b1	human_clinical_toxicity		hematologic_toxicity; hepatotoxicity		human_clinical_toxicity	hematologic_toxicity; hepatotoxicity			evidence_only	unreviewed	clintox.unreviewed_measurement.v1	unknown	unknown	off_schema_controlled_value	False	off_schema_controlled_value	The tolerance of amodiaquine/artesunate combination therapy was assessed from 31 comparative and noncomparative studies including 5333 patients over 19 countries (mainly African). These demonstrated an absence of treatment or drug-related fatal cases. A few incidences of mild neutropenia and increased serum alanine aminotransferase levels (an indicator of hepatotoxicity), although rare and statistically insignificant, were reported during therapy. All these conditions were asymptomatic and normal levels were achieved once the therapy was completed. Because the hematologic and hepatotoxic side effects of amodiaquine appear idiosyncratic in nature, the risk from a bioinequivalent product seems very low.
pass	Manually checked source support, canonical measurement/unit, semantic and reference policy, validity, and assay-transfer eligibility.	clintox_measurement_unit_manual_review.v2	human_clinical_toxicity	446644	b1b7d11992bce5d72340930677cb0d2296a57683d7a697799985e72976010d6a	human_clinical_toxicity		toxicity_absent		human_clinical_toxicity	0	binary_outcome_class	0.0	approved	controlled_categorical_outcome	clintox_human_toxicity_binary.v1	not_applicable	none	valid	True		Several trials in endemic areas compared artemisinin derivatives to quinine in children with severe malaria. All showed excellent tolerance (excellente tolérance) and equivalent efficacy whether given intravenously or intramuscularly, compared to intravenous quinine with a loading dose, with a tendency toward later coma awakening despite more rapid parasite clearance (level 1).
pass	Manually checked source support, canonical measurement/unit, semantic and reference policy, validity, and assay-transfer eligibility.	clintox_measurement_unit_manual_review.v2	human_clinical_toxicity	272581	ec8c8a628cd107f91245c8812bf403530ec2c1cbea0230103456e917ca87442e	human_clinical_toxicity		general_adverse_events		human_clinical_toxicity	1	binary_outcome_class	1.0	approved	controlled_categorical_outcome	clintox_human_toxicity_binary.v1	not_applicable	none	valid	True		Common adverse effects of tramadol include dizziness, nausea, dry mouth, and sedation. The abuse potential seems low. The recommended oral dosage is 50-100 mg every four to six hours.
pass	Manually checked source support, canonical measurement/unit, semantic and reference policy, validity, and assay-transfer eligibility.	clintox_measurement_unit_manual_review.v2	human_clinical_toxicity	563623	63cd1c728248827348a29286970fe856ec9c369739494453f7e14c032d99d34f	human_clinical_toxicity				human_clinical_toxicity				evidence_only	unreviewed	clintox.unreviewed_measurement.v1	unknown	unknown	non_scalar_measurement	False	non_scalar_measurement	Rosiglitazone (Avandia, GlaxoSmithKline) is one of two thiazolidinediones currently available in the United States for the treatment of insulin-resistant type II diabetes mellitus.
pass	Manually checked source support, canonical measurement/unit, semantic and reference policy, validity, and assay-transfer eligibility.	clintox_measurement_unit_manual_review.v2	human_clinical_toxicity	2843	bd851c1759fa0b9cfb35933ec33528d0efe07a0a596211b419e4ae2fa369e5c3	human_clinical_toxicity		other		human_clinical_toxicity	1	binary_outcome_class	1.0	approved	controlled_categorical_outcome	clintox_human_toxicity_binary.v1	not_applicable	none	off_schema_controlled_value	False	off_schema_controlled_value	In this systematic review and meta-analysis, we found 20 trials that investigated idelalisib in indolent non-Hodgkin lymphoma (NHL): 3 were phase 3 trials in indolent NHL, 2 of which were terminated due to increased mortality, and 1 recruited only 96 patients prior to voluntary withdrawal. No efficacy results were published for these trials; Gilead reported cumulative sales revenue of $842 million during market authorization.
pass	Manually checked source support, canonical measurement/unit, semantic and reference policy, validity, and assay-transfer eligibility.	clintox_measurement_unit_manual_review.v2	human_clinical_toxicity	156228	034998acf7bfc12444bc3caa41d5a0e0352dc155c413add4043e37ea89d6aeaa	human_clinical_toxicity		general		human_clinical_toxicity	general			evidence_only	unreviewed	clintox.unreviewed_measurement.v1	unknown	unknown	off_schema_controlled_value	False	off_schema_controlled_value	For withdrawal ADR reports, drug withdrawal syndrome was recorded nearly twice as often for escitalopram compared with the other ADs (PRR = 1.68; FDR < 0.01).
pass	Manually checked source support, canonical measurement/unit, semantic and reference policy, validity, and assay-transfer eligibility.	clintox_measurement_unit_manual_review.v2	human_clinical_toxicity	489392	9a5a6e4debab07c848055ba85ba73de0b7fbbdb58362c478d474b20e0fd4962f	human_clinical_toxicity		toxicity_absent		human_clinical_toxicity	0	binary_outcome_class	0.0	approved	controlled_categorical_outcome	clintox_human_toxicity_binary.v1	not_applicable	none	valid	True		Alli et al. published a case report of a 9-year-old boy with generalized pustular psoriasis treated with CSA (started at 3 mg/kg/d, tapered to 2 mg/kg/d over 7 months). The authors monitored full blood counts, liver and kidney function, and creatinine clearance every 2 weeks, and creatinine and creatinine clearance remained within normal range, indicating no renal toxicity.
pass	Manually checked source support, canonical measurement/unit, semantic and reference policy, validity, and assay-transfer eligibility.	clintox_measurement_unit_manual_review.v2	human_clinical_toxicity	200613	bd920b337e9820262e20a1fc1e5c89949815cb0f15ade4cec5a33d43701501de	human_clinical_toxicity		other		human_clinical_toxicity	1	binary_outcome_class	1.0	approved	controlled_categorical_outcome	clintox_human_toxicity_binary.v1	not_applicable	none	valid	True		This phase I study demonstrates that administration of high-dose pantoprazole prior to doxorubicin is feasible. The RP2D is pantoprazole 240 mg with doxorubicin 60 mg/m2 every 3 weeks. At this dose, toxicity was predictable and manageable; the main toxicities that led to treatment discontinuation were febrile neutropenia, asymptomatic decreased LVEF, and fatigue. The incidence of these AEs is similar to that expected following treatment with doxorubicin alone.
pass	Manually checked source support, canonical measurement/unit, semantic and reference policy, validity, and assay-transfer eligibility.	clintox_measurement_unit_manual_review.v2	human_clinical_toxicity	580775	893bdfafc23bf4dcb3f73a043d4c68d4381fa255933dc116d15ecb10f76e2b67	human_clinical_toxicity				human_clinical_toxicity				evidence_only	unreviewed	clintox.unreviewed_measurement.v1	unknown	unknown	non_scalar_measurement	False	non_scalar_measurement	iPSCs derived from two healthy human volunteers were differentiated into cardiac myocytes, then treated with 26 FDA-approved tyrosine kinase inhibitor (TKI) drugs, including the small molecules trametinib, gefitinib, nilotinib, regorafenib, pazopanib, trastuzumab, and bevacizumab, for gene expression and physiological analysis. The passage states these compounds are FDA-approved TKIs used in the study.
pass	Manually checked source support, canonical measurement/unit, semantic and reference policy, validity, and assay-transfer eligibility.	clintox_measurement_unit_manual_review.v2	human_clinical_toxicity	443652	86e77a21b9b356f641fdbca1edeeff02b19e241a8bc30b122c67ad3f5279c946	human_clinical_toxicity		hematologic_toxicity		human_clinical_toxicity	1	binary_outcome_class	1.0	approved	controlled_categorical_outcome	clintox_human_toxicity_binary.v1	not_applicable	none	off_schema_controlled_value	False	off_schema_controlled_value	In the JAKARTA-2 phase 2 single-arm study, fedratinib (starting dose 400 mg daily, escalation to 600 mg permitted) was given to myelofibrosis patients resistant or intolerant to ruxolitinib. The most common grade 3/4 hematological adverse events were anemia (46%) and thrombocytopenia (24%), and the most common treatment-emergent nonhematological events were GI. The study was halted early due to the FDA clinical hold concerning Wernicke encephalopathy.
pass	Manually checked source support, canonical measurement/unit, semantic and reference policy, validity, and assay-transfer eligibility.	clintox_measurement_unit_manual_review.v2	human_clinical_toxicity	168587	c8eddb7478db7650c068d5eb84d7ab282f3d8775b45849c89f1466628b728e5c	human_clinical_toxicity		gastrointestinal_toxicity; hematologic_toxicity		human_clinical_toxicity	gastrointestinal_toxicity; hematologic_toxicity			evidence_only	unreviewed	clintox.unreviewed_measurement.v1	unknown	unknown	off_schema_controlled_value	False	off_schema_controlled_value	In a California Cancer Consortium phase II trial, patients with stage III NSCLC received concurrent twice weekly paclitaxel (30 mg/m2 over 1 h, twice weekly for 6 weeks), weekly carboplatin (AUC 1.5 weekly for 6 weeks) and daily thoracic radiation (61 Gy), followed by consolidation paclitaxel 200 mg/m2 over 3 h and carboplatin AUC 6 over two 21-day cycles. Grade 3-4 toxicities during induction chemoradiation included esophagitis (38%) and leukopenia/neutropenia (41%); the most common adverse event during consolidation was grade III leukopenia/neutropenia in 5 patients (15%).
pass	Manually checked source support, canonical measurement/unit, semantic and reference policy, validity, and assay-transfer eligibility.	clintox_measurement_unit_manual_review.v2	human_clinical_toxicity	493967	9922f046ad387afde85ded2ffe91faf551ba71d772ab45fa7be6d9fd4153fbcd	human_clinical_toxicity		toxicity_absent		human_clinical_toxicity	0	binary_outcome_class	0.0	approved	controlled_categorical_outcome	clintox_human_toxicity_binary.v1	not_applicable	none	valid	True		The paper states that a recent study in 96 patients demonstrated that XELOX (capecitabine 1000 mg/m2 days 1-14, plus oxaliplatin 130 mg/m2 on day 1, every 21 days) is a highly effective and well tolerated first-line treatment for metastatic colorectal cancer. This is a clinical safety claim indicating the capecitabine-containing regimen was well tolerated (i.e., no undue clinically significant toxicity) in humans.
pass	Manually checked source support, canonical measurement/unit, semantic and reference policy, validity, and assay-transfer eligibility.	clintox_measurement_unit_manual_review.v2	organ_specific_toxicity	266292	9ee9522a0202bee1900445c19e94a4deb88880f52dd87ac1cda7a1af454a9156	respiratory depression				respiratory_depression				evidence_only	unreviewed	clintox.unreviewed_measurement.v1	unknown	unknown	non_scalar_measurement	False	non_scalar_measurement	The combination of fentanyl with other CNS depressants significantly increases the likelihood of severe adverse effects, including respiratory depression.
pass	Manually checked source support, canonical measurement/unit, semantic and reference policy, validity, and assay-transfer eligibility.	clintox_measurement_unit_manual_review.v2	organ_specific_toxicity	251188	c0055b14225dc103f0ed44a02215397cac460e096145094cc083d2328a26e385	cardiotoxicity		injury_observed		cardiotoxicity	1	binary_outcome_class	1.0	approved	controlled_categorical_outcome	clintox_organ_injury_binary.v1	not_applicable	none	off_schema_controlled_value	False	off_schema_controlled_value	The review lists cardiotoxicity as a toxic effect of glyphosate in Danio rerio.
pass	Manually checked source support, canonical measurement/unit, semantic and reference policy, validity, and assay-transfer eligibility.	clintox_measurement_unit_manual_review.v2	organ_specific_toxicity	233460	fed6746ebedb3319911c24a06cb98c8a94d06e3e33950b703c813d13e91c85ab	cytotoxicity		no_injury_observed		cytotoxicity	0	binary_outcome_class	0.0	approved	controlled_categorical_outcome	clintox_organ_injury_binary.v1	not_applicable	none	off_schema_controlled_value	False	off_schema_controlled_value	Figure 1A demonstrates that none of the components of the transfection mix (DAPI, Escort, or DNA) induced cell lysis above background levels in primary porcine endothelial cells. The legend states 'Lack of cytotoxicity induced by DAPI or Escort... none of the components of the transfection mix induced cell lysis above background levels.' This experiment was performed three times.
pass	Manually checked source support, canonical measurement/unit, semantic and reference policy, validity, and assay-transfer eligibility.	clintox_measurement_unit_manual_review.v2	organ_specific_toxicity	155247	2ccd8c938c2540376f65c6fb19897cf5ab24b9ecdf088bf2a4c88d4666713c50	hepatocellular carcinoma		increased		hepatocellular_carcinoma	increased			evidence_only	unreviewed	clintox.unreviewed_measurement.v1	unknown	unknown	off_schema_controlled_value	False	off_schema_controlled_value	Male mice ingesting chlorobenzilate at high dose had hepatocellular carcinomas in 22 of 43 (51%) mice, p=0.04688.
pass	Manually checked source support, canonical measurement/unit, semantic and reference policy, validity, and assay-transfer eligibility.	clintox_measurement_unit_manual_review.v2	organ_specific_toxicity	40304	c38bb2fae6709597221d150a79d4efe598a8233940c26b59d1405218591f4609	lung tumor induction		injury_observed		lung_tumor_induction	1	binary_outcome_class	1.0	approved	controlled_categorical_outcome	clintox_organ_injury_binary.v1	not_applicable	none	valid	True		In the NNK-induced lung tumor mouse model, five to six-week-old FVB/N mice receive twice weekly intraperitoneal injections of NNK. Approximately 15 weeks post-NNK treatment, tumors develop in the lungs of the mice receiving NNK, while vehicle controls rarely develop spontaneous tumors at that age.
pass	Manually checked source support, canonical measurement/unit, semantic and reference policy, validity, and assay-transfer eligibility.	clintox_measurement_unit_manual_review.v2	organ_specific_toxicity	5998	efeef21938add35ad2b0019cd13605bbeacc2ca53af282282520f17d136c3655	neurodevelopmental impairment		no_injury_observed		neurodevelopmental_impairment	0	binary_outcome_class	0.0	approved	controlled_categorical_outcome	clintox_organ_injury_binary.v1	not_applicable	none	valid	True		A study of the pre- and postnatal effects in 5.5-year-old children in the Seychelles Islands found that a diet high in ocean fish appeared to pose no threat to developmental outcomes (Davidson et al., 1998) and led to the conclusion that 'current evidence does not support the hypothesis that consumption of even large amounts of fish during pregnancy places the fetus at neuro-developmental risk from MeHg exposure' (Myers and Davidson, 1998).
pass	Manually checked source support, canonical measurement/unit, semantic and reference policy, validity, and assay-transfer eligibility.	clintox_measurement_unit_manual_review.v2	organ_specific_toxicity	109222	6059a9bb0e010bfc3b22f7a685305da502569e0d0972abcaee47847451a798cc	multinucleated gonocytes (MNGs)				multinucleated_gonocytes_(mngs)				evidence_only	unreviewed	clintox.unreviewed_measurement.v1	unknown	unknown	non_scalar_measurement	False	non_scalar_measurement	Atrazine did not induce MNGs (multinucleated gonocytes) in male pups after in utero exposure.
pass	Manually checked source support, canonical measurement/unit, semantic and reference policy, validity, and assay-transfer eligibility.	clintox_measurement_unit_manual_review.v2	organ_specific_toxicity	48738	a1642734044b54b3e204a3b735c1521e7150a87f10fb2c7735a873de67a485d3	thrombocytopenia		injury_observed		thrombocytopenia	1	binary_outcome_class	1.0	approved	controlled_categorical_outcome	clintox_organ_injury_binary.v1	not_applicable	none	off_schema_controlled_value	False	off_schema_controlled_value	In the SOLO1 trial, thrombocytopenia occurred in 27/260 (10%) patients in the olaparib arm as grade 1–2, 1/260 (<1%) as grade 3, and 1/260 (<1%) as grade 4, compared with 3/130 (2%) grade 1–2 and 2/130 (2%) grade 4 in the placebo arm.
pass	Manually checked source support, canonical measurement/unit, semantic and reference policy, validity, and assay-transfer eligibility.	clintox_measurement_unit_manual_review.v2	organ_specific_toxicity	283639	43d98127d764197c6ac36870042f097a0ed628776f54533c3faca34366e1f37f	serum cholesterol and triglyceride levels		no_injury_observed		serum_cholesterol_and_triglyceride_levels	0	binary_outcome_class	0.0	approved	controlled_categorical_outcome	clintox_organ_injury_binary.v1	not_applicable	none	off_schema_controlled_value	False	off_schema_controlled_value	Serum cholesterol and triglyceride showed no changes over time and dose.
pass	Manually checked source support, canonical measurement/unit, semantic and reference policy, validity, and assay-transfer eligibility.	clintox_measurement_unit_manual_review.v2	organ_specific_toxicity	175944	a14bf9158dbcf56bcf909ff41375a541bc48fcfd1dc77a900148e52e55623426	globulin decrease		no change		globulin_decrease	no change			evidence_only	unreviewed	clintox.unreviewed_measurement.v1	unknown	unknown	off_schema_controlled_value	False	off_schema_controlled_value	MitoQ alone did not significantly alter serum globulin levels compared with the control and vehicle groups, indicating no hepatotoxicity.
pass	Manually checked source support, canonical measurement/unit, semantic and reference policy, validity, and assay-transfer eligibility.	clintox_measurement_unit_manual_review.v2	organ_specific_toxicity	331447	c5cb0beb48d0c58b3de7c31552caac48f1d7938643b633334b5a842ce711ab7a	late asthmatic reaction		injury_observed		late_asthmatic_reaction	1	binary_outcome_class	1.0	approved	controlled_categorical_outcome	clintox_organ_injury_binary.v1	not_applicable	none	valid	True		In table, benzyl penicillin commercial caused late asthmatic reactions in patients 2 and 3 (+), and no reaction in patient 4 (0).
pass	Manually checked source support, canonical measurement/unit, semantic and reference policy, validity, and assay-transfer eligibility.	clintox_measurement_unit_manual_review.v2	organ_specific_toxicity	322851	15819a5200830a679ebef7920760948fd2b58d68cb0206f3293d3e0e06d82187	lung carcinogenicity and toxicity		no_injury_observed		lung_carcinogenicity_and_toxicity	0	binary_outcome_class	0.0	approved	controlled_categorical_outcome	clintox_organ_injury_binary.v1	not_applicable	none	valid	True		In the discussion of species sensitivity, the paper states that rats do not display toxicity or carcinogenicity at styrene (ST) concentrations as high as 1000 ppm, indicating no observed adverse effect at that exposure level via inhalation.
pass	Manually checked source support, canonical measurement/unit, semantic and reference policy, validity, and assay-transfer eligibility.	clintox_measurement_unit_manual_review.v2	organ_specific_toxicity	393534	a4cd6730ebc39a7a9cd281576de5dbfe5624b00dc3c5b749cd2e4e374730ac34	Hyperesthesia				hyperesthesia				evidence_only	unreviewed	clintox.unreviewed_measurement.v1	unknown	unknown	non_scalar_measurement	False	non_scalar_measurement	Sensory nerve impairments including hyperesthesia were the most ordinary clinical complications in sulfur mustard victims (reference 64).
pass	Manually checked source support, canonical measurement/unit, semantic and reference policy, validity, and assay-transfer eligibility.	clintox_measurement_unit_manual_review.v2	organ_specific_toxicity	564521	97f78a1dbb03e090e81aa6f4492740d60422b3cc1ec7c4056866f2246a4bbd51	decreased proportion of pups born alive		injury_observed		decreased_proportion_of_pups_born_alive	1	binary_outcome_class	1.0	approved	controlled_categorical_outcome	clintox_organ_injury_binary.v1	not_applicable	none	off_schema_controlled_value	False	off_schema_controlled_value	In the crossover mating, the control male with 1% DBP female group had significantly decreased number of live pups per litter, proportion of pups born alive, and live pup weight. Specifically, the proportion of pups born alive was significantly reduced compared to control pairs.
pass	Manually checked source support, canonical measurement/unit, semantic and reference policy, validity, and assay-transfer eligibility.	clintox_measurement_unit_manual_review.v2	organ_specific_toxicity	671566	e5de40b7a176cd9587216bd8c0fcaab495b037db7ac35d52a86ac13688f6cf77	CNS damage		no_injury_observed		cns_damage	0	binary_outcome_class	0.0	approved	controlled_categorical_outcome	clintox_organ_injury_binary.v1	not_applicable	none	off_schema_controlled_value	False	off_schema_controlled_value	Rats given histamine (75 mg/kg) alone (no OHP) had a CNS damage index of 0.0 (n=3).
pass	Manually checked source support, canonical measurement/unit, semantic and reference policy, validity, and assay-transfer eligibility.	clintox_measurement_unit_manual_review.v2	organ_specific_toxicity	239897	a1d2cf58c682f66448f635f6e439fbd4237a5f7224bebc78b49f1af6c956931b	no change in GFAP expression		no change		no_change_in_gfap_expression	no change			evidence_only	unreviewed	clintox.unreviewed_measurement.v1	unknown	unknown	off_schema_controlled_value	False	off_schema_controlled_value	Conversely, no changes were observed in GFAP expression after low chronic ethanol exposure.
pass	Manually checked source support, canonical measurement/unit, semantic and reference policy, validity, and assay-transfer eligibility.	clintox_measurement_unit_manual_review.v2	organ_specific_toxicity	265705	f4c7e27a62598d01ecd3f610d062e1094ff811ee41fc2af7f3b6e576ad321287	mitochondrial oxidative stress		injury_observed		mitochondrial_oxidative_stress	1	binary_outcome_class	1.0	approved	controlled_categorical_outcome	clintox_organ_injury_binary.v1	not_applicable	none	valid	True		In rat gastric mucosa, indomethacin induced mitochondrial oxidative damage, as evidenced by increased macromolecular oxidation and reduced cardiolipin content; Mdivi-1 treatment reversed these changes, indicating indomethacin caused mitochondrial oxidative stress.
pass	Manually checked source support, canonical measurement/unit, semantic and reference policy, validity, and assay-transfer eligibility.	clintox_measurement_unit_manual_review.v2	organ_specific_toxicity	184346	6075561b3bb5471883a97e50f08d67ee1b26ca3e9566ee21e4e2bfc725849e85	platelet aggregation inhibition		no_injury_observed		platelet_aggregation_inhibition	0	binary_outcome_class	0.0	approved	controlled_categorical_outcome	clintox_organ_injury_binary.v1	not_applicable	none	valid	True		M73101 did not show platelet aggregation inhibitory action.
pass	Manually checked source support, canonical measurement/unit, semantic and reference policy, validity, and assay-transfer eligibility.	clintox_measurement_unit_manual_review.v2	organ_specific_toxicity	257094	87089893dd275e40a093af81b63b9ddbd650c3d8e4cfddb15b3804c20eeec886	respiratory failure				respiratory_failure				evidence_only	unreviewed	clintox.unreviewed_measurement.v1	unknown	unknown	non_scalar_measurement	False	non_scalar_measurement	Tetrodotoxin is a very toxic compound with assessed human lethal doses of 1–2 mg. However, relative to its cardiovascular toxicity, its risk is rather marginal. The most common cause of death is respiratory failure.
pass	Manually checked source support, canonical measurement/unit, semantic and reference policy, validity, and assay-transfer eligibility.	clintox_measurement_unit_manual_review.v2	organ_specific_toxicity	643504	829b638e80c35200fbf39dadba9fcb905dabc537bae805ed3d20050a3d7af35c	Elevated serum ALP		injury_observed		elevated_serum_alp	1	binary_outcome_class	1.0	approved	controlled_categorical_outcome	clintox_organ_injury_binary.v1	not_applicable	none	off_schema_controlled_value	False	off_schema_controlled_value	In the CCl4+Rg1 40 mg/kg group, serum ALP was 290.4±37.5 U/L, a significant reduction (p<0.01) compared to the CCl4 group.
pass	Manually checked source support, canonical measurement/unit, semantic and reference policy, validity, and assay-transfer eligibility.	clintox_measurement_unit_manual_review.v2	organ_specific_toxicity	518437	d5dda86d8101eb346cee10789d2e11bff1ab3c0604581ccdda08a92a0ecf379c	splenic organ coefficient		no_injury_observed		splenic_organ_coefficient	0	binary_outcome_class	0.0	approved	controlled_categorical_outcome	clintox_organ_injury_binary.v1	not_applicable	none	off_schema_controlled_value	False	off_schema_controlled_value	The male rats exhibited no statistically significant variations in organ coefficients between the treatment groups and the CNTR group across all tested dosages (p > 0.05).
pass	Manually checked source support, canonical measurement/unit, semantic and reference policy, validity, and assay-transfer eligibility.	clintox_measurement_unit_manual_review.v2	organ_specific_toxicity	151291	329419ff1a51e6ece7490a6853a0626bf8c3c5d6d9a22b25f0ff7f4d17f0971a	heart rate variability		associated with decreased heart rate variability		heart_rate_variability	associated with decreased heart rate variability			evidence_only	unreviewed	clintox.unreviewed_measurement.v1	unknown	unknown	off_schema_controlled_value	False	off_schema_controlled_value	In the Korean Elderly Environmental Panel Study, urinary BPA was associated negatively with heart rate variability (HRV) and positively with blood pressure.
pass	Manually checked source support, canonical measurement/unit, semantic and reference policy, validity, and assay-transfer eligibility.	clintox_measurement_unit_manual_review.v2	organ_specific_toxicity	306939	a20ca9cc1788908fd903fedbf40b5b9d83bb0275fe33502cd24ec061887d96d7	prosencephalic hypoplasia		injury_observed		prosencephalic_hypoplasia	1	binary_outcome_class	1.0	approved	controlled_categorical_outcome	clintox_organ_injury_binary.v1	not_applicable	none	valid	True		Prosencephalic hypoplasia was observed in methanol-exposed embryos at GD 9.5 (unilateral 15) and GD 10.5 (unilateral 11, bilateral 27; total 38 embryos). Controls had none.
pass	Manually checked source support, canonical measurement/unit, semantic and reference policy, validity, and assay-transfer eligibility.	clintox_measurement_unit_manual_review.v2	organ_specific_toxicity	167641	1b3aee8ce6ea38506c9ff2dac8de5fd0d14d9b3e621d22a6df5e2c78a1c28418	gastrointestinal motility		no_injury_observed		gastrointestinal_motility	0	binary_outcome_class	0.0	approved	controlled_categorical_outcome	clintox_organ_injury_binary.v1	not_applicable	none	valid	True		450191-S had no effect on spontaneous movement of isolated rabbit ileum.
pass	Manually checked source support, canonical measurement/unit, semantic and reference policy, validity, and assay-transfer eligibility.	clintox_measurement_unit_manual_review.v2	organ_specific_toxicity	654891	4ee66ccf68aea32b2bf47a429d97053e91933e57e0bfd931d95238806922b113	survival rate				survival_rate				evidence_only	unreviewed	clintox.unreviewed_measurement.v1	unknown	unknown	non_scalar_measurement	False	non_scalar_measurement	The protective effect of IK-1001 was demonstrated in a sheep model of acute respiratory distress syndrome, evidenced by improved survival rate.
pass	Manually checked source support, canonical measurement/unit, semantic and reference policy, validity, and assay-transfer eligibility.	clintox_measurement_unit_manual_review.v2	organ_specific_toxicity	440009	588d4f6f3a760c8c149d15bf67895f1405d3312f1243a1905263c98507c103a2	hepatic steatosis		injury_observed		hepatic_steatosis	1	binary_outcome_class	1.0	approved	controlled_categorical_outcome	clintox_organ_injury_binary.v1	not_applicable	none	off_schema_controlled_value	False	off_schema_controlled_value	A large series that evaluated 153 liver resection specimens found sinusoidal congestion of various degrees in 44 patients, perisinusoidal fibrosis and fibrotic venular occlusion in 21 patients, nodular regenerative hyperplasia in seven patients, and hepatic steatosis in 75 patients.
pass	Manually checked source support, canonical measurement/unit, semantic and reference policy, validity, and assay-transfer eligibility.	clintox_measurement_unit_manual_review.v2	organ_specific_toxicity	515158	6e41e5946732afdbe983f88dcadedced1cb176830c56f0df1fa55716e337ad82	small intestine cancer		no_injury_observed		small_intestine_cancer	0	binary_outcome_class	0.0	approved	controlled_categorical_outcome	clintox_organ_injury_binary.v1	not_applicable	none	off_schema_controlled_value	False	off_schema_controlled_value	All three studies reporting on small intestine cancer among Cr(VI)-exposed workers were based on a very small number of cases (n < 3) with no significant increases reported.
pass	Manually checked source support, canonical measurement/unit, semantic and reference policy, validity, and assay-transfer eligibility.	clintox_measurement_unit_manual_review.v2	organ_specific_toxicity	524306	f778587f00fc53d534dca9415bf64f846ad8e841a44795fb5517bfda13dc7306	left ventricular ejection fraction decrease		observed		left_ventricular_ejection_fraction_decrease	observed			evidence_only	unreviewed	clintox.unreviewed_measurement.v1	unknown	unknown	off_schema_controlled_value	False	off_schema_controlled_value	In an acute DOX injury model, wild-type mice treated with a single dose of DOX (25 mg/kg i.p.) showed a significant reduction in left ventricular ejection fraction as measured by echocardiography, indicating cardiac contractile dysfunction (Fig. 1H-I).
pass	Manually checked source support, canonical measurement/unit, semantic and reference policy, validity, and assay-transfer eligibility.	clintox_measurement_unit_manual_review.v2	organ_specific_toxicity	5599	34d040bc52cf69312b6b77795808dfcb9a3ebdf5657149d268d60695885bb512	spermatogenic disturbance (histologic score recovery)		injury_observed		spermatogenic_disturbance_(histologic_score_recovery)	1	binary_outcome_class	1.0	approved	controlled_categorical_outcome	clintox_organ_injury_binary.v1	not_applicable	none	valid	True		The scores returned toward control levels after cessation of DEHP treatments with the vitamin supplemented group reaching nearly control levels by day 45 and the unsupplemented group reaching nearly control levels by day 55. There were significant differences between supplemented and unsupplemented DEHP-treated animals in histologic score on experiment days 25, 35, and 45.
pass	Manually checked source support, canonical measurement/unit, semantic and reference policy, validity, and assay-transfer eligibility.	clintox_measurement_unit_manual_review.v2	organ_specific_toxicity	21515	d53236b2e242c0a0bcb9c6fbba1c1d9d0f76bfecd0c375b24f085d62d570f1ef	aquaporin-1 expression		no_injury_observed		aquaporin_1_expression	0	binary_outcome_class	0.0	approved	controlled_categorical_outcome	clintox_organ_injury_binary.v1	not_applicable	none	valid	True		Genistein treatment had no detected effect on aquaporin-1 immuno expression on all days examined (PND 10, 18, 25, and 75).
pass	Manually checked source support, canonical measurement/unit, semantic and reference policy, validity, and assay-transfer eligibility.	clintox_measurement_unit_manual_review.v2	genotoxicity_carcinogenicity	269877	277914931e155b7d70961f0d94f8ddaf652945320ea4b6228b9ce2dcaddbb430	chromosome number changes (p53 and hTERC genes)		mixed		chromosome_number_changes_(p53_and_hterc_genes)	mixed			evidence_only	unreviewed	clintox.unreviewed_measurement.v1	unknown	unknown	non_scalar_measurement	False	non_scalar_measurement	We observed some changes during RS and dox-induced SIPS concerning the p53 gene and we did not observe any changes of the hTERC gene.
pass	Manually checked source support, canonical measurement/unit, semantic and reference policy, validity, and assay-transfer eligibility.	clintox_measurement_unit_manual_review.v2	genotoxicity_carcinogenicity	480799	d5e87d22d3b00ea6710c16cb54e477106ec0d0d21d356c1f4cb7f9282696b480	cell death		negative		cell_death	0	binary_outcome_class	0.0	approved	controlled_categorical_outcome	clintox_genotoxicity_binary.v1	not_applicable	none	off_schema_controlled_value	False	off_schema_controlled_value	t-BuOOH-induced cell death was almost completely blocked by liproxstatin-1 (1 µM) in both NIH3T3 and HaCaT cells (Fig. 5a,b).
pass	Manually checked source support, canonical measurement/unit, semantic and reference policy, validity, and assay-transfer eligibility.	clintox_measurement_unit_manual_review.v2	genotoxicity_carcinogenicity	244083	5fd750e3b0a1a970caee3a10435aac75539af31d33de874d1c2e64e2f1527eec	polyploidy		positive		polyploidy	1	binary_outcome_class	1.0	approved	controlled_categorical_outcome	clintox_genotoxicity_binary.v1	not_applicable	none	off_schema_controlled_value	False	off_schema_controlled_value	Zearalenone induced polyploidy in CHO cells.
pass	Manually checked source support, canonical measurement/unit, semantic and reference policy, validity, and assay-transfer eligibility.	clintox_measurement_unit_manual_review.v2	genotoxicity_carcinogenicity	509893	72e715afcfd5bfd6394dfcfcb4836c6c9d6fc24da1dc9fc0a1c55836c738339a	complex V activity				complex_v_activity				evidence_only	unreviewed	clintox.unreviewed_measurement.v1	unknown	unknown	off_schema_controlled_value	False	off_schema_controlled_value	In alcohol-treated WT mice, complex V activity was transiently decreased by 36% at 2 h (p < 0.05, two-way ANOVA followed by PLSD test) but recovered at 24 h; no change in MnSOD-overexpressing mice.
pass	Manually checked source support, canonical measurement/unit, semantic and reference policy, validity, and assay-transfer eligibility.	clintox_measurement_unit_manual_review.v2	genotoxicity_carcinogenicity	82108	bf607b2f6148a3879a48aa6e1900fd1d95d54934842d1836c51b8251793839be	DNA damage (comet tail length and percentage of damaged cells)		negative		dna_damage_(comet_tail_length_and_percentage_of_damaged_cells)	0	binary_outcome_class	0.0	approved	controlled_categorical_outcome	clintox_genotoxicity_binary.v1	not_applicable	none	valid	True		Photographs showing comet of bone marrow cells in each group (EtBr staining, ×400 magnification). Quantified representations of comet assay parameters revealed that treatment with I3C mitigated damage cell (%) and comet tail length (µm).
pass	Manually checked source support, canonical measurement/unit, semantic and reference policy, validity, and assay-transfer eligibility.	clintox_measurement_unit_manual_review.v2	genotoxicity_carcinogenicity	39906	e8a37f1dd2c7343cadf01b089424c5caea37de7ac746d21e076514e132157ca8	micronucleus (MN) and hypodiploid nuclei (HDN) formation		positive		micronucleus_(mn)_and_hypodiploid_nuclei_(hdn)_formation	1	binary_outcome_class	1.0	approved	controlled_categorical_outcome	clintox_genotoxicity_binary.v1	not_applicable	none	valid	True		In CHO-WBL cells co-exposed to nicotine and lysosomal pH-raising chemicals (NH4Cl, BafA1, or nigericin), all three chemicals had remarkable attenuating effects on nicotine's capacity to induce MN and HDN formation, particularly at the lower effective concentrations, strongly indicating that nicotine alone induces these endpoints via its lysosomotropic properties.
pass	Manually checked source support, canonical measurement/unit, semantic and reference policy, validity, and assay-transfer eligibility.	clintox_measurement_unit_manual_review.v2	genotoxicity_carcinogenicity	310657	6064ddd0d405c8127faba15dcb871b824c6b725d8164a910726e2fcf0794f854	DNA single-strand breaks				dna_single_strand_breaks				evidence_only	unreviewed	clintox.unreviewed_measurement.v1	unknown	unknown	non_scalar_measurement	False	non_scalar_measurement	Irradiated cells at [As(V)] 700 µM: median comet values 4,4,4,4; summed value 16.
pass	Manually checked source support, canonical measurement/unit, semantic and reference policy, validity, and assay-transfer eligibility.	clintox_measurement_unit_manual_review.v2	genotoxicity_carcinogenicity	562294	46d07a18853157c9b4348fb929f59056c16ccd3e56fa33abc787b67f6e183756			negative		missing_endpoint	0	binary_outcome_class	0.0	approved	controlled_categorical_outcome	clintox_genotoxicity_binary.v1	not_applicable	none	off_schema_controlled_value	False	off_schema_controlled_value	We have found that certain halogenated biphenyls, including 3,4,5-trichlorobiphenyl, did not elicit a positive response in S.typhimurium.
pass	Manually checked source support, canonical measurement/unit, semantic and reference policy, validity, and assay-transfer eligibility.	clintox_measurement_unit_manual_review.v2	genotoxicity_carcinogenicity	128357	02499609cbb6d6b7472ee90437cb8d3b59a0876e23d5771f9d0621b262bc7240			positive		missing_endpoint	1	binary_outcome_class	1.0	approved	controlled_categorical_outcome	clintox_genotoxicity_binary.v1	not_applicable	none	off_schema_controlled_value	False	off_schema_controlled_value	In the repeated-dose (14 days) comet assay, isatin at 150 mg/kg b.w. induced DNA damage at a level statistically significantly different from the negative control (genotoxic activity), with most damaged cells being class 1 (Table 4).
pass	Manually checked source support, canonical measurement/unit, semantic and reference policy, validity, and assay-transfer eligibility.	clintox_measurement_unit_manual_review.v2	genotoxicity_carcinogenicity	165817	20c8c59fe92039b2b357dbcd482ccd4fa3d2693c975ab12bc30a2f1e73842fa8	chromosomal aberrations		negative (no change with GSH depletion)		chromosomal_aberrations	negative (no change with GSH depletion)			evidence_only	unreviewed	clintox.unreviewed_measurement.v1	unknown	unknown	off_schema_controlled_value	False	off_schema_controlled_value	In human fibroblasts, DMAA at 3.6×10^-4 M induced 4 chromosomal aberrations per 100 metaphases without BSO; with BSO (0.02 mM) to deplete GSH, aberrations remained 4 per 100 metaphases (ratio +BSO/-BSO = 1).
pass	Manually checked source support, canonical measurement/unit, semantic and reference policy, validity, and assay-transfer eligibility.	clintox_measurement_unit_manual_review.v2	genotoxicity_carcinogenicity	231253	e16841ebdedc374dd9d84619773325344664d807c4fbd11a66202d39534ff27c	MLLbcr breakage (genomic PCR amplification)		negative		mllbcr_breakage_(genomic_pcr_amplification)	0	binary_outcome_class	0.0	approved	controlled_categorical_outcome	clintox_genotoxicity_binary.v1	not_applicable	none	valid	True		Different from ATM knockdown, KU55933 treatment of HeLa protected against aphidicolin-induced genomic MLLbcr breakage, but had no additive effect after EndoG knockdown (Figure 5g).
pass	Manually checked source support, canonical measurement/unit, semantic and reference policy, validity, and assay-transfer eligibility.	clintox_measurement_unit_manual_review.v2	genotoxicity_carcinogenicity	306133	3827ae6ba84c1057eb4973f0cd6a8eea06fb6ce40d7461d8a50d2811bf04559f	aneuploidy/aneusomy		positive		aneuploidy/aneusomy	1	binary_outcome_class	1.0	approved	controlled_categorical_outcome	clintox_genotoxicity_binary.v1	not_applicable	none	valid	True		At 8 months after enteric exposure to benzene, aneuploid cell frequencies in primitive hematopoietic sub-populations were significantly higher in benzene-treated groups than in untreated or corn oil treated groups (P < 6e-9).
pass	Manually checked source support, canonical measurement/unit, semantic and reference policy, validity, and assay-transfer eligibility.	clintox_measurement_unit_manual_review.v2	genotoxicity_carcinogenicity	429368	15ee798dae9bbb33a11d61fed8f031489fef055b6d2f517066fa161185d737d9			mixed		missing_endpoint	mixed			evidence_only	unreviewed	clintox.unreviewed_measurement.v1	unknown	unknown	non_scalar_measurement	False	non_scalar_measurement	BaP significantly induced ROS and hydrogen peroxides in the extracellular medium of MCF-10A cells. All DAS pre- and concurrent treatments were effective in attenuating BaP-induced aqueous peroxides, but the 6 µM DAS concurrent treatment increased peroxide formation.
pass	Manually checked source support, canonical measurement/unit, semantic and reference policy, validity, and assay-transfer eligibility.	clintox_measurement_unit_manual_review.v2	genotoxicity_carcinogenicity	399436	a3a030a6b19783b0baca3352a30557d82838968d50c89e7f18995817e32c1023	micronuclei in polychromatic erythrocytes (MNPCE)		negative		micronuclei_in_polychromatic_erythrocytes_(mnpce)	0	binary_outcome_class	0.0	approved	controlled_categorical_outcome	clintox_genotoxicity_binary.v1	not_applicable	none	off_schema_controlled_value	False	off_schema_controlled_value	In the in vivo mouse bone-marrow micronucleus assay, canthaxanthin significantly reduced the number of BaP- or CP-induced micronuclei in polychromatic erythrocytes (25–46% reduction).
pass	Manually checked source support, canonical measurement/unit, semantic and reference policy, validity, and assay-transfer eligibility.	clintox_measurement_unit_manual_review.v2	genotoxicity_carcinogenicity	128733	f0e5c778f5b686c6ebf876001ca5372ffebc9ea431f3b1e8121b80ff00d33699	chromosome aberrations		positive		chromosome_aberrations	1	binary_outcome_class	1.0	approved	controlled_categorical_outcome	clintox_genotoxicity_binary.v1	not_applicable	none	off_schema_controlled_value	False	off_schema_controlled_value	Aag -/- cells were much more sensitive than wild type to chromosome aberrations induced by Me-Lex (Figure 2D,F). Alkylating agents such as Me-Lex are known to be potent inducers of chromosome aberrations.
pass	Manually checked source support, canonical measurement/unit, semantic and reference policy, validity, and assay-transfer eligibility.	clintox_measurement_unit_manual_review.v2	genotoxicity_carcinogenicity	414964	a406c8967cae9ff2f126ef93228d47ad3e3262bb45b6dc56a3963695cc789a56	mtDNA depletion		increase		mtdna_depletion	increase			evidence_only	unreviewed	clintox.unreviewed_measurement.v1	unknown	unknown	off_schema_controlled_value	False	off_schema_controlled_value	Poirier et al. [2003] found significant mtDNA depletion in leukocytes of uninfected infants born to HIV-1-infected mothers who received no treatment, and this depletion was further increased in infants of mothers receiving AZT during pregnancy.
pass	Manually checked source support, canonical measurement/unit, semantic and reference policy, validity, and assay-transfer eligibility.	clintox_measurement_unit_manual_review.v2	genotoxicity_carcinogenicity	316318	b6c7c29695829f8dcd6a604d6ec8a03519bfa850cb79e79404ff647996cc1408	revertant mutations		negative		revertant_mutations	0	binary_outcome_class	0.0	approved	controlled_categorical_outcome	clintox_genotoxicity_binary.v1	not_applicable	none	valid	True		In Salmonella typhimurium TA98 without S9 metabolic activation, 3,3'-dimethoxybenzidine did not induce revertant mutations (slope = 0 rev/µmole) over the dose range 0.01-3 µmole/plate. Data are from at least two independent experiments with triplicate plating per dose.
pass	Manually checked source support, canonical measurement/unit, semantic and reference policy, validity, and assay-transfer eligibility.	clintox_measurement_unit_manual_review.v2	genotoxicity_carcinogenicity	170979	692ae6e6413321da35652cb73642b929f4ab791df3b7cb24e51bd52b274f63c3	testicular interstitial cell adenomas		positive		testicular_interstitial_cell_adenomas	1	binary_outcome_class	1.0	approved	controlled_categorical_outcome	clintox_genotoxicity_binary.v1	not_applicable	none	valid	True		A carcinogenicity study of Relpax (a commercial formulation of ELT) showed an increase in the incidence of testicular interstitial cell adenomas in rats and mice at a high dose after 104 weeks of exposure.
pass	Manually checked source support, canonical measurement/unit, semantic and reference policy, validity, and assay-transfer eligibility.	clintox_measurement_unit_manual_review.v2	genotoxicity_carcinogenicity	261224	a18ec74f959196ba2f2f2cee2abf5da2a00f72526ad34c4819a52a0070f7c2b3	mononucleated cells with micronuclei				mononucleated_cells_with_micronuclei				evidence_only	unreviewed	clintox.unreviewed_measurement.v1	unknown	unknown	non_scalar_measurement	False	non_scalar_measurement	The percentage of mononucleated cells with micronuclei was measured after incubation with enriched uranium (EU) at concentrations of 0, 5, 50, and 500 µM. Statistical analysis using the contrast method showed significant differences (p<0.05) among the EU groups, indicated by different letters a–c. Asterisks mark comparisons between DU and EU groups at p<0.05 and p<0.01.
pass	Manually checked source support, canonical measurement/unit, semantic and reference policy, validity, and assay-transfer eligibility.	clintox_measurement_unit_manual_review.v2	genotoxicity_carcinogenicity	154783	f75d65988c5e6a044aa47a8b57427685bfc7a9eea9a26a74f9c2db6a4b76cf66	hERG block potency (IC50)		negative		herg_block_potency_(ic50)	0	binary_outcome_class	0.0	approved	controlled_categorical_outcome	clintox_genotoxicity_binary.v1	not_applicable	none	off_schema_controlled_value	False	off_schema_controlled_value	activity of prucalopride unchanged by K897T (Chapman and Pasternack, 2007)
pass	Manually checked source support, canonical measurement/unit, semantic and reference policy, validity, and assay-transfer eligibility.	clintox_measurement_unit_manual_review.v2	genotoxicity_carcinogenicity	198116	317fea87790c43f05dc59d465a4674c177fddc40b647449700e2cbcc4cc7dda5	chromosomal aberrations (abnormal LSK, translocations, deletions)		positive		chromosomal_aberrations_(abnormal_lsk,_translocations,_deletions)	1	binary_outcome_class	1.0	approved	controlled_categorical_outcome	clintox_genotoxicity_binary.v1	not_applicable	none	off_schema_controlled_value	False	off_schema_controlled_value	In the untreated controls, abnormal LSK was found in only one of 20 sublines (a small deletion in chromosome M2). No such chromosomal aberrations were detected in the other 19 sublines. In contrast, seven of 20 sublines isolated from the B[a]P-treated group had abnormal LSKs, including reciprocal translocations (e.g., between chromosomes 1 and M2) and whole chromosome deletions (e.g., chromosome M7). The other 13 sublines from the treated group had normal karyotypes.
pass	Manually checked source support, canonical measurement/unit, semantic and reference policy, validity, and assay-transfer eligibility.	clintox_measurement_unit_manual_review.v2	genotoxicity_carcinogenicity	509895	b9d06671dd12f6dafc4c5fbb346932df01ce9412c77e7a83a749e906e7a39d52	mtDNA depletion				mtdna_depletion				evidence_only	unreviewed	clintox.unreviewed_measurement.v1	unknown	unknown	off_schema_controlled_value	False	off_schema_controlled_value	Ethanol + tempol resulted in 97 ± 10% mtDNA/nDNA hybridization at 2 h, not significantly different from control, indicating full protection against ethanol-induced mtDNA depletion.
pass	Manually checked source support, canonical measurement/unit, semantic and reference policy, validity, and assay-transfer eligibility.	clintox_measurement_unit_manual_review.v2	genotoxicity_carcinogenicity	273410	665f952b9db22d5c466f047ed873f890ed54f1b44e60fde2b395e3b546c64522	revertant mutations		negative		revertant_mutations	0	binary_outcome_class	0.0	approved	controlled_categorical_outcome	clintox_genotoxicity_binary.v1	not_applicable	none	valid	True		Co-treatment with caffeine caused more than 50% inhibition (↓↓) of MNU mutagenicity.
pass	Manually checked source support, canonical measurement/unit, semantic and reference policy, validity, and assay-transfer eligibility.	clintox_measurement_unit_manual_review.v2	genotoxicity_carcinogenicity	200976	ce7348bc4a762e632a96e48309900f5860398dace66853e870c82af3f9c0862f	BaP-DNA adducts		positive		bap_dna_adducts	1	binary_outcome_class	1.0	approved	controlled_categorical_outcome	clintox_genotoxicity_binary.v1	not_applicable	none	valid	True		The paper reports BaP-DNA adducts were present after BaP treatment, as it states 'BaP-DNA adducts' were measured and modulated by HIF-1 induction.
pass	Manually checked source support, canonical measurement/unit, semantic and reference policy, validity, and assay-transfer eligibility.	clintox_measurement_unit_manual_review.v2	genotoxicity_carcinogenicity	406476	7e33ec004755823db7970603b93dad647c04be5f30ce71af3720bc1a71d3637a	cancer in humans		equivocal		cancer_in_humans	equivocal			evidence_only	unreviewed	clintox.unreviewed_measurement.v1	unknown	unknown	non_scalar_measurement	False	non_scalar_measurement	The International Agency for Research on Cancer (IARC) concluded that there is limited evidence in humans for the carcinogenicity of JP-8, and classified it into Group 3: Unclassifiable as to carcinogenicity to humans.
pass	Manually checked source support, canonical measurement/unit, semantic and reference policy, validity, and assay-transfer eligibility.	clintox_measurement_unit_manual_review.v2	genotoxicity_carcinogenicity	436562	4d1ce42740d086697619bb1a29a1712faeb277c06eebd8a63d4091cc5266bee1	prostate and testicular cancer		negative		prostate_and_testicular_cancer	0	binary_outcome_class	0.0	approved	controlled_categorical_outcome	clintox_genotoxicity_binary.v1	not_applicable	none	off_schema_controlled_value	False	off_schema_controlled_value	Studies investigating an association of DDT with prostate and testicular cancer have been inconclusive or do not support an association (76).
pass	Manually checked source support, canonical measurement/unit, semantic and reference policy, validity, and assay-transfer eligibility.	clintox_measurement_unit_manual_review.v2	genotoxicity_carcinogenicity	529457	57b3b8f2b20e358f9cb205d6bdc4a03d38c5843ad502b58fb987a05441ef3072	fructose level		positive		fructose_level	1	binary_outcome_class	1.0	approved	controlled_categorical_outcome	clintox_genotoxicity_binary.v1	not_applicable	none	off_schema_controlled_value	False	off_schema_controlled_value	In the same study (Pant et al., 2004), seminal fluid fructose levels were positively correlated with p,p'-DDE concentrations in infertile men.
pass	Manually checked source support, canonical measurement/unit, semantic and reference policy, validity, and assay-transfer eligibility.	clintox_measurement_unit_manual_review.v2	genotoxicity_carcinogenicity	189761	0334dfeb0e9c24e5b7255a06465d863bd84117b3173e1355a23e22638dc79c9f	fork restart efficiency (median IdU/CldU ratio)		severely reduced restart (nearly three-fold reduction)		fork_restart_efficiency_(median_idu/cldu_ratio)	severely reduced restart (nearly three-fold reduction)			evidence_only	unreviewed	clintox.unreviewed_measurement.v1	unknown	unknown	off_schema_controlled_value	False	off_schema_controlled_value	Compared to WT PEO4 cells (median IdU/CldU = 1.4169), BRCA2-mutated PEO1 cells exposed to WRNi exhibited a nearly three-fold reduction in IdU/CldU ratio (median IdU/CldU = 0.5539).
pass	Manually checked source support, canonical measurement/unit, semantic and reference policy, validity, and assay-transfer eligibility.	clintox_measurement_unit_manual_review.v2	genotoxicity_carcinogenicity	170757	68cee56c32647470ce10869e8b0ae8f19a96d13fe7bf3d42ea4b8bcc7fc896f9	reverse mutation		negative		reverse_mutation	0	binary_outcome_class	0.0	approved	controlled_categorical_outcome	clintox_genotoxicity_binary.v1	not_applicable	none	valid	True		In the Ciaravino et al. (1995) study, atorvastatin was tested in mutagenicity assays with bacteria (*E. coli* and *S. typhimurium*) and the overall result indicated an absence of mutagenic effects.
pass	Manually checked source support, canonical measurement/unit, semantic and reference policy, validity, and assay-transfer eligibility.	clintox_measurement_unit_manual_review.v2	genotoxicity_carcinogenicity	141075	206d6c347ae312ecc6fd45da921dae7ce1ce2d59a6997deb1525f4ae7f655c44	binucleated cells with micronuclei (MNBNC)		positive		binucleated_cells_with_micronuclei_(mnbnc)	1	binary_outcome_class	1.0	approved	controlled_categorical_outcome	clintox_genotoxicity_binary.v1	not_applicable	none	valid	True		In undifferentiated HepaRG cells treated with CYN for 24 h, MNBNC was significantly increased at 0.5 µg/ml (6.0%) and 1 µg/ml (9.3%) compared to control (4.1%).
pass	Manually checked source support, canonical measurement/unit, semantic and reference policy, validity, and assay-transfer eligibility.	clintox_measurement_unit_manual_review.v2	cellular_stress	159970	bc69b4b6a0851ca81c6c54811df6e121490be46e73fdda9251de8266f3e9c0a8	stress_pathway_activation		mixed_or_context_dependent		stress_pathway_activation	mixed_or_context_dependent			evidence_only	unreviewed	clintox.unreviewed_measurement.v1	unknown	unknown	non_scalar_measurement	False	non_scalar_measurement	All TD cells showed higher LC3B II/I ratio compared to UTD at basal conditions... When bleomycin is added, the ratio decreased in a statistical way only in TD miniATM, while it significant decreased after the recovery condition in all TD cells.
pass	Manually checked source support, canonical measurement/unit, semantic and reference policy, validity, and assay-transfer eligibility.	clintox_measurement_unit_manual_review.v2	cellular_stress	472871	decf9a77bf4355e6417f7e68879ce491d17aca870562a1f9cc0cfeac6222338f	mitochondrial dysfunction		induces_or_increases		mitochondrial_dysfunction	1	signed_effect_direction	1.0	approved	controlled_categorical_outcome	clintox_cellular_stress_direction.v1	not_applicable	none	off_schema_controlled_value	False	off_schema_controlled_value	Loss of mitochondrial potential in U937/Bcl-2 cells exposed to bryostatin-1 and 2 Gy IR was slightly greater than that induced by bryostatin-1 alone.
pass	Manually checked source support, canonical measurement/unit, semantic and reference policy, validity, and assay-transfer eligibility.	clintox_measurement_unit_manual_review.v2	cellular_stress	167015	f4f08aa50405164cc8fa1f00cba1ad99f005d45adbf763f3dc515abb32932b71	apoptosis		no_effect		apoptosis	0	signed_effect_direction	0.0	approved	controlled_categorical_outcome	clintox_cellular_stress_direction.v1	not_applicable	none	off_schema_controlled_value	False	off_schema_controlled_value	Dantrolene, an inhibitor of Ca2+ entry at the endoplasmic reticulum, also was ineffective against the NOR3-induced cytotoxicity (Fig. 1C).
pass	Manually checked source support, canonical measurement/unit, semantic and reference policy, validity, and assay-transfer eligibility.	clintox_measurement_unit_manual_review.v2	cellular_stress	327862	ecdc314bf68bb4178e39347faf9c031393c39438b66d5b6cd2ff721ba1a2b297	ferroptosis		reduces_or_protects		ferroptosis	-1	signed_effect_direction	-1.0	approved	controlled_categorical_outcome	clintox_cellular_stress_direction.v1	not_applicable	none	off_schema_controlled_value	False	off_schema_controlled_value	In AML12 cells, Cd induced cell death and enhanced ferroptosis markers (lipid peroxidation and ROS), whereas Se supplementation markedly diminished these effects and increased cell survival, as shown by CCK8, BODIPY-C11, and DCFH-DA assays. The rescue effects of Se were similar to the ferroptosis inhibitor liproxstatin-1 (Figures 5A–C).
pass	Manually checked source support, canonical measurement/unit, semantic and reference policy, validity, and assay-transfer eligibility.	clintox_measurement_unit_manual_review.v2	cellular_stress	140263	75b651cb5b34a57623220caedca3ce595aa2b4a2ab4786553dad91fd46224756	Nuclear DNA mutation frequency				nuclear_dna_mutation_frequency				evidence_only	unreviewed	clintox.unreviewed_measurement.v1	unknown	unknown	off_schema_controlled_value	False	off_schema_controlled_value	In mice treated with 75 mg/kg/day benzo[a]pyrene (BaP) for 28 days, a 38-fold elevation in mutant frequency was observed in nuclear DNA isolated from the liver, using a lacZ transgenic mouse assay, as previously reported.
pass	Manually checked source support, canonical measurement/unit, semantic and reference policy, validity, and assay-transfer eligibility.	clintox_measurement_unit_manual_review.v2	cellular_stress	471273	b696944b64f0f5d30cd9c1b88e054539d177ba30845a7401c3dc5acafc03ea35	ros_generation		induces_or_increases		ros_generation	1	signed_effect_direction	1.0	approved	controlled_categorical_outcome	clintox_cellular_stress_direction.v1	not_applicable	none	valid	True		Ding et al. (2001) attributed the increased ROS formation after exposure to MC-LR to a surge of Ca2+ level in the mitochondria resulting in the onset of membrane permeabilization transition (MPT) leading to cell death.
pass	Manually checked source support, canonical measurement/unit, semantic and reference policy, validity, and assay-transfer eligibility.	clintox_measurement_unit_manual_review.v2	cellular_stress	178007	d8dfd18503a07c5c1058ae960ee71bcdf8d81da7d0317e005a6a4f207536339c	apoptosis		no_effect		apoptosis	0	signed_effect_direction	0.0	approved	controlled_categorical_outcome	clintox_cellular_stress_direction.v1	not_applicable	none	valid	True		In rat cortical neurons, TCPy showed no effect on apoptosis up to 130 µM (Caughlan et al., 2004).
pass	Manually checked source support, canonical measurement/unit, semantic and reference policy, validity, and assay-transfer eligibility.	clintox_measurement_unit_manual_review.v2	cellular_stress	491510	f9ced4e13ba716d2b50305b28d13769724209509ad315c76e717c8396db3fae5	apoptosis		reduces_or_protects		apoptosis	-1	signed_effect_direction	-1.0	approved	controlled_categorical_outcome	clintox_cellular_stress_direction.v1	not_applicable	none	valid	True		Notably, western blot analysis revealed that the expression of the anti-apoptotic protein Bcl-2 was increased, and the expression of the apoptogenic proteins Bax and Cyt. C was decreased in the chloroquine treatment group compared with the diabetic control group.
pass	Manually checked source support, canonical measurement/unit, semantic and reference policy, validity, and assay-transfer eligibility.	clintox_measurement_unit_manual_review.v2	cellular_stress	150278	6f92e6701a6fc8ad1b13961d294cafaca30d88598ddb8b00a14a1e2a2e5a4603	mitochondrial_dysfunction		mixed_or_context_dependent		mitochondrial_dysfunction	mixed_or_context_dependent			evidence_only	unreviewed	clintox.unreviewed_measurement.v1	unknown	unknown	non_scalar_measurement	False	non_scalar_measurement	Caffeine augmented mitochondrial respiration with palmitoyl-L-carnitine (EC20 = 181 µM in WT, 305 µM in ob/ob) and also induced ΔΨm loss (EC20 = 330 µM in WT), as shown in Table I.
pass	Manually checked source support, canonical measurement/unit, semantic and reference policy, validity, and assay-transfer eligibility.	clintox_measurement_unit_manual_review.v2	cellular_stress	167626	e5de626b6c96d6e42af8bcec0965bdde3785e968a113dbaab461710063797cb6	no_effect		induces_or_increases		no_effect	1	signed_effect_direction	1.0	approved	controlled_categorical_outcome	clintox_cellular_stress_direction.v1	not_applicable	none	off_schema_controlled_value	False	off_schema_controlled_value	In DOX-treated models, miR-526b-3p is upregulated, disrupting vascular homeostasis via VEGF-A, as observed in mouse myocardium and HUVECs.
pass	Manually checked source support, canonical measurement/unit, semantic and reference policy, validity, and assay-transfer eligibility.	clintox_measurement_unit_manual_review.v2	cellular_stress	167014	81fdc705e31f59256cc18054516903665e7607d4a9a70a66ab9baeb98c782230	apoptosis		no_effect		apoptosis	0	signed_effect_direction	0.0	approved	controlled_categorical_outcome	clintox_cellular_stress_direction.v1	not_applicable	none	off_schema_controlled_value	False	off_schema_controlled_value	PC12 cells were pretreated with indicated concentrations of uric acid for 30 min before exposure to NOR3 (100 µM). Uric acid could not effectively prevent the NOR3-induced cell death as measured by MTT assay after 24 hr (Fig. 1B).
pass	Manually checked source support, canonical measurement/unit, semantic and reference policy, validity, and assay-transfer eligibility.	clintox_measurement_unit_manual_review.v2	cellular_stress	304050	a69ad933e212afa700e318bccce5b2f5d340eecc765095488e2b46dcfc0edb92	mitochondrial dysfunction		reduces_or_protects		mitochondrial_dysfunction	-1	signed_effect_direction	-1.0	approved	controlled_categorical_outcome	clintox_cellular_stress_direction.v1	not_applicable	none	off_schema_controlled_value	False	off_schema_controlled_value	A modest benefit at the level of mitochondrial membrane potential that depends on RC function is observed when animals are treated with resveratrol, rosiglitazone, or fenofibrate.
pass	Manually checked source support, canonical measurement/unit, semantic and reference policy, validity, and assay-transfer eligibility.	clintox_measurement_unit_manual_review.v2	cellular_stress	365900	0f74c2fc255572e0141a06a5470774e3e850f660f376d5fbd3d1f6f2c791d9dc	mitochondrial_dysfunction		induction/increase		mitochondrial_dysfunction	induction/increase			evidence_only	unreviewed	clintox.unreviewed_measurement.v1	unknown	unknown	off_schema_controlled_value	False	off_schema_controlled_value	Auranofin disrupted mitochondrial redox homeostasis and induced apoptosis via mitochondrial outer membrane permeabilization, indicating mitochondrial dysfunction (p:62).
pass	Manually checked source support, canonical measurement/unit, semantic and reference policy, validity, and assay-transfer eligibility.	clintox_measurement_unit_manual_review.v2	cellular_stress	75929	72699639fa05a04860e03e41e114414d4d444a5b6506447f1a27541c2e40dd50	apoptosis		induces_or_increases		apoptosis	1	signed_effect_direction	1.0	approved	controlled_categorical_outcome	clintox_cellular_stress_direction.v1	not_applicable	none	valid	True		Together, these data for the first time link changes in Ca2+ homeostasis to the RES-mediated initiation of apoptosis. Sustained elevations in intracellular Ca2+ may serve as a universal cell death signal that can be exploited for antitumor therapy. Differences in expression of a RES target and/or Ca2+ regulatory mechanisms in cancer versus normal cells may allow RES to induce apoptosis selectively in breast cancer cells.
pass	Manually checked source support, canonical measurement/unit, semantic and reference policy, validity, and assay-transfer eligibility.	clintox_measurement_unit_manual_review.v2	cellular_stress	176866	046043047fc90315147f9a74ced7bc04ff082fd6ba84e1f139b3aea7ccae6388	mitochondrial_dysfunction		no_effect		mitochondrial_dysfunction	0	signed_effect_direction	0.0	approved	controlled_categorical_outcome	clintox_cellular_stress_direction.v1	not_applicable	none	valid	True		In liver preparations, there was no significant difference in mitochondrial Ca2+ influx between groups, indicating no effect of T.
pass	Manually checked source support, canonical measurement/unit, semantic and reference policy, validity, and assay-transfer eligibility.	clintox_measurement_unit_manual_review.v2	cellular_stress	402095	94a15ff6a06bd13cc387b0c57539fcc3db40e629abee394aeb71f4da083805ea	ros_generation		reduces_or_protects		ros_generation	-1	signed_effect_direction	-1.0	approved	controlled_categorical_outcome	clintox_cellular_stress_direction.v1	not_applicable	none	valid	True		Melatonin activated the AMPK/SERCA2a pathway to partly block the Ca2+-XO-ROS-Drp1-mitochondrial fission pathways. The activated AMPK pathway under melatonin treatment significantly enhanced the cellular ATP generation and therefore contributed to the increase in SERCA2a activity. However, inhibition of AMPK or SERCA2a partly caused the rebound of calcium overload, suggesting that AMPK was a defender activated by melatonin to counteract the Ca2+-XO-ROS-Drp1 pathway.
pass	Manually checked source support, canonical measurement/unit, semantic and reference policy, validity, and assay-transfer eligibility.	clintox_measurement_unit_manual_review.v2	cellular_stress	183307	efe69b31a583cfd84839f8f30ef2cb5ecdaec412146085b7e2617d13565bdd02					missing_endpoint				evidence_only	unreviewed	clintox.unreviewed_measurement.v1	unknown	unknown	non_scalar_measurement	False	non_scalar_measurement	...
pass	Manually checked source support, canonical measurement/unit, semantic and reference policy, validity, and assay-transfer eligibility.	clintox_measurement_unit_manual_review.v2	cellular_stress	288166	be19b93e3fe868c17132e0dc3b51c843688c38a8d09873e6af9f52c41e60a8e9	cytotoxicity		induces_or_increases		cytotoxicity	1	signed_effect_direction	1.0	approved	controlled_categorical_outcome	clintox_cellular_stress_direction.v1	not_applicable	none	off_schema_controlled_value	False	off_schema_controlled_value	In CHO cells transfected with OAT1, the intracellular level of cidofovir was 186-fold of that in CHO control cells, and accordingly cidofovir showed 400-fold higher cytotoxicity in CHO-OAT1 cells compared to CHO cells. Probenecid significantly reduced OAT1-mediated uptake of cidofovir and resultant cytotoxicity effect.
pass	Manually checked source support, canonical measurement/unit, semantic and reference policy, validity, and assay-transfer eligibility.	clintox_measurement_unit_manual_review.v2	cellular_stress	444558	862d3bae087bd8122f79f65d5779145bca401bb312e694f11a1649cb44fc8c9f	chemical_toxicity		no_effect		chemical_toxicity	0	signed_effect_direction	0.0	approved	controlled_categorical_outcome	clintox_cellular_stress_direction.v1	not_applicable	none	off_schema_controlled_value	False	off_schema_controlled_value	The calculated national estimated short-term intakes (NESTI) for adults for apple, potatoes all, potato chips, and maize were all below the two ARfDs proposed by the EFSA scientific panel and the one proposed by the Evaluation Group. These figures represent only a small percentage of the ARfD, indicating no acute toxicity risk from glufosinate-ammonium residues.
pass	Manually checked source support, canonical measurement/unit, semantic and reference policy, validity, and assay-transfer eligibility.	clintox_measurement_unit_manual_review.v2	cellular_stress	183047	5ac62e586433fcd77f2cd66e947568337c9db1a7f481c4b93a52e6f19375e9f6	lipid_peroxidation		reduces_or_protects		lipid_peroxidation	-1	signed_effect_direction	-1.0	approved	controlled_categorical_outcome	clintox_cellular_stress_direction.v1	not_applicable	none	off_schema_controlled_value	False	off_schema_controlled_value	Recent publications have shown that JP4-039 and XJB-5-131 are able to scavenge ROS and electrons escaping from the respiratory chain (RC), mitigate radiation damage, and prevent lipid peroxidation, apoptosis and ferroptosis.
pass	Manually checked source support, canonical measurement/unit, semantic and reference policy, validity, and assay-transfer eligibility.	clintox_measurement_unit_manual_review.v2	cellular_stress	498857	ca761c45a6a9d11eb885efff6d25af38372ffbc89348e62268b24148c6bcaaf1	apoptosis		induction/increase		apoptosis	induction/increase			evidence_only	unreviewed	clintox.unreviewed_measurement.v1	unknown	unknown	off_schema_controlled_value	False	off_schema_controlled_value	Continued ER stress activated the PERK–EIF2α–ATF4 pathway, which then increased the expression of the ATF target gene BAX, leading to an increase in mitochondrial membrane permeability and ultimately to mitochondria-mediated apoptosis.
pass	Manually checked source support, canonical measurement/unit, semantic and reference policy, validity, and assay-transfer eligibility.	clintox_measurement_unit_manual_review.v2	cellular_stress	381786	61086e31f9e52ada0aea02dd1dc6cc4882b65d7a1f4c7a83cf893c70b342a047	mitochondrial_dysfunction		induces_or_increases		mitochondrial_dysfunction	1	signed_effect_direction	1.0	approved	controlled_categorical_outcome	clintox_cellular_stress_direction.v1	not_applicable	none	valid	True		Table shows that acrolein decreased mitochondrial activity (Alamar Blue reduction) from 100±5% (control) to 96±4% (1 µM), 69±6% (5 µM), 68±13% (10 µM), and 56±9% (15 µM) after 6 h. Paragraph 52 states that for ACR mitochondrial activity decreased up to 1.7 times compared with control.
pass	Manually checked source support, canonical measurement/unit, semantic and reference policy, validity, and assay-transfer eligibility.	clintox_measurement_unit_manual_review.v2	cellular_stress	217459	8b388464fbdc4a726722220242cbe2a32eab1ca36c6188fa75de4b43f81ccded	ros_generation		no_effect		ros_generation	0	signed_effect_direction	0.0	approved	controlled_categorical_outcome	clintox_cellular_stress_direction.v1	not_applicable	none	valid	True		Upon H2O2 exposure, a robust increase in intracellular ROS was observed correlated to a decrease in ΔΨm. However, neither DOX, DDOX, DMC, nor DDMC reduced intracellular ROS production under these conditions in midbrain cultures treated with APO.
pass	Manually checked source support, canonical measurement/unit, semantic and reference policy, validity, and assay-transfer eligibility.	clintox_measurement_unit_manual_review.v2	cellular_stress	306630	f32717c5dc2264cbd5d7fc0b1f78e37cd2b0ff4dd071d84a6e6db3c16678a3cc	stress_pathway_activation		reduces_or_protects		stress_pathway_activation	-1	signed_effect_direction	-1.0	approved	controlled_categorical_outcome	clintox_cellular_stress_direction.v1	not_applicable	none	valid	True		VD3 increased IκB expression, which reduced NF-κB nuclear binding activity as shown by EMSA, leading to decreased UCP-2 expression. VD3 also increased cellular GSH, which reduced NF-κB activity by scavenging excess ROS.
pass	Manually checked source support, canonical measurement/unit, semantic and reference policy, validity, and assay-transfer eligibility.	clintox_measurement_unit_manual_review.v2	cellular_stress	504853	f9a3307093698bb98a70e3f80ac0a4bff4a0403d24264b7ae7bf992553fb6ee9	ros_generation				ros_generation				evidence_only	unreviewed	clintox.unreviewed_measurement.v1	unknown	unknown	non_scalar_measurement	False	non_scalar_measurement	Chronic ethanol feeding dramatically increased the levels of ROS generated in hepatocytes approximately sixfold compared with levels measured in hepatocytes isolated from rats fed the control liquid diet.
pass	Manually checked source support, canonical measurement/unit, semantic and reference policy, validity, and assay-transfer eligibility.	clintox_measurement_unit_manual_review.v2	cellular_stress	210955	3efb450410d4d1bb48249ac3e7e98e8d0bc76a95b072d03384c1d118d3f9786d	cell_death		induces_or_increases		cell_death	1	signed_effect_direction	1.0	approved	controlled_categorical_outcome	clintox_cellular_stress_direction.v1	not_applicable	none	off_schema_controlled_value	False	off_schema_controlled_value	In paragraph 47, it is stated: 'OLs viability was significantly decreased by rotenone-mediated injury, as MTT assay showed.'
pass	Manually checked source support, canonical measurement/unit, semantic and reference policy, validity, and assay-transfer eligibility.	clintox_measurement_unit_manual_review.v2	cellular_stress	444560	2eda5153a62f36f1e1f1b39012b63f7b30a649a904e3b896601fb1f0b72e468a	chemical_toxicity		no_effect		chemical_toxicity	0	signed_effect_direction	0.0	approved	controlled_categorical_outcome	clintox_cellular_stress_direction.v1	not_applicable	none	off_schema_controlled_value	False	off_schema_controlled_value	There are no human data suggesting that GA causes reproductive toxicity in women or in the conceptus during the preimplantation period or at implantation.
pass	Manually checked source support, canonical measurement/unit, semantic and reference policy, validity, and assay-transfer eligibility.	clintox_measurement_unit_manual_review.v2	cellular_stress	521249	42b9f363353528ae0aaf49e42d0dd1939baaf54e7fc65d7468285517e68f801b	ferroptosis		reduces_or_protects		ferroptosis	-1	signed_effect_direction	-1.0	approved	controlled_categorical_outcome	clintox_cellular_stress_direction.v1	not_applicable	none	off_schema_controlled_value	False	off_schema_controlled_value	Treatment with Ferrostatin-1 alleviated ferroptosis and epithelial injury induced by 100 nm polystyrene microplastics.
pass	Manually checked source support, canonical measurement/unit, semantic and reference policy, validity, and assay-transfer eligibility.	clintox_measurement_unit_manual_review.v2	cellular_stress	169371	3eaf76195843d4ee687fecb39141eeb63420324c7ad40209241636c3ce8a0d59	necrosis		induction/increase		necrosis	induction/increase			evidence_only	unreviewed	clintox.unreviewed_measurement.v1	unknown	unknown	off_schema_controlled_value	False	off_schema_controlled_value	Histopathological examination of the rat brain revealed that the ACR group displayed severe neuronal degeneration and necrosis, as well as pronounced hyperemia in the meningeal and parenchymal vessels.
pass	Manually checked source support, canonical measurement/unit, semantic and reference policy, validity, and assay-transfer eligibility.	clintox_measurement_unit_manual_review.v2	cellular_stress	50166	f30c0d2a76d3de2fe7f716ee7b4d0d7e105edc6f3a5afb62a9a809a2161f1aba	oxidative_stress		induces_or_increases		oxidative_stress	1	signed_effect_direction	1.0	approved	controlled_categorical_outcome	clintox_cellular_stress_direction.v1	not_applicable	none	valid	True		NETosis is a cell death program that requires three processes: oxidative stress, citrullinated histones, and autophagy. It was found that PMA relies on autophagy to induce NETosis in neutrophils. Thus, PMA induces oxidative stress as part of NETosis induction.
