cleaned_record_id,source_id,endpoint_name,measurement_text,unit_text,gold_status,predicted_status,gold_measurements,predicted_measurements,status_match,measurement_match,unit_match,pair_match,raw_measurement_match,raw_unit_match,raw_pair_match,record_match,ok_pair_correct,assignment_method
009484be6b07a108a2d3dece8d11adadb9d6f43892386e74f16ba904e3b11342,premutagenic_damage,32p_postlabelling,up to 3.8,"fold (ellipticine-DNA adduct levels, induced vs control microsomes)",unsure,relative,[],[],False,,,,,,,False,False,model_single_pass
012a1c737ef9eda984ea73a7b88efee821c37126adb5b3f17e8afc13d7ca4761,premutagenic_damage,repair_synthesis_assay,60-70% inhibition,percent inhibition,unsure,unsure,[],[],True,,,,,,,True,False,model_single_pass
0138db4c007635606b34389d9206b225f0fc80809ede0bc1810ad188080e0629,fixed_mutation,microbial_forward_mutation,0.7,,unsure,ok,[],"[{""measurement"": ""0.7"", ""unit"": ""ratio""}]",False,,,,,,,False,False,model_single_pass
01f0c90da875e09515b5fecc69b0504ef7fe4090ca013936f3e6755878bb59d7,fixed_mutation,aneuploidy_or_chromosome_malsegregation,5.25,,unsure,unsure,[],[],True,,,,,,,True,False,model_single_pass
023dbaac7b3eb7da3c9bbcdeb18332d619c691db8715f8bafc9ee17ea17d9e49,premutagenic_damage,dna_crosslink_assay,significant increase in Top2αcc and Top2βcc vs p53+/+ cells,Top2cc per cell,unavailable,unavailable,[],[],True,,,,,,,True,False,model_single_pass
027fd3c0c6e384601c0256eb2c4d12da8101a69bea05ab34af8eabfb84a6dcca,premutagenic_damage,dna_adductomics,up to 6,chromatographic peaks,unsure,unsure,[],[],True,,,,,,,True,False,model_single_pass
0292b78b4f22e3f8920a0da831e9c904e35b830efee65c0cd5a7e5d59339efd8,mutagenicity_mechanism,metabolic_enzyme_activity_or_inactivation,1.7,,relative,relative,[],[],True,,,,,,,True,False,model_single_pass
02bab097f97b1bd107634f7a0a018688abd88a9632f229ad9176af5cab5fc4d2,fixed_mutation,aneuploidy_or_chromosome_malsegregation,10.5,,ok,ok,"[{""measurement"": ""10.5"", ""unit"": ""C-metaphases""}]","[{""measurement"": ""10.5"", ""unit"": ""count""}]",True,True,False,False,True,False,False,False,False,model_single_pass
02f60b20547145a2095ebc2ef278b3665964f64950616a050fa39dbc32ca6cc3,premutagenic_damage,other_ddr_reporter_or_panel,~90,percent of cells with Rad51 foci,ok,ok,"[{""measurement"": ""90"", ""unit"": ""percent of cells with Rad51 foci""}]","[{""measurement"": ""90"", ""unit"": ""percent of cells with Rad51 foci""}]",True,True,True,True,True,True,True,True,True,model_single_pass
02fb095e8c7b0003a73d93b8f21a12a119bdcc46b707a17e614d2abb746c2a9f,mutagenicity_mechanism,detoxification_or_conjugation_assay,3.6,,ok,ok,"[{""measurement"": ""3.6"", ""unit"": ""(R)-PEG/(S)-PEG ratio""}]","[{""measurement"": ""3.6"", ""unit"": ""ratio""}]",True,True,False,False,True,False,False,False,False,model_single_pass
030c9676efc7d2258c1497aaa447930bedf1e04079ec2276eba3d09bdf5d6962,premutagenic_damage,host_cell_reactivation,D0 ≈ 3 (UV); 2.5-fold fewer N-AAF adducts needed for 37% inhibition,adducts per plasmid; fold,unsure,unsure,[],[],True,,,,,,,True,False,model_single_pass
031bcd4ad5ffa89bceb9b6432692d02f70ed41dd08a8025fc84e9f6b5ee6464f,fixed_mutation,recombination_or_gene_conversion_assay,7.1,,unsure,relative,[],[],False,,,,,,,False,False,model_single_pass
034f166e7a6312b9f23e6a0488a5b664418059b92f088be83ed0ea2aef1e6d80,premutagenic_damage,host_cell_reactivation,≤50% at 20 bp; destroyed at 7 bp (two uracils) and 5 bp (uracil+furan),percent plasmid survival (CarbR/CmR) relative to undamaged sequence,unsure,unsure,[],[],True,,,,,,,True,False,model_single_pass
037493963a857481bda8cb603192154efb5d5d3d8756a939e0952410525b3af5,fixed_mutation,fish_or_molecular_cytogenetics,-0.01,,unsure,ok,[],"[{""measurement"": ""-0.01"", ""unit"": ""coefficient""}]",False,,,,,,,False,False,model_single_pass
03f96a402a8958f086508f24458e3b3419105caaf838fd5470acb1dd97a3da23,mutagenicity_mechanism,reactive_metabolite_trapping,0.07,,unsure,unsure,[],[],True,,,,,,,True,False,model_single_pass
04182ce8396aecb70213902ff79288d9c95a3d892d0ded21711dbe52115175ef,premutagenic_damage,other_ddr_reporter_or_panel,cells with >6 FANCD2 foci reduced from >60% to 10%,percent cells with >6 PLA foci,unsure,unsure,[],[],True,,,,,,,True,False,model_single_pass
0424bb9bfeac44ccf98c6bcde21ca5a0b581fb5df390ed1bad875b9c3b2bbbdf,premutagenic_damage,dna_crosslink_assay,14.1 ± 2.2,% total precipitated DNA,ok,ok,"[{""measurement"": ""14.1"", ""unit"": ""% total precipitated DNA""}]","[{""measurement"": ""14.1"", ""unit"": ""% total precipitated DNA""}]",True,True,True,True,True,True,True,True,True,model_single_pass
0505ccd8fa137e4b781349586d119e519edb0b5b0dca5ceb9acab730ab0c917a,fixed_mutation,other_mammalian_forward_mutation,0.00006,,ok,ok,"[{""measurement"": ""6"", ""unit"": ""10^-5 mutation frequency""}]","[{""measurement"": ""0.00006"", ""unit"": ""frequency""}]",True,False,False,False,False,False,False,False,False,model_single_pass
05dae726d71f263d32b778631a053094f7cccbd826014b3045fc89590dd1d46b,fixed_mutation,yeast_or_fungal_mutation,1,,ok,ok,"[{""measurement"": ""1"", ""unit"": ""resistant mutant""}]","[{""measurement"": ""1"", ""unit"": ""mutant""}]",True,True,False,False,True,False,False,False,False,model_single_pass
05ef8b24655797ae516117aedf0534ae1be912fdf414ad822d382a2f7a38d5f7,fixed_mutation,other_fixed_mutation_assay,1.4,,relative,unavailable,[],[],False,,,,,,,False,False,model_single_pass
0658a438a2da173e8cdc627a03ad253956fc8d1f68f7b2ae0cbea579b7ada258,premutagenic_damage,bacterial_ddr_reporter,0.2–0.4,µg/L (genotoxic concentration),unsure,unsure,[],[],True,,,,,,,True,False,model_single_pass
07172fef784d3b97381802bc030d5c2027a93e137471e87a0c2302249e9b4713,fixed_mutation,microbial_forward_mutation,0.0000005,,ok,ok,"[{""measurement"": ""5"", ""unit"": ""10^-7 mutation frequency""}]","[{""measurement"": ""0.0000005"", ""unit"": ""ratio""}]",True,False,False,False,False,False,False,False,False,model_single_pass
0762b5d3ed967da2a2fcd7e0571bc60fcf38b6c412583d23ce65632b120344b9,mutagenicity_mechanism,ros_or_redox_assay,12.41,,ok,ok,"[{""measurement"": ""12.41"", ""unit"": ""GSH/GSSG ratio""}]","[{""measurement"": ""12.41"", ""unit"": ""ratio""}]",True,True,False,False,True,False,False,False,False,model_single_pass
079b0b4e45dfd44a433d447492bb7af6d8348392d76146269ec8fd72aea3cda1,mutagenicity_mechanism,metabolite_formation_or_reaction_phenotyping,75.83;24.17,% of total metabolite peak area,unsure,unsure,[],[],True,,,,,,,True,False,model_single_pass
07cff9facd4b66f0e5295be85f55c243052aac68f11a925a557d96c1bc8ca62e,mutagenicity_mechanism,kinetochore_or_chromosome_segregation_assay,0.32,,ok,relative,"[{""measurement"": ""0.32"", ""unit"": ""Spearman correlation coefficient (r)""}]",[],False,False,False,False,False,False,False,False,False,model_single_pass
07d542f5420085319ee6f6d84b63e8b96bcc2b2c88f6dfa0ba8bbf5ab6ea814e,premutagenic_damage,ap_site_or_repair_intermediate_assay,FPG 10; EndoIII 0.1; T4 endonuclease V 100; EndoIV <0.5; ExoIII 150,ng/ml protein required for incision of 50% of the AP sites,unsure,unsure,[],[],True,,,,,,,True,False,model_single_pass
09ac876f80cf79f4aba38d0b79b6fc0dc615b8a58b7ac0df8f767a9d9ef8ea0a,premutagenic_damage,dna_adductomics,30 of 32 isomers detected across 10 PTE combinations,detected isomers,ok,ok,"[{""measurement"": ""30"", ""unit"": ""detected isomers""}]","[{""measurement"": ""30"", ""unit"": ""detected isomers""}]",True,True,True,True,True,True,True,True,True,model_single_pass
09c1405d040beaba5fda7ed191cc42d9bcaebae96c016fb6bfa56b0ee8121916,fixed_mutation,drosophila_mutation,2.7,,relative,relative,[],[],True,,,,,,,True,False,model_single_pass
0a034e2b1ded967e368131fde730e2e57d165c9eebdbfe46a8b7a5d893d0da32,fixed_mutation,sister_chromatid_exchange_assay,0.3,,unsure,ok,[],"[{""measurement"": ""0.3"", ""unit"": ""SCE-inducing potency""}]",False,,,,,,,False,False,model_single_pass
0aa4e71e0c82e6654cd996b27ac52a5344f924831a339dc3d739d61c97d6ccc8,fixed_mutation,chromosome_aberration_assay,2,,relative,relative,[],[],True,,,,,,,True,False,model_single_pass
0b8b7b06bb7bf5a90b00722831eacf981ded8a16689f962363653627ded3b4d4,fixed_mutation,hprt_hgprt_xprt_forward_mutation,22.77,,unsure,ok,[],"[{""measurement"": ""22.77"", ""unit"": ""MF""}]",False,,,,,,,False,False,model_single_pass
0db70210db3ad440e849dde877fac76f45056281755ec54fe8f00f06e53bf06f,fixed_mutation,fish_or_molecular_cytogenetics,-0.009,,unsure,ok,[],"[{""measurement"": ""-0.009"", ""unit"": ""coefficient""}]",False,,,,,,,False,False,model_single_pass
0de859dfeb301427d225b61c25f2b7b1da41bf137bad6e4133219f1ae5d4f173,mutagenicity_mechanism,dna_repair_activity_assay,0.101,,ok,ok,"[{""measurement"": ""0.101"", ""unit"": ""O6-methylguanine/7-methylguanine ratio""}]","[{""measurement"": ""0.101"", ""unit"": ""ratio""}]",True,True,False,False,True,False,False,False,False,model_single_pass
0ebc0b38e89338280b962fa1a4011a546753bb920abcb604d69d9ee29fa79dfd,fixed_mutation,recombination_or_gene_conversion_assay,0.000015,,ok,ok,"[{""measurement"": ""1.5"", ""unit"": ""10^-5 crossover rate""}]","[{""measurement"": ""1.5"", ""unit"": ""10^-5""}]",True,True,False,False,True,False,False,False,False,model_single_pass
0f43ace67860dd2447ceffd3ae34d798fda405355f60273b7612589e03753814,mutagenicity_mechanism,metabolite_formation_or_reaction_phenotyping,43-49,% of control,unsure,unsure,[],[],True,,,,,,,True,False,model_single_pass
0f4724bf185a87946ce2db00a3f8751630c7ee03577bbb125d12c706d7de960e,mutagenicity_mechanism,ros_or_redox_assay,76,,relative,ok,[],"[{""measurement"": ""76"", ""unit"": ""%""}]",False,,,,,,,False,False,model_single_pass
0fc0a0f4ed579aff00f145a048507cab0b4ebcc5430657cfb9afcd1a81866e9b,mutagenicity_mechanism,topoisomerase_cleavage_complex_assay,24485,,unsure,unsure,[],[],True,,,,,,,True,False,model_single_pass
11804376583e11cfe199bef888ea85c295623dbbce67c316ed82619072deb4e8,premutagenic_damage,other_ddr_reporter_or_panel,0.007 (basal) to 18.9 (post-exposure),ΔCT,ok,ok,"[{""measurement"": ""18.9"", ""unit"": ""ΔCT""}]","[{""measurement"": ""18.9"", ""unit"": ""ΔCT""}]",True,True,True,True,True,True,True,True,True,model_single_pass
125e6a3f175e0b4fdf1112f53ff8c6710636ac063c23e952f37c1dfb65b99c79,mutagenicity_mechanism,topoisomerase_cleavage_complex_assay,1.59,,relative,ok,[],"[{""measurement"": ""1.59"", ""unit"": ""ratio""}]",False,,,,,,,False,False,model_single_pass
12e837b04fb85e4bd857611116199877e111724895d30bf485fac5df0996f652,mutagenicity_mechanism,kinetochore_or_chromosome_segregation_assay,32.2,,unsure,unsure,[],[],True,,,,,,,True,False,model_single_pass
136b1b1f298f676b868f89074b1289b4254b8b5f02f0eddbb2ec5927a57561ac,mutagenicity_mechanism,oxidative_damage_assay,200,,ok,ok,"[{""measurement"": ""200"", ""unit"": ""nA""}]","[{""measurement"": ""200"", ""unit"": ""nA""}]",True,True,True,True,True,True,True,True,True,model_single_pass
137267aed8af21c15048fbb1612fdf25772ff3a99c436c614742427924c61fa7,fixed_mutation,sequencing_based_induced_mutation,0.00085,,ok,ok,"[{""measurement"": ""8.5"", ""unit"": ""10^-4 mutation frequency""}]","[{""measurement"": ""0.00085"", ""unit"": ""frequency""}]",True,False,False,False,False,False,False,False,False,model_single_pass
137468c9d4d9d29976d3f9be775e707365c3694cc362fbe6a9ed87d85f7090a5,premutagenic_damage,toxtracker,91.5 to 154,"µM (90% BMD confidence interval, BMDL-BMDU)",unsure,unsure,[],[],True,,,,,,,True,False,model_single_pass
1393fd4b017227fa3bea33c631993f072b54b55032c28e3d4d09e1eba6327fe1,mutagenicity_mechanism,topoisomerase_cleavage_complex_assay,2.2,,ok,ok,"[{""measurement"": ""2.2"", ""unit"": ""ICE-Δ ratio""}]","[{""measurement"": ""2.2"", ""unit"": ""ratio""}]",True,True,False,False,True,False,False,False,False,model_single_pass
146d5e63d0d45a27d33b008c7617a272f7c02be887a8026f678d18b38716c786,mutagenicity_mechanism,metabolite_formation_or_reaction_phenotyping,15.5,,ok,ok,"[{""measurement"": ""15.5"", ""unit"": ""2-OH/4-OH ratio""}]","[{""measurement"": ""15.5"", ""unit"": ""ratio""}]",True,True,False,False,True,False,False,False,False,model_single_pass
159f4d0378c2c7d4ae370cab9195feddbf6d06ec2f50d019a1af4e9d106a0f73,premutagenic_damage,bacterial_ddr_reporter,30% defect,defect in induction,relative,relative,[],[],True,,,,,,,True,False,model_single_pass
15b005e76b6c9dbe2e2c7f07aeb98f4ed2772329fccdab18ffb0e400301ba995,premutagenic_damage,repair_activity_or_kinetics,cleavage of the 9th (5') and 3rd (3') phosphodiester bonds relative to the furan-side thymine of the cross-link,phosphodiester bond position,unavailable,unavailable,[],[],True,,,,,,,True,False,model_single_pass
15ffeae03f7abf4ddce2f9295c9730cd53e6669f9ef3dca9be8884f952fb68d8,mutagenicity_mechanism,oxidative_damage_assay,0.159,,unsure,unsure,[],[],True,,,,,,,True,False,model_single_pass
16183dcb20f63952caf7e0fd38da72ff6b60b028dcb75a530a2a869cb4739fa0,mutagenicity_mechanism,antioxidant_or_thiol_assay,1.5,,relative,relative,[],[],True,,,,,,,True,False,model_single_pass
17d9473f2809ea9c5b625240e15adae2b42287ca7af14efa26bab9f9f5026101,fixed_mutation,hprt_hgprt_xprt_forward_mutation,2.9,,relative,relative,[],[],True,,,,,,,True,False,model_single_pass
195b301fb8887b0d1b0a04b7c6d01edec1a80645cf06c72beefa65a2ff36d19c,fixed_mutation,micronucleus_assay,41,,unsure,ok,[],"[{""measurement"": ""41"", ""unit"": ""count""}]",False,,,,,,,False,False,model_single_pass
1a8d1629e1c89e561710ea689180441ecf729df6ecad5fb325fa061d9bd36f12,mutagenicity_mechanism,antioxidant_or_thiol_assay,3.7,,ok,ok,"[{""measurement"": ""3.7"", ""unit"": ""k_inh/k_p ratio""}]","[{""measurement"": ""3.7"", ""unit"": ""ratio""}]",True,True,False,False,True,False,False,False,False,model_single_pass
1ad4c63d2ebc010ca71c18420c763a3af89c3898777966d411ce227aadd31d0b,premutagenic_damage,other_direct_damage_assay,"1 uracil in ~6,000 nucleotides",uracils per nucleotide,unsure,unsure,[],[],True,,,,,,,True,False,model_single_pass
1b1cb8042cb383b622ad1391f0bcbdb673cc79eeaf57bf6bd70a7f8107c564f9,premutagenic_damage,oxidized_base_measurement,1.95 × 10^-3,µmol J^-1 (G value for SSB),ok,unavailable,"[{""measurement"": ""1.95"", ""unit"": ""10^-3 µmol J^-1 (G value for SSB)""}]",[],False,False,False,False,False,False,False,False,False,model_single_pass
1b7103f5b21f83243db9072fcc932c40970973019925291333365300b199bdb3,premutagenic_damage,gadd45a_reporter,>100,fold over untreated BEAS-2B cells,unsure,unsure,[],[],True,,,,,,,True,False,model_single_pass
1b8a9d2d628183991ab11434c703bc6a04f52561f9537a08bfe17e3521750b09,mutagenicity_mechanism,oxidative_damage_assay,8.2,,relative,relative,[],[],True,,,,,,,True,False,model_single_pass
1bae238478293a0a788f59b7afdf849c689d29f685d217e754ce3fd77ec1bdfa,fixed_mutation,dominant_lethal_test,0.034,,unsure,ok,[],"[{""measurement"": ""0.034"", ""unit"": ""ratio""}]",False,,,,,,,False,False,model_single_pass
1bb5e18c83d8e04e4eb2012b392a4f66028c292fc642a8bdf0599cc30fccdd26,fixed_mutation,recombination_or_gene_conversion_assay,0.000016,,ok,ok,"[{""measurement"": ""1.6"", ""unit"": ""10^-5 crossover rate""}]","[{""measurement"": ""1.6"", ""unit"": ""10^-5""}]",True,True,False,False,True,False,False,False,False,model_single_pass
1d835543b6314a2cc12c0412cb69a255a0af646af765cd5cf4f3174c22013a1f,premutagenic_damage,strand_break_physical_assay,"10, 10, 0",% inhibition,unsure,unsure,[],[],True,,,,,,,True,False,model_single_pass
1dfb46296011d99db29b4697fcaf5e3fba4617aedd22acdb126797c98beb6e7a,mutagenicity_mechanism,kinetochore_or_chromosome_segregation_assay,25.96,,unsure,unsure,[],[],True,,,,,,,True,False,model_single_pass
1ec1be66533787004ebf171adb09f8db87bba2d00629039225ed02934de2a974,premutagenic_damage,gamma_h2ax_assay,"8.6, 25.8, 38",percent of cells with greater than 5 foci,unsure,unsure,[],[],True,,,,,,,True,False,model_single_pass
1f9f326208408b3399fe162bce89fdbec1de02d3ed2e14dd52212e22125b526a,fixed_mutation,microbial_forward_mutation,0.0000001,,ok,unsure,"[{""measurement"": ""1"", ""unit"": ""10^-7 mutation rate""}]",[],False,False,False,False,False,False,False,False,False,model_single_pass
20e191a8be2b8a1e6e5d551e21ae4b1932e032b567e4187f4ddf965ed4f15746,fixed_mutation,specific_locus_or_visible_marker,20.6,,unsure,ok,[],"[{""measurement"": ""20.6"", ""unit"": ""frequency""}]",False,,,,,,,False,False,model_single_pass
2115df1852823a6d3521c9d1095c597d049b749101e3216f09b222165b98fda8,fixed_mutation,drosophila_mutation,0.00137,,ok,ok,"[{""measurement"": ""1.37"", ""unit"": ""10^-3 revertants per scored male""}]","[{""measurement"": ""1.37"", ""unit"": ""10^-3""}]",True,True,False,False,True,False,False,False,False,model_single_pass
239db20e41944bcace413a62d73d2d2db4502ad8aa723fa9a7b0661051e977a0,mutagenicity_mechanism,spindle_or_centrosome_assay,0.61,,ok,ok,"[{""measurement"": ""0.61"", ""unit"": ""anaphase/metaphase ratio""}]","[{""measurement"": ""0.61"", ""unit"": ""ratio""}]",True,True,False,False,True,False,False,False,False,model_single_pass
241c1f0f1902dbd82cdae04ae97bc5790ce7c181509d6c492a311a4c9769bbcf,fixed_mutation,recombination_or_gene_conversion_assay,3,,unsure,relative,[],[],False,,,,,,,False,False,model_single_pass
2470312333475e04299e77c441b2539535f24332c38d2674b11cadec94b9faa1,premutagenic_damage,32p_postlabelling,4.9-140 x 10^-8,O4-EtThy/thymine molar ratio,unsure,unsure,[],[],True,,,,,,,True,False,model_single_pass
24e3e9bc5f0ef647f2411a24166ae3a30fc1b40904a7f5120c1e20d1dce0821b,premutagenic_damage,host_cell_reactivation,~20%,"relative luciferase activity (% of wild-type, RLA)",relative,ok,[],"[{""measurement"": ""20"", ""unit"": ""relative luciferase activity (% of wild-type, RLA)""}]",False,,,,,,,False,False,model_single_pass
253a631bb169d89b763ec8c005b50208c028f9a8f4a84a0b615987bffeac0c3f,mutagenicity_mechanism,covalent_binding_or_adduct,0.03,,ok,ok,"[{""measurement"": ""0.03"", ""unit"": ""203Hg bound to DNA/total cellular 203Hg(II) ratio""}]","[{""measurement"": ""0.03"", ""unit"": ""ratio""}]",True,True,False,False,True,False,False,False,False,model_single_pass
259e71ff7ccbed5f721362f06b64f999306876779fdfbcee445da58c5ed1ee6b,mutagenicity_mechanism,other_mechanistic_assay,40-50,% decrease in 5-hydroxy-PhIP conjugate excretion,unsure,unsure,[],[],True,,,,,,,True,False,model_single_pass
25a515ed4561a58cb0be59b1fbaa60c1a26af83adedcf1602fd81c5fa8b64e75,premutagenic_damage,ap_site_or_repair_intermediate_assay,10% decrease in supercoiling (16.3 nicks per genome-equivalent),percent decrease in supercoiling / nicks per genome-equivalent,unsure,unsure,[],[],True,,,,,,,True,False,model_single_pass
25b6580e9b0c986d34ee2f3c5a707a0964dfa8a1c97a4f718c39cedce9333bbb,fixed_mutation,sequencing_based_induced_mutation,31,,ok,ok,"[{""measurement"": ""31"", ""unit"": ""point mutations""}]","[{""measurement"": ""31"", ""unit"": ""point mutations""}]",True,True,True,True,True,True,True,True,True,model_single_pass
25e8c79bab17ec562d4474b2209a448008b8033aa566ac028e5f47dd630d4baf,mutagenicity_mechanism,oxidative_damage_assay,56,,unsure,unsure,[],[],True,,,,,,,True,False,model_single_pass
265a71ed2de45b3948fc49d10db05ecd54b4185e6df9e77938fb06b414d51b9e,fixed_mutation,other_fixed_mutation_assay,2.7,,relative,relative,[],[],True,,,,,,,True,False,model_single_pass
266d26723f69535fb7b75f1c5cd3f31129cf3758693108f27168f2db546a8680,premutagenic_damage,bacterial_ddr_reporter,5.84±0.84,induction factor I(C),ok,ok,"[{""measurement"": ""5.84"", ""unit"": ""induction factor I(C)""}]","[{""measurement"": ""5.84"", ""unit"": ""induction factor I(C)""}]",True,True,True,True,True,True,True,True,True,model_single_pass
26759d7f689b281f2116582d23de8c161a087a3e102f76ca2b875eafd88a6219,premutagenic_damage,multiflow,0.06122; 0.03391,µM BMD,unsure,unsure,[],[],True,,,,,,,True,False,model_single_pass
26f93e39e64436c2cd5a22579fcd5df013c79d94e255bf77dc5a07a614b05d42,premutagenic_damage,host_cell_reactivation,22-fold increase (10248/CDDPR-5 at highest cisplatin concentration); significantly higher in 10248 at each concentration,fold increase in CAT reporter expression relative to wild-type,relative,relative,[],[],True,,,,,,,True,False,model_single_pass
27b542e33e0e226819a245f82c8b1e822fa2d231530b38738f2c8b7b73fe5e01,fixed_mutation,microbial_forward_mutation,<1e-11,resistant mutants per viable cell,unsure,unsure,[],[],True,,,,,,,True,False,model_single_pass
280a01674d9b369c9bf6f73831f2cbde4ad52550606cd520cfed1d3c93f789e2,fixed_mutation,micronucleus_assay,10.8,,unsure,ok,[],"[{""measurement"": ""10.8"", ""unit"": ""frequency""}]",False,,,,,,,False,False,model_single_pass
2849f169da2347e6c644f2f26618e14a31a4b541c6948c5b4a96c1ee69b26943,premutagenic_damage,multiflow,56.81; 5.142,µM BMD,unsure,unsure,[],[],True,,,,,,,True,False,model_single_pass
296857f0cb6ab24f3547d24e1ad49b33a2a2f5bb6d79a1802efc76485fe228cf,premutagenic_damage,host_cell_reactivation,"~45% (WT1) vs ~10% (Ku80−/−); background 13.2% ± 2.1 (WT1), 8.5% ± 1.8 (Ku80−/−)",% recovery of carbenicillin/chloramphenicol colony ratio vs undamaged,unsure,unsure,[],[],True,,,,,,,True,False,model_single_pass
29de9e4bef10a692f915b700f5ac4dbab4042e76cdc490c9dfba407fcc122a49,premutagenic_damage,repair_activity_or_kinetics,70% loss of CPDs,percent CPD loss,ok,ok,"[{""measurement"": ""70"", ""unit"": ""percent CPD loss""}]","[{""measurement"": ""70"", ""unit"": ""% CPD loss""}]",True,True,False,False,True,False,False,False,False,model_single_pass
2a2fa04f05089a5fa0c271ee16d0b181ea0de7b67a722bf1393db2b8831f9fc2,fixed_mutation,recombination_or_gene_conversion_assay,1.8,,ok,ok,"[{""measurement"": ""1.8"", ""unit"": ""recombination events""}]","[{""measurement"": ""1.8"", ""unit"": ""events""}]",True,True,False,False,True,False,False,False,False,model_single_pass
2a7e1f5e43c8192a941e0bd469583411463a71368f4a86306a8ed33440a75c09,premutagenic_damage,p53_pathway_assay,active call in p53RE assay,,unavailable,unavailable,[],[],True,,,,,,,True,False,model_single_pass
2a94ca3fd31c7388363307d3f92e8e6148e5001e65005a08a32bead13e36cb8b,premutagenic_damage,dna_adductomics,intrastrand total 4x higher than interstrand total,,relative,relative,[],[],True,,,,,,,True,False,model_single_pass
2ac6fe115df84c11acfd253ecb34e8c36da3d74205e397504530243b7c906f62,mutagenicity_mechanism,antioxidant_or_thiol_assay,3.22,,relative,ok,[],"[{""measurement"": ""3.22"", ""unit"": ""ratio""}]",False,,,,,,,False,False,model_single_pass
2b2f6152c906816cd7c6404e7107548fcfda65683eebb3b07dc5282b6e32d70d,premutagenic_damage,host_cell_reactivation,enhanced DNA repair rate in HOB1/VCR relative to parental HOB1,,unavailable,unavailable,[],[],True,,,,,,,True,False,model_single_pass
2b8f34a25964a6645b88042d4e50def7719445fec2a018e56162c057df0c5ff1,fixed_mutation,sister_chromatid_exchange_assay,0.8,,unsure,ok,[],"[{""measurement"": ""0.8"", ""unit"": ""genotoxic activity""}]",False,,,,,,,False,False,model_single_pass
2ce6bceac52c1f91a9353dc3a4ebf422c1d133fdc57a8428444d6051953fb2e0,mutagenicity_mechanism,metabolite_formation_or_reaction_phenotyping,9.246,,unsure,unsure,[],[],True,,,,,,,True,False,model_single_pass
2e24bc406812b3b4de9fb0c3e99100e8cad85436a59f3dda0f9b40aed98ac8fb,premutagenic_damage,repair_synthesis_assay,50% inhibition (K50),% inhibition,unsure,ok,[],"[{""measurement"": ""50"", ""unit"": ""% inhibition""}]",False,,,,,,,False,False,model_single_pass
2e4f7600139584196a7c348a3b03a5f5da9584f55375e376152855f0c61b49cf,mutagenicity_mechanism,dna_repair_activity_assay,3.4673,,ok,ok,"[{""measurement"": ""3.4673"", ""unit"": ""Imax""}]","[{""measurement"": ""3.4673"", ""unit"": ""Imax""}]",True,True,True,True,True,True,True,True,True,model_single_pass
2eab3ac03655f0d266bad7c93a1b6701f56a3b4ac754bda7060a64059fbd182e,fixed_mutation,sequencing_based_induced_mutation,25,,ok,ok,"[{""measurement"": ""25"", ""unit"": ""point mutations""}]","[{""measurement"": ""25"", ""unit"": ""point mutations""}]",True,True,True,True,True,True,True,True,True,model_single_pass
2eb132c873733cbd96c3ce9411967aecdd10d64d0b058e2e98412155b573bdaa,mutagenicity_mechanism,ros_or_redox_assay,175,,unsure,unsure,[],[],True,,,,,,,True,False,model_single_pass
2ef4ffda7ddee0c8e30bf914f6a47e3297f229261fff58b5965b5ccd4ff1e3f5,fixed_mutation,sequencing_based_induced_mutation,36,,unavailable,ok,[],"[{""measurement"": ""36"", ""unit"": ""mutations""}]",False,,,,,,,False,False,model_single_pass
2f5d17b90a7d22b2a42cea640086f6167a29f522946ba08c0b9a270af5db04b6,premutagenic_damage,dna_adductomics,O2-POB-dT and O6-POB-dG detected; sensitivity limit ≤1.4 adducts per 10^7 nucleosides,adducts per 10^7 nucleosides,unavailable,unsure,[],[],False,,,,,,,False,False,model_single_pass
2fda854ef640a8928436b8e50429435faaaaebe87ad5fc1d97bfea9bd3bef3f1,mutagenicity_mechanism,tubulin_or_microtubule_assay,3.3,,unsure,unsure,[],[],True,,,,,,,True,False,model_single_pass
30219dce15d92c6a7170a5137271d7dcf2f92c2dd517b39badbf31c8ea4ec030,premutagenic_damage,gamma_h2ax_assay,0.59–72.25,percent of total nuclei expressing 53BP1 foci,unsure,unsure,[],[],True,,,,,,,True,False,model_single_pass
30fc2d821d314f53a2b1b9c2fcdf66ed223317f303e37daa7fcc1554bef51903,mutagenicity_mechanism,kinetochore_or_chromosome_segregation_assay,28.3,,unsure,unsure,[],[],True,,,,,,,True,False,model_single_pass
32a70d243ec3eeecc2bb4e89e146cc8e4fb1be9943c89d8252dda05df4a0f663,premutagenic_damage,gamma_h2ax_assay,reduced average foci per cell and % cells with foci; reduced γ-H2AX expression,foci per cell; % cells with foci,unavailable,unavailable,[],[],True,,,,,,,True,False,model_single_pass
3322deda6a554c32911aa3b6bf033340472f6d8e06a98a42f34448fbfd6568b2,mutagenicity_mechanism,other_mechanistic_assay,6.48,,ok,ok,"[{""measurement"": ""6.48"", ""unit"": ""log K""}]","[{""measurement"": ""6.48"", ""unit"": ""log K""}]",True,True,True,True,True,True,True,True,True,model_single_pass
332d40de67a00cfe1150e7bbfce8e6a890e39af63d054253540a87a252930e8a,premutagenic_damage,toxtracker,approximately 200-fold increase in genotoxic potency (EMP vs standard S9 protocol),fold increase in genotoxic potency,relative,relative,[],[],True,,,,,,,True,False,model_single_pass
34f29835b90166491e457d32561dc2cf8626c9feb4ff64f179b8823cfd4eb01b,mutagenicity_mechanism,metabolic_enzyme_activity_or_inactivation,280,,ok,ok,"[{""measurement"": ""280"", ""unit"": ""partition ratio""}]","[{""measurement"": ""280"", ""unit"": ""ratio""}]",True,True,False,False,True,False,False,False,False,model_single_pass
35c6ac86809d00efa056329e25784d2acfb11b3df6b2936d915fb4dd34737c38,fixed_mutation,chromosome_aberration_assay,2.8,,unsure,unsure,[],[],True,,,,,,,True,False,model_single_pass
361b91309e5386209f74e6ca4297416f20ba034443accb5bd699f56429ae8618,fixed_mutation,other_mammalian_forward_mutation,91,,unsure,ok,[],"[{""measurement"": ""91"", ""unit"": ""mutant fraction""}]",False,,,,,,,False,False,model_single_pass
365a6736da1d82d9d38a37008bbc0884549d4ee820fb452bc177955c4e686775,fixed_mutation,micronucleus_assay,12.4,,unavailable,ok,[],"[{""measurement"": ""12.4"", ""unit"": ""frequency""}]",False,,,,,,,False,False,model_single_pass
36817ce226f4750a769e9441e71196e951f43dee3419c9074a686eaa2f8cce5d,mutagenicity_mechanism,electrophile_nucleophile_reactivity,8,,ok,ok,"[{""measurement"": ""8.0"", ""unit"": ""pKa""}]","[{""measurement"": ""8"", ""unit"": ""pKa""}]",True,True,True,True,True,True,True,True,True,model_single_pass
38457d35a42512c7918d793449b203f98320aedc599d29caad4fe7b79e471ea4,fixed_mutation,drosophila_mutation,0.000434,,unsure,ok,[],"[{""measurement"": ""4.34"", ""unit"": ""10^-4""}]",False,,,,,,,False,False,model_single_pass
38d0f3f25ad8c5351e8bd101a7a480f90a490c4c12beb7b31087d39f7ac64670,premutagenic_damage,targeted_dna_adduct_measurement,16.5; 22.6; 24.9; 23.9; 26.9; 28.9 (courses 1-6),pg Pt h µg^-1 DNA,unsure,unsure,[],[],True,,,,,,,True,False,model_single_pass
3b91fd37206e35b9689e9cb9e44a8275c4df444d30283c67d8889f765ae9917d,premutagenic_damage,other_ddr_reporter_or_panel,more than 4-fold,fold increase in polymer levels,unsure,unsure,[],[],True,,,,,,,True,False,model_single_pass
3bd037305e3669bfb5903ff6d1cdabe905791d01b97f7b94f2442ddb37c171eb,fixed_mutation,recombination_or_gene_conversion_assay,2.8,,relative,relative,[],[],True,,,,,,,True,False,model_single_pass
3cb4b720185f37f5b8e8024df52869bd1f2d19676c3c1166e3b10a563e0d8249,mutagenicity_mechanism,metabolic_enzyme_activity_or_inactivation,0.52,,ok,ok,"[{""measurement"": ""0.52"", ""unit"": ""index of induction""}]","[{""measurement"": ""0.52"", ""unit"": ""ratio""}]",True,True,False,False,True,False,False,False,False,model_single_pass
3cee901b0721976b6f17c9479fb5d2f2776acd412a5dfa18d19ec43082a3c7d3,fixed_mutation,sister_chromatid_exchange_assay,0.63,,ok,unavailable,"[{""measurement"": ""0.63"", ""unit"": ""correlation coefficient""}]",[],False,False,False,False,False,False,False,False,False,model_single_pass
3d8773871bff76676a97b6896e5d3982f416979aef609a42ddcbcc20b900b918,fixed_mutation,hprt_hgprt_xprt_forward_mutation,"4.9, 8.4",per million lymphocytes,unsure,unsure,[],[],True,,,,,,,True,False,model_single_pass
3de76df5840bbc884a86e0999cea64b4236143ed582284d7ab975e6b018afd8b,premutagenic_damage,gamma_h2ax_assay,38.58±10.53,foci per cell,ok,ok,"[{""measurement"": ""38.58"", ""unit"": ""foci per cell""}]","[{""measurement"": ""38.58"", ""unit"": ""foci per cell""}]",True,True,True,True,True,True,True,True,True,model_single_pass
3f09bf3f6a0395e789edfdf21be380dbdf234b4e06f59b525cf4e0eefabad682,premutagenic_damage,targeted_dna_adduct_measurement,10; t1/2 15,O6-EtGua residues/1000 bp in 10^5 gene copies; min,unsure,unsure,[],[],True,,,,,,,True,False,model_single_pass
3fa9b5ca4b89d791719f0d4d81a95ed5d9fa4b8521b9ede0056c57a0c0852844,mutagenicity_mechanism,spindle_or_centrosome_assay,12.5,,ok,ok,"[{""measurement"": ""12.5"", ""unit"": ""metaphase/prophase ratio""}]","[{""measurement"": ""12.5"", ""unit"": ""ratio""}]",True,True,False,False,True,False,False,False,False,model_single_pass
3fdf3a4ee59ad48adc7073102496e3f845ec08f80a2308dcefbfdf78ccdf4a27,fixed_mutation,other_fixed_mutation_assay,0.00005,,ok,ok,"[{""measurement"": ""5"", ""unit"": ""10^-5 reversion frequency""}]","[{""measurement"": ""0.00005"", ""unit"": ""frequency""}]",True,False,False,False,False,False,False,False,False,model_single_pass
405359fed9a9c365fd75edd2547b2e9241cd313bb03f28fc9bac004e327db2fc,premutagenic_damage,toxtracker,32.5 to 71.5,"µM (90% BMD confidence interval, BMDL-BMDU)",unsure,unsure,[],[],True,,,,,,,True,False,model_single_pass
40c047a93cb58d8098fd50fa5999b489140629111305eb2a64bd41118fd1e676,premutagenic_damage,bacterial_ddr_reporter,250 (basal 160),U/mg dry wt,ok,ok,"[{""measurement"": ""250"", ""unit"": ""U/mg dry wt""}]","[{""measurement"": ""250"", ""unit"": ""U/mg dry wt""}]",True,True,True,True,True,True,True,True,True,model_single_pass
413e901b5a0a61276aa5427d97acfa7333ce06d38600147963605440ebf70956,fixed_mutation,hprt_hgprt_xprt_forward_mutation,22.33,,unsure,ok,[],"[{""measurement"": ""22.33"", ""unit"": ""MF""}]",False,,,,,,,False,False,model_single_pass
414033b1f2ea33a6e26f142a44b2a7b99fbc7a897d029bf2f9cca01713d0d431,fixed_mutation,hprt_hgprt_xprt_forward_mutation,0.0000045,,ok,ok,"[{""measurement"": ""4.5"", ""unit"": ""10^-6 mutation frequency""}]","[{""measurement"": ""4.5"", ""unit"": ""10^-6""}]",True,True,False,False,True,False,False,False,False,model_single_pass
4226b113ab41e4f71f080464b50314c68d3edd1439443548bc9f4146ee1dc4e9,premutagenic_damage,comet_assay,5q31 tail 15.14%; 11q23 tail 12.58%,% probe signals localized,unsure,unsure,[],[],True,,,,,,,True,False,model_single_pass
42a6e3b42071a8c82bdeb59840fca0fe291ff9c2b4fda2e2eb3398129a0b13a1,premutagenic_damage,dna_crosslink_assay,0.88,,unsure,unsure,[],[],True,,,,,,,True,False,model_single_pass
4330e5aeef91474d2288d1fb8a5476f937e152a6e96474a68e2a3126544401c6,premutagenic_damage,ap_site_or_repair_intermediate_assay,"0.15 (5 min), 0.35 (10 min), 0.63 (15 min)",alkali-labile sites per molecule,unsure,unsure,[],[],True,,,,,,,True,False,model_single_pass
439fd9cea09e918b2dfae147b88af75abb4159ac8534fce4759221601c2ad535,mutagenicity_mechanism,metabolite_formation_or_reaction_phenotyping,1.8,,unsure,ok,[],"[{""measurement"": ""1.8"", ""unit"": ""ratio""}]",False,,,,,,,False,False,model_single_pass
44a580a2d3d5a925b84130a717fbbec460149165cc7fd57dfbb25a7b4233a6fa,premutagenic_damage,dna_crosslink_assay,100 and 100,percent cross-linking (%),unsure,unsure,[],[],True,,,,,,,True,False,model_single_pass
44a90c1a7cf178cdce852b1869231a89dfd8ec505e3a69650d3370c9a94b3f3d,mutagenicity_mechanism,detoxification_or_conjugation_assay,96.09,,relative,relative,[],[],True,,,,,,,True,False,model_single_pass
44b95b69960ce64300eef4cdd14a72afd3155434b5bb9cce632d6935438fbd39,mutagenicity_mechanism,reactive_metabolite_trapping,4,,unavailable,unavailable,[],[],True,,,,,,,True,False,model_single_pass
4587b1625be033469d2032ee7d4e0a8d2c30084866cacee36f8d00fcc108f392,mutagenicity_mechanism,reactive_metabolite_trapping,5,,ok,ok,"[{""measurement"": ""5"", ""unit"": ""GSH-adduct/internal-standard ratio""}]","[{""measurement"": ""5"", ""unit"": ""ratio""}]",True,True,False,False,True,False,False,False,False,model_single_pass
46bfbf4822dcc668c8560ffe2f51fad02bda58be475e12cb476b66c20debd8c7,mutagenicity_mechanism,dna_repair_activity_assay,0.03,,ok,ok,"[{""measurement"": ""0.03"", ""unit"": ""3-meA/7-meG ratio""}]","[{""measurement"": ""0.03"", ""unit"": ""ratio""}]",True,True,False,False,True,False,False,False,False,model_single_pass
46fa28051fad5adb325152bda93c1c577ab2d6181c62a477c6edd7e0b2904e6c,fixed_mutation,sequencing_based_induced_mutation,46,,ok,ok,"[{""measurement"": ""46"", ""unit"": ""point mutations""}]","[{""measurement"": ""46"", ""unit"": ""point mutations""}]",True,True,True,True,True,True,True,True,True,model_single_pass
47ec6d3e5f8ec3a065c4951093164a6517ed4d73769b644f0e7cb72e78017a7c,premutagenic_damage,targeted_dna_adduct_measurement,<5%,of total platinum coordinated to DNA,unsure,unsure,[],[],True,,,,,,,True,False,model_single_pass
481a0acf6c35e9ecf381f5faaeacd67380c68a71802f2614ac0c4f29bb8cc6f8,fixed_mutation,sister_chromatid_exchange_assay,6-16,SCEs/cell,unsure,unsure,[],[],True,,,,,,,True,False,model_single_pass
48831c430494c460662f7b30e3d39c9ee5febc2cd2ccca88822b996c1b9e571d,mutagenicity_mechanism,repair_deficient_or_proficient_comparison,8,,unavailable,ok,[],"[{""measurement"": ""8"", ""unit"": ""fold""}]",False,,,,,,,False,False,model_single_pass
49d21717f6bb5fe145ddc6098ccdb72dbb8911dc4d7e51e30df74de532d51ee6,mutagenicity_mechanism,antioxidant_or_thiol_assay,3.29,,relative,relative,[],[],True,,,,,,,True,False,model_single_pass
4a3e1752058ebd20d5f337aaf81ccbd2e14d8c9a5a249c87f646bce1ae5856bd,premutagenic_damage,multiflow,"fold increase ≥ 2.11-fold (24 h GEF cut-off), statistically significant",fold,unsure,unsure,[],[],True,,,,,,,True,False,model_single_pass
4c20ce86d631dcf97f0ef2bc2368b22952c6c61a310cf8b8456b424deab4570e,mutagenicity_mechanism,reactive_metabolite_trapping,58.06,,unsure,unsure,[],[],True,,,,,,,True,False,model_single_pass
4c4de9270789e181a0727d43f15190691e9620a7a7353c082738fe6722b9ad43,mutagenicity_mechanism,metabolite_formation_or_reaction_phenotyping,4.5,,unavailable,ok,[],"[{""measurement"": ""4.5"", ""unit"": ""ratio""}]",False,,,,,,,False,False,model_single_pass
4c6a08319728e6418fbb59a1f9ea990f0413080db9ccc243cecc7eb969354e41,mutagenicity_mechanism,detoxification_or_conjugation_assay,2,,relative,relative,[],[],True,,,,,,,True,False,model_single_pass
4c81da186329b203ec535ba7a4e5243bd6e6365e591172b7e9ff8c276025cfaa,premutagenic_damage,gamma_h2ax_assay,significant reduction (p < 0.01); background-subtracted foci counts,γH2AX foci per cell,unavailable,unavailable,[],[],True,,,,,,,True,False,model_single_pass
4d1e1efc9377eaaad80aabf41fd4971ba441a12e2c4ae2ee7e782eb4a709f76f,premutagenic_damage,oxidized_base_measurement,36% reduction,% reduction vs control -/- littermates,relative,relative,[],[],True,,,,,,,True,False,model_single_pass
4d8a91b7077a7197ee11d1ee60a2091dc8e3622eac5f0e0eaa287d66d7e52e66,fixed_mutation,recombination_or_gene_conversion_assay,2.4,,relative,relative,[],[],True,,,,,,,True,False,model_single_pass
4e252641150869af42321053954d6c167891853286f8b71d8656d12f99cbbff1,fixed_mutation,transgenic_rodent_mutation,0.000000904,,ok,ok,"[{""measurement"": ""9.04"", ""unit"": ""10^-7 mutation frequency""}]","[{""measurement"": ""9.04"", ""unit"": ""10^-7 mutant frequency""}]",True,True,False,False,True,False,False,False,False,model_single_pass
4e6478454fd4d24a9613e51eb73659bc8850ee3e545376b09c61f355ede9c1e9,premutagenic_damage,ap_site_or_repair_intermediate_assay,AP-sites increased with chromate concentration; additional cleavage ~2x the SSB level,AP-sites per 10 kb,relative,unavailable,[],[],False,,,,,,,False,False,model_single_pass
4e9d201d3454df79a70ad85464709b6899a407db86f3bd344c9fc50d196e4ac7,premutagenic_damage,host_cell_reactivation,"55 and 59 (positions 3 and 7, TK); 60 and 53 (positions 3 and 7, CMV)",% of wild-type RLA,unsure,unsure,[],[],True,,,,,,,True,False,model_single_pass
4f257c22db244da09f9ef337fdc57fba733798da06f5637f707966087ee53d47,premutagenic_damage,repair_activity_or_kinetics,6.06 ± 0.02,scissions per PM2 DNA molecule,ok,ok,"[{""measurement"": ""6.06"", ""unit"": ""scissions per PM2 DNA molecule""}]","[{""measurement"": ""6.06"", ""unit"": ""scissions per PM2 DNA molecule""}]",True,True,True,True,True,True,True,True,True,model_single_pass
518dd986e4a24436b7de930f3b22e376680f34fbfce9fde6b506fcbf94969c6e,premutagenic_damage,comet_assay,tail length 2.8 ± 8.0; tail moment 3.2 ± 10.8,µm (tail length); arbitrary units (tail moment),unsure,unsure,[],[],True,,,,,,,True,False,model_single_pass
51f00e1e980483db7080bf60b04104270252baf83f40dd5d4d8815699147035a,premutagenic_damage,repair_activity_or_kinetics,reduced by up to 2 orders of magnitude,,unsure,unsure,[],[],True,,,,,,,True,False,model_single_pass
52620f9ebe079774e7fcf2e251489ed67cae2b4aa77776ad987a7c17067c7fb1,fixed_mutation,micronucleus_assay,0.0001,,ok,ok,"[{""measurement"": ""0.0001"", ""unit"": ""micronucleus frequency""}]","[{""measurement"": ""0.0001"", ""unit"": ""frequency""}]",True,True,False,False,True,False,False,False,False,model_single_pass
52d33f239c137a6a5a0c6f35405411b264fb8e4a1e204863e9626b0338754dc8,premutagenic_damage,dna_adductomics,p = 0.005 (Taking herbs Yes vs No),,unavailable,unavailable,[],[],True,,,,,,,True,False,model_single_pass
537bffb2b99d20413ac36207c95b25e8f411e89ba7e90d6effa56622984d6710,premutagenic_damage,targeted_dna_adduct_measurement,t1⁄2 285 h in ssDNA and 595 h in dsDNA (19- and 40-fold longer than monomer),h,unsure,unsure,[],[],True,,,,,,,True,False,model_single_pass
54337e977cc0e4f841f7fd5df1f0d9f1c631141d3acc458ae137b78f791497f8,mutagenicity_mechanism,ros_or_redox_assay,16.45,,ok,ok,"[{""measurement"": ""16.45"", ""unit"": ""TOSC""}]","[{""measurement"": ""16.45"", ""unit"": ""ratio""}]",True,True,False,False,True,False,False,False,False,model_single_pass
548bf42ebb3424a18f8e67495a27abfb5b0101be10cddab1e682667ca007545c,premutagenic_damage,dna_crosslink_assay,2-3,fold,unsure,unsure,[],[],True,,,,,,,True,False,model_single_pass
550f41e52d1d159299627405ecbeaee70bcb62b330822e1d46f3a55441c1223b,mutagenicity_mechanism,repair_deficient_or_proficient_comparison,0.51,,ok,ok,"[{""measurement"": ""0.51"", ""unit"": ""10^8 Δ(1/Mw)""}]","[{""measurement"": ""0.51"", ""unit"": ""Δ(1/Mw) × 10^8""}]",True,True,False,False,True,False,False,False,False,model_single_pass
56b5faca93b286c38bedb38f77692a87f0660e991966045408dd28a4ad9755d0,premutagenic_damage,toxtracker,2-fold (≥) induction of Rtkn-GFP,fold induction,unsure,unsure,[],[],True,,,,,,,True,False,model_single_pass
57152563f984c97f045b6de6249bc11e9259c9771348bd3a81b5628e0a217291,mutagenicity_mechanism,dna_polymerase_or_synthesis_assay,0.79,,relative,relative,[],[],True,,,,,,,True,False,model_single_pass
57757cbc80b211b20903b3860833d0adf3016b88fff407a49c0c9c5db556b21b,premutagenic_damage,32p_postlabelling,1.3 ± 0.05,RAL per 1e8 nucleotides,ok,ok,"[{""measurement"": ""1.3"", ""unit"": ""RAL per 1e8 nucleotides""}]","[{""measurement"": ""1.3"", ""unit"": ""RAL per 1e8 nucleotides""}]",True,True,True,True,True,True,True,True,True,model_single_pass
57ac91413e8e306d033c0a22b531b6cfc608b283feb2758fdd0f4a91bc576a3d,fixed_mutation,chromosome_aberration_assay,30.7,,unsure,unsure,[],[],True,,,,,,,True,False,model_single_pass
58f20a29180837e0604eabae62bf45575f64bda5c3eb147e374ba8cfa5b112f0,fixed_mutation,sister_chromatid_exchange_assay,3,,unsure,ok,[],"[{""measurement"": ""3"", ""unit"": ""SCE-inducing potency""}]",False,,,,,,,False,False,model_single_pass
59e24324a6eb2754ac7e02ec4c058cbb7e79a3245a0545f050bb29f7bd8664dc,fixed_mutation,other_fixed_mutation_assay,2.5,,relative,relative,[],[],True,,,,,,,True,False,model_single_pass
5a34a5496bd0bb8de371629d644316401f49c151d47ad3eb7b5e92c3f46bc7d2,fixed_mutation,sister_chromatid_exchange_assay,28.8,,unsure,ok,[],"[{""measurement"": ""28.8"", ""unit"": ""SCE-inducing potency""}]",False,,,,,,,False,False,model_single_pass
5b8c17b0ad65c1e73363f9834053af6e3c6af1919affff686271fbe9dd64a0ed,fixed_mutation,micronucleus_assay,2.2,,unsure,ok,[],"[{""measurement"": ""2.2"", ""unit"": ""frequency""}]",False,,,,,,,False,False,model_single_pass
5cb9e0d453e6b0519ea1535b0b3e37f6c0c24cbcb3c6c24736f2a7d298e65834,fixed_mutation,drosophila_mutation,0.0101,,ok,ok,"[{""measurement"": ""1.01"", ""unit"": ""10^-2 mutation frequency""}]","[{""measurement"": ""1.01"", ""unit"": ""10^-2""}]",True,True,False,False,True,False,False,False,False,model_single_pass
5ccb4a288696116da56fd7ca6895acc872f914b08702f59d08cbeb6dc3d84d1a,premutagenic_damage,gamma_h2ax_assay,11.4 (TP508) vs 19.4 (saline),foci per nucleus,unsure,ok,[],"[{""measurement"": ""11.4"", ""unit"": ""foci per nucleus""}]",False,,,,,,,False,False,model_single_pass
5d14c17ccc6ca4703bbce70abae1776f237bc5332ace5b158eb802cbb2796ee6,premutagenic_damage,comet_assay,comet tail length increased proportionally with concentration; r3 in statistically significant range,,unavailable,unavailable,[],[],True,,,,,,,True,False,model_single_pass
5d36df189d22260cb442d3a842358f14d2abfad4055c66c90441b434fc2eeb2d,mutagenicity_mechanism,mechanistically_informative_genotoxicity,3.72,,unsure,unsure,[],[],True,,,,,,,True,False,model_single_pass
5d694cdd351e6435198b97031e125ace8c14460ce36918c7f19bf5f09e114f47,premutagenic_damage,32p_postlabelling,"1.6-fold (kidney, Cyp1a1-/-); 1.5-fold (spleen, Cyp1a1-/-); 1.3-fold (kidney, Cyp1a2-/-)",fold difference in DNA adduct levels relative to WT,unsure,relative,[],[],False,,,,,,,False,False,model_single_pass
5d6acd3e84051b0b3a0ce71c41dadd047b0ffad1c6cef5d767b7bc3435ba6d51,fixed_mutation,chromosome_aberration_assay,10.2,,unsure,unsure,[],[],True,,,,,,,True,False,model_single_pass
5db52c0ab48c52da945df9210431f5c5c5311cea6401b0d0ddffc966945d0bd6,mutagenicity_mechanism,topoisomerase_catalytic_assay,1.03,,relative,unsure,[],[],False,,,,,,,False,False,model_single_pass
5e302883bac66eebd5841ebaf91ad9171e6908195938c3d62995f83534bee61f,premutagenic_damage,gadd45a_reporter,increased GADD45 expression,,unavailable,unavailable,[],[],True,,,,,,,True,False,model_single_pass
5e6cddfeeece1c218b39f61b6dbf6d650b5cc9db7c5d167bd6466d69524943a8,fixed_mutation,micronucleus_assay,63.7,,unsure,ok,[],"[{""measurement"": ""63.7"", ""unit"": ""frequency""}]",False,,,,,,,False,False,model_single_pass
5f7dd5eaa119e792b67fb7591ef5750e7f678dcdf866b370b9d75a3362d9008d,premutagenic_damage,repair_synthesis_assay,40%,% of wild-type long-patch repair activity,relative,ok,[],"[{""measurement"": ""40"", ""unit"": ""% of wild-type long-patch repair activity""}]",False,,,,,,,False,False,model_single_pass
6046db1d940003fab928663c948989e9a8bd9ecd0b00c3e197a2ba76684f13ba,mutagenicity_mechanism,topoisomerase_catalytic_assay,15,,ok,ok,"[{""measurement"": ""15"", ""unit"": ""eucaryotic/procaryotic topoisomerase II MED ratio""}]","[{""measurement"": ""15"", ""unit"": ""ratio""}]",True,True,False,False,True,False,False,False,False,model_single_pass
609575dcdd480bc266353d754a11bc3d28d4c185bb87924ee073163f928735bf,premutagenic_damage,gamma_h2ax_assay,no significantly elevated γH2AX levels,,unavailable,unavailable,[],[],True,,,,,,,True,False,model_single_pass
618f4fae32ec2595c315ee5ba81ab54251a8ff9002d20dca31cff1e8a1f2cc94,mutagenicity_mechanism,dna_polymerase_or_synthesis_assay,0,,unsure,unsure,[],[],True,,,,,,,True,False,model_single_pass
619b812ba5729df0edde6017c94a5814772066305a23703958ae3f6951fa80ef,fixed_mutation,chromosome_aberration_assay,8,,unsure,unsure,[],[],True,,,,,,,True,False,model_single_pass
61fee0b4a8fb19855ca190ab3daec755ab1498358c748d68add3473beca0cd79,premutagenic_damage,32p_postlabelling,9 highly polar adduct spots,,ok,ok,"[{""measurement"": ""9"", ""unit"": ""DNA adduct spots""}]","[{""measurement"": ""9"", ""unit"": ""highly polar DNA adduct spots""}]",True,True,False,False,True,False,False,False,False,model_single_pass
6282a69454236523fdd055a780c341ee47dfc604afcb9ba709077524ff57f20a,premutagenic_damage,ap_site_or_repair_intermediate_assay,dose-dependent AP site induction; lower levels than 4-OHEN,,unavailable,unavailable,[],[],True,,,,,,,True,False,model_single_pass
6340be60d0711e17821f7f74cf8323f1fed3a054c9b0addb73699d62b4233390,premutagenic_damage,gamma_h2ax_assay,elevated from 0.3 µM; at 132.2 µM detected as early as 2 h,,unavailable,unavailable,[],[],True,,,,,,,True,False,model_single_pass
63f59f862191f78f8cea7d2747adb1bbb52484733e5d81fe13ba478e2ec1c769,fixed_mutation,sequencing_based_induced_mutation,2 of 12,tumors,unsure,ok,[],"[{""measurement"": ""2"", ""unit"": ""tumors""}]",False,,,,,,,False,False,model_single_pass
6405f69ffdf3aef6318158a11a501536a9050aa4cba9a1f624449a2b5768a90b,fixed_mutation,drosophila_mutation,7.2,,ok,relative,"[{""measurement"": ""7.2"", ""unit"": ""Mexr-/Mexr+ hypermutability ratio""}]",[],False,False,False,False,False,False,False,False,False,model_single_pass
64f20a24d94a166154bebb247526dfe35a363dfd1932363470e7dd0f8355117d,mutagenicity_mechanism,covalent_binding_or_adduct,0.01,,ok,ok,"[{""measurement"": ""0.01"", ""unit"": ""203Hg bound to DNA / total cellular 203Hg ratio""}]","[{""measurement"": ""0.01"", ""unit"": ""ratio""}]",True,True,False,False,True,False,False,False,False,model_single_pass
6522654525676e99dd144789e20fff03ca640569bf2cfbeaa688dc1a977fea54,fixed_mutation,dominant_lethal_test,0.063,,unsure,ok,[],"[{""measurement"": ""0.063"", ""unit"": ""ratio""}]",False,,,,,,,False,False,model_single_pass
655ed262fd3f97dd200da7e6a3f69f21daf7fd4ddc3c687caa83c1ded19a16fa,premutagenic_damage,comet_assay,19.0; 20.2,% tail DNA (comet tail formation),unsure,unsure,[],[],True,,,,,,,True,False,model_single_pass
65f8e5e0513f75c48ed6e7e07e997c2dfefc018e89e771364cd387a01409f443,fixed_mutation,aneuploidy_or_chromosome_malsegregation,0.21,,ok,ok,"[{""measurement"": ""0.21"", ""unit"": ""%""}]","[{""measurement"": ""0.21"", ""unit"": ""%""}]",True,True,True,True,True,True,True,True,True,model_single_pass
6648e45f4615ad333b79dab45dd2aa39fe15c0cb00815590ede23400c7cf380b,premutagenic_damage,dna_adductomics,378 ± 64,adducts recovered and tagged per analysis,ok,ok,"[{""measurement"": ""378"", ""unit"": ""adducts recovered and tagged per analysis""}]","[{""measurement"": ""378"", ""unit"": ""adducts recovered and tagged per analysis""}]",True,True,True,True,True,True,True,True,True,model_single_pass
67415d0dbf5dc10805de461fb1b92866796edd0136591230a2127f4ed4692f51,premutagenic_damage,32p_postlabelling,pH 8.7; 45 min,,unavailable,unavailable,[],[],True,,,,,,,True,False,model_single_pass
67c814cd4a1d618d19129c1fbc5f69883a8d584a38ed09b1e610ee02f53e92f9,fixed_mutation,dominant_lethal_test,2.5,,relative,relative,[],[],True,,,,,,,True,False,model_single_pass
68a724436f8658eff8c2adb4e169338eaeb1d744fe07471ced5b025c3e54805a,mutagenicity_mechanism,oxidative_damage_assay,1.4,,ok,unsure,"[{""measurement"": ""1.4"", ""unit"": ""mtDNA break frequency (Bf)""}]",[],False,False,False,False,False,False,False,False,False,model_single_pass
695def06aa6ccebeb5a341737e0ff29b9d19969864af239c70c6b6ee7e0290dd,mutagenicity_mechanism,covalent_binding_or_adduct,5002,,unsure,unavailable,[],[],False,,,,,,,False,False,model_single_pass
6c5c5c55737e990cd929c6743b7a1196ecbb708bc15f324a3c60cf047daae2ec,fixed_mutation,hprt_hgprt_xprt_forward_mutation,8.8,,unsure,unsure,[],[],True,,,,,,,True,False,model_single_pass
6c6f2c95d028e978dbb32ac6a53d157ffa314cdc21e66bbdac9bc3ed05e6701e,premutagenic_damage,repair_synthesis_assay,"1.8 (S vs L/P, Method B); 2.0 (moderate to higher acetylated, Method A); ~3 (unacetylated vs hyperacetylated, calculated)",fold enhancement,unsure,unsure,[],[],True,,,,,,,True,False,model_single_pass
6d1ac0b0ec6d678cef00fdf2059f12437aa9044fba717da18c8db37fa91543e8,fixed_mutation,sister_chromatid_exchange_assay,0.94,,unsure,ok,[],"[{""measurement"": ""0.94"", ""unit"": ""SCE""}]",False,,,,,,,False,False,model_single_pass
6d84b46ba893df2dfb29adb1de937b01eaa581d71f69e77264531cc501854be9,mutagenicity_mechanism,ros_or_redox_assay,25.39,,ok,ok,"[{""measurement"": ""25.39"", ""unit"": ""GSH/GSSG ratio""}]","[{""measurement"": ""25.39"", ""unit"": ""ratio""}]",True,True,False,False,True,False,False,False,False,model_single_pass
6e2db3efb4f7fe5272623882469283442007e060329e7cde6ce5f3765692d599,fixed_mutation,aneuploidy_or_chromosome_malsegregation,0.283,,ok,ok,"[{""measurement"": ""0.283"", ""unit"": ""aneuploidy/karyotype-heterogeneity score""}]","[{""measurement"": ""0.283"", ""unit"": ""score""}]",True,True,False,False,True,False,False,False,False,model_single_pass
6e383a89e2a53bd5e2ac24e38a78c9ea21444f63694442d0018a568fb92bd73b,mutagenicity_mechanism,spindle_or_centrosome_assay,4.9,,unsure,ok,[],"[{""measurement"": ""4.9"", ""unit"": ""ratio""}]",False,,,,,,,False,False,model_single_pass
6f03534c8e8ffd2355a8b466cc2860b8ac10c7963e4dc19e21b7f74b172f6e4d,mutagenicity_mechanism,antioxidant_or_thiol_assay,0.99,,ok,ok,"[{""measurement"": ""0.99"", ""unit"": ""GSH/GSSG ratio""}]","[{""measurement"": ""0.99"", ""unit"": ""ratio""}]",True,True,False,False,True,False,False,False,False,model_single_pass
6f773a6bbbfaa94a70c3e86e595e52cef0d8755ca0f189a97892cd25eee8bdf1,fixed_mutation,drosophila_mutation,1.39,,unsure,ok,[],"[{""measurement"": ""1.39"", ""unit"": ""frequency""}]",False,,,,,,,False,False,model_single_pass
6ff385fc663367fdd4c7293660fc5722399fe78384f6206d73696428153eade6,fixed_mutation,yeast_or_fungal_mutation,0.00013,,ok,ok,"[{""measurement"": ""1.3"", ""unit"": ""10^-4 mutation frequency""}]","[{""measurement"": ""1.3"", ""unit"": ""10^-4 mutation frequency""}]",True,True,True,True,True,True,True,True,True,model_single_pass
7122b9952b757d9b9c6fb4907b8575683283263780a10f23a61b2f672551b4bb,fixed_mutation,micronucleus_assay,52,,ok,ok,"[{""measurement"": ""52"", ""unit"": ""binucleated cells with micronuclei""}]","[{""measurement"": ""52"", ""unit"": ""count""}]",True,True,False,False,True,False,False,False,False,model_single_pass
715e43292d3ed6641fa644d4ca14d7a75324afd90ed01e0a144c2f9c47284b2b,mutagenicity_mechanism,mechanistically_informative_genotoxicity,1.68,,ok,ok,"[{""measurement"": ""1.68"", ""unit"": ""dose modifying factor""}]","[{""measurement"": ""1.68"", ""unit"": ""fold""}]",True,True,False,False,True,False,False,False,False,model_single_pass
716ef47c4e2b69b9f4334a47c6337dec32661f1aeeae7218f4e6eb50b3f4ca2a,premutagenic_damage,repair_activity_or_kinetics,100% at 1 h; peaks III and IV refractory; peak II removed more quickly,% of 1 h peak radioactivity,unsure,unavailable,[],[],False,,,,,,,False,False,model_single_pass
7216436e4f23aab38d3c3c51e60caef70cafc5fdeb84c75f7a02fef1e0da2add,premutagenic_damage,gadd45a_reporter,no significant change in GADD45A (or other p53 target genes) after etoposide treatment,,unavailable,unavailable,[],[],True,,,,,,,True,False,model_single_pass
7284ab7e6d08f91f736c3efbf72bbeedf87f0ce6dd5773fe48298e994e8ecac6,premutagenic_damage,other_ddr_reporter_or_panel,89 (RAD57); 86 (suppressed),% cells with at least one YFP-Rad51-I345T focus,unsure,unsure,[],[],True,,,,,,,True,False,model_single_pass
7329614f06b2bcbc050d0db742b9ff3d7d8ef9d5086ff717c6a245b2f425f0d3,premutagenic_damage,repair_activity_or_kinetics,O6-EtGua t1/2 varied up to 50-fold across different gene sequences,"half-life (relative, fold difference)",unsure,unsure,[],[],True,,,,,,,True,False,model_single_pass
733f0d5e970e424e14eb15e450ff21bcc4d959cbba12a1c9c494287de206f96f,fixed_mutation,micronucleus_assay,91.17,,unsure,unavailable,[],[],False,,,,,,,False,False,model_single_pass
73990f688fa862e4632218358683d9f83f9184f5094d704fbac017d4f8ce6b00,premutagenic_damage,gadd45a_reporter,induction (Gadd45 increased),,unavailable,unavailable,[],[],True,,,,,,,True,False,model_single_pass
74148a37123bd3a7ef2774ce440463e709225cd7773b8f9c178e6dbb022c7199,fixed_mutation,other_fixed_mutation_assay,167,,ok,ok,"[{""measurement"": ""167"", ""unit"": ""10^-4 mutation frequency""}]","[{""measurement"": ""167"", ""unit"": ""10^-4 frequency""}]",True,True,False,False,True,False,False,False,False,model_single_pass
741d3be59a9c2807123727cbf02dfc0d5f9a719df75f993f2cdfbe52a5bc98c3,premutagenic_damage,other_direct_damage_assay,at least 50% of DNA damage occurs anaerobically,,unsure,unavailable,[],[],False,,,,,,,False,False,model_single_pass
7472045ce892ebf5261bda1a0a3aa7cf0359cbb2c0d08fe877c405a7a2a362af,mutagenicity_mechanism,electrophile_nucleophile_reactivity,0.0025,,unsure,unsure,[],[],True,,,,,,,True,False,model_single_pass
74c02a8d5276471806414f91a57bda8cdeb4428f907bb20e2faec3d191b00c3b,fixed_mutation,microbial_forward_mutation,0.0000000108,,unsure,unsure,[],[],True,,,,,,,True,False,model_single_pass
753cda5838846ec5e8bb596f3dba5899fc18aa89bb96b13b522f27e82f4566ed,mutagenicity_mechanism,detoxification_or_conjugation_assay,1.05,,relative,relative,[],[],True,,,,,,,True,False,model_single_pass
768ab39ffcab5118e52845f066a57077ca6b7fc0f9c388975a56a35b484fdd1a,fixed_mutation,chromosome_aberration_assay,12.3,,unsure,unsure,[],[],True,,,,,,,True,False,model_single_pass
776a28ac8bf170b185580a39fb6712f12d6fd50d2c9d20e267a9db588638beac,premutagenic_damage,comet_assay,4,,relative,relative,[],[],True,,,,,,,True,False,model_single_pass
7795c6d55303eccbf85dc11532c803c9c0be3970f8ae75f78a8ca24ef2c93dc4,mutagenicity_mechanism,topoisomerase_cleavage_complex_assay,0.82,,relative,relative,[],[],True,,,,,,,True,False,model_single_pass
77ad0c46895842f17677babd2d14be6cbb1215a82fe01391e623a4fc7b178a06,premutagenic_damage,repair_activity_or_kinetics,approximately 20%,percent substrate cleaved,ok,ok,"[{""measurement"": ""20"", ""unit"": ""% substrate cleaved""}]","[{""measurement"": ""20"", ""unit"": ""percent substrate cleaved""}]",True,True,False,False,True,False,False,False,False,model_single_pass
78134658ae31ae94c0d80664d08d1570bd694e9958e4169b53c283ad69b1cb20,fixed_mutation,dominant_lethal_test,0.008,,ok,ok,"[{""measurement"": ""0.008"", ""unit"": ""dominant lethality fraction""}]","[{""measurement"": ""0.008"", ""unit"": ""ratio""}]",True,True,False,False,True,False,False,False,False,model_single_pass
793c1015412a69c7ff18afdbe870a643c23d93b2eb76282536b8d4004795ba25,mutagenicity_mechanism,metabolite_formation_or_reaction_phenotyping,50.37;5.70;43.93,% of total metabolite peak area,unsure,unsure,[],[],True,,,,,,,True,False,model_single_pass
798097f3f2d2761bd18cebacbc461c628cd81e729e4ed4e210b44e9f19cf65d9,mutagenicity_mechanism,ros_or_redox_assay,0.6,,unsure,unsure,[],[],True,,,,,,,True,False,model_single_pass
79ad1b8cc1719e13f34621977e36b99cfd22983715bb131c8fc3d1cf1feab893,fixed_mutation,hprt_hgprt_xprt_forward_mutation,11,,relative,unsure,[],[],False,,,,,,,False,False,model_single_pass
7a3db64be6ae78c909fdaec154abbfbc3cee198ad242e5b47bb3a4b1c5f4fdbf,premutagenic_damage,repair_synthesis_assay,14; 101; 66; 51; 43; 19,grains per nucleus,unsure,unsure,[],[],True,,,,,,,True,False,model_single_pass
7ada0b238a050540c812516a7112e24713cd4b399fe72e79283dc161d1bb8272,mutagenicity_mechanism,spindle_or_centrosome_assay,0,,ok,ok,"[{""measurement"": ""0"", ""unit"": ""anaphase/metaphase ratio""}]","[{""measurement"": ""0"", ""unit"": ""ratio""}]",True,True,False,False,True,False,False,False,False,model_single_pass
7b4005197992fc0b2807befc3e2600c35ee585403f193d8e58d3e9c64b55d711,mutagenicity_mechanism,repair_deficient_or_proficient_comparison,7,,unavailable,ok,[],"[{""measurement"": ""7"", ""unit"": ""fold""}]",False,,,,,,,False,False,model_single_pass
7b5375d67bd0afbcc307bd0b868e19d34bd08f81b731c4e504515ee4ceda3480,premutagenic_damage,host_cell_reactivation,little difference between AA8 and UV5 at 4 adducts/10^5 nucleotides,,unavailable,unavailable,[],[],True,,,,,,,True,False,model_single_pass
7c4cecef145c7a1150d287a6ab021ea8ac93a6ee2a9c3a1ac78d0ab8572113bd,fixed_mutation,hprt_hgprt_xprt_forward_mutation,29.4,,unsure,unsure,[],[],True,,,,,,,True,False,model_single_pass
7e99cecec34944a70442b7e2b6c8d2dc816ac75cd6db00c95bce9658021a4ea2,mutagenicity_mechanism,spindle_or_centrosome_assay,0,,ok,ok,"[{""measurement"": ""0"", ""unit"": ""anaphase/metaphase ratio""}]","[{""measurement"": ""0"", ""unit"": ""ratio""}]",True,True,False,False,True,False,False,False,False,model_single_pass
7e9f3161cafa8bca8d7c891d214dcc207d64a708c923bfc0227950d99035451c,premutagenic_damage,strand_break_physical_assay,0.80 ± 0.17 (+3%); 0.58 ± 0.16 (-26%),SSB per 10^4 bp DNA (percent change vs control),unsure,unsure,[],[],True,,,,,,,True,False,model_single_pass
7ed61697d41a5ecbd14dea2b0078aa12293be43a3891a52230512f20dc40e92f,fixed_mutation,other_mammalian_forward_mutation,68,,unsure,ok,[],"[{""measurement"": ""68"", ""unit"": ""mutant fraction""}]",False,,,,,,,False,False,model_single_pass
7eda5f8e2e33cd9dc2ece7efad4bc4ca9c943167b519383f6f631da30a01eea8,premutagenic_damage,dna_crosslink_assay,26% (oligonucleotide 8); 53% (oligonucleotide 9),percent cross-linking yield,unsure,unsure,[],[],True,,,,,,,True,False,model_single_pass
8028f77cf793bcd8720d951ec9f245ca69327a3a26667e1ce857d124827033fe,premutagenic_damage,p53_pathway_assay,>2-fold at 0.12 µM in AT,normalized p53 induction relative to untreated cultures (set at 1),unsure,unsure,[],[],True,,,,,,,True,False,model_single_pass
80bde2cb9dc62be9147b2bc2d5734578cbbd840fa72d14d938e8231e08761213,premutagenic_damage,bacterial_ddr_reporter,Maximal recA transcript induction at 0.025% (v/v); slight decrease at 0.050% (v/v); no major change at 0.010% (v/v),relative recA transcript level (Northern dot-blot hybridisation),unavailable,unavailable,[],[],True,,,,,,,True,False,model_single_pass
80f5ac710865b33c8591f5118644c51fef727736c97a531a0d0f878f9d1377d9,fixed_mutation,other_mammalian_forward_mutation,34,,unsure,ok,[],"[{""measurement"": ""34"", ""unit"": ""mutant fraction""}]",False,,,,,,,False,False,model_single_pass
813e1268e199a1b4dbe2a735e0e6e1d039f4cab4fc940dc6296dccd3859c19ec,premutagenic_damage,other_ddr_reporter_or_panel,"24h: 12.9, 15.2, 27; 48h: 21, 15, 10 (control, COR, COR+PTX)",RFU,unsure,unsure,[],[],True,,,,,,,True,False,model_single_pass
8191e2ab1c5362b38097b6b1fbbfcbf23bcc85e6a2fe5e90b8690709c89ea9e4,premutagenic_damage,bacterial_ddr_reporter,"5.62, 5.30, 4.82, 3.74, 3.26, 2.15",induction factor (IF),unsure,unsure,[],[],True,,,,,,,True,False,model_single_pass
8232505bc7a807ac223d05035dba74b8a9b8e106532d1fbed071c9979f40cfb4,fixed_mutation,fish_or_molecular_cytogenetics,-0.016,,unsure,ok,[],"[{""measurement"": ""-0.016"", ""unit"": ""coefficient""}]",False,,,,,,,False,False,model_single_pass
827d31554899b71789a948859049c9460b801f5fe7fbc8d383c77bfcf351d2be,premutagenic_damage,bacterial_ddr_reporter,180 (2 h); 194 (4 h),β-galactosidase units,unsure,unsure,[],[],True,,,,,,,True,False,model_single_pass
82fdf18e9a9fe1c73c2b4b269875e86d12f57609d616e31c4039936c58106781,mutagenicity_mechanism,dna_polymerase_or_synthesis_assay,0.42,,relative,relative,[],[],True,,,,,,,True,False,model_single_pass
837e3a492bac8d8d558befce5d51c90a87f95372ff1b1b159159aa7811e44552,fixed_mutation,other_fixed_mutation_assay,24.5,,unsure,unsure,[],[],True,,,,,,,True,False,model_single_pass
8496ad246aaf94bf0bf11a9da787f532d85cb7b9456f575698087b4480ca5ebe,fixed_mutation,microbial_forward_mutation,0.089,,ok,ok,"[{""measurement"": ""0.089"", ""unit"": ""mutation selection frequency""}]","[{""measurement"": ""0.089"", ""unit"": ""ratio""}]",True,True,False,False,True,False,False,False,False,model_single_pass
84ae4df746e8fea09927c511dc35792583681a19f935ceff78d975f0d056529b,mutagenicity_mechanism,kinetochore_or_chromosome_segregation_assay,0.48,,ok,ok,"[{""measurement"": ""0.48"", ""unit"": ""fraction of micronuclei containing one kinetochore""}]","[{""measurement"": ""0.48"", ""unit"": ""fraction""}]",True,True,False,False,True,False,False,False,False,model_single_pass
85572efcfa3e6b59fb36d2e0922348ff1b4a7713029e89bcad8eb640cef7efbd,mutagenicity_mechanism,spindle_or_centrosome_assay,1.4,,ok,ok,"[{""measurement"": ""1.4"", ""unit"": ""treated/control factor""}]","[{""measurement"": ""1.4"", ""unit"": ""ratio""}]",True,True,False,False,True,False,False,False,False,model_single_pass
856f069192b60af0bd5f4f569e6e2f375d519ff79570cf9f5c5e9242b2d69aba,fixed_mutation,transgenic_rodent_mutation,0.00000118,,ok,ok,"[{""measurement"": ""1.18"", ""unit"": ""10^-6 mutation frequency""}]","[{""measurement"": ""1.18"", ""unit"": ""10^-6 mutant frequency""}]",True,True,False,False,True,False,False,False,False,model_single_pass
8583b4ba62264e231ba719859c102ee756b249e41595eee3846108a9dc0fc996,fixed_mutation,recombination_or_gene_conversion_assay,2.8,,unsure,relative,[],[],False,,,,,,,False,False,model_single_pass
85a05784036d424eb0eefd57932954b220c1bf2317f8c890e34f587736580484,fixed_mutation,drosophila_mutation,0.00436,,ok,ok,"[{""measurement"": ""4.36"", ""unit"": ""10^-3 mutation frequency""}]","[{""measurement"": ""4.36"", ""unit"": ""10^-3""}]",True,True,False,False,True,False,False,False,False,model_single_pass
85ac65946e079af557aec360bcdb0f67a673a1f0a3182fc3dd15e852fb75450c,premutagenic_damage,strand_break_physical_assay,qualitative: DMSO reduced the number of ^125I-induced DSB,,unavailable,unavailable,[],[],True,,,,,,,True,False,model_single_pass
85ec6079520c5ca31b752bb4214d4b1981f8d86f1b296db01099a7d3c8036104,fixed_mutation,chromosome_aberration_assay,31.66,,ok,unsure,"[{""measurement"": ""31.66"", ""unit"": ""chromosomal aberrations""}]",[],False,False,False,False,False,False,False,False,False,model_single_pass
8636fb47e8c9bf98e628581d1e78756cdad2c8ec1bf6b1e875343a0107a86b79,premutagenic_damage,gadd45a_reporter,"1.00, 1.08, 1.47, 1.24, 1.82",relative expression normalized to GAPDH,unsure,unsure,[],[],True,,,,,,,True,False,model_single_pass
86553b284e30d6c20832f62f6d4b9a5a8a5932b4493d496cd2ebbc014ef858a3,fixed_mutation,specific_locus_or_visible_marker,12.8,,unsure,ok,[],"[{""measurement"": ""12.8"", ""unit"": ""frequency""}]",False,,,,,,,False,False,model_single_pass
88a6faadf3430d318719845aa9a12026768626eff1c5ca6b1545f6fa71524b6e,premutagenic_damage,p53_pathway_assay,"foci induced (scored per Fig. 1G, + to +++ range)",foci scoring category,unavailable,unavailable,[],[],True,,,,,,,True,False,model_single_pass
8916b227b921eb1a168e052737bfbf46833b9cde86b1693378aeb87ab6499a48,premutagenic_damage,32p_postlabelling,2 to 337,adducts per 10(8) nucleotides,unsure,unsure,[],[],True,,,,,,,True,False,model_single_pass
891dd3080805994d500a3897f9eb696a503776650d707046a03e8e6ce32e579c,premutagenic_damage,ap_site_or_repair_intermediate_assay,78% excisable with Cu(II)/NADPH; 69% excisable without,percent of ADL,unsure,unsure,[],[],True,,,,,,,True,False,model_single_pass
896fee11a1299e727d7ba375b4f098196c1e2013f6c2397accfa34630d194d0d,fixed_mutation,sequencing_based_induced_mutation,0.000447,,ok,ok,"[{""measurement"": ""4.47"", ""unit"": ""10^-4 deletion allele frequency""}]","[{""measurement"": ""0.000447"", ""unit"": ""frequency""}]",True,False,False,False,False,False,False,False,False,model_single_pass
89cf7ca6f9edbf477506c70a50c356abdbb4b39f217fad9b16bc6b7edae1aa0b,premutagenic_damage,dna_crosslink_assay,biphasic DPC production; slow-eluting component increased with 8-MOC concentration,,unavailable,unavailable,[],[],True,,,,,,,True,False,model_single_pass
89da12a1bc5e9f4e316f8d3a76b37fbc8b88b1687af4e67e6166143cff38abc1,premutagenic_damage,strand_break_physical_assay,54 (expt 1); 52 (expt 2),% circles nicked by treatment,unsure,unsure,[],[],True,,,,,,,True,False,model_single_pass
8ad0fa29e048231ef9a1018069d056c97d6f2fbd72fb6ac5c190fab16d2f99f4,premutagenic_damage,other_direct_damage_assay,up to 90,% inhibition of dCPDs,unsure,unsure,[],[],True,,,,,,,True,False,model_single_pass
8ad5d79f32e2f1ae64fa7248844995e7f08b375487c968682b904fa0b0345736,fixed_mutation,chromosome_aberration_assay,5.7,,relative,relative,[],[],True,,,,,,,True,False,model_single_pass
8b23e3eccba8a6189a582f955db4fc31288a7a39b6be5ecbab0b937fbec67591,premutagenic_damage,gadd45a_reporter,1.15 × 10^5 (untreated control 3.5 × 10^4),molecules/µg total RNA,ok,ok,"[{""measurement"": ""1.15"", ""unit"": ""10^5 molecules/µg total RNA""}]","[{""measurement"": ""1.15"", ""unit"": ""10^5 molecules/µg total RNA""}]",True,True,True,True,True,True,True,True,True,model_single_pass
8c75f66145c54d18cf799d1e329b31009ff69879a933c3f9baba821abceb9408,mutagenicity_mechanism,metabolic_enzyme_activity_or_inactivation,3,,unavailable,unsure,[],[],False,,,,,,,False,False,model_single_pass
8c816d0b522e52df045fe62ef5b8270b330098b793b48c43f23b3bc2645565b9,premutagenic_damage,ap_site_or_repair_intermediate_assay,0.18 – 0.92,abasic sites/10^5 nucleotides,unsure,unsure,[],[],True,,,,,,,True,False,model_single_pass
8ca94eedf8153aa2808668283a6e3560896a1b6d476a6947e20e7814086969f3,fixed_mutation,other_mammalian_forward_mutation,9,,unsure,ok,[],"[{""measurement"": ""9"", ""unit"": ""M_Y""}]",False,,,,,,,False,False,model_single_pass
8d51ac2ab2e15833b6dcdf2264d2b5ed7380e696567c5272f53688b7c72adacf,premutagenic_damage,32p_postlabelling,11 adducts; highest adduct levels among the three systems,adduct spots,ok,ok,"[{""measurement"": ""11"", ""unit"": ""adduct spots""}]","[{""measurement"": ""11"", ""unit"": ""adduct spots""}]",True,True,True,True,True,True,True,True,True,model_single_pass
8d85c80c8e052e79e3b00415a9f08b0002937b5a83f03b981aaea4bdd4a1080b,premutagenic_damage,comet_assay,"not given numerically (figure only; increased after 1 min, decreased after compound removal)",% tail DNA,unavailable,unavailable,[],[],True,,,,,,,True,False,model_single_pass
8dab72d6ed7a8ec5baea037835e1168db29d4e84651044646d9543d53c330696,mutagenicity_mechanism,topoisomerase_catalytic_assay,0.25,,ok,ok,"[{""measurement"": ""0.25"", ""unit"": ""mutant IC50 / wild-type IC50 ratio""}]","[{""measurement"": ""0.25"", ""unit"": ""ratio""}]",True,True,False,False,True,False,False,False,False,model_single_pass
8eb0ca0763bcb641df9423f70aba258a2402f769c24ad4e0064b9d09d1ac8ad4,fixed_mutation,micronucleus_assay,0,,ok,ok,"[{""measurement"": ""0"", ""unit"": ""micronuclei""}]","[{""measurement"": ""0"", ""unit"": ""count""}]",True,True,False,False,True,False,False,False,False,model_single_pass
8f63e0f9a316ce78818affcdf17512ecf81136535fb01db44f3022d31b9cd7d1,premutagenic_damage,dna_crosslink_assay,<1,percent of total DNA (cross-linked),unsure,unsure,[],[],True,,,,,,,True,False,model_single_pass
8f9343aec8d7f1835a485fcd5afa61d10a37e45fd454006c002d95a04ce9bbb7,mutagenicity_mechanism,metabolite_formation_or_reaction_phenotyping,4.02,,unsure,ok,[],"[{""measurement"": ""4.02"", ""unit"": ""product/min""}]",False,,,,,,,False,False,model_single_pass
8f9fa60f4ce20cdf544f5097319af408e23af2ca197b74c4e5aabfe7a0fc8ad8,mutagenicity_mechanism,dna_polymerase_or_synthesis_assay,0.96,,ok,relative,"[{""measurement"": ""0.96"", ""unit"": ""treated/control DNA-synthesis-rate ratio""}]",[],False,False,False,False,False,False,False,False,False,model_single_pass
8fd310e25edbe737ad311afe54aca33213687e82e92e047244c20bae620560a1,mutagenicity_mechanism,covalent_binding_or_adduct,0.11,,ok,ok,"[{""measurement"": ""0.11"", ""unit"": ""O6-methylguanine/7-methylguanine ratio""}]","[{""measurement"": ""0.11"", ""unit"": ""ratio""}]",True,True,False,False,True,False,False,False,False,model_single_pass
8fe51ff2f6c54a25671780dec467b4aba9365ceebc0dc4ddc09a4d3a3f8c70b0,fixed_mutation,hprt_hgprt_xprt_forward_mutation,7.14,,unsure,unsure,[],[],True,,,,,,,True,False,model_single_pass
90393af52339cb271ad411c6d963dce78592169b0cfc11ff395e7836d98f6302,mutagenicity_mechanism,tubulin_or_microtubule_assay,34.4,,unsure,unsure,[],[],True,,,,,,,True,False,model_single_pass
911967784e68d4f2f7125cd97c9ae25d2b0bf90761782b46376ceb86fdbf38bb,mutagenicity_mechanism,metabolic_enzyme_activity_or_inactivation,32,,ok,ok,"[{""measurement"": ""32"", ""unit"": ""nPX molecules metabolized per P450 2B1 molecule inactivated""}]","[{""measurement"": ""32"", ""unit"": ""ratio""}]",True,True,False,False,True,False,False,False,False,model_single_pass
912122175c41467609a86ef3c1a5674db86166acbd47f4fb4e5cda0e72dd8ca6,premutagenic_damage,gadd45a_reporter,<2,fold induction,unsure,unsure,[],[],True,,,,,,,True,False,model_single_pass
91c1f1f1cd1a10cced5be9fb9d7d9cfe2bca9abc9fee600b9643012d86865765,premutagenic_damage,p53_pathway_assay,~90,percent inhibition of p53 enhancement,relative,ok,[],"[{""measurement"": ""90"", ""unit"": ""percent inhibition of p53 enhancement""}]",False,,,,,,,False,False,model_single_pass
91e9f8ccf0775703acbfcf6d8257d58e11390728960f214594ba4cf2c2deaa21,mutagenicity_mechanism,ros_or_redox_assay,0.57,,ok,ok,"[{""measurement"": ""0.57"", ""unit"": ""JC-1 red/green fluorescence ratio""}]","[{""measurement"": ""0.57"", ""unit"": ""ratio""}]",True,True,False,False,True,False,False,False,False,model_single_pass
921d0564f074707cf393b0000b981cb52fb47dc785b408509e22a235e9931925,fixed_mutation,micronucleus_assay,20,,unsure,ok,[],"[{""measurement"": ""20"", ""unit"": ""count""}]",False,,,,,,,False,False,model_single_pass
9233c5a04d4d457b684fe47aeb085b6e5f8d0e9406ee1d69e40358a0694d2ea4,mutagenicity_mechanism,spindle_or_centrosome_assay,10.5,,unsure,ok,[],"[{""measurement"": ""10.5"", ""unit"": ""%""}]",False,,,,,,,False,False,model_single_pass
92cf5b9cd07220126761793348008c3437bc24a7b60b361543b2071368572877,fixed_mutation,other_mammalian_forward_mutation,80,,unsure,ok,[],"[{""measurement"": ""80"", ""unit"": ""M_F""}]",False,,,,,,,False,False,model_single_pass
932056e329c07ace7797ff48f4be4798ccd4866ef0c9f742ee677999b590ef61,fixed_mutation,micronucleus_assay,414,,unsure,ok,[],"[{""measurement"": ""414"", ""unit"": ""frequency""}]",False,,,,,,,False,False,model_single_pass
9418d4f1f2a5e3651d37f50d398dcba0e222bfc5c29d59daa213b36b18b11e47,premutagenic_damage,other_direct_damage_assay,~50,min,ok,ok,"[{""measurement"": ""50"", ""unit"": ""min""}]","[{""measurement"": ""50"", ""unit"": ""min""}]",True,True,True,True,True,True,True,True,True,model_single_pass
94988e8bf5fed063fcf27bf49b8a537f61f702844ab81fadeea818349e9216ee,premutagenic_damage,strand_break_physical_assay,~0.5,DSB/^125I decay,ok,ok,"[{""measurement"": ""0.5"", ""unit"": ""DSB/^125I decay""}]","[{""measurement"": ""0.5"", ""unit"": ""DSB/^125I decay""}]",True,True,True,True,True,True,True,True,True,model_single_pass
94f735c5b221d4a5e8eb396248540ed8157b2e1d70510ea8b876aec0dd915332,mutagenicity_mechanism,detoxification_or_conjugation_assay,3.61,,unsure,unsure,[],[],True,,,,,,,True,False,model_single_pass
95d03808ba1d08a93aacf25b10d4749783eeccb41f1135f0ae48710e2107e0a2,premutagenic_damage,other_direct_damage_assay,"4.2, 2.0, 3.3, 2.4 (baseline 1.6 ± 0.2)",% cells positive,unsure,unsure,[],[],True,,,,,,,True,False,model_single_pass
9795cec000bd6f8cb3ecde24f91c9b55e084367e727dfaf31c7c684a9867119d,premutagenic_damage,other_ddr_reporter_or_panel,2-3-fold increase,fold increase in labelled ADP-ribose incorporation,unsure,unsure,[],[],True,,,,,,,True,False,model_single_pass
97bfb11f9033e0341c01043546fc3f77dc3821f02b7f1043d4f764c2f7f630fb,premutagenic_damage,comet_assay,DNA damage increased with concentration; significantly higher than 5-FU alone (P < 0.05),,unavailable,unavailable,[],[],True,,,,,,,True,False,model_single_pass
97cf76cc62a1a1095726448558bcb7291136ff61f2e8ad665ef7012ae3df59e2,mutagenicity_mechanism,metabolite_formation_or_reaction_phenotyping,0.11,,ok,ok,"[{""measurement"": ""0.11"", ""unit"": ""desulfuration/dearylation activity ratio""}]","[{""measurement"": ""0.11"", ""unit"": ""ratio""}]",True,True,False,False,True,False,False,False,False,model_single_pass
98fb45e7a4809c4faad85770546ebb419014b8391585e223218843c4fbe8c70e,mutagenicity_mechanism,ros_or_redox_assay,5630000,,unsure,unsure,[],[],True,,,,,,,True,False,model_single_pass
98fd3c73857d94171f039a1193b6cb03a831f55b8c9d652f4da3a2482f2cf967,mutagenicity_mechanism,metabolic_enzyme_activity_or_inactivation,1,,ok,ok,"[{""measurement"": ""1"", ""unit"": ""fractional reduction index""}]","[{""measurement"": ""1"", ""unit"": ""ratio""}]",True,True,False,False,True,False,False,False,False,model_single_pass
994175f4572e1c40a20bbea68c25ed3661e6e4541232ffcbfdd1314c9888afd2,premutagenic_damage,oxidized_base_measurement,0.370 (epithelium); 0.490 (stroma),Spearman/pairwise correlation coefficient r with CIN grade,unsure,relative,[],[],False,,,,,,,False,False,model_single_pass
99923864b15d4539fe2c2dea995e1a1a3db89c3b746a1b99503f863d369d470e,fixed_mutation,hprt_hgprt_xprt_forward_mutation,0.00006,,ok,ok,"[{""measurement"": ""6"", ""unit"": ""10^-5 reversion frequency""}]","[{""measurement"": ""6"", ""unit"": ""10^-5""}]",True,True,False,False,True,False,False,False,False,model_single_pass
9993cb96f577d692fe1e3f74ea4fcb4067dbacc6f7cfa9ff7b8ffa567499bf9c,premutagenic_damage,dna_crosslink_assay,1%,% yield of cross-links relative to nonmodified digested nucleosides,ok,ok,"[{""measurement"": ""1"", ""unit"": ""% yield of cross-links relative to nonmodified digested nucleosides""}]","[{""measurement"": ""1"", ""unit"": ""% yield of cross-links relative to nonmodified digested nucleosides""}]",True,True,True,True,True,True,True,True,True,model_single_pass
9a0dcfc615cb1ff3b3fcbb4d4260b89381105ed7557e90084eed6ae12ef9e988,mutagenicity_mechanism,topoisomerase_catalytic_assay,1.43,,relative,ok,[],"[{""measurement"": ""1.43"", ""unit"": ""% inhibition""}]",False,,,,,,,False,False,model_single_pass
9b4d57408811749dbb999ba0f7d2356b929130df311eb2d026e083fea7f06bb5,fixed_mutation,microbial_forward_mutation,0.000000015,,unsure,unavailable,[],[],False,,,,,,,False,False,model_single_pass
9bee28b43a2c7e0a88f773357ebd787c45f27d98f5d746ad5b75a906bc1b16b5,fixed_mutation,polyploidy_or_chromosome_doubling,1,,ok,ok,"[{""measurement"": ""1.0"", ""unit"": ""polyploid cells""}]","[{""measurement"": ""1"", ""unit"": ""polyploidy cells""}]",True,True,False,False,True,False,False,False,False,model_single_pass
9c00f5aeb85338184b70286f120e6f999065c1eeb0bae652779256a9e105ab08,fixed_mutation,chromosome_aberration_assay,1.5,,unsure,unsure,[],[],True,,,,,,,True,False,model_single_pass
9c3c3f7cf1f7eb228ead9941c043d6a03305f8a5906e272e793bc18c10c5168e,fixed_mutation,other_mammalian_forward_mutation,0.0000005,,ok,ok,"[{""measurement"": ""5"", ""unit"": ""10^-7 mutation frequency""}]","[{""measurement"": ""0.0000005"", ""unit"": ""frequency""}]",True,False,False,False,False,False,False,False,False,model_single_pass
9c77628314654536b19745d6cded80da7b044ef32a47d7c8730fc4a341170e6f,mutagenicity_mechanism,antioxidant_or_thiol_assay,12.6,,ok,ok,"[{""measurement"": ""12.6"", ""unit"": ""GSH/GSSG ratio""}]","[{""measurement"": ""12.6"", ""unit"": ""ratio""}]",True,True,False,False,True,False,False,False,False,model_single_pass
9ce64dd9cc51aa41340b67c56eb1497eae4a4ee9d58624d6c612f09094833611,mutagenicity_mechanism,other_mechanistic_assay,0.00096,,unavailable,ok,[],"[{""measurement"": ""0.00096"", ""unit"": ""fraction""}]",False,,,,,,,False,False,model_single_pass
9d2ede3007d278d37c24455353543c9cfe558d76c810dff94836d1985306e7f6,premutagenic_damage,strand_break_physical_assay,"53 (G 5'-adjacent, strand 2); 20 (T 5'-adjacent, strand 5); 15 (C 5'-adjacent, strand 6)",% cleavage yield,unsure,unsure,[],[],True,,,,,,,True,False,model_single_pass
9de7ecd25b86a7fd393704b7e7b2bf6d0ace67face6619d16fbbb1f96564ddda,mutagenicity_mechanism,dna_repair_activity_assay,961,,unsure,unsure,[],[],True,,,,,,,True,False,model_single_pass
9e31b9ea015e28e26326cd033638bc78feff5d7d04ad258aef64894040027eed,premutagenic_damage,other_ddr_reporter_or_panel,pATM detected only in SCR7-treated tumor sections (absent in untreated tumor),,unavailable,unavailable,[],[],True,,,,,,,True,False,model_single_pass
9f70c65deb7f705fc93e1c291cbb637a3d82392387de8287728fc43b32344c8b,premutagenic_damage,targeted_dna_adduct_measurement,6-oxo-M1dG as abundant or more abundant than M1dG; near-identical elimination profiles,,unavailable,unavailable,[],[],True,,,,,,,True,False,model_single_pass
9f8a693631028bf93d9284f7a0ff951d10dfee0be337a0eaa090d74f5daa34d7,mutagenicity_mechanism,dna_repair_activity_assay,1.9,,relative,relative,[],[],True,,,,,,,True,False,model_single_pass
9ff1792ffc65f6b0e9542a4e53bb3adfa5b58f9f48d0b6d9d85624e6c7c32fad,mutagenicity_mechanism,electrophile_nucleophile_reactivity,6.6,,ok,ok,"[{""measurement"": ""6.6"", ""unit"": ""pK""}]","[{""measurement"": ""6.6"", ""unit"": ""pK""}]",True,True,True,True,True,True,True,True,True,model_single_pass
a03261e87f55a5c121a0784d365f889da332c09537874b5285e40ee7b5dcea91,mutagenicity_mechanism,other_mechanistic_assay,1.8,,ok,ok,"[{""measurement"": ""1.8"", ""unit"": ""ori/ter ratio""}]","[{""measurement"": ""1.8"", ""unit"": ""ratio""}]",True,True,False,False,True,False,False,False,False,model_single_pass
a0a3f86aef92ed0394a4866d173240585981c08c3445062ae6eede74c8fcd08a,mutagenicity_mechanism,topoisomerase_catalytic_assay,17,,ok,ok,"[{""measurement"": ""17"", ""unit"": ""topoisomerase-II/gyrase IC50 ratio""}]","[{""measurement"": ""17"", ""unit"": ""ratio""}]",True,True,False,False,True,False,False,False,False,model_single_pass
a106e1a56a10a08416480259d3f2944d7c0ef98cf4f8d8cc1d2ae5d2eb8980be,fixed_mutation,chromosome_aberration_assay,2-3,reciprocal translocations,unavailable,unavailable,[],[],True,,,,,,,True,False,model_single_pass
a12df1a26096512264e570803f238993d1c79251410139815c3c361acc593e9c,premutagenic_damage,targeted_dna_adduct_measurement,0.14 ± 0.064,3H/14C ratio (normalized to DMBA alone = 1.0),relative,ok,[],"[{""measurement"": ""0.14"", ""unit"": ""3H/14C ratio (normalized to DMBA alone = 1.0)""}]",False,,,,,,,False,False,model_single_pass
a2c5aa72a4d3da401ffd66b69204eed32c2dcdda7bfbfc021c65ed781bd05428,mutagenicity_mechanism,dna_repair_activity_assay,1.1,,relative,relative,[],[],True,,,,,,,True,False,model_single_pass
a3e6299fc1a264643878e7864956f8b4a5ff04b70e495b71334417846551a6d2,premutagenic_damage,multiflow,"pronounced at both time points, similar across S9 conditions",,unavailable,unavailable,[],[],True,,,,,,,True,False,model_single_pass
a3e63d5a9ec1d485fffde6f74eefbd4b576a5c1e7afddf3383297eee32f29566,premutagenic_damage,toxtracker,2-fold (≥) induction of Btg2-GFP,fold induction,unsure,unsure,[],[],True,,,,,,,True,False,model_single_pass
a3ecf843255e314bc207623265b611719a6e7b9f91dd0787102c8a0ed6ef7be3,premutagenic_damage,repair_activity_or_kinetics,recruitment apparent at 5 min,,unavailable,unavailable,[],[],True,,,,,,,True,False,model_single_pass
a5554ede1aa1b9a5992dfbac700c039b7bae1644e6571c12f9fa0c0a41cc2f95,premutagenic_damage,host_cell_reactivation,"inhibition of transcription, P = 0.002",,unavailable,unavailable,[],[],True,,,,,,,True,False,model_single_pass
a705d4778868c97a0440ab09a38dc5b73a304179b4ba84e9145ad06625d5a408,premutagenic_damage,comet_assay,40-50% DNA in tail (all concentrations),% DNA in tail,unsure,unsure,[],[],True,,,,,,,True,False,model_single_pass
a727a8c2afc5983e7227175f6097d7dadd53ed2e151ea62dc902956a9755726c,fixed_mutation,fish_or_molecular_cytogenetics,-0.003,,unsure,ok,[],"[{""measurement"": ""-0.003"", ""unit"": ""coefficient""}]",False,,,,,,,False,False,model_single_pass
a7d02fc70ccf9f5b3f534b4a4e834d961d3c50c0de854be99b8e43a8d812712e,premutagenic_damage,comet_assay,~50,percent DNA in tail,ok,ok,"[{""measurement"": ""50"", ""unit"": ""percent DNA in tail""}]","[{""measurement"": ""50"", ""unit"": ""percent DNA in tail""}]",True,True,True,True,True,True,True,True,True,model_single_pass
a7daddf5958c4150faef6ed019c63f9eda4fa2dbf92bf87c5bdbb60a2d8d75dd,fixed_mutation,hprt_hgprt_xprt_forward_mutation,6.02,,unsure,unsure,[],[],True,,,,,,,True,False,model_single_pass
a82de87052c689d14aa1f3ccd766a9c44372014de74dd0b7a85fcd1dbad7b57f,mutagenicity_mechanism,metabolite_formation_or_reaction_phenotyping,2.8,,relative,relative,[],[],True,,,,,,,True,False,model_single_pass
a9a2e4b031b3c8f25d54eb06629a81401c531bf5bae6967db7b924476da3ef30,premutagenic_damage,comet_assay,Larynx cancer subjects 47.1; Controls 69.6,% of samples with efficient DNA repair,unsure,unsure,[],[],True,,,,,,,True,False,model_single_pass
a9e8f2c142bf5ff37abdae9aa19dc820ecd272491f982fe62df9c297b34551a7,premutagenic_damage,targeted_dna_adduct_measurement,ratio 3.5,8-oxo-dG/dlz ratio,ok,ok,"[{""measurement"": ""3.5"", ""unit"": ""8-oxo-dG/dlz ratio""}]","[{""measurement"": ""3.5"", ""unit"": ""8-oxo-dG/dlz ratio""}]",True,True,True,True,True,True,True,True,True,model_single_pass
aa9bee534f12608b6a17bdc2d3fb310e268d68558538cb23d3c40ce13ed78b47,premutagenic_damage,32p_postlabelling,2.4 and 4.0,adducts/10^8 thymidines,unsure,unsure,[],[],True,,,,,,,True,False,model_single_pass
ab156200bebbc81f77ff79e7770e0f0f9107898fa83ffb0455b0f8e364826416,mutagenicity_mechanism,kinetochore_or_chromosome_segregation_assay,0.62,,ok,ok,"[{""measurement"": ""0.62"", ""unit"": ""Nmn1+/Nmn fraction""}]","[{""measurement"": ""0.62"", ""unit"": ""fraction""}]",True,True,False,False,True,False,False,False,False,model_single_pass
ab809597dc70fcd7824b330c014b3978c51afa5cae8f35f536cd865a605d40e9,mutagenicity_mechanism,dna_fibre_or_replication_fork_assay,0.56,,relative,relative,[],[],True,,,,,,,True,False,model_single_pass
abe4a3dfa5ce032e4b0c1871262cb2cfb633e33bbb74d9c5f3abeef09b8f0578,fixed_mutation,other_mammalian_forward_mutation,0.0001,,ok,ok,"[{""measurement"": ""1"", ""unit"": ""10^-4 mutation frequency""}]","[{""measurement"": ""0.0001"", ""unit"": ""frequency""}]",True,False,False,False,False,False,False,False,False,model_single_pass
ac52b7b88b58e1185bcb6d09b6a19b05def6cfe83237222220699be2ce2f0f15,premutagenic_damage,oxidized_base_measurement,"40.0% (grade I), 80.0% (grade II), 73.3% (grade III)",percent of DCIS cases positive for 8-OHdG immunostaining,unsure,relative,[],[],False,,,,,,,False,False,model_single_pass
acee0c064d47f2d58378dffb8472486f25d466f2da5f17e5957e588cfd0e086b,mutagenicity_mechanism,reactive_metabolite_trapping,2.6,,unsure,relative,[],[],False,,,,,,,False,False,model_single_pass
ad0682b7a475cb58c28fdcd22fbbffa693206200d20d6667111882a540f41cf7,fixed_mutation,sister_chromatid_exchange_assay,0.98,,unsure,ok,[],"[{""measurement"": ""0.98"", ""unit"": ""SCE""}]",False,,,,,,,False,False,model_single_pass
ae4cd6eb58cf2f0c7eab75fc5566d66c0ec695003f0c7b11146d9ff9ee85022a,fixed_mutation,microbial_forward_mutation,0.000000802,,ok,ok,"[{""measurement"": ""8.02"", ""unit"": ""10^-7 resistant-mutant frequency""}]","[{""measurement"": ""0.000000802"", ""unit"": ""ratio""}]",True,False,False,False,False,False,False,False,False,model_single_pass
aebda8055f3275d6fcf1be11bca65479dbe716cb5caf31baa15d9c71fceb2f55,premutagenic_damage,targeted_dna_adduct_measurement,P = 0.0004,,unavailable,unavailable,[],[],True,,,,,,,True,False,model_single_pass
aeed60cf5225741f7a7f7fb3a346b556e4f8980a24345a6c34e85c8173ec0fb8,mutagenicity_mechanism,metabolic_enzyme_activity_or_inactivation,308.3,,unsure,unsure,[],[],True,,,,,,,True,False,model_single_pass
af7284398b8b1584cce9f6672eb5425bfad121b5c050d8f91615a6c250fc810e,premutagenic_damage,bacterial_ddr_reporter,active only in presence of activating S-9 mix,,unavailable,unavailable,[],[],True,,,,,,,True,False,model_single_pass
b00930089061652d0a47cf61c3f8c3ac9c6e623f9d779fe48e8b781d59a3da70,premutagenic_damage,other_direct_damage_assay,1-1.5 log inhibition of amplification (3-5 cycle Cp increase),log inhibition of amplification,unsure,unsure,[],[],True,,,,,,,True,False,model_single_pass
b057568153da9801ea62ac069d567f05c94e9555b842ca4c8bf6bcce6f44e777,premutagenic_damage,other_direct_damage_assay,8636/316-bp product ratio decreased 42% at 2 h and 41% at 24 h; lesion frequency 1.03 at 2 h and 1.00 at 24 h,lesions per mtDNA molecule; percent reduction of product-intensity ratio,unsure,unsure,[],[],True,,,,,,,True,False,model_single_pass
b128e08e8112242b1df0154147df97ec3e1f0e62ec20b89c4cf0ce1ac030d54c,premutagenic_damage,ap_site_or_repair_intermediate_assay,2.49 ± 0.34 vs control 0.25 ± 0.01,,unsure,relative,[],[],False,,,,,,,False,False,model_single_pass
b1315b1dbd9a5c25ae056fd87f900988e290d03eb95c5b18d29c681e6aa1d6cc,mutagenicity_mechanism,dna_fibre_or_replication_fork_assay,0.69,,relative,relative,[],[],True,,,,,,,True,False,model_single_pass
b156e69e30886af629a9e05983e6bf1c94d2dbbd16a27e41aa77b9dda274320d,fixed_mutation,other_fixed_mutation_assay,0.00001,,ok,ok,"[{""measurement"": ""1"", ""unit"": ""10^-5 mutation frequency""}]","[{""measurement"": ""0.00001"", ""unit"": ""frequency""}]",True,False,False,False,False,False,False,False,False,model_single_pass
b28d81ecc6fbf09d2aaf6c6e5dcd58bf1add2037191f663d8dedbf7931e30d9a,premutagenic_damage,other_direct_damage_assay,0.066 lesions/10 kb/10 µM,lesions/10 kb/10 µM,ok,ok,"[{""measurement"": ""0.066"", ""unit"": ""lesions/10 kb/10 µM""}]","[{""measurement"": ""0.066"", ""unit"": ""lesions/10 kb/10 µM""}]",True,True,True,True,True,True,True,True,True,model_single_pass
b3dcbce7b8e086a164981bfbacd519a8d872495616e087b0ada554a35d163f36,premutagenic_damage,repair_synthesis_assay,0.7,,unsure,unsure,[],[],True,,,,,,,True,False,model_single_pass
b436c05cda2f6d4b3e7bb548c0a3bd1ed8c0f0c199b80967a461c9716cfda72d,fixed_mutation,non_salmonella_reverse_mutation,0.000298,,ok,ok,"[{""measurement"": ""2.98"", ""unit"": ""10^-4 mutation-frequency constant m""}]","[{""measurement"": ""0.000298"", ""unit"": ""mutation-frequency constant""}]",True,False,False,False,False,False,False,False,False,model_single_pass
b4a48b4c4310ff9b0dbfb85b853fd37fd23eab7cee062a2d1f3d15d602136a94,premutagenic_damage,gadd45a_reporter,maximal GADD45a induction observed,reporter induction (threshold crossing),unavailable,unavailable,[],[],True,,,,,,,True,False,model_single_pass
b4b41943ee90c3b609404e504e8cbc0fe0fd4e1a382195efab62530d27a51891,mutagenicity_mechanism,reactive_metabolite_trapping,341,,ok,ok,"[{""measurement"": ""341"", ""unit"": ""D3-I-SG/D0-I-SG AUC0-40 min ratio""}]","[{""measurement"": ""341"", ""unit"": ""ratio""}]",True,True,False,False,True,False,False,False,False,model_single_pass
b4c4653b1aadb686f1bf7ad59cf849b57f383b0d48a3fd0022107f5adc29d602,premutagenic_damage,ap_site_or_repair_intermediate_assay,8.12 (×10),ARP sites,ok,unsure,"[{""measurement"": ""8.12"", ""unit"": ""×10 ARP sites""}]",[],False,False,False,False,False,False,False,False,False,model_single_pass
b5974f8aba457610584eb88cd17027e81f1470bf488fdf444d9bb6d19fd5c022,fixed_mutation,chromosome_aberration_assay,5.28,,unsure,unsure,[],[],True,,,,,,,True,False,model_single_pass
b5ab9506ea96c0203b903a9a0eb81933dd2b103148414aafa001c7c98efc9e4b,mutagenicity_mechanism,electrophile_nucleophile_reactivity,0.57,,relative,relative,[],[],True,,,,,,,True,False,model_single_pass
b61b1ca012b5c953a3e0edd6132749164d9d06ff8ddf9e03f4dec6396454ea78,premutagenic_damage,gadd45a_reporter,11.99 ± 3.30 (50); 10.37 ± 2.36 (100); 15.90 ± 1.94 (200),fold change relative to control (normalized to TATA box binding protein),unsure,unsure,[],[],True,,,,,,,True,False,model_single_pass
b63c098549a811ac36005da3de779e0aa6fc8968cd943e07a57fb7d71467b6fc,mutagenicity_mechanism,covalent_binding_or_adduct,0.00000071,,ok,ok,"[{""measurement"": ""7.1"", ""unit"": ""10^-7 relative adduct level""}]","[{""measurement"": ""0.00000071"", ""unit"": ""ratio""}]",True,False,False,False,False,False,False,False,False,model_single_pass
b6990e6ecad31c7dc79d93191818c43bd3a5c473cc877bac990672bf970e787c,premutagenic_damage,repair_activity_or_kinetics,"65 and 80% of control at 0.1 and 0.5 mM, respectively (vs 30% suppressed without NAD^+); NHSF46 ~80-85%",% of unirradiated control (DNA synthesis rate),unsure,unsure,[],[],True,,,,,,,True,False,model_single_pass
b6f89ed6db62e555f0a9a50dcca969786a49bd7a8278ee801c9216c1b145535d,fixed_mutation,hprt_hgprt_xprt_forward_mutation,61,,unsure,unsure,[],[],True,,,,,,,True,False,model_single_pass
b79b04697dce82ac36e77993fabf74dd0f7899eaecd5dbbef2b94776707a8411,fixed_mutation,chromosome_aberration_assay,6.34,,unsure,unsure,[],[],True,,,,,,,True,False,model_single_pass
b89778ab3477a30e7d16ff886c4a0748fb32915577700639c4530e6e36d8f6c0,premutagenic_damage,oxidized_base_measurement,r = 0.384,correlation coefficient (r),ok,relative,"[{""measurement"": ""0.384"", ""unit"": ""correlation coefficient (r)""}]",[],False,False,False,False,False,False,False,False,False,model_single_pass
b94215d09593323cf9da077da86686e50f73c2fbe7d7e140beec03eefd652cc5,mutagenicity_mechanism,oxidative_damage_assay,-0.0824,,ok,unavailable,"[{""measurement"": ""-0.0824"", ""unit"": ""correlation coefficient (r)""}]",[],False,False,False,False,False,False,False,False,False,model_single_pass
b988a5296ac10ac10ece89ec25a631f657b3146f308cbd2f18b841dc5e383b3d,mutagenicity_mechanism,electrophile_nucleophile_reactivity,95.5,,relative,relative,[],[],True,,,,,,,True,False,model_single_pass
b9cecaf47ece751adafc1b6b20c82a5d8ac11f2ca481b3d37d9095f3b2a8f476,premutagenic_damage,other_direct_damage_assay,5–8,% of minichromosomes with one CPD in ~200 bp ARS1,unsure,unsure,[],[],True,,,,,,,True,False,model_single_pass
bb31072c2d86c909c7245b8a174e0fb06d2e351b991b28e0bb78d9df2abe806c,fixed_mutation,micronucleus_assay,0.39,,ok,unavailable,"[{""measurement"": ""0.39"", ""unit"": ""correlation coefficient r""}]",[],False,False,False,False,False,False,False,False,False,model_single_pass
bbdb6188db3ded606147e43610044b9deedee8d6cf34a254609893432c6c85f9,mutagenicity_mechanism,spindle_or_centrosome_assay,2.3,,ok,ok,"[{""measurement"": ""2.3"", ""unit"": ""metaphase/prophase ratio""}]","[{""measurement"": ""2.3"", ""unit"": ""ratio""}]",True,True,False,False,True,False,False,False,False,model_single_pass
bd0d47b1aeb4c72e27bfeef21659f42b410083c850b7d6cc82356118e590a2c7,mutagenicity_mechanism,metabolic_enzyme_activity_or_inactivation,3.8,,ok,ok,"[{""measurement"": ""3.8"", ""unit"": ""furafylline consumed per P450 1A2 lost""}]","[{""measurement"": ""3.8"", ""unit"": ""ratio""}]",True,True,False,False,True,False,False,False,False,model_single_pass
bd4b1f7a5b1005911e502eb9a228dfc0cbd30e042fdb4012e74d77fe9e34ed3d,premutagenic_damage,targeted_dna_adduct_measurement,ratio of 3-meA to 7-meG = 0.11,relative ratio,ok,ok,"[{""measurement"": ""0.11"", ""unit"": ""relative ratio""}]","[{""measurement"": ""0.11"", ""unit"": ""relative ratio""}]",True,True,True,True,True,True,True,True,True,model_single_pass
bd5dbad464fc16bda4b0c85ba387d4ae0b1ba0e3d4ee58c3497a7a304c31df5f,premutagenic_damage,bacterial_ddr_reporter,"induced by N-OH-3-MeO-AAB, higher in uvrA strain than wild type",,unavailable,unavailable,[],[],True,,,,,,,True,False,model_single_pass
bd824feef7f6d85a8d6f2e1641c4d4766d7c45c3b50d8052f20ad6e7b2187084,fixed_mutation,aneuploidy_or_chromosome_malsegregation,10.5,,unsure,unsure,[],[],True,,,,,,,True,False,model_single_pass
bdf109161d50ba5523abb1f0216ac0f7539392a3c2f7a5755c569b5ff79e6b92,fixed_mutation,chromosome_aberration_assay,3,,unsure,unsure,[],[],True,,,,,,,True,False,model_single_pass
bdf1b7f4997fca899a465195e7716771725d13becb7350597a26a0a995b0112e,mutagenicity_mechanism,antioxidant_or_thiol_assay,16.6,,ok,ok,"[{""measurement"": ""16.6"", ""unit"": ""GSH/GSSG ratio""}]","[{""measurement"": ""16.6"", ""unit"": ""ratio""}]",True,True,False,False,True,False,False,False,False,model_single_pass
be363dd928b8684d5e7e258a0ae9590620b0ea2f2c0d6bc8ad0873cd918b4610,premutagenic_damage,repair_activity_or_kinetics,>2 fold increase in 7-mG/O6-mG ratio for AMMN and NNK-4-OAc relative to NMUr,7-mG/O6-mG ratio,unsure,relative,[],[],False,,,,,,,False,False,model_single_pass
be8b5a27ef1f4a53000537cd3e42dfde641bfcf4923b99fbd0fd2f785b26f62f,fixed_mutation,yeast_or_fungal_mutation,0.00012,,ok,ok,"[{""measurement"": ""1.2"", ""unit"": ""10^-4 MMS-induced mutation rate""}]","[{""measurement"": ""1.2"", ""unit"": ""10^-4 rate""}]",True,True,False,False,True,False,False,False,False,model_single_pass
bea43788d693dba9c292d87b2318bc0007843e9250a46b26594e250589a05627,premutagenic_damage,dna_crosslink_assay,58.47% inhibition,percent inhibition of DPCs,relative,ok,[],"[{""measurement"": ""58.47"", ""unit"": ""percent inhibition of DPCs""}]",False,,,,,,,False,False,model_single_pass
beaae93e3a6044d6b48bf9b8843a62ddc4667ef0f74de6742c783ab49a38489a,premutagenic_damage,gadd45a_reporter,4-fold increase,relative luciferase activity vs untreated,relative,ok,[],"[{""measurement"": ""4"", ""unit"": ""relative luciferase activity vs untreated""}]",False,,,,,,,False,False,model_single_pass
becf874f55a4c97f3bcade69d9f91dade4a7b64aa4a38147369c0385ffa8d3d3,fixed_mutation,hprt_hgprt_xprt_forward_mutation,7,,unsure,unsure,[],[],True,,,,,,,True,False,model_single_pass
bf22ffcc24a4fdcd6902d6122de1eaedf893d39a947c767a58d22247ce566c6b,premutagenic_damage,p53_pathway_assay,"+ at 0 h, + at 2 h, + at 24 h","relative qualitative score (0=no response, +=weak, ++=strong, +++=very strong)",unavailable,unavailable,[],[],True,,,,,,,True,False,model_single_pass
bf2e4108d28f3560530e4c89d50668ed3fdfad739e4dd8dc66449c8fa285b0c6,fixed_mutation,sister_chromatid_exchange_assay,11.6,,unsure,ok,[],"[{""measurement"": ""11.6"", ""unit"": ""SCE""}]",False,,,,,,,False,False,model_single_pass
bf5fae59553ce9433e02d972a0509c919ceeea4f432c1c8bb0fbf652899f340e,premutagenic_damage,32p_postlabelling,9.6-21.9,adducts per 10^7 nucleotides,unsure,unsure,[],[],True,,,,,,,True,False,model_single_pass
c0045575cb8263fe3acb1de1a79d9a64a500a59115fec9f4d71105b699c5a88a,premutagenic_damage,bacterial_ddr_reporter,more than 3 times,relative to 2AA-induced SOS without tetrandrine,unsure,unsure,[],[],True,,,,,,,True,False,model_single_pass
c00e2f79254966bf0fc2f71871f9e82de1e63d1c08e64f3995c5ef22cff5b818,mutagenicity_mechanism,other_mechanistic_assay,0.49,,ok,ok,"[{""measurement"": ""0.49"", ""unit"": ""knockout index (IC50 KO/IC50 parental)""}]","[{""measurement"": ""0.49"", ""unit"": ""ratio""}]",True,True,False,False,True,False,False,False,False,model_single_pass
c0a603c1d9e1ffa8c8da9f4f916a6584115a1542c293e269bd79c8f4d5d093d5,mutagenicity_mechanism,covalent_binding_or_adduct,1.3,,relative,relative,[],[],True,,,,,,,True,False,model_single_pass
c11ef6b3cda006bce44e919f10c4793538fd3c70679044adfc73586f2f37fa1a,mutagenicity_mechanism,other_mechanistic_assay,437.3,,relative,ok,[],"[{""measurement"": ""437.3"", ""unit"": ""ratio""}]",False,,,,,,,False,False,model_single_pass
c141d2393fc0b1a3907000a45f71ed2a1b97b5fac28a805ba40e08eaab8a0447,premutagenic_damage,multiflow,5.9; 4.9,µM BMD,unsure,unsure,[],[],True,,,,,,,True,False,model_single_pass
c1f586532298a7cdb2f787fa6b8b9f8e1785d6d18cbc3d556264042eb24e75be,fixed_mutation,non_salmonella_reverse_mutation,0.00012,,ok,ok,"[{""measurement"": ""12"", ""unit"": ""10^-5 reversion frequency""}]","[{""measurement"": ""0.00012"", ""unit"": ""10^-5 reversion frequency""}]",True,False,True,False,False,True,False,False,False,model_single_pass
c24a92cd84428ea3f9b61d10f4ddb3ff71e86711aa4ce2372f47026514168395,fixed_mutation,specific_locus_or_visible_marker,0.0015,,ok,ok,"[{""measurement"": ""0.0015"", ""unit"": ""specific-locus mutation rate""}]","[{""measurement"": ""0.0015"", ""unit"": ""rate""}]",True,True,False,False,True,False,False,False,False,model_single_pass
c26ae5389219f5fc9ad2da637c50f1749a794641214452c41747dbb4e73ac225,premutagenic_damage,other_ddr_reporter_or_panel,DDR markers evident (γ-H2AX positive),,unavailable,unavailable,[],[],True,,,,,,,True,False,model_single_pass
c2a69786608b92d10b40396d13cc8af0842792fc08978370581ac009c9603c24,mutagenicity_mechanism,repair_deficient_or_proficient_comparison,25,,unavailable,ok,[],"[{""measurement"": ""25"", ""unit"": ""fold""}]",False,,,,,,,False,False,model_single_pass
c36b5bd177d842e97014cc7cb79ad4522e11b0575006f07312195a7b2e9b518a,fixed_mutation,recombination_or_gene_conversion_assay,0.0000012,,ok,ok,"[{""measurement"": ""1.2"", ""unit"": ""10^-6 recombination frequency""}]","[{""measurement"": ""1.2"", ""unit"": ""10^-6""}]",True,True,False,False,True,False,False,False,False,model_single_pass
c4697fcba0fddc7a886198c6901a54fad89bdea1f724970c59063312d5693c0a,mutagenicity_mechanism,topoisomerase_cleavage_complex_assay,0,,unsure,ok,[],"[{""measurement"": ""0"", ""unit"": ""AUC""}]",False,,,,,,,False,False,model_single_pass
c4928fda972c330515ae00ed0362340d714a11b6b74cf04514b0f68e0da4b09e,mutagenicity_mechanism,covalent_binding_or_adduct,30-40,% of initial concentration,unsure,unsure,[],[],True,,,,,,,True,False,model_single_pass
c516823cf1fcc2cc5a4d3d831383b9bcc6ced122f181425b25a4bde5fc82b3ae,mutagenicity_mechanism,dna_repair_activity_assay,2,,relative,relative,[],[],True,,,,,,,True,False,model_single_pass
c52a8067c4e2613d8e9682022e9376bf5342130f5bf6908664ea0b7569ddcf67,premutagenic_damage,p53_pathway_assay,3-4,h (untreated half-life),unsure,unsure,[],[],True,,,,,,,True,False,model_single_pass
c5bc8ec52106129d10d8b3962119f48106701141af23e4ad83e792c3adf4f809,premutagenic_damage,comet_assay,~49% repair,percent of strand breaks repaired,ok,ok,"[{""measurement"": ""49"", ""unit"": ""percent of strand breaks repaired""}]","[{""measurement"": ""49"", ""unit"": ""percent of strand breaks repaired""}]",True,True,True,True,True,True,True,True,True,model_single_pass
c6cf5a4876373f0379808bd164d816e8cac16406711022b19e4d89667dd897c9,premutagenic_damage,multiflow,">10,000; 7,570",µM BMD,unsure,unsure,[],[],True,,,,,,,True,False,model_single_pass
c7e34a5b8471f01fb19bfb4e6de4ac3ca3f8c0ec644595770b1e2af668e5395b,mutagenicity_mechanism,topoisomerase_cleavage_complex_assay,30,,relative,ok,[],"[{""measurement"": ""30"", ""unit"": ""fold""}]",False,,,,,,,False,False,model_single_pass
c88b681ffdc9c10a3d5538affd9e675bcf58ea4844ad09147af59c4f2ae6dcbb,mutagenicity_mechanism,topoisomerase_cleavage_complex_assay,0.39,,relative,relative,[],[],True,,,,,,,True,False,model_single_pass
c8e976958fed1b588cdb54bfa9161afa27ec2aee4803cefb8db2950f40e2e584,mutagenicity_mechanism,mechanistically_informative_genotoxicity,4,,relative,ok,[],"[{""measurement"": ""4"", ""unit"": ""fold""}]",False,,,,,,,False,False,model_single_pass
c9c9d5d529dd75cb41de78b95aa0421e2e06eece0e4a0f16caa860599821328f,premutagenic_damage,dna_adductomics,34-40,% of all measured pyridine-containing DNA adducts,unsure,unsure,[],[],True,,,,,,,True,False,model_single_pass
ca88059f21848a26a6495bc9beaf4e34e8e5f544accdb269a11771f7ef30a181,mutagenicity_mechanism,antioxidant_or_thiol_assay,35-45,% recovery,unsure,unsure,[],[],True,,,,,,,True,False,model_single_pass
caf6906a843bb5d6eb0b78e0fd3fbb1896fd83b69064963bb0688db5e29a9f2b,premutagenic_damage,strand_break_physical_assay,single-strand-break frequency approximately equal (within a factor of 2) to DNA-protein crosslink frequency,,unsure,unavailable,[],[],False,,,,,,,False,False,model_single_pass
cb64a0fcc9ade15a0895bd23a3d7663f5be8504be7e5e3dc86b54e569b335e90,fixed_mutation,micronucleus_assay,36.55,,unsure,unavailable,[],[],False,,,,,,,False,False,model_single_pass
cbc6972a6aab18a67a1023e569cb25b1bd0054a649a6d2b75c30e53f5693ea6c,fixed_mutation,specific_locus_or_visible_marker,0.00034,,ok,ok,"[{""measurement"": ""3.4"", ""unit"": ""10^-4 SCS mutation rate""}]","[{""measurement"": ""3.4"", ""unit"": ""10^-4 rate""}]",True,True,False,False,True,False,False,False,False,model_single_pass
cc02b7e8cc62bcc3952a30de6f4e1dc1223f3daa1f1d3aae748a327dd66d2371,fixed_mutation,hprt_hgprt_xprt_forward_mutation,0.0000062,,ok,ok,"[{""measurement"": ""6.2"", ""unit"": ""10^-6 hprt mutation frequency""}]","[{""measurement"": ""6.2"", ""unit"": ""10^-6""}]",True,True,False,False,True,False,False,False,False,model_single_pass
cc341de3cee979a14e02c2dec33539f275b0833a178bfeda95466d5857824e01,mutagenicity_mechanism,dna_polymerase_or_synthesis_assay,1,,unavailable,unsure,[],[],False,,,,,,,False,False,model_single_pass
cc3685d84e364438dfe394b359375dc3a723e3398b6aa9b982b273cd154b5d2d,premutagenic_damage,strand_break_physical_assay,approximately 6,strand breaks per DNA molecule,ok,ok,"[{""measurement"": ""6"", ""unit"": ""strand breaks per DNA molecule""}]","[{""measurement"": ""6"", ""unit"": ""strand breaks per DNA molecule""}]",True,True,True,True,True,True,True,True,True,model_single_pass
cd737366088b7b392a5cf74a715b414361170b53e839b59e6bb42cfc19695867,premutagenic_damage,ap_site_or_repair_intermediate_assay,~3,hours (half-life),ok,ok,"[{""measurement"": ""3"", ""unit"": ""hours (half-life)""}]","[{""measurement"": ""3"", ""unit"": ""hours (half-life)""}]",True,True,True,True,True,True,True,True,True,model_single_pass
cdc594861f9ab72f900d5859b6df49c848a620123be7e78f6981677587de2b18,premutagenic_damage,oxidized_base_measurement,"0.636 (Spearman r, positive with gestational age)",correlation coefficient (dimensionless),ok,relative,"[{""measurement"": ""0.636"", ""unit"": ""correlation coefficient (dimensionless)""}]",[],False,False,False,False,False,False,False,False,False,model_single_pass
cdf1fec928dec49571f2a0471f4c45e16b34809f7903b8e746ec55dc841297f8,mutagenicity_mechanism,mechanistically_informative_genotoxicity,1,,relative,ok,[],"[{""measurement"": ""1"", ""unit"": ""fold""}]",False,,,,,,,False,False,model_single_pass
ce332e4a5476fc9a1a0d6ce630aed52494d2f2e59b8db7d360d7e9d240287fa2,mutagenicity_mechanism,electrophile_nucleophile_reactivity,270,,relative,relative,[],[],True,,,,,,,True,False,model_single_pass
ce57a7931b69fe700e8be90ce8caa8797de3a6bb063c7f8dbad0eb77badd5406,premutagenic_damage,other_direct_damage_assay,~6-fold greater (vs normal labile iron),,relative,relative,[],[],True,,,,,,,True,False,model_single_pass
cf551da9a7d92633ae5b5c7551dd37de0aa0450deed3c9d4f4564fec17933be0,fixed_mutation,microbial_forward_mutation,0.0000000000167,,ok,unsure,"[{""measurement"": ""1.67"", ""unit"": ""10^-11 resistant mutant frequency""}]",[],False,False,False,False,False,False,False,False,False,model_single_pass
cf8bc6d3958b18f1d98a49a3e16948e46fbee08e61377f6fa496e4d0e89a9fd5,fixed_mutation,drosophila_mutation,8.83,,unsure,ok,[],"[{""measurement"": ""8.83"", ""unit"": ""frequency""}]",False,,,,,,,False,False,model_single_pass
cf99ff743330e873bf7607bd7e006a12d99579bdd785201ed89f625c2e007635,mutagenicity_mechanism,oxidative_damage_assay,1.74,,relative,relative,[],[],True,,,,,,,True,False,model_single_pass
cfd2fef0f6d08b325bedbcd3981446e97c52cef6680870a523f6a37d6729b5e2,fixed_mutation,non_salmonella_reverse_mutation,0.00000001,,ok,unsure,"[{""measurement"": ""1"", ""unit"": ""10^-8 reversion rate""}]",[],False,False,False,False,False,False,False,False,False,model_single_pass
d0c3490ef22b123f5d54b6c56367a15c4f6efc612f53d927469409d973b4a4c5,mutagenicity_mechanism,electrophile_nucleophile_reactivity,3,,ok,ok,"[{""measurement"": ""3"", ""unit"": ""apparent pKa""}]","[{""measurement"": ""3"", ""unit"": ""pKa""}]",True,True,False,False,True,False,False,False,False,model_single_pass
d25e753ec9b9997910f5ae37fafe8a10b0793128c230fbe9f519ce579b04382d,mutagenicity_mechanism,electrophile_nucleophile_reactivity,1.9,,ok,unsure,"[{""measurement"": ""1.9"", ""unit"": ""log k_GSH""}]",[],False,False,False,False,False,False,False,False,False,model_single_pass
d34ffb80c17dc6c123c97b6016abd7adbd376ec95aa1f63e0aea8fa722422b3d,mutagenicity_mechanism,reactive_metabolite_trapping,0.048,,ok,ok,"[{""measurement"": ""0.048"", ""unit"": ""GSH adduct/d4-LAP-OH internal-standard peak area ratio""}]","[{""measurement"": ""0.048"", ""unit"": ""ratio""}]",True,True,False,False,True,False,False,False,False,model_single_pass
d36c4291876c4d6fb9ec8e926981840c191ea3d3173c02ea49a3e7c8a549e8ac,premutagenic_damage,p53_pathway_assay,p53 increased in Cur- and/or SLCP-treated cells (similar to western blot findings),,unavailable,unavailable,[],[],True,,,,,,,True,False,model_single_pass
d4f791dcc12feda322df2b7846eb443260345901c3799fb6e59e0cd7a435dc63,fixed_mutation,other_fixed_mutation_assay,1,,ok,ok,"[{""measurement"": ""1"", ""unit"": ""repeat""}]","[{""measurement"": ""1"", ""unit"": ""repeat""}]",True,True,True,True,True,True,True,True,True,model_single_pass
d50c90074b8bae6208f3f9a568995c8ec16ae9063f6ff08536ea031d58321f2c,fixed_mutation,chromosome_aberration_assay,4.25,,unsure,unsure,[],[],True,,,,,,,True,False,model_single_pass
d653338429ffc07b1dd60091bad8fcdcd9accdfe0e5d185fb180c510a5a2497a,mutagenicity_mechanism,kinetochore_or_chromosome_segregation_assay,6.4,,unavailable,unsure,[],[],False,,,,,,,False,False,model_single_pass
d6eca93a89895ed4643d31c8a0c54c36b94513be98c9205b434c7642b57b83b9,mutagenicity_mechanism,metabolite_formation_or_reaction_phenotyping,40,,ok,ok,"[{""measurement"": ""40"", ""unit"": ""arbitrary rate units""}]","[{""measurement"": ""40"", ""unit"": ""arbitrary rate units""}]",True,True,True,True,True,True,True,True,True,model_single_pass
d7ccab2d5eafdaabb035bcdc7fcc393dd2c64351910728350fc955e80db0ebab,fixed_mutation,specific_locus_or_visible_marker,2,,relative,relative,[],[],True,,,,,,,True,False,model_single_pass
d86e67b875b122c722171f51666cbade1aa56f38b078144753ed46ff22a0f435,premutagenic_damage,repair_synthesis_assay,82% inhibition,percent inhibition,unsure,ok,[],"[{""measurement"": ""82"", ""unit"": ""percent inhibition""}]",False,,,,,,,False,False,model_single_pass
d98b2eeedf7a94e51896e292fc1f036c5ef1f79086ff60e7e7d52ac94c4bfcf0,mutagenicity_mechanism,dna_polymerase_or_synthesis_assay,0.5,,relative,relative,[],[],True,,,,,,,True,False,model_single_pass
daaf0bf762c5bf5bebd6aa87aa5fde380a471fc66f4cf6b62d0af1ed7d16dd0c,mutagenicity_mechanism,mechanistically_informative_genotoxicity,6.4,,ok,ok,"[{""measurement"": ""6.4"", ""unit"": ""SOS induction factor""}]","[{""measurement"": ""6.4"", ""unit"": ""fold""}]",True,True,False,False,True,False,False,False,False,model_single_pass
db39aa5369d3f1428adad0426817c2c9a5ec841991bdb30f27d33849ab553f23,fixed_mutation,hprt_hgprt_xprt_forward_mutation,5.94,,unsure,unsure,[],[],True,,,,,,,True,False,model_single_pass
dbbf9e3d040a113bea70d5b8cd619c43ecc31de2a72e552e93ffbf77ff1df229,premutagenic_damage,32p_postlabelling,increased by 290%,nmol adducted DNA/mol total DNA,relative,relative,[],[],True,,,,,,,True,False,model_single_pass
dbc20b177baf690dcf4ae2810a790ddc5ca45125122c1ff0f7f4812bf5f808a1,fixed_mutation,drosophila_mutation,0.44,,unsure,ok,[],"[{""measurement"": ""0.44"", ""unit"": ""frequency""}]",False,,,,,,,False,False,model_single_pass
dd30f5868a5d46d2e7bc712438dd68016870f3a61bd504f15d87801495f3bc9b,fixed_mutation,chromosome_aberration_assay,9.08,,unsure,unsure,[],[],True,,,,,,,True,False,model_single_pass
dde59d6f2b90a9822bb50d2be54c16475a37a63b18226bae7819d735e07c2b2c,premutagenic_damage,oxidized_base_measurement,0.300 ± 0.01,,unsure,unsure,[],[],True,,,,,,,True,False,model_single_pass
df443870ddd8c8237ab56c68f84cc3e00d1e29a127f6c1339d9cdb72c34928a4,premutagenic_damage,gamma_h2ax_assay,dose-dependent down-regulation of γH2AX fluorescence,γH2AX fluorescence intensity,unavailable,unavailable,[],[],True,,,,,,,True,False,model_single_pass
df78a6c464454be132af88f90462febe582675fc794395bc1f87748542a2ce8f,mutagenicity_mechanism,detoxification_or_conjugation_assay,2,,relative,relative,[],[],True,,,,,,,True,False,model_single_pass
e05735494cd9717545e56b41b58368e85d7583ae4e0071a08f530f86fd10f509,fixed_mutation,dominant_lethal_test,2.5,,relative,relative,[],[],True,,,,,,,True,False,model_single_pass
e0b307d421f0e145fd8c2e903615ac660eb9e82be8334f5ca3bd43174ce83d9b,premutagenic_damage,oxidized_base_measurement,r=-0.92; P<0.001,,ok,relative,"[{""measurement"": ""-0.92"", ""unit"": ""correlation coefficient""}]",[],False,False,False,False,False,False,False,False,False,model_single_pass
e0b677d2d1bac5f42194ea8c511e7def90c32b96590ecd56eefcc30ea4af8b1e,premutagenic_damage,other_ddr_reporter_or_panel,92% (H3 K56R constant up to 360 min); 28% (WT declined); 80% H3 K56R foci present after 10 h,% of cells with Rad52-YFP foci; % of foci still present,unsure,unsure,[],[],True,,,,,,,True,False,model_single_pass
e10401cc1fcbfa734c3d6f1c7f42305d38322e19d163e1161b1a7d403803f33d,mutagenicity_mechanism,covalent_binding_or_adduct,0.15,,ok,ok,"[{""measurement"": ""0.15"", ""unit"": ""O6-methylguanine/7-methylguanine ratio""}]","[{""measurement"": ""0.15"", ""unit"": ""ratio""}]",True,True,False,False,True,False,False,False,False,model_single_pass
e106a89e009db3d29003942487f1447de9d707c66d17a568852adeeb24162605,premutagenic_damage,host_cell_reactivation,S increased; augmented by factor 2.5 (classes C and D),survival fraction (S),relative,relative,[],[],True,,,,,,,True,False,model_single_pass
e137661c0f05978db40ce7e1215e1fb723a131347a91ba697d04f83d14816205,premutagenic_damage,p53_pathway_assay,maximum induction just below 2-fold,fold,unsure,unsure,[],[],True,,,,,,,True,False,model_single_pass
e16400ca1b2f2af7cda3e22e37af81268ce2aaef05640897e98006ed4089c194,mutagenicity_mechanism,other_mechanistic_assay,1.2,,ok,ok,"[{""measurement"": ""1.2"", ""unit"": ""relative resistance index (IC50 HL-60/MX2/IC50 HL-60)""}]","[{""measurement"": ""1.2"", ""unit"": ""ratio""}]",True,True,False,False,True,False,False,False,False,model_single_pass
e17e7fbf44d9fbfb642e73b3c52190bd2f8675035a2d7e9752a83f36e19091b2,premutagenic_damage,repair_synthesis_assay,positive (symbol ⊕; 3 or more reports),,unavailable,unavailable,[],[],True,,,,,,,True,False,model_single_pass
e19f48454316dbb3ac2ddc8a11d2c6aa766c5f28693585dca84e4d02129a24df,mutagenicity_mechanism,reactive_metabolite_trapping,0.89,,ok,unsure,"[{""measurement"": ""0.89"", ""unit"": ""correlation coefficient""}]",[],False,False,False,False,False,False,False,False,False,model_single_pass
e1b70027cb5c04cec3b5c932b62e721f564fa6959af713d9a1260764eb081295,premutagenic_damage,dna_adductomics,"m/z 357.1530 (unlabeled) / 367.1231 (15N-labeled), 10 N labeled",m/z (mass difference 9.9703 amu),unavailable,ok,[],"[{""measurement"": ""357.1530"", ""unit"": ""m/z (mass difference 9.9703 amu)""}]",False,,,,,,,False,False,model_single_pass
e3c3be0b7f47aff54f8d00756eb425bb937aaabb9732d78ee352fa45fcb29be3,mutagenicity_mechanism,detoxification_or_conjugation_assay,2.59,,unsure,unsure,[],[],True,,,,,,,True,False,model_single_pass
e3f848f2a914d54ada06fced39f2a67fa18072fe74983b610a257ebc2acdf2b3,premutagenic_damage,dna_adductomics,m/z 540.1772,,unavailable,ok,[],"[{""measurement"": ""540.1772"", ""unit"": ""m/z""}]",False,,,,,,,False,False,model_single_pass
e4479f6a397fed4b29b9ea763ed42c655a3f3ddb6e4297672899c493c41854b4,premutagenic_damage,strand_break_physical_assay,SSF increased almost linearly over 0.5–2.5 Gy; increase already seen at 0.5 Gy,SSF vs nonirradiated control (0 Gy),unavailable,unsure,[],[],False,,,,,,,False,False,model_single_pass
e47e5a99999ad557dde2caf18cb507ce1195d9c3480a312ef1df240a93ce406f,premutagenic_damage,ap_site_or_repair_intermediate_assay,"depurination faster in acid pH; relative rates among 7-methylguanine, guanine and adenine unchanged",,unavailable,unavailable,[],[],True,,,,,,,True,False,model_single_pass
e50823cf859c28f0ef23a25db8834b336da184abf4ef8aa0b41c178a68b28ea2,mutagenicity_mechanism,topoisomerase_catalytic_assay,0.2,,ok,ok,"[{""measurement"": ""0.2"", ""unit"": ""mutant/wild-type IC50 ratio""}]","[{""measurement"": ""0.2"", ""unit"": ""ratio""}]",True,True,False,False,True,False,False,False,False,model_single_pass
e52c1f40a885f528935d1a819a8bc27ad220602897d612a7f9e4f3d642aa6e28,premutagenic_damage,p53_pathway_assay,5-fold by 4 h; 10-fold by 6 h,fold (chromatin p53),unsure,unsure,[],[],True,,,,,,,True,False,model_single_pass
e558e86811667ccc22e08c0345a08fc965d485cbc54044fbe39b67afab4aa80e,premutagenic_damage,gamma_h2ax_assay,"69.33, 54.77, 58.67, 85.33, 84.0","percent of nuclei in group I at 0, 3, 14, 24, 48 h",unsure,unsure,[],[],True,,,,,,,True,False,model_single_pass
e5cada42b559c72beb15ddfbba71a32925bf16020cdc704d607993d14ad8e919,premutagenic_damage,p53_pathway_assay,1.09 ± 0.20,monomer/dimer peak-area ratio,ok,ok,"[{""measurement"": ""1.09"", ""unit"": ""monomer/dimer peak-area ratio""}]","[{""measurement"": ""1.09"", ""unit"": ""monomer/dimer peak-area ratio""}]",True,True,True,True,True,True,True,True,True,model_single_pass
e5daf03c779465b8265accd0b2a9e9ef2cd2dd0ec41eb1b6213a1c22a02caf39,premutagenic_damage,repair_synthesis_assay,20.6 NG (66% IR),net grains per nucleus (percent cells in repair),ok,ok,"[{""measurement"": ""20.6"", ""unit"": ""net grains per nucleus""}]","[{""measurement"": ""20.6"", ""unit"": ""net grains per nucleus (percent cells in repair)""}]",True,True,False,False,True,False,False,False,False,model_single_pass
e66f271a81071a8a676d80e0fa494d2f51d57a1f57a925d0eb5bab1a08f48bce,mutagenicity_mechanism,other_mechanistic_assay,3.903,,unsure,unsure,[],[],True,,,,,,,True,False,model_single_pass
e6fa2adfcc146e12c08534a846df3b91536b50040ecbd7c0e8871efba77466d2,premutagenic_damage,32p_postlabelling,3.2,,unsure,unsure,[],[],True,,,,,,,True,False,model_single_pass
e72acef1e394fd3e6d5c7fec490c994dc6d414a0b128c762334f94a9b06049bd,fixed_mutation,recombination_or_gene_conversion_assay,0.32,,relative,relative,[],[],True,,,,,,,True,False,model_single_pass
e7ea1e94b959406c2b87ca7d2170165b30b279219a8fdb4c82b1e4e52a1b7089,premutagenic_damage,oxidized_base_measurement,r = 0.91,,ok,relative,"[{""measurement"": ""0.91"", ""unit"": ""correlation coefficient (r)""}]",[],False,False,False,False,False,False,False,False,False,model_single_pass
e809451e7688908c79e4b58fcfc8b7211e03f2f7a2eb981569aeb0995dc86ea1,premutagenic_damage,bacterial_ddr_reporter,0.24-3.83,"µM (IC50 range, rat and human CYP1A2 combined)",unsure,unsure,[],[],True,,,,,,,True,False,model_single_pass
e8dd227b21711330f4519286d5fdf2cce9509e9cffd06827a307eff853c61c20,fixed_mutation,micronucleus_assay,49,,unsure,ok,[],"[{""measurement"": ""49"", ""unit"": ""frequency""}]",False,,,,,,,False,False,model_single_pass
e901ef190d5e9e45ce3134f85c8a02e0c7fbe55b838bd55dd648f567c7343a2f,fixed_mutation,micronucleus_assay,49,,unsure,ok,[],"[{""measurement"": ""49"", ""unit"": ""count""}]",False,,,,,,,False,False,model_single_pass
e90f222cda9b91c2c40fdf3321e1f1770eb7ad5c610baa2ef7aeead4685cb0b5,fixed_mutation,recombination_or_gene_conversion_assay,7.3,,unsure,ok,[],"[{""measurement"": ""7.3"", ""unit"": ""10^-7""}]",False,,,,,,,False,False,model_single_pass
e944bafbbca7eab265f9af97c02d97da4a42e7dfcdca37ba33b86ef5e9d54ad7,premutagenic_damage,dna_crosslink_assay,91% ICL removed in 2008 and 89% in 2008/c13*5.25 after 8 h repair; similar kinetics in A2780 and A2780/cp70,%,unsure,unsure,[],[],True,,,,,,,True,False,model_single_pass
e9d1d98b9f9f604364d21a94ca636b226a9a13f64014a73a23efe1ba71b13a5d,mutagenicity_mechanism,repair_deficient_or_proficient_comparison,0.66,,unsure,ok,[],"[{""measurement"": ""0.66"", ""unit"": ""Olive tail moment""}]",False,,,,,,,False,False,model_single_pass
ea255d2b54d2d276f40e4956afe9f927daa2192b0c51fc8682b499bf475824d7,mutagenicity_mechanism,repair_deficient_or_proficient_comparison,0.44,,relative,ok,[],"[{""measurement"": ""0.44"", ""unit"": ""relative LC50""}]",False,,,,,,,False,False,model_single_pass
eafc505951475b855790ef0024e5e3e8d54c7630f14c10b20ecfe27ee7a87128,fixed_mutation,chromosome_aberration_assay,3,,relative,relative,[],[],True,,,,,,,True,False,model_single_pass
eb4937e111556b5a4e3785913292a21da9ffbdb13c7bcb946c9b5a4482553198,fixed_mutation,microbial_forward_mutation,0.000000029,,ok,ok,"[{""measurement"": ""2.90"", ""unit"": ""10^-8 mutants/cell""}]","[{""measurement"": ""0.000000029"", ""unit"": ""ratio""}]",True,False,False,False,False,False,False,False,False,model_single_pass
ec6873d1436b1107726245bbbe367d1dd8b5b9051956cb723a8bc90cba907d8b,mutagenicity_mechanism,mechanistically_informative_genotoxicity,3.86,,unsure,unsure,[],[],True,,,,,,,True,False,model_single_pass
ecc8535dd0fc5d1d7b3f9b7d937e250c9949bae9b5230ec5f3adb1a76365d25d,fixed_mutation,hprt_hgprt_xprt_forward_mutation,"11.3, 19.7",per million lymphocytes,unsure,unsure,[],[],True,,,,,,,True,False,model_single_pass
ed2284302e946f800255a8a9301166426297962139c484b20a571bf542108083,mutagenicity_mechanism,other_mechanistic_assay,40+,% max MetHb,unsure,unsure,[],[],True,,,,,,,True,False,model_single_pass
ed8a59ab34baa974ad1beab881d58e0201d6d8611817928b9d243ddab542b112,fixed_mutation,specific_locus_or_visible_marker,12.6,,unsure,ok,[],"[{""measurement"": ""12.6"", ""unit"": ""frequency""}]",False,,,,,,,False,False,model_single_pass
eef13d7e5bf0db2d93f2eef8120e2edad4cddaf449deb61023ffbf40660acf87,fixed_mutation,drosophila_mutation,2.82,,unsure,ok,[],"[{""measurement"": ""2.82"", ""unit"": ""mutation rate""}]",False,,,,,,,False,False,model_single_pass
ef07147fb324aa7c84fce6c8277e6b1b3f9046f33c687797c64f51be40f4f37b,premutagenic_damage,oxidized_base_measurement,2-4 per 100 000 deoxyguanosines,per 100 000 deoxyguanosines,unsure,unsure,[],[],True,,,,,,,True,False,model_single_pass
ef7e3f2286428c7c1a6813fc6fcdd48de0abe554ac2581b0351be29d94092407,premutagenic_damage,strand_break_physical_assay,1.8-fold,fold change,relative,relative,[],[],True,,,,,,,True,False,model_single_pass
efc24276f35feed3fa15b93ebb0ce96a0fbc971ed69bb183c042cfbe359a8134,premutagenic_damage,oxidized_base_measurement,about twofold enhancement of OH-radical-induced 8-oxodG formation in the presence of PBN,,relative,relative,[],[],True,,,,,,,True,False,model_single_pass
efe32d397f42f546b37fd97180688cbfc7cca060e3dd339e7c21ed1e48496e7d,mutagenicity_mechanism,covalent_binding_or_adduct,0.13,,ok,ok,"[{""measurement"": ""0.13"", ""unit"": ""exogenous/endogenous N2-ethyl-dG ratio""}]","[{""measurement"": ""0.13"", ""unit"": ""ratio""}]",True,True,False,False,True,False,False,False,False,model_single_pass
eff62b2438a70492a59aac6c9ec022f95254e617f7e5ab74afedf82b9efa4833,premutagenic_damage,other_ddr_reporter_or_panel,65% of the APR level induced by AMMN,percent of reference APR level,relative,ok,[],"[{""measurement"": ""65"", ""unit"": ""percent of reference APR level""}]",False,,,,,,,False,False,model_single_pass
f12a746bf51d7f57c311569e3c5ad2b79f20dbf5a44e06d4d5d7a53037100395,mutagenicity_mechanism,topoisomerase_cleavage_complex_assay,100,,unavailable,unsure,[],[],False,,,,,,,False,False,model_single_pass
f163bfeb2e7760b7787141f5a4bc6e0dde2c9ba343985a591b834a13ff371d5e,mutagenicity_mechanism,oxidative_damage_assay,3.17,,unsure,unsure,[],[],True,,,,,,,True,False,model_single_pass
f1fef2d0c36ad5ba1bb3a2561ea08998ca11fecacfb8833f7d2433935268432c,premutagenic_damage,dna_adductomics,1.68 / 2.90 / 4.84,Fold of Control (ratio to control),unsure,unsure,[],[],True,,,,,,,True,False,model_single_pass
f2dba11cb8fce5b2ef08293c907fc15f2f94ec29bfef215f507e1ee07dd78537,mutagenicity_mechanism,mechanistically_informative_genotoxicity,13.84,,ok,ok,"[{""measurement"": ""13.84"", ""unit"": ""µm""}]","[{""measurement"": ""13.84"", ""unit"": ""µm""}]",True,True,True,True,True,True,True,True,True,model_single_pass
f2fe223b64ea5d5f141130eb2dd6bf4e1d5f055dc3df2ba46b1350e59d6ab4b5,fixed_mutation,yeast_or_fungal_mutation,0.00000014,,ok,ok,"[{""measurement"": ""1.4"", ""unit"": ""10^-7 mutation frequency""}]","[{""measurement"": ""1.4"", ""unit"": ""10^-7 mutation frequency""}]",True,True,True,True,True,True,True,True,True,model_single_pass
f3d3e7e6eba3297ef8ec6278f21ff8ba21d3642e3ddcf69433bf616799b47853,premutagenic_damage,targeted_dna_adduct_measurement,~2.5,fmol/µg DNA,ok,ok,"[{""measurement"": ""2.5"", ""unit"": ""fmol/µg DNA""}]","[{""measurement"": ""2.5"", ""unit"": ""fmol/µg DNA""}]",True,True,True,True,True,True,True,True,True,model_single_pass
f40d5287276aadd1b3dd9fb8a6a1b4066b8564baff7a6c21df87cff1e169e079,premutagenic_damage,ap_site_or_repair_intermediate_assay,2-fold,fold vs control,relative,relative,[],[],True,,,,,,,True,False,model_single_pass
f42725c26cc47fc8d6b4c2060176a0f3e5e6307da894ed3701d20ecb34f1bf4f,premutagenic_damage,repair_synthesis_assay,-0.2 ± 1.4,net nuclear grains,ok,ok,"[{""measurement"": ""-0.2"", ""unit"": ""net nuclear grains""}]","[{""measurement"": ""-0.2"", ""unit"": ""net nuclear grains""}]",True,True,True,True,True,True,True,True,True,model_single_pass
f45b043cc7023f089e992b0fdcb6ff716c77fa59f0301193dfc09ebb93b79320,fixed_mutation,recombination_or_gene_conversion_assay,2.3,,ok,ok,"[{""measurement"": ""2.3"", ""unit"": ""10^-7 HGT rate""}]","[{""measurement"": ""2.3"", ""unit"": ""10^-7""}]",True,True,False,False,True,False,False,False,False,model_single_pass
f4c7dee5665228f58e6089860f28fb688e340acbca20e73bfc2ccc42fc86b3cb,premutagenic_damage,repair_synthesis_assay,"2-5 mM: ~50% suppression over (-HU) controls; 20 mM: maximal increase in [^3H]TdR incorporation, then decline with higher concentrations",% of control [^3H]TdR incorporation,unsure,unsure,[],[],True,,,,,,,True,False,model_single_pass
f5e519c1e28dc082b97f38beead63b1c6bd7b2f0cea4dc669aca2eee158cb177,premutagenic_damage,p53_pathway_assay,Phospho-Ser46 p53 increased with time of incubation,,unavailable,unavailable,[],[],True,,,,,,,True,False,model_single_pass
f676299d5fe9c95606ec004c6fd385afa45f0736a1ba3605429d3361aa556b31,mutagenicity_mechanism,repair_deficient_or_proficient_comparison,8,,ok,ok,"[{""measurement"": ""8"", ""unit"": ""fold change""}]","[{""measurement"": ""8"", ""unit"": ""fold""}]",True,True,False,False,True,False,False,False,False,model_single_pass
f67aa355265e7eb91482b87c3cd2f6ecd56d6e84f7b46ae497f685ac496af158,mutagenicity_mechanism,repair_deficient_or_proficient_comparison,5.76,,relative,ok,[],"[{""measurement"": ""5.76"", ""unit"": ""OR""}]",False,,,,,,,False,False,model_single_pass
f7080310e8ea2e676b22a697738787429c26fac063ec637a58b2d123780997ea,premutagenic_damage,gamma_h2ax_assay,γH2AX visualized in nucleus,,unavailable,unavailable,[],[],True,,,,,,,True,False,model_single_pass
f71c97b0fe997949ca9bae7ce5364540bcb0afafc23cd4b98be9ba94489f22a8,premutagenic_damage,repair_activity_or_kinetics,≈10% of εA repaired in 24 h,% repaired,ok,ok,"[{""measurement"": ""10"", ""unit"": ""% repaired""}]","[{""measurement"": ""10"", ""unit"": ""% repaired""}]",True,True,True,True,True,True,True,True,True,model_single_pass
f72719afd0e0fe4b2bfcdf4a9d4e25d49b69052b4cc79e8f714f5fca4987b716,premutagenic_damage,strand_break_physical_assay,<1,Qd unit,unsure,unsure,[],[],True,,,,,,,True,False,model_single_pass
f7781d841d0db6588e53f835109307a6b4494d6013388883b90bdbd66431cfca,mutagenicity_mechanism,dna_repair_activity_assay,0.491,,unsure,unsure,[],[],True,,,,,,,True,False,model_single_pass
f8d52acdf9313d97c64a6c33d2d076d328d7e91663bb3bba477a69cd6e25615b,premutagenic_damage,gadd45a_reporter,approximately 19,µg ml^-1,unavailable,ok,[],"[{""measurement"": ""19"", ""unit"": ""µg ml^-1""}]",False,,,,,,,False,False,model_single_pass
f91211b1c05f8e6bcb9e99c882260f07532125b58ff21eb62703063271c126e9,fixed_mutation,other_fixed_mutation_assay,2.2,,relative,relative,[],[],True,,,,,,,True,False,model_single_pass
fa57ed83012c0e05dd69bea09e0f186c06262028d4c5371c0293197d2fdbdfdb,mutagenicity_mechanism,mechanistically_informative_genotoxicity,4.1,,relative,relative,[],[],True,,,,,,,True,False,model_single_pass
fb9149f91fe580235144b6dc82b9d2bb72dfae3ac350c1b8ab8b37f0944da81b,fixed_mutation,sister_chromatid_exchange_assay,0.3,,unsure,ok,[],"[{""measurement"": ""0.3"", ""unit"": ""SCE-inducing potency""}]",False,,,,,,,False,False,model_single_pass
fbfc0d1363440740d421263b3237842d582b3caa2034a25d3d50eb96c01ad26e,fixed_mutation,sequencing_based_induced_mutation,0.0158,,ok,ok,"[{""measurement"": ""1.58"", ""unit"": ""10^-2 tet(A)ΔtetR allele fraction""}]","[{""measurement"": ""0.0158"", ""unit"": ""frequency""}]",True,False,False,False,False,False,False,False,False,model_single_pass
fc5904ca5b5a82f9ec8e40bce1d313f0a996127abfdeb2ff3377e0f75a2dee84,fixed_mutation,recombination_or_gene_conversion_assay,0.36,,unsure,relative,[],[],False,,,,,,,False,False,model_single_pass
fd1610532a6fd2ff382ad2a2e589cf5767dcbe5f66497a0ce63ed89c46bcf920,premutagenic_damage,dna_adductomics,up to 50% of all Cr-DNA adducts,percent of total Cr-DNA adducts,unsure,unsure,[],[],True,,,,,,,True,False,model_single_pass
fd2c473e1b4a725ba905b24be57fb378a3db7833f3a7d01121c934e3d077215b,fixed_mutation,hprt_hgprt_xprt_forward_mutation,40.4,,unsure,unsure,[],[],True,,,,,,,True,False,model_single_pass
fd3e9cdba17972d4206b097a7b12790e7671466b03ffd41483e86824359fcc0c,premutagenic_damage,host_cell_reactivation,45 to 62 (recovery over 18 h),% relative luciferase activity (normalized to unmodified pGL2),unsure,unsure,[],[],True,,,,,,,True,False,model_single_pass
fdaddc04aced0d51c6eaca0d247f7449a1ae229475297a1ba0076f784c57760e,premutagenic_damage,targeted_dna_adduct_measurement,"178, 1636, 2400, 2527, 2872, 4727, 5781, 6617",pmol/mg DNA,unsure,unsure,[],[],True,,,,,,,True,False,model_single_pass
fe4b5960e287a81f40c5fc49f552016ec3523b9bd697723ff15f220615524bfa,fixed_mutation,non_salmonella_reverse_mutation,0.000375,,ok,ok,"[{""measurement"": ""3.75"", ""unit"": ""10^-4 mutation-frequency constant m""}]","[{""measurement"": ""0.000375"", ""unit"": ""mutation-frequency constant""}]",True,False,False,False,False,False,False,False,False,model_single_pass
fe5af912c998890863d9a4bf55407c194b1067158031b1456778156cae916b8e,fixed_mutation,recombination_or_gene_conversion_assay,0,,unsure,relative,[],[],False,,,,,,,False,False,model_single_pass
fe88ec7a3bc2979c6a6a4adc2e1fc954fa9c1773613561006d11513032245d2b,premutagenic_damage,other_direct_damage_assay,three of four adducted templates gave significant fully extended primer; R-styrene-oxide at position 2 gave very poor extension,,unavailable,unavailable,[],[],True,,,,,,,True,False,model_single_pass
fe9834c78603c462981b7bbee3f4277003a8bc62b94809b718c6d0a82391a7fb,mutagenicity_mechanism,antioxidant_or_thiol_assay,0.323,,unsure,unavailable,[],[],False,,,,,,,False,False,model_single_pass
fef48a6d90e47dce8a23121368449760d60fe50e59220087959d5c63519f4acb,fixed_mutation,microbial_forward_mutation,0.000000024,,ok,unavailable,"[{""measurement"": ""0.000000024"", ""unit"": ""mutation rate""}]",[],False,False,False,False,False,False,False,False,False,model_single_pass
ff02570a33045ed954f492cb08c7205fe917ec2208d18311a5026c43489576b3,fixed_mutation,microbial_forward_mutation,0.00000014,,ok,ok,"[{""measurement"": ""1.4"", ""unit"": ""10^-7 mutation frequency""}]","[{""measurement"": ""0.00000014"", ""unit"": ""ratio""}]",True,False,False,False,False,False,False,False,False,model_single_pass
ff378cd912121f1afc8db1fa3a1d720098f300c80123fa4e60c7a9868e246326,mutagenicity_mechanism,detoxification_or_conjugation_assay,3.692,,unsure,relative,[],[],False,,,,,,,False,False,model_single_pass
ffe60817ab3f218ce139ad6c73bbe21a35d0cb750188aa797dc85e9f2e8d6b77,mutagenicity_mechanism,other_mechanistic_assay,2.2,,unavailable,ok,[],"[{""measurement"": ""2.2"", ""unit"": ""ratio""}]",False,,,,,,,False,False,model_single_pass
