manual_review_status	manual_review_notes	failure_reason	manual_review_version	source_row_number	record_id	pmid	molecule_name	source_smiles	parent_smiles	toxicity_category	proposed_Y	toxicity_outcome	clinical_context	dose_or_exposure	support_text
fail	The molecule is used to prevent or reduce toxicity rather than cause it.	protective_or_preventive_context	clintox_send_v2_gold_manual_review.v1	5937	clintox_send_v2:000005937	22141391	Pegylated liposomal doxorubicin	COc1cccc2c1C(=O)c1c(O)c3c(c(O)c1C2=O)C[C@@](O)(C(=O)CO)C[C@@H]3O[C@H]1C[C@H](N)[C@H](O)[C@H](C)O1	COc1cccc2c1C(=O)c1c(O)c3c(c(O)c1C2=O)C[C@@](O)(C(=O)CO)C[C@@H]3O[C@H]1C[C@H](N)[C@H](O)[C@H](C)O1	cardiotoxicity	1	Reduced cardiotoxicity compared with conventional doxorubicin	Review of pegylated liposomal doxorubicin across metastatic breast cancer, progressive ovarian cancer, relapsed or refractory multiple myeloma and AIDS-related Kaposi's sarcoma		Pegylated liposomal doxorubicin (Caelyx, Doxil) represents an improved formulation of conventional doxorubicin, with reduced cardiotoxicity and an improved pharmacokinetic profile. The article reviews its efficacy and tolerability in metastatic breast cancer, progressive ovarian cancer, relapsed or refractory multiple myeloma and AIDS-related Kaposi's sarcoma.
fail	The molecule is used to prevent or reduce toxicity rather than cause it.	protective_or_preventive_context	clintox_send_v2_gold_manual_review.v1	149416	clintox_send_v2:000149416	40357644	Ivabradine	COc1cc2c(cc1OC)CC(=O)N(CCCN(C)C[C@H]1Cc3cc(OC)c(OC)cc31)CC2	COc1cc2c(cc1OC)CC(=O)N(CCCN(C)C[C@H]1Cc3cc(OC)c(OC)cc31)CC2	cardiotoxicity	1	All-cause deaths 5/51 (9.8%) in ivabradine group vs 7/56 (12.5%) in placebo; deaths due to disease progression (3), sepsis (1), and pulmonary embolism (1); myocardial infarction 1 (2.0%); symptomatic CTRCD 1 (2.0%) vs 3 (5.4%); arrhythmias 0 (0%); elevated cardiac biomarkers (troponin T ≥14 ng/L at 6 months in 39.0% vs 62.2% placebo)	Randomized controlled trial of ivabradine versus placebo for prevention of cardiotoxicity (cancer therapy-related cardiovascular dysfunction) in patients receiving cardiotoxic cancer therapy, 12-month follow-up		No significant difference in the occurrence of clinical complications (symptomatic CTRCD, myocardial infarction, arrhythmias) at 12 months was detected between the ivabradine and placebo groups (11.8% versus 17.9%; OR, 0.61 [95% CI, 0.21–1.83]; P=0.37). In the ivabradine group there were 5 deaths (9.8%) versus 7 (12.5%) in the placebo group (OR, 0.76 [95% CI, 0.23–2.57]; P=0.65); ivabradine deaths were attributed to disease progression (3), sepsis (1), and pulmonary embolism (1). Compared with placebo, a smaller proportion of ivabradine patients had high-sensitivity troponin T ≥14 ng/L at 6 months (39.0% versus 62.2%; P=0.041).
pass	The passage directly supports the proposed molecule-level label and category.		clintox_send_v2_gold_manual_review.v1	487113	clintox_send_v2:000487113	14119518	Digoxin	C[C@H]1O[C@@H](O[C@H]2[C@@H](O)C[C@H](O[C@H]3[C@@H](O)C[C@H](O[C@H]4CC[C@@]5(C)[C@H](CC[C@@H]6[C@@H]5C[C@@H](O)[C@]5(C)[C@@H](C7=CC(=O)OC7)CC[C@]65O)C4)O[C@@H]3C)O[C@@H]2C)C[C@H](O)[C@@H]1O	C[C@H]1O[C@@H](O[C@H]2[C@@H](O)C[C@H](O[C@H]3[C@@H](O)C[C@H](O[C@H]4CC[C@@]5(C)[C@H](CC[C@@H]6[C@@H]5C[C@@H](O)[C@]5(C)[C@@H](C7=CC(=O)OC7)CC[C@]65O)C4)O[C@@H]3C)O[C@@H]2C)C[C@H](O)[C@@H]1O	cardiotoxicity	1	Vomiting (frequent small amounts); drowsiness; sinoatrial block; sinus pauses; atrioventricular nodal escape beats; marked sinus arrhythmia on ECG after acute overdose ingestion.	Case report of accidental acute digoxin overdose in a 19-month-old child; ingested 40 tablets of 0.25 mg digoxin; hospital admission for monitoring and treatment with IV glucose and potassium chloride.	Forty 0.25 mg digoxin tablets (approximately 10 mg total ingested).	Case report G.S.: a 19-month-old child consumed forty 0.25 mg digoxin tablets (~10 mg). After gastric lavage the electrocardiogram was normal, but she then began vomiting frequent small amounts and was drowsy but responsive. An ECG at about 5 hours after ingestion showed sinoatrial block, a few sinus pauses, some atrioventricular nodal escape beats, and a marked degree of sinus arrhythmia.
pass	The passage directly supports the proposed molecule-level label and category.		clintox_send_v2_gold_manual_review.v1	154506	clintox_send_v2:000154506	1154030	Digoxin	C[C@H]1O[C@@H](O[C@H]2[C@@H](O)C[C@H](O[C@H]3[C@@H](O)C[C@H](O[C@H]4CC[C@@]5(C)[C@H](CC[C@@H]6[C@@H]5C[C@@H](O)[C@]5(C)[C@@H](C7=CC(=O)OC7)CC[C@]65O)C4)O[C@@H]3C)O[C@@H]2C)C[C@H](O)[C@@H]1O	C[C@H]1O[C@@H](O[C@H]2[C@@H](O)C[C@H](O[C@H]3[C@@H](O)C[C@H](O[C@H]4CC[C@@]5(C)[C@H](CC[C@@H]6[C@@H]5C[C@@H](O)[C@]5(C)[C@@H](C7=CC(=O)OC7)CC[C@]65O)C4)O[C@@H]3C)O[C@@H]2C)C[C@H](O)[C@@H]1O	cardiotoxicity	1	Repeated episodes of digoxin toxicity associated with elevated serum digoxin levels occurring almost monthly over 7 months	83-year-old male with chronic congestive heart failure followed over 7 months; fluctuating renal function		An 83-year-old male with chronic congestive failure, followed intermittently over 7 months, exhibited elevated serum digoxin levels and evidence of toxicity almost once a month. This instability was partly secondary to fluctuating renal function (BUN reached 75 mg/100 ml at the peak of the digoxin curve in November).
pass	The passage directly supports the proposed molecule-level label and category.		clintox_send_v2_gold_manual_review.v1	120550	clintox_send_v2:000120550	25131262	Daunorubicin	COc1cccc2c1C(=O)c1c(O)c3c(c(O)c1C2=O)C[C@@](O)(C(C)=O)C[C@@H]3O[C@H]1C[C@H](N)[C@H](O)[C@H](C)O1	COc1cccc2c1C(=O)c1c(O)c3c(c(O)c1C2=O)C[C@@](O)(C(C)=O)C[C@@H]3O[C@H]1C[C@H](N)[C@H](O)[C@H](C)O1	cardiotoxicity	1	High clinical toxicity that is dose-dependent and cumulative; myelosuppression and cardiotoxicity are the most prominent toxicities. Liposomal entrapment (DaunoXome) resulted in a less toxic preparation.	Clinical practice cancer chemotherapy; daunorubicin is an anthracycline antibiotic used for acute leukaemia, lymphomas, and breast/lung carcinomas and sarcomas.		The use of free daunorubicin (DNR) in clinical practice is strongly limited by the high toxicity of this drug, which is dose-dependent and cumulative. Myelosuppression and cardiotoxicity are the most prominent DNR toxicities. The entrapment of DNR into liposomes (i.e. DaunoXome) resulted in a less toxic preparation that is currently in commercial use.
pass	The passage directly supports the proposed molecule-level label and category.		clintox_send_v2_gold_manual_review.v1	340917	clintox_send_v2:000340917	27239633	Digoxin	C[C@H]1O[C@@H](O[C@H]2[C@@H](O)C[C@H](O[C@H]3[C@@H](O)C[C@H](O[C@H]4CC[C@@]5(C)[C@H](CC[C@@H]6[C@@H]5C[C@@H](O)[C@]5(C)[C@@H](C7=CC(=O)OC7)CC[C@]65O)C4)O[C@@H]3C)O[C@@H]2C)C[C@H](O)[C@@H]1O	C[C@H]1O[C@@H](O[C@H]2[C@@H](O)C[C@H](O[C@H]3[C@@H](O)C[C@H](O[C@H]4CC[C@@]5(C)[C@H](CC[C@@H]6[C@@H]5C[C@@H](O)[C@]5(C)[C@@H](C7=CC(=O)OC7)CC[C@]65O)C4)O[C@@H]3C)O[C@@H]2C)C[C@H](O)[C@@H]1O	cardiotoxicity	1	Digoxin intoxication/toxicity presenting with nausea, vomiting and abdominal pain; significantly higher hospitalization and mortality in the intoxicated group vs non-intoxicated group.	Cross-sectional descriptive study of ED patients with suspected digoxin toxicity (ECG and clinical findings consistent with digoxin toxicity with no additional explanation), January 2010-July 2011.	Serum digoxin level at or above 1.2 ng/ml	In this study 137 patients presenting at the ED with serum digoxin levels at or above 1.2 ng/ml were included; 68.6% were women with mean age 76.1 ± 12.2. The most common symptoms were nausea, vomiting and abdominal pain, and the levels of hospitalization and mortality in the digoxin-intoxicated group were significantly higher. The mean age of the intoxicated group was significantly higher than the non-intoxicated group (P = 0.03).
pass	The passage directly supports the proposed molecule-level label and category.		clintox_send_v2_gold_manual_review.v1	578849	clintox_send_v2:000578849	19478903	sorafenib	CNC(=O)c1cc(Oc2ccc(NC(=O)Nc3ccc(Cl)c(C(F)(F)F)c3)cc2)ccn1	CNC(=O)c1cc(Oc2ccc(NC(=O)Nc3ccc(Cl)c(C(F)(F)F)c3)cc2)ccn1	cardiotoxicity	1	Symptomatic cardiac disease in 15-18% of treated patients	Cancer patients in small observational studies		Recent small observational studies showed symptomatic cardiac disease in 15%–18% of patients treated with sunitinib or sorafenib.
fail	The claimed outcome cannot be attributed to this molecule separately from a combination or comparator.	combination_or_comparator_confounded	clintox_send_v2_gold_manual_review.v1	33087	clintox_send_v2:000033087	15111772	Doxorubicin	COc1cccc2c1C(=O)c1c(O)c3c(c(O)c1C2=O)C[C@@](O)(C(=O)CO)C[C@@H]3O[C@H]1C[C@H](N)[C@H](O)[C@H](C)O1	COc1cccc2c1C(=O)c1c(O)c3c(c(O)c1C2=O)C[C@@](O)(C(=O)CO)C[C@@H]3O[C@H]1C[C@H](N)[C@H](O)[C@H](C)O1	cardiotoxicity	1	Cardiac toxicity in combination with paclitaxel (AT regimen): congestive heart failure (CHF) and reductions in left ventricular ejection fraction (LVEF) across multiple clinical studies, including one death due to CHF in SWOG 9520 and patients going off study due to marked LVEF reductions. Milan study: 18% CHF (some at low cumulative doxorubicin dose); Gehl: 15/30 reduced LVEF, six CHF, five recovered; Klein: two CHF in 35 patients at ≤240 mg/m²; Greek: 1/24 (4%) CHF at ≤240 mg/m²; Spanish: 8/57 significant LVEF falls (six at <300 mg/m²); ECOG: 8/47 decreased LVEF below normal at median 240 mg/m² (one CHF); EORTC: three CHF, LVEF below normal in 33 (27%) patients (recovered in all but nine); SWOG 9520: no CHF on study, three went off study due to marked LVEF reduction at 240 mg/m², one CHF death.	Combination of doxorubicin (A) plus paclitaxel (T) (AT regimen) for metastatic breast cancer in multiple single- and multi-institution phase II studies; various schedules and infusion times	Cumulative doxorubicin dose limits: 300 mg/m² (Milan), <360 mg/m² and ≤360 mg/m² (Gehl/adjuvant), ≤240 mg/m² (Klein, Greek, ECOG median, SWOG 9520), <300 mg/m² (Spanish)	The combination of doxorubicin and paclitaxel (AT) was associated with substantial cardiac toxicity across multiple clinical studies. In the initial Milan study, 18% of patients developed congestive heart failure (CHF), some at total cumulative doxorubicin doses of only 300 mg/m². In Gehl et al., 15/30 patients developed reductions of LVEF below institutional normals and six developed CHF; 6 of the 15 had received <360 mg/m² of doxorubicin, and five recovered. When cumulative doxorubicin doses were limited to ≤360 mg/m² the combination could be given with acceptable cardiac toxicity; however, Klein noted two cases of CHF in 35 patients at ≤240 mg/m² cumulative doxorubicin, a Greek study reported 1/24 (4%) CHF at ≤240 mg/m², the Spanish study reported 8/57 significant LVEF falls (six at <300 mg/m²), the ECOG study reported 8/47 decreased LVEFs at median 240 mg/m² (one CHF), and the EORTC study reported 3 patients with CHF and LVEF below normal in 33 (27%) patients. In SWOG 9520 no patients developed CHF on study, but three patients in the AT group went off study because of marked LVEF reductions at 240 mg/m² cumulative doxorubicin and there was one death due to CHF.
pass	The passage directly supports the proposed molecule-level label and category.		clintox_send_v2_gold_manual_review.v1	106787	clintox_send_v2:000106787	15226229	Doxorubicin	COc1cccc2c1C(=O)c1c(O)c3c(c(O)c1C2=O)C[C@@](O)(C(=O)CO)C[C@@H]3O[C@H]1C[C@H](N)[C@H](O)[C@H](C)O1	COc1cccc2c1C(=O)c1c(O)c3c(c(O)c1C2=O)C[C@@](O)(C(=O)CO)C[C@@H]3O[C@H]1C[C@H](N)[C@H](O)[C@H](C)O1	cardiotoxicity	1	CHF/LV dysfunction; risk of CHF is cumulative dose and schedule dependent; LV dysfunction secondary to free radical production; increased risk for young/elderly, after mediastinal XRT, female gender, history of cardiac disease; continuous infusion, liposomal delivery, or dexrazoxane can reduce toxicity; incidence of LV dysfunction <5% when appropriately administered	Anthracycline chemotherapy for cancer (review of cardiotoxicity)	Cumulative dose and schedule dependent	Doxorubicin (Adriamycin) is associated with CHF/LV dysfunction (relative frequency +++). Risk of CHF is cumulative dose and schedule dependent; LV dysfunction is secondary to free radical production; risk is increased for young/elderly patients, after mediastinal XRT, female gender, and history of cardiac disease. Continuous infusion, liposomal delivery systems, or dexrazoxane can reduce toxicity; when appropriately administered, incidence of LV dysfunction is <5%.
pass	The passage directly supports the proposed molecule-level label and category.		clintox_send_v2_gold_manual_review.v1	147859	clintox_send_v2:000147859	16808550	Doxorubicin	COc1cccc2c1C(=O)c1c(O)c3c(c(O)c1C2=O)C[C@@](O)(C(=O)CO)C[C@@H]3O[C@H]1C[C@H](N)[C@H](O)[C@H](C)O1	COc1cccc2c1C(=O)c1c(O)c3c(c(O)c1C2=O)C[C@@](O)(C(=O)CO)C[C@@H]3O[C@H]1C[C@H](N)[C@H](O)[C@H](C)O1	cardiotoxicity	1	Cardiotoxicity predicted by cumulative dose; safe maximum cumulative dose defined	Clinical practice risk minimisation for anthracycline cardiotoxicity	550 mg/m² cumulative	Cardiotoxicity of anthracyclines and derivatives can be predicted by the cumulative dose administered. The safe maximum cumulative dose for doxorubicin in clinical practice is generally considered to be 550 mg/m².
pass	The passage directly supports the proposed molecule-level label and category.		clintox_send_v2_gold_manual_review.v1	420125	clintox_send_v2:000420125	37577366	Combretastatin A4 phosphate (CA4DP)	COc1ccc(/C=C\c2cc(OC)c(OC)c(OC)c2)cc1OP(=O)(O)O	COc1ccc(/C=C\c2cc(OC)c(OC)c(OC)c2)cc1OP(=O)(O)O	cardiotoxicity	1	Increase in blood pressure (hypertension) occurring within 30 min to 1 h and lasting 3–4 h after intravenous administration; muscle ischemia seen immediately after administration and continuing for up to 24 h	Humans, intravenous administration; reported in the context of CA4DP-induced hypertension and myocardial injury relevant to clinical trials		In humans, intravenous administration of CA4DP leads to an increase in blood pressure within 30 min to 1 h and continues for 3–4 h, whereas ischemia of the muscles is seen immediately after administration up to 24 h afterward.
fail	The claimed outcome cannot be attributed to this molecule separately from a combination or comparator.	combination_or_comparator_confounded	clintox_send_v2_gold_manual_review.v1	323505	clintox_send_v2:000323505	18991703	Roxithromycin	CC[C@H]1OC(=O)[C@H](C)[C@@H](O[C@H]2C[C@@](C)(OC)[C@@H](O)[C@H](C)O2)[C@H](C)[C@@H](O[C@@H]2O[C@H](C)C[C@H](N(C)C)[C@H]2O)[C@](C)(O)C[C@@H](C)C(=NOCOCCOC)[C@H](C)[C@@H](O)[C@]1(C)O	CC[C@H]1OC(=O)[C@H](C)[C@@H](O[C@H]2C[C@@](C)(OC)[C@@H](O)[C@H](C)O2)[C@H](C)[C@@H](O[C@@H]2O[C@H](C)C[C@H](N(C)C)[C@H]2O)[C@](C)(O)C[C@@H](C)C(=NOCOCCOC)[C@H](C)[C@@H](O)[C@]1(C)O	cardiotoxicity	1	Serious and potentially life-threatening prolongation of QTc intervals when coadministered with astemizole	Drug interaction between roxithromycin and astemizole		There is evidence for interaction between clarithromycin or roxithromycin, but not azithromycin, and astemizole, resulting in serious and potentially life threatening prolongation of QTc intervals.
pass	The passage directly supports the proposed molecule-level label and category.		clintox_send_v2_gold_manual_review.v1	467020	clintox_send_v2:000467020	22794330	Carbamazepine	NC(=O)N1c2ccccc2C=Cc2ccccc21	NC(=O)N1c2ccccc2C=Cc2ccccc21	cardiotoxicity	1	Myocarditis as a manifestation of AHS/DRESS, associated with carbamazepine	Carbamazepine-associated myocarditis (hypersensitivity/acute eosinophilic myocarditis and acute necrotizing eosinophilic myocarditis) as a DRESS manifestation		Myocarditis has been associated with phenobarbital, phenytoin and carbamazepine. Myocarditis can occur in two forms: hypersensitivity myocarditis (also known as acute eosinophilic myocarditis) and acute necrotizing eosinophilic myocarditis. Time to onset of symptoms of myocarditis after development of the cutaneous eruption has ranged from 9 days to 3 months. Although two patients died within 24 h of presentation, the other two patients made a full recovery.
pass	The passage directly supports the proposed molecule-level label and category.		clintox_send_v2_gold_manual_review.v1	421595	clintox_send_v2:000421595	19541476	Sunitinib	CCN(CC)CCNC(=O)c1c(C)[nH]c(/C=C2\C(=O)Nc3ccc(F)cc32)c1C	CCN(CC)CCNC(=O)c1c(C)[nH]c(/C=C2\C(=O)Nc3ccc(F)cc32)c1C	cardiotoxicity	1	Evidence of cardiotoxicity	Sunitinib shown efficacious in imatinib-resistant GIST		Sunitinib (Sutent, Pfizer), an inhibitor of multiple TKs including VEGFRs, has shown efficacy not only in imatinib-resistant GIST but also has evidence of cardiotoxicity.
pass	The passage directly supports the proposed molecule-level label and category.		clintox_send_v2_gold_manual_review.v1	29012	clintox_send_v2:000029012	9193328	Epirubicin	COc1cccc2c1C(=O)c1c(O)c3c(c(O)c1C2=O)C[C@@](O)(C(=O)CO)C[C@@H]3O[C@H]1C[C@H](N)[C@@H](O)[C@H](C)O1	COc1cccc2c1C(=O)c1c(O)c3c(c(O)c1C2=O)C[C@@](O)(C(=O)CO)C[C@@H]3O[C@H]1C[C@H](N)[C@@H](O)[C@H](C)O1	cardiotoxicity	1	Pathologic decline in LVEF (cardiotoxicity) observed in three patients; no clinical symptoms of congestive heart failure or ECG abnormalities; LVEF normalized in two of three patients on follow-up.	Phase/clinical study of epirubicin in patients with metastatic disease; dose-intensified regimen with 10- and 8-day treatment intervals; baseline and follow-up MUGA LVEF assessment; patients not previously treated with chemotherapy.	Cumulative epirubicin dose at time of observation 225 to 450 mg/m²	Cardiotoxicity was defined as clinical cardiac failure or an absolute decrease in resting LVEF either >=20% (to a value >50%) or >=10% (to a value below 50%). During the study no clinical symptoms of congestive heart failure or ECG abnormalities were observed. A pathologic decline in LVEF was seen in three patients, all treated in the 10- or 8-day intervals, with decreases from baseline 64% to 48%, 64% to 40%, and 65% to 48%. Thus three of 14 patients (21%) treated in the shorter intervals and assessable for cardiotoxicity showed a pathologic decline. These patients were not previously treated with chemotherapy, and the cumulative dose of epirubicin ranged from 225 to 450 mg/m².
pass	The passage directly supports the proposed molecule-level label and category.		clintox_send_v2_gold_manual_review.v1	442110	clintox_send_v2:000442110	32110010	Doxorubicin	COc1cccc2c1C(=O)c1c(O)c3c(c(O)c1C2=O)C[C@@](O)(C(=O)CO)C[C@@H]3O[C@H]1C[C@H](N)[C@H](O)[C@H](C)O1	COc1cccc2c1C(=O)c1c(O)c3c(c(O)c1C2=O)C[C@@](O)(C(=O)CO)C[C@@H]3O[C@H]1C[C@H](N)[C@H](O)[C@H](C)O1	cardiotoxicity	1	Marked cardiotoxicity limiting clinical utility; involves myocardial enzyme abnormalities, cardiomyocyte damage, and apoptotic and necrotic cell death.	Clinical anticancer treatment of various human cancers including haematologic malignancies and solid tumours, and used clinically for 50 years.		Doxorubicin (DOX), an anthracycline antibiotic, has been the most widely used effective anticancer agent for the treatment of various human cancers (haematologic malignancies and solid tumours) for 50 years. Nevertheless, its clinical utility is limited due to its marked cardiotoxicity, which mainly involves myocardial enzyme abnormalities, cardiomyocyte damage, and apoptotic and necrotic cell death, driven by oxidative stress, the inflammatory response, mitochondrial dysfunction, calcium dysregulation, autophagy, and cell death.
fail	The claimed outcome cannot be attributed to this molecule separately from a combination or comparator.	combination_or_comparator_confounded	clintox_send_v2_gold_manual_review.v1	218704	clintox_send_v2:000218704	26687958	romidepsin	C/C=C1\NC(=O)[C@H]2CSSCC/C=C/[C@H](CC(=O)N[C@H](C(C)C)C(=O)N2)OC(=O)[C@H](C(C)C)NC1=O	C/C=C1\NC(=O)[C@H]2CSSCC/C=C/[C@H](CC(=O)N[C@H](C(C)C)C(=O)N2)OC(=O)[C@H](C(C)C)NC1=O	cardiotoxicity	1	Three cases of acute cardiac toxicity observed on administration of the first dose of romidepsin and CHOP	Combination of romidepsin with CHOP in first-line treatment of patients with peripheral T-cell lymphoma		Of particular concern in the trial is the observation of three cases of acute cardiac toxicity on administration of the first dose of romidepsin and CHOP, in patients with relapsed or refractory peripheral T-cell lymphoma.
fail	The passage reports a null, reduced-risk, or opposite-direction finding.	wrong_outcome_direction	clintox_send_v2_gold_manual_review.v1	555336	clintox_send_v2:000555336	21227647	Epirubicin	COc1cccc2c1C(=O)c1c(O)c3c(c(O)c1C2=O)C[C@@](O)(C(=O)CO)C[C@@H]3O[C@H]1C[C@H](N)[C@@H](O)[C@H](C)O1	COc1cccc2c1C(=O)c1c(O)c3c(c(O)c1C2=O)C[C@@](O)(C(=O)CO)C[C@@H]3O[C@H]1C[C@H](N)[C@@H](O)[C@H](C)O1	cardiotoxicity	1	Congestive heart failure was not observed (0%).	Prospective study in adults; epirubicin exposure; follow-up 9–18 months; assessed by echo and DTI	Cumulative dose 200–400 mg/m²	In a prospective study (Mercuro et al. 2007), 16 adult patients receiving epirubicin at a cumulative dose of 200–400 mg/m², followed for 9–18 months, showed a 0% congestive heart failure rate.
pass	The passage directly supports the proposed molecule-level label and category.		clintox_send_v2_gold_manual_review.v1	538852	clintox_send_v2:000538852	40781695	Doxorubicin	COc1cccc2c1C(=O)c1c(O)c3c(c(O)c1C2=O)C[C@@](O)(C(=O)CO)C[C@@H]3O[C@H]1C[C@H](N)[C@H](O)[C@H](C)O1	COc1cccc2c1C(=O)c1c(O)c3c(c(O)c1C2=O)C[C@@](O)(C(=O)CO)C[C@@H]3O[C@H]1C[C@H](N)[C@H](O)[C@H](C)O1	cardiotoxicity	1	Cardiotoxicity predominantly limits treatment; hepatotoxicity affecting the liver.	Doxorubicin cancer treatment		Doxorubicin treatment is predominantly limited by cardiotoxicity, but it also affects other tissues, including the liver. Recent investigations indicate that doxorubicin-induced hepatotoxicity is linked to the activation of genes responsible for oxidative stress, DNA damage, cellular dysfunction, and death.
pass	The passage directly supports the proposed molecule-level label and category.		clintox_send_v2_gold_manual_review.v1	510317	clintox_send_v2:000510317	21437755	Amitriptylin	CN(C)CCC=C1c2ccccc2CCc2ccccc21	CN(C)CCC=C1c2ccccc2CCc2ccccc21	cardiotoxicity	1	Herz-Kreislauf-Stillstand (kardiopulmonale Reanimation erforderlich, pulslose elektrische Aktivität), verlängerte QRS-Zeit (280 ms), ventrikuläre Tachykardie nach Überdosierung (Intoxikation)	Fallbericht einer Amitriptylin-Intoxikation mit kardiotoxischer Wirkung, Behandlung mittels kardiopulmonaler Reanimation und Lipidemulsion	Serum-Amitriptylinspiegel 4200 µg/l	Bei Aufnahme zeigten die Blutuntersuchungen extrem hohe Serumspiegel von Amitriptylin (4200 µg/l). Im EKG fand sich nach Aufnahme weiterhin eine deutlich verlängerte QRS-Zeit von 280 ms nach Amitriptylin-Intoxikation; es kam im Rahmen der Intoxikation zu Herz-Kreislauf-Stillstand (pulslose elektrische Aktivität) und ventrikulärer Tachykardie. Amitriptylin wurde oral aufgenommen (kardiale Toxizität durch Überdosierung).
fail	The claimed outcome cannot be attributed to this molecule separately from a combination or comparator.	combination_or_comparator_confounded	clintox_send_v2_gold_manual_review.v1	308461	clintox_send_v2:000308461	30540596	Trabectedin	COc1cc2c(cc1O)CCN[C@]21CS[C@@H]2c3c(OC(C)=O)c(C)c4c(c3[C@H](COC1=O)N1[C@@H]2[C@H]2c3c(cc(C)c(OC)c3O)C[C@@H]([C@@H]1O)N2C)OCO4	COc1cc2c(cc1O)CCN[C@]21CS[C@@H]2c3c(OC(C)=O)c(C)c4c(c3[C@H](COC1=O)N1[C@@H]2[C@H]2c3c(cc(C)c(OC)c3O)C[C@@H]([C@@H]1O)N2C)OCO4	cardiotoxicity	1	When combined with liposomal doxorubicin, more congestive cardiac failure-related diagnoses (congestive heart failure n=1, ventricular dysfunction n=3, cardiac failure n=2) compared to liposomal doxorubicin alone; no significant difference in LVEF decline of at least 15%	Phase III trial of trabectedin with liposomal doxorubicin in advanced ovarian cancer patients (combination arm)		In a phase III trial of trabectedin with liposomal doxorubicin in advanced ovarian cancer, there was no significant difference in rates of an LVEF decline of at least 15% between the liposomal doxorubicin and liposomal doxorubicin with trabectedin arms (8/335 and 7/337 patients, respectively). However, whereas only one patient in the liposomal doxorubicin arm developed congestive cardiac failure-related diagnoses, there were six cases in the combination arm (congestive heart failure n=1, ventricular dysfunction n=3, cardiac failure n=2).
pass	The passage directly supports the proposed molecule-level label and category.		clintox_send_v2_gold_manual_review.v1	141033	clintox_send_v2:000141033	32044644	Cabozantinib	COc1cc2nccc(Oc3ccc(NC(=O)C4(C(=O)Nc5ccc(F)cc5)CC4)cc3)c2cc1OC	COc1cc2nccc(Oc3ccc(NC(=O)C4(C(=O)Nc5ccc(F)cc5)CC4)cc3)c2cc1OC	cardiotoxicity	1	Cardiovascular toxicity: hypertension more common than with other VEGFR-TKIs	Cancer patients treated with VEGFR-TKIs		Hypertension appears to be more common for cabozantinib than for other VEGFR-TKIs, as a class-effect cardiovascular toxicity associated with inhibition of the VEGF pathway.
pass	The passage directly supports the proposed molecule-level label and category.		clintox_send_v2_gold_manual_review.v1	420428	clintox_send_v2:000420428	25484026	Ponatinib	Cc1ccc(C(=O)Nc2ccc(CN3CCN(C)CC3)c(C(F)(F)F)c2)cc1C#Cc1cnc2cccnn12	Cc1ccc(C(=O)Nc2ccc(CN3CCN(C)CC3)c(C(F)(F)F)c2)cc1C#Cc1cnc2cccnn12	cardiotoxicity	1	Increased incidence of cardiovascular, cerebrovascular and peripheral arterial occlusive disease (many affected patients had predisposing risk factors).	TKI therapy in chronic myeloid leukaemia; third-generation TKI		An increased incidence of cardiovascular, cerebrovascular and peripheral arterial occlusive disease have been reported with both nilotinib and ponatinib, although many affected patients had predisposing risk factors.
pass	The passage directly supports the proposed molecule-level label and category.		clintox_send_v2_gold_manual_review.v1	462513	clintox_send_v2:000462513	28492856	zoledronic acid	O=P(O)(O)C(O)(Cn1ccnc1)P(=O)(O)O	O=P(O)(O)C(O)(Cn1ccnc1)P(=O)(O)O	cardiotoxicity	1	No difference in atrial fibrillation at 9 vs 6 years, but higher incidence of any arrhythmia at 9 years of treatment	Post hoc double-blind extension of HORIZON-PFT trial; osteoporotic postmenopausal women	9 years vs 6 years of zoledronic acid treatment	A recent post hoc double-blind extension of the HORIZON-PFT trial found no difference in atrial fibrillation with 9 years versus 6 years of treatment with zoledronic acid in osteoporotic postmenopausal women, although women treated for 9 years had a higher incidence of any arrhythmia (14.1% vs. 4.2%; P = 0.02).
fail	The molecule is used to prevent or reduce toxicity rather than cause it.	protective_or_preventive_context	clintox_send_v2_gold_manual_review.v1	308810	clintox_send_v2:000308810	15700251	Dexrazoxane	C[C@@H](CN1CC(=O)NC(=O)C1)N1CC(=O)NC(=O)C1	C[C@@H](CN1CC(=O)NC(=O)C1)N1CC(=O)NC(=O)C1	cardiotoxicity	1	Dexrazoxane-treated children demonstrated no significant toxicity with dexrazoxane administration and developed no evidence of early clinical cardiotoxicity; children treated without dexrazoxane had a poorer cardiologic outcome.	Children with recurrent or newly diagnosed malignancy receiving dexrazoxane with anthracycline-based salvage or adjuvant chemotherapy, compared with contemporaneous patients without dexrazoxane.		In early reports of small numbers of children with recurrent or newly diagnosed malignancy receiving dexrazoxane with anthracycline-based salvage or adjuvant chemotherapy, the dexrazoxane-treated children demonstrated no significant toxicity with dexrazoxane administration and developed no evidence of early clinical cardiotoxicity, while children treated without dexrazoxane had a poorer cardiologic outcome in general.
pass	The passage directly supports the proposed molecule-level label and category.		clintox_send_v2_gold_manual_review.v1	346103	clintox_send_v2:000346103	7826122	Daunorubicin	COc1cccc2c1C(=O)c1c(O)c3c(c(O)c1C2=O)C[C@@](O)(C(C)=O)C[C@@H]3O[C@H]1C[C@H](N)[C@H](O)[C@H](C)O1	COc1cccc2c1C(=O)c1c(O)c3c(c(O)c1C2=O)C[C@@](O)(C(C)=O)C[C@@H]3O[C@H]1C[C@H](N)[C@H](O)[C@H](C)O1	cardiotoxicity	1	Higher risk of developing cardiac failure in children younger than 15 years compared with adults	Clinical anthracycline cardiotoxicity; comparison of pediatric (<15 years) vs adult patients		Von Hoff and coworkers found that children younger than 15 years had a higher risk of developing cardiac failure than adults with daunorubicin and doxorubicin.
fail	The clinical entity is a formulation, mixture, conjugate, or other entity not represented by the supplied parent structure.	formulation_or_entity_mismatch	clintox_send_v2_gold_manual_review.v1	157719	clintox_send_v2:000157719	39050943	Doxil (PEGylated liposomal doxorubicin)	COc1cccc2c1C(=O)c1c(O)c3c(c(O)c1C2=O)C[C@@](O)(C(=O)CO)C[C@@H]3O[C@H]1C[C@H](N)[C@H](O)[C@H](C)O1	COc1cccc2c1C(=O)c1c(O)c3c(c(O)c1C2=O)C[C@@](O)(C(=O)CO)C[C@@H]3O[C@H]1C[C@H](N)[C@H](O)[C@H](C)O1	cardiotoxicity	1	Risk of inducing congestive heart failure	Breast cancer nanotherapeutics; PEGylated liposomal formulation of doxorubicin (~85 nm diameter)		Doxil, the first FDA-approved nanodrug (1995), is a PEGylated liposomal formulation of doxorubicin with a diameter of approximately 85 nm. Its utilization is tarnished by the notable risk of inducing congestive heart failure.
pass	The passage directly supports the proposed molecule-level label and category.		clintox_send_v2_gold_manual_review.v1	59099	clintox_send_v2:000059099	31931649	Capecitabine	CCCCCOC(=O)Nc1nc(=O)n([C@@H]2O[C@H](C)[C@@H](O)[C@H]2O)cc1F	CCCCCOC(=O)Nc1nc(=O)n([C@@H]2O[C@H](C)[C@@H](O)[C@H]2O)cc1F	cardiotoxicity	1	Cardiotoxicity (symptoms/events of likely cardiac origin during or ≤7 days after last dose) occurred in 4.1% of patients; grades included 0 grade 1, 31 grade 2, 9 grade 3, 6 grade 4 and 5 grade 5 toxicities. Events included acute coronary syndromes (3.6%), ST-elevation MI (0.4%), non-ST MI (0.5%), unstable angina with ischemia on ECG (0.8%), angina without ischemia (1.3%), chest pain without ECG/troponin (0.6%), sinus arrest in one patient (0.08%), and six sudden deaths or cardiac arrests (0.5%).	Colorectal cancer patients treated with capecitabine-based chemotherapy (1241 patients); cardiotoxicity endpoint assessed by endpoint committee using CTCAE v4.03		In patients receiving capecitabine (1241 patients), the incidence of cardiotoxicity was 4.1% (N=51, 95% CI 3.0–5.2%). The most frequent cardiac event was acute coronary syndromes (3.6%). ST-elevation myocardial infarction occurred in 0.4%, non-ST myocardial infarction in 0.5%, unstable angina with ischemia on ECG in 0.8%, angina without ischemia on ECG in 1.3%, and chest pain without ECG/troponin assessment in 0.6%. Sinus arrest occurred in one patient (0.08%), and six sudden deaths or cardiac arrests (0.5%) were identified in the capecitabine group.
pass	The passage directly supports the proposed molecule-level label and category.		clintox_send_v2_gold_manual_review.v1	298700	clintox_send_v2:000298700	32963697	Doxorubicin	COc1cccc2c1C(=O)c1c(O)c3c(c(O)c1C2=O)C[C@@](O)(C(=O)CO)C[C@@H]3O[C@H]1C[C@H](N)[C@H](O)[C@H](C)O1	COc1cccc2c1C(=O)c1c(O)c3c(c(O)c1C2=O)C[C@@](O)(C(=O)CO)C[C@@H]3O[C@H]1C[C@H](N)[C@H](O)[C@H](C)O1	cardiotoxicity	1	Developed cardiac complications (cardiac disorders/cardiotoxicity) after chemotherapy in treated patients	Patients receiving ADR (Adriamycin/doxorubicin) chemotherapy for cancers such as breast cancer and leukemia		Adriamycin (ADR), i.e., doxorubicin, is an effective antineoplastic agent used to treat cancers such as breast cancer and leukemia, but its clinical application has been hindered because it has caused various cardiac disorders. It has been reported that approximately 10% of patients exposed to ADR or its derivatives will develop cardiac complications after the cessation of chemotherapy.
pass	The passage directly supports the proposed molecule-level label and category.		clintox_send_v2_gold_manual_review.v1	31317	clintox_send_v2:000031317	17054261	Digitoxin	C[C@H]1O[C@@H](O[C@H]2[C@@H](O)C[C@H](O[C@H]3[C@@H](O)C[C@H](O[C@H]4CC[C@@]5(C)[C@H](CC[C@@H]6[C@@H]5CC[C@]5(C)[C@@H](C7=CC(=O)OC7)CC[C@]65O)C4)O[C@@H]3C)O[C@@H]2C)C[C@H](O)[C@@H]1O	C[C@H]1O[C@@H](O[C@H]2[C@@H](O)C[C@H](O[C@H]3[C@@H](O)C[C@H](O[C@H]4CC[C@@]5(C)[C@H](CC[C@@H]6[C@@H]5CC[C@]5(C)[C@@H](C7=CC(=O)OC7)CC[C@]65O)C4)O[C@@H]3C)O[C@@H]2C)C[C@H](O)[C@@H]1O	cardiotoxicity	1	Severe (cardio)toxicity in digitoxin poisoning, which may not manifest until up to five days post-admission	Acute digitoxin (digitalis cardenolide) poisoning in humans		Digitoxin, a digitalis cardenolide used therapeutically for cardiac failure, can cause severe toxicity upon poisoning; severe toxicity may not occur until up to five days for digitoxin poisonings, requiring monitoring in a coronary care unit.
pass	The passage directly supports the proposed molecule-level label and category.		clintox_send_v2_gold_manual_review.v1	199115	clintox_send_v2:000199115	30689189	Carbamazepine	NC(=O)N1c2ccccc2C=Cc2ccccc21	NC(=O)N1c2ccccc2C=Cc2ccccc21	dermatologic_toxicity	1	Associated with Stevens-Johnson syndrome or toxic epidermal necrolysis (one of top seven medications associated with SJS/TEN in EuroSCAR study)	EuroSCAR case-control pharmacoepidemiology study of SJS/TEN		The EuroSCAR study revealed that three of the top seven medications associated with Stevens-Johnson syndrome (SJS) or toxic epidermal necrolysis (TEN) were antiepileptic drugs, i.e. carbamazepine, phenobarbital, and phenytoin.
pass	The passage directly supports the proposed molecule-level label and category.		clintox_send_v2_gold_manual_review.v1	20868	clintox_send_v2:000020868	17447101	Arsenic	[As]	[As]	dermatologic_toxicity	1	Arsenic-related skin lesions including hyperkeratosis, hyper- or hypopigmentation, and skin cancer in humans; 10 of 170 Miao clan P members and 50 of 153 Han clan G1 members presented arsenic-related skin diseases; total of 2,402 patients with arsenic-related skin lesions observed across villages.	Residents of villages in Southwest Guizhou, China, exposed via indoor combustion of high-arsenic coal for heating/drying; two clans of different ethnic origin (Miao and Han)	Exposure via inhalation and food ingestion; higher arsenic body burden confirmed in urine and hair samples	In villages in Southwest Guizhou Autonomous Prefecture, China, a total of 2,402 patients with arsenic-related skin lesions (hyperkeratosis, hyper- or hypopigmentation, or even skin cancer) due to indoor combustion of high arsenic coal have been observed. In the study cohort, 10 of 170 Miao clan P members and 50 of 153 Han clan G1 members presented arsenic-related skin diseases. Arsenism morbidity in Miao clan P was significantly lower than in the neighbouring Han clan G1 (5.9% vs. 32.7%, OR 0.13, 95% CI 0.06-0.27, P<0.0001). Miao clan members were exposed to higher amounts of arsenic via inhalation and food ingestion, and hair and urine samples proved a higher arsenic body burden in Miao individuals.
pass	The passage directly supports the proposed molecule-level label and category.		clintox_send_v2_gold_manual_review.v1	404574	clintox_send_v2:000404574	29577050	Methotrexate	CN(Cc1cnc2nc(N)nc(N)c2n1)c1ccc(C(=O)N[C@@H](CCC(=O)O)C(=O)O)cc1	CN(Cc1cnc2nc(N)nc(N)c2n1)c1ccc(C(=O)N[C@@H](CCC(=O)O)C(=O)O)cc1	dermatologic_toxicity	1	Stevens-Johnson syndrome / toxic epidermal necrolysis (severe cutaneous adverse reaction) reported in case reports; separately, methotrexate-induced epidermal necrosis described as a distinct clinical mimic of SJS/TEN	Case reports identified in a literature review (1950-August 2017) of SJS/TEN associated with chemotherapeutic anticancer drugs; most patients exposed concomitantly or within 8 weeks of the agent		The literature review identified 5 case reports of SJS/TEN associated with methotrexate (SJS = 2, TEN = 3). Additionally, methotrexate-induced epidermal necrosis is described as a distinct entity that closely mimics SJS/TEN but exhibits distinct clinicopathological features.
pass	The passage directly supports the proposed molecule-level label and category.		clintox_send_v2_gold_manual_review.v1	583210	clintox_send_v2:000583210	16203662	Gefitinib	COc1cc2ncnc(Nc3ccc(F)c(Cl)c3)c2cc1OCCCN1CCOCC1	COc1cc2ncnc(Nc3ccc(F)c(Cl)c3)c2cc1OCCCN1CCOCC1	dermatologic_toxicity	1	Well tolerated; acneiform rash and diarrhea are the main (clinical) side effects.	Third-line therapy for advanced NSCLC (small molecule tyrosine kinase inhibitor directed against EGFR Type I), discussed in the context of elderly patients.		Gefitinib is approved for use as a third-line agent. It is a small molecule inhibitor of tyrosine kinase directed against the EGFR Type I. It is well tolerated and has a response rate of 10 percent, but improves symptoms and quality of life in approximately 40 percent of patients. Acneiform rash and diarrhea are the main side effects.
pass	The passage directly supports the proposed molecule-level label and category.		clintox_send_v2_gold_manual_review.v1	522994	clintox_send_v2:000522994	5330107	Chloroquine	CCN(CC)CCCC(C)Nc1ccnc2cc(Cl)ccc12	CCN(CC)CCCC(C)Nc1ccnc2cc(Cl)ccc12	dermatologic_toxicity	1	Worsening (exacerbation) of psoriasis in patients whose psoriasis was not sensitive to light; chloroquine described as detrimental to this subgroup.	Patients with psoriasis, non-light-sensitive type, treated with chloroquine	Treatment with chloroquine for two to three weeks	Bielický, in 1963, studied 24 patients with psoriasis. He classified 14 as having light-sensitive psoriasis and the remaining ten as a type not sensitive to light. Eight of the ten patients with the non-light-sensitive type experienced a worsening of their psoriasis after two to three weeks of treatment with chloroquine. He concluded chloroquine was beneficial to the light-sensitive type but detrimental to the type not sensitive to light.
pass	The passage directly supports the proposed molecule-level label and category.		clintox_send_v2_gold_manual_review.v1	205056	clintox_send_v2:000205056	26384567	Phenytoin	O=C1NC(=O)C(c2ccccc2)(c2ccccc2)N1	O=C1NC(=O)C(c2ccccc2)(c2ccccc2)N1	dermatologic_toxicity	1	Stevens-Johnson syndrome	Pediatric pharmacovigilance/ADR reporting study; children		Other drugs associated with Stevens-Johnson syndrome (SJS) were cotrimoxazole, carbamazepine and phenytoin, all of which have been reported previously as causing SJS in children.
pass	The passage directly supports the proposed molecule-level label and category.		clintox_send_v2_gold_manual_review.v1	540605	clintox_send_v2:000540605	1282868	Chlorpromazine	CN(C)CCCN1c2ccccc2Sc2ccc(Cl)cc21	CN(C)CCCN1c2ccccc2Sc2ccc(Cl)cc21	dermatologic_toxicity	1	Blue-grey discoloration of the skin	Antipsychotic (phenothiazine) therapy in patients		Chlorpromazine can cause blue-grey discoloration of the skin. Prolonged use of high dose, low potency medication can also cause pigmentation of the skin, cornea, and lens, and photosensitivity and allergic dermatitis are also seen.
pass	The passage directly supports the proposed molecule-level label and category.		clintox_send_v2_gold_manual_review.v1	351009	clintox_send_v2:000351009	367711	Tartrazine	O=C([O-])C1=NN(c2ccc(S(=O)(=O)[O-])cc2)C(=O)C1/N=N/c1ccc(S(=O)(=O)[O-])cc1.[Na+].[Na+].[Na+]	O=C(O)C1=NN(c2ccc(S(=O)(=O)O)cc2)C(=O)C1/N=N/c1ccc(S(=O)(=O)O)cc1	dermatologic_toxicity	1	Drug eruption and urticaria due to tartrazine reported; clinical cases of drug eruption, urticaria, and intractable asthma implicated tartrazine as the etiologic agent; positive (allergenic) reaction in sublingual testing as part of the collective 46 positive reactions	Human clinical case reports and sublingual allergen challenge testing with a mixture of food colors		Drug eruption due to amaranth, Ponceau 4R, and tartrazine has been reported, and a few clinical cases of drug eruption, urticaria, and intractable asthma have implicated tartrazine as the etiologic agent. Tartrazine also contributed to the collective 46 positive sublingual reactions to food dyes.
pass	The passage directly supports the proposed molecule-level label and category.		clintox_send_v2_gold_manual_review.v1	236456	clintox_send_v2:000236456	27142208	Lamotrigine	Nc1nnc(-c2cccc(Cl)c2Cl)c(N)n1	Nc1nnc(-c2cccc(Cl)c2Cl)c(N)n1	dermatologic_toxicity	1	Associated with concomitant severe skin reactions (hypersensitivity) in combination with liver injury; 4 of these patients overall died.	DILIN registry cohort; severe skin reaction with associated liver injury.		Among 9 (1%) patients in the DILIN cohort with concomitant severe skin reactions associated with liver injury, the implicated agents included lamotrigine, azithromycin, carbamazepine, moxifloxacin, cephalexin, diclofenac, and nitrofurantoin. Four of these patients died, consistent with high mortality for the associated hypersensitivity reaction.
pass	The passage directly supports the proposed molecule-level label and category.		clintox_send_v2_gold_manual_review.v1	480075	clintox_send_v2:000480075	11702367	vinorelbine	CCC1=C[C@@H]2CN(C1)Cc1c([nH]c3ccccc13)[C@@](C(=O)OC)(c1cc3c(cc1OC)N(C)[C@H]1[C@@](O)(C(=O)OC)[C@H](OC(C)=O)[C@]4(CC)C=CCN5CC[C@]31[C@@H]54)C2	CCC1=C[C@@H]2CN(C1)Cc1c([nH]c3ccccc13)[C@@](C(=O)OC)(c1cc3c(cc1OC)N(C)[C@H]1[C@@](O)(C(=O)OC)[C@H](OC(C)=O)[C@]4(CC)C=CCN5CC[C@]31[C@@H]54)C2	dermatologic_toxicity	1	Palmar-plantar erythrodysesthesia (PPE) reported; not reported with bolus administration	New treatment schedule for metastatic breast cancer with continuous 96-hour infusion	Continuous 96-hour infusions of high dosages	PPE has not been reported with vinorelbine given as a bolus, but a 7% incidence of PPE has been observed in a new treatment schedule for metastatic breast cancer using continuous 96-hour infusions of high dosages of vinorelbine.
fail	The passage reports a null, reduced-risk, or opposite-direction finding.	wrong_outcome_direction	clintox_send_v2_gold_manual_review.v1	520812	clintox_send_v2:000520812	23304555	pazopanib	Cc1ccc(Nc2nccc(N(C)c3ccc4c(C)n(C)nc4c3)n2)cc1S(N)(=O)=O	Cc1ccc(Nc2nccc(N(C)c3ccc4c(C)n(C)nc4c3)n2)cc1S(N)(=O)=O	dermatologic_toxicity	1	Grade 1 or 2 radiation dermatitis; none experienced ≥ grade 3 toxicity within the irradiated volume; grade 1 or 2 hyperpigmentation	Patients with breast cancer receiving concurrent pazopanib and radiation therapy (intact breast, chest wall, and associated nodal regions), matched 2:1 to non-pazopanib controls		In patients with breast cancer receiving concurrent pazopanib and radiation therapy, grade 1 or 2 radiation dermatitis was seen in 100% of pazopanib and RT patients versus 84% of matched controls (P = NS). None of the patients receiving pazopanib and RT experienced ≥ grade 3 toxicity within the irradiated volume, while three (16%) matched patients had a grade 3 skin reaction (P = 0.05). Grade 1 or 2 hyperpigmentation was seen in 17% of pazopanib and RT patients and 60% of matched controls (P = 0.005).
pass	The passage directly supports the proposed molecule-level label and category.		clintox_send_v2_gold_manual_review.v1	506768	clintox_send_v2:000506768	25283354	sunitinib	CCN(CC)CCNC(=O)c1c(C)[nH]c(/C=C2\C(=O)Nc3ccc(F)cc32)c1C	CCN(CC)CCNC(=O)c1c(C)[nH]c(/C=C2\C(=O)Nc3ccc(F)cc32)c1C	dermatologic_toxicity	1	Hand-foot syndrome (painful, debilitating condition with dermal vascular changes and keratinocyte necrosis at grades 3-4)	Phase III pancreatic neuroendocrine tumor (pNET) trial		In the phase III pNET trial, sunitinib was associated with hand-foot syndrome, described as a painful and debilitating condition characterized by dermal vascular alterations and keratinocyte necrosis at higher grades.
pass	The passage directly supports the proposed molecule-level label and category.		clintox_send_v2_gold_manual_review.v1	327264	clintox_send_v2:000327264	26914914	quinidine	C=C[C@H]1CN2CC[C@H]1C[C@@H]2[C@@H](O)c1ccnc2ccc(OC)cc12	C=C[C@H]1CN2CC[C@H]1C[C@@H]2[C@@H](O)c1ccnc2ccc(OC)cc12	dermatologic_toxicity	1	Drug-induced vasculitis with livedo reticularis reported; four patients developed non-thrombocytopenic purpura several weeks after starting therapy; purpuric lesions disappeared after discontinuation	Quinidine therapy		Quinidine has also been reported to cause livedo reticularis and drug-induced vasculitis, with four patients having developed non-thrombocytopenic purpura several weeks after starting quinidine therapy. Histology showed a leukocytoclastic vasculitis with C3, IgM and/or IgA deposition. The purpuric lesions disappeared after discontinuation of the medication.
pass	The passage directly supports the proposed molecule-level label and category.		clintox_send_v2_gold_manual_review.v1	40654	clintox_send_v2:000040654	25823950	sulfamethoxazole/trimethoprim	COc1cc(Cc2cnc(N)nc2N)cc(OC)c1OC.Cc1cc(NS(=O)(=O)c2ccc(N)cc2)no1	COc1cc(Cc2cnc(N)nc2N)cc(OC)c1OC	dermatologic_toxicity	1	Known to induce severe cutaneous adverse reactions and predominate in inducing SCAR in Thais.	Severe cutaneous adverse reactions (SCAR) in Thai patients; noted in the context of HIV infection and tuberculosis epidemics.		In Thailand, where infectious diseases such as HIV infection and tuberculosis are epidemic, antiretroviral and sulfamethoxazole/trimethoprim are known to induce severe cutaneous adverse reactions, and these drugs predominate in inducing severe cutaneous adverse reactions (SCAR) in Thais.
pass	The passage directly supports the proposed molecule-level label and category.		clintox_send_v2_gold_manual_review.v1	523369	clintox_send_v2:000523369	7023652	Allopurinol	Oc1ncnc2[nH]ncc12	Oc1ncnc2[nH]ncc12	dermatologic_toxicity	1	Maculopapular, mildly pruritic skin rash involving mainly the trunk and proximal limbs; responded promptly to discontinuation of allopurinol, never more than a minor annoyance and did not prevent retreatment.	Allopurinol 300 mg by mouth every 8 hours administered concurrently with continuous 5-FU infusion.	Allopurinol 300 mg by mouth every 8 hours	A maculopapular, mildly pruritic skin rash involving mainly the trunk and proximal limbs occurred on 44% of evaluable courses. In all cases this rash responded promptly to discontinuation of allopurinol. In no patient did the rash constitute more than a minor annoyance or prevent retreatment.
pass	The passage directly supports the proposed molecule-level label and category.		clintox_send_v2_gold_manual_review.v1	74563	clintox_send_v2:000074563	40935571	Capecitabine	CCCCCOC(=O)Nc1nc(=O)n([C@@H]2O[C@H](C)[C@@H](O)[C@H]2O)cc1F	CCCCCOC(=O)Nc1nc(=O)n([C@@H]2O[C@H](C)[C@@H](O)[C@H]2O)cc1F	dermatologic_toxicity	1	Hand-foot syndrome, a dose-limiting adverse effect graded 1-3, occurring in a substantial proportion of patients; grade 2-3 disease often necessitates dose reduction or discontinuation of capecitabine.	Adjuvant capecitabine treatment of HER2-negative early breast cancer after chemotherapy; patients in the methylcobalamin RCT.		Hand-foot syndrome is a prevalent dose limiting adverse effect of capecitabine, graded from 1 to 3, occurring in 29-73% of patients. Grade 2 or 3 hand-foot syndrome substantially impairs quality of life and often necessitates dose reduction or discontinuation of capecitabine treatment.
pass	The passage directly supports the proposed molecule-level label and category.		clintox_send_v2_gold_manual_review.v1	156510	clintox_send_v2:000156510	24411095	alendronate	NCCCC(O)(P(=O)(O)O)P(=O)(O)O	NCCCC(O)(P(=O)(O)O)P(=O)(O)O	dermatologic_toxicity	1	Hypersensitivity reactions including rash, pruritus and erythema; urticaria, photosensitivity and angio-oedema; severe skin reactions Stevens-Johnson syndrome and toxic epidermal necrolysis; cases of asthma and occupational rhinitis reported	European Medicines Agency pharmacovigilance data; case reports		Data from the European Medicines Agency report reactions to alendronate as rash, pruritus and erythema with a rate between 0.1% and 1%. Urticaria, photosensitivity and angio-oedema are rare (between 0.01% and 0.1%). Severe skin reactions such as Stevens-Johnson syndrome and toxic epidermal necrolysis are very rare (<1 case per 10,000 users). A case of asthma and one of occupational rhinitis induced by alendronate have also been reported.
pass	The passage directly supports the proposed molecule-level label and category.		clintox_send_v2_gold_manual_review.v1	64042	clintox_send_v2:000064042	17903391	Lamotrigine	Nc1nnc(-c2cccc(Cl)c2Cl)c(N)n1	Nc1nnc(-c2cccc(Cl)c2Cl)c(N)n1	dermatologic_toxicity	1	Lower rate of rash and lower rate of rash leading to treatment failure compared with other drugs.	Randomized clinical trial in epilepsy; adverse-event profile and treatment-failure analysis.		Rash was a common non-central nervous system symptom most particularly with CBZ and OXC; rash rates were lower with LTG. LTG was also associated with a lower rate of rash leading to treatment failure, while CBZ and OXC were most commonly implicated in rash-associated treatment failure.
pass	The passage directly supports the proposed molecule-level label and category.		clintox_send_v2_gold_manual_review.v1	56712	clintox_send_v2:000056712	29731949	Lamotrigine	Nc1nnc(-c2cccc(Cl)c2Cl)c(N)n1	Nc1nnc(-c2cccc(Cl)c2Cl)c(N)n1	dermatologic_toxicity	1	Rare side effect of Stevens-Johnson syndrome/toxic epidermal necrolysis (SJS/TEN) implicated regardless of appropriate dosing; risk increased by concurrent use with valproic acid	Clinical use of lamotrigine; no dosing/discontinuation details stated		Lamotrigine: A potential rare side effect of SJS/TEN has been implicated regardless of appropriate dosing and adjustments; concurrent use with Valproic acid increases the risk.
fail	The clinical entity is a formulation, mixture, conjugate, or other entity not represented by the supplied parent structure.	formulation_or_entity_mismatch	clintox_send_v2_gold_manual_review.v1	38841	clintox_send_v2:000038841	28481116	SP1049C (doxorubicin)	COc1cccc2c1C(=O)c1c(O)c3c(c(O)c1C2=O)C[C@@](O)(C(=O)CO)C[C@@H]3O[C@H]1C[C@H](N)[C@H](O)[C@H](C)O1	COc1cccc2c1C(=O)c1c(O)c3c(c(O)c1C2=O)C[C@@](O)(C(=O)CO)C[C@@H]3O[C@H]1C[C@H](N)[C@H](O)[C@H](C)O1	dermatologic_toxicity	1	No hand-foot syndrome reported	Clinical trials of the SP1049C doxorubicin block copolymer micelle formulation for gastrointestinal, colorectal, and non-small-cell lung cancer (Phase I/II)		In the clinical toxicity column of the BCM comparison table, SP1049C (doxorubicin) showed no hand-foot syndrome.
pass	The passage directly supports the proposed molecule-level label and category.		clintox_send_v2_gold_manual_review.v1	393886	clintox_send_v2:000393886	16961509	metronidazole	Cc1ncc([N+](=O)[O-])n1CCO	Cc1ncc([N+](=O)[O-])n1CCO	dermatologic_toxicity	1	Fixed drug eruption (FDE) confirmed as the offending clinical adverse reaction on oral provocation testing.	Prospective study of fixed drug eruption patients at the University of Nigeria Teaching Hospital, 2000-2002; cause confirmed by oral provocation testing.		Metronidazole was confirmed by oral provocation testing as the cause of FDE in 3 (4%) of 81 patients.
fail	The supplied fields do not support molecule-specific causal attribution.	insufficient_attribution	clintox_send_v2_gold_manual_review.v1	486156	clintox_send_v2:000486156	19689501	Valproate	CCCC(CCC)C(=O)[O-]	CCCC(CCC)C(=O)O	dermatologic_toxicity	1	Stevens-Johnson syndrome and toxic epidermal necrolysis (combined risk); increased relative risk of SJS/TEN	New users of anticonvulsants; case-control study of SJS/TEN		A case-control study reported the relative risk of developing SJS or TEN to be 12 for valproate, although the association with valproate became nonsignificant after confounding variables were taken into account. One study estimated the combined SJS/TEN risk per 10,000 new users to be 0.4 for valproate.
pass	The passage directly supports the proposed molecule-level label and category.		clintox_send_v2_gold_manual_review.v1	488867	clintox_send_v2:000488867	32761907	Fosphenytoin	O=C1NC(c2ccccc2)(c2ccccc2)C(=O)N1COP(=O)(O)O	O=C1NC(c2ccccc2)(c2ccccc2)C(=O)N1COP(=O)(O)O	dermatologic_toxicity	1	Signal detected for toxic epidermal necrolysis (severe cutaneous adverse drug reaction) in post-marketing reports	Post-marketing pharmacovigilance signal detection for single-drug induced TEN		The single drugs detected by signals associated with toxic epidermal necrolysis (TEN) included fosphenytoin (PRR: 5.22, 95% CI: 2.83-9.63, chi2: 30.11).
pass	The passage directly supports the proposed molecule-level label and category.		clintox_send_v2_gold_manual_review.v1	510328	clintox_send_v2:000510328	23635947	allopurinol	Oc1ncnc2[nH]ncc12	Oc1ncnc2[nH]ncc12	dermatologic_toxicity	1	Allopurinol-related Stevens-Johnson syndrome and toxic epidermal necrolysis (severe cutaneous adverse reactions)	Pharmacogenomic review of genetic markers for severe cutaneous adverse reactions in clinical settings		HLA-B*58:01 association was revealed for allopurinol-related Stevens-Johnson syndrome and toxic epidermal necrolysis.
pass	The passage directly supports the proposed molecule-level label and category.		clintox_send_v2_gold_manual_review.v1	357052	clintox_send_v2:000357052	29650685	Osimertinib	C=CC(=O)Nc1cc(Nc2nccc(-c3cn(C)c4ccccc34)n2)c(OC)cc1N(C)CCN(C)C	C=CC(=O)Nc1cc(Nc2nccc(-c3cn(C)c4ccccc34)n2)c(OC)cc1N(C)CCN(C)C	dermatologic_toxicity	1	Grade 3-4 rash reported in no more than 1% of treated patients; acneiform rash observed in 33% of patients with no grade ≥3 events	osimertinib-treated patients (EGFR-TKI therapy); one study assessing acneiform rash rates		For osimertinib-treated patients, grade 3-4 rash has been reported in no more than 1% of patients. One study reported rates of acneiform rash in osimertinib-treated patients of 33% (7/21), but grade ≥3 events were not observed.
uncertain	The supplied fields do not support molecule-specific causal attribution.	insufficient_attribution	clintox_send_v2_gold_manual_review.v1	19879	clintox_send_v2:000019879	33728634	penicillin	*C(=O)N[C@@H]1C(=O)N2[C@@H]1SC(C)(C)[C@@H]2C(=O)O	*C(=O)N[C@@H]1C(=O)N2[C@@H]1SC(C)(C)[C@@H]2C(=O)O	dermatologic_toxicity	1	One participant with a rash in the penicillin group	Clinical trial (Trickett 1973) comparing antibiotics for pharyngitis caused by GABHS		Trickett 1973 reported one participant with a rash in the penicillin group.
pass	The passage directly supports the proposed molecule-level label and category.		clintox_send_v2_gold_manual_review.v1	349764	clintox_send_v2:000349764	12755745	Disperse orange 3	Nc1ccc(N=Nc2ccc([N+](=O)[O-])cc2)cc1	Nc1ccc(N=Nc2ccc([N+](=O)[O-])cc2)cc1	dermatologic_toxicity	1	Positive patch test reaction (allergic contact dermatitis) graded ++	Patch testing in a patient with dermatitis		Patch tests with an extended British standard series, a hairdressing series and a textile dye series had the following reactions at D4: quaternium 15 ++, methyldibromo glutaronitrile ++, Disperse Orange 3 ++, Disperse Orange 1 +++, Bismarck Brown ++ and Reactive Black ++.
pass	The passage directly supports the proposed molecule-level label and category.		clintox_send_v2_gold_manual_review.v1	516933	clintox_send_v2:000516933	31231846	Zonisamide	NS(=O)(=O)Cc1noc2ccccc12	NS(=O)(=O)Cc1noc2ccccc12	dermatologic_toxicity	1	Significant association with Stevens-Johnson syndrome (SJS) and toxic epidermal necrolysis (TEN) in pediatric patients	Retrospective pharmacovigilance disproportionality analysis of the Japanese Adverse Drug Event Report (JADER) database, pediatric patients (2004-2017)		In the JADER database (2004-2017), a significant Stevens-Johnson syndrome (SJS) signal was detected for zonisamide and a TEN signal was also detected for zonisamide in pediatric patients.
pass	The passage directly supports the proposed molecule-level label and category.		clintox_send_v2_gold_manual_review.v1	113520	clintox_send_v2:000113520	7917079	penicillamine	CC(C)(S)[C@H](N)C(=O)O	CC(C)(S)[C@H](N)C(=O)O	dermatologic_toxicity	1	Pemphigus-like syndrome (cutaneous)	SAARD therapy in RA patients		Rarely, penicillamine may result in a pemphigus-like syndrome.
pass	The passage directly supports the proposed molecule-level label and category.		clintox_send_v2_gold_manual_review.v1	119333	clintox_send_v2:000119333	31912576	Vonoprazan	CNCc1cc(-c2ccccc2F)n(S(=O)(=O)c2cccnc2)c1	CNCc1cc(-c2ccccc2F)n(S(=O)(=O)c2cccnc2)c1	dermatologic_toxicity	1	Cutaneous adverse drug reactions (cADR) including SJS/TEN, erythema multiforme and maculopapular eruption reported to the PMDA	Pharmacovigilance reports to the PMDA (Japan) for the drug vonoprazan		For vonoprazan (VPZ), PMDA reports during 2015–2017 documented 0 SJS/TEN, 6 erythema multiforme, 11 maculopapular eruption and 7 other cutaneous adverse drug reactions (cADR), for an SJS/TEN ratio among all cADR of 0.0%.
fail	The passage reports a null, reduced-risk, or opposite-direction finding.	wrong_outcome_direction	clintox_send_v2_gold_manual_review.v1	498632	clintox_send_v2:000498632	24951122	Voriconazole	C[C@@H](c1ncncc1F)[C@](O)(Cn1cncn1)c1ccc(F)cc1F	C[C@@H](c1ncncc1F)[C@](O)(Cn1cncn1)c1ccc(F)cc1F	gastrointestinal_toxicity	1	Fewer gastrointestinal adverse events than itraconazole	Allogeneic HSCT pre-engraftment antifungal prophylaxis		In the pre-engraftment period, two RCTs comparing voriconazole to fluconazole and itraconazole in the allogeneic HSCT setting showed non-inferiority, and fluconazole and voriconazole are recommended with equal strength (BI) and should be preferred compared to itraconazole with regard to fewer gastrointestinal adverse events.
pass	The passage directly supports the proposed molecule-level label and category.		clintox_send_v2_gold_manual_review.v1	431718	clintox_send_v2:000431718	6136396	Sulfasalazine	O=C(O)c1cc(/N=N/c2ccc(S(=O)(=O)Nc3ccccn3)cc2)ccc1O	O=C(O)c1cc(/N=N/c2ccc(S(=O)(=O)Nc3ccccn3)cc2)ccc1O	gastrointestinal_toxicity	1	Bloody diarrhea accompanied by nausea, vomiting, and cramps, with marked endoscopic and histologic changes in the rectum and sigmoid	Case report; physician with ulcerative colitis in remission on sulfasalazine	Oral dose challenge and later a sulfasalazine enema	Another case of bloody diarrhea caused by sulfasalazine has been reported in a physician with ulcerative colitis (in remission), who suspected he had sensitivity to the medication (90). He was challenged with an oral dose and later a sulfasalazine enema and both resulted in bloody diarrhea accompanied by nausea, vomiting, and cramps, with marked endoscopic and histologic changes in the rectum and sigmoid noted after the dose compared with control findings before the medication.
pass	The passage directly supports the proposed molecule-level label and category.		clintox_send_v2_gold_manual_review.v1	340806	clintox_send_v2:000340806	25686616	silymarin	COc1cc([C@H]2Oc3cc([C@H]4Oc5cc(O)cc(O)c5C(=O)[C@@H]4O)ccc3O[C@@H]2CO)ccc1O	COc1cc([C@H]2Oc3cc([C@H]4Oc5cc(O)cc(O)c5C(=O)[C@@H]4O)ccc3O[C@@H]2CO)ccc1O	gastrointestinal_toxicity	1	Very low incidences of adverse effects were found, mainly limited to mild gastrointestinal disorders; in a randomized controlled trial the side effects of the herb hardly dominated the placebo. A possible mild laxative effect during earlier days of consumption was suggested by some experts based on stimulatory effects on liver and gallbladder.	Acute toxicity in humans		In a randomized, controlled trial the side effects of silymarin hardly dominated placebo. In a study of several thousand patients, very low incidences of adverse effects were found, which mainly were limited to mild gastrointestinal disorders.
fail	The claimed outcome cannot be attributed to this molecule separately from a combination or comparator.	combination_or_comparator_confounded	clintox_send_v2_gold_manual_review.v1	159325	clintox_send_v2:000159325	11942039	Gemcitabine	Nc1ccn([C@@H]2O[C@H](CO)[C@@H](O)C2(F)F)c(=O)n1	Nc1ccn([C@@H]2O[C@H](CO)[C@@H](O)C2(F)F)c(=O)n1	gastrointestinal_toxicity	1	Grade III/IV nausea and diarrhea	Combined radiochemotherapy, pancreatic and colorectal carcinoma, 24-hour infusion, 40 Gy radiotherapy ± boost	50–150 mg/m² as 24-hour infusion once weekly	Kudrimoti et al. (1999), pancreatic (n=9) and colorectal (n=9) carcinomas with 40 Gy radiotherapy (with/without boost) and gemcitabine 50–150 mg/m² as a 24-hour infusion once weekly, reported grade III/IV nausea in n=4 and diarrhea in n=10 of 18 patients.
pass	The passage directly supports the proposed molecule-level label and category.		clintox_send_v2_gold_manual_review.v1	580079	clintox_send_v2:000580079	22965961	Vatalanib	Clc1ccc(Nc2nnc(Cc3ccncc3)c3ccccc23)cc1	Clc1ccc(Nc2nnc(Cc3ccncc3)c3ccccc23)cc1	gastrointestinal_toxicity	1	Increased toxicity compared with the control arm (reducing exposure to chemotherapy) and a notable incidence of diarrhea.	CONFIRM 1, first-line metastatic colorectal cancer, vatalanib plus FOLFOX4 versus FOLFOX4		The addition of vatalanib to FOLFOX4 in the first-line setting (CONFIRM 1, Study of FOLFOX4 Plus Vatalanib Versus FOLFOX4 in Patients With Metastatic Colorectal Cancer) reduced exposure to chemotherapy, probably as a result of increased toxicity compared with the control arm. The incidence of diarrhea was also notable in the vatalanib arm of CONFIRM 1.
pass	The passage directly supports the proposed molecule-level label and category.		clintox_send_v2_gold_manual_review.v1	490634	clintox_send_v2:000490634	25820879	clindamycin	CCC[C@@H]1C[C@@H](C(=O)N[C@@H]([C@H]2O[C@H](SC)[C@H](O)[C@@H](O)[C@H]2O)[C@H](C)Cl)N(C)C1	CCC[C@@H]1C[C@@H](C(=O)N[C@@H]([C@H]2O[C@H](SC)[C@H](O)[C@@H](O)[C@H]2O)[C@H](C)Cl)N(C)C1	gastrointestinal_toxicity	1	Particularly high risk of antibiotic-associated diarrhoea and pseudomembranous colitis (Clostridium difficile-associated)	Orthopedic use in clinical patients; patients counselled on diarrhoea risk		Clindamycin is particularly useful in orthopedics due to its capacity to penetrate skeleton and soft tissues. All antibiotics can cause antibiotic-associated diarrhoea and pseudomembranous colitis by disturbing gut flora; the latter is caused by Clostridium difficile. The risk of both conditions is particularly high with clindamycin. Patients requiring clindamycin should be counselled of the risk of diarrhoea and advised to discontinue use should this symptom develop.
fail	The claimed outcome cannot be attributed to this molecule separately from a combination or comparator.	combination_or_comparator_confounded	clintox_send_v2_gold_manual_review.v1	312374	clintox_send_v2:000312374	11525295	Estramustine phosphate	C[C@]12CC[C@@H]3c4ccc(OC(=O)N(CCCl)CCCl)cc4CC[C@H]3[C@@H]1CC[C@@H]2OP(=O)(O)O	C[C@]12CC[C@@H]3c4ccc(OC(=O)N(CCCl)CCCl)cc4CC[C@H]3[C@@H]1CC[C@@H]2OP(=O)(O)O	gastrointestinal_toxicity	1	Daily continuous EMP at 600 mg/m² combined with a taxane produced excessive gastrointestinal toxicity that was unacceptable for 10% to 30% of patients.	Combination therapy with paclitaxel or docetaxel (taxane-based regimen)	EMP 600 mg/m² daily continuous dosing	Daily continuous estramustine phosphate (EMP) at 600 mg/m² used in combination with paclitaxel or docetaxel produced excessive gastrointestinal toxicity that was unacceptable for 10% to 30% of patients.
pass	The passage directly supports the proposed molecule-level label and category.		clintox_send_v2_gold_manual_review.v1	156577	clintox_send_v2:000156577	2696566	Thalidomide	O=C1CCC(N2C(=O)c3ccccc3C2=O)C(=O)N1	O=C1CCC(N2C(=O)c3ccccc3C2=O)C(=O)N1	gastrointestinal_toxicity	1	Severe constipation developed over a period of 10 days, leading to discontinuation of thalidomide treatment.	Treatment of chronic GvHD (skin scleroderma with joint and gastrointestinal involvement) in a 15-yr-old patient after BMT for myelodysplasia; thalidomide added to cyclosporine and prednisolone.	Thalidomide 200 mg twice daily (400 mg/day)	Case 3 (UPN 8332/male, transplanted for myelodysplasia, developed cGvHD of the skin with generalised scleroderma): thalidomide (200 mg twice daily) was added to daily cyclosporine and prednisolone. However, the patient developed severe constipation over a period of 10 days and was unable to continue thalidomide treatment.
pass	The passage directly supports the proposed molecule-level label and category.		clintox_send_v2_gold_manual_review.v1	539247	clintox_send_v2:000539247	40332804	leuco-methylthioninium	CN(C)c1ccc2c(c1)Sc1cc(N(C)C)ccc1N2	CN(C)c1ccc2c(c1)Sc1cc(N(C)C)ccc1N2	gastrointestinal_toxicity	1	Adverse events affecting the gastrointestinal and urinary tracts were the most common and the most common reason for cessation of high doses of LMTM (LMT monotherapy).	Monotherapy clinical study of leuco-methylthioninium (LMT/LMTM) for Alzheimer's disease.	High doses of LMTM (specific value not stated)	The passage notes that the overall safety of leuco-methylthioninium (LMT) as a monotherapy has several drawbacks, with adverse events affecting the gastrointestinal and urinary tracts being the most common and the most common reason for the cessation of high doses of LMTM.
pass	The passage directly supports the proposed molecule-level label and category.		clintox_send_v2_gold_manual_review.v1	109087	clintox_send_v2:000109087	18204363	fluoxetine	CNCCC(Oc1ccc(C(F)(F)F)cc1)c1ccccc1	CNCCC(Oc1ccc(C(F)(F)F)cc1)c1ccccc1	gastrointestinal_toxicity	1	Persistent diarrhea in a patient, prompting a switch from fluoxetine to another antidepressant	Case report, patient with MDD and PTSD on fluoxetine monotherapy	fluoxetine 40 mg/d	Ms D was switched from fluoxetine 40 mg/d to duloxetine 40 mg/d because of persistent diarrhea, indicating that fluoxetine was associated with a gastrointestinal adverse event in this patient. Her other current medications included clonazepam and naproxen; no toxicity was specifically attributed to duloxetine itself in her case.
pass	The passage directly supports the proposed molecule-level label and category.		clintox_send_v2_gold_manual_review.v1	209693	clintox_send_v2:000209693	26293683	Ferric citrate hydrate	O.O=C([O-])CC(O)(CC(=O)[O-])C(=O)[O-].[Fe+3]	O=C(O)CC(O)(CC(=O)O)C(=O)O	gastrointestinal_toxicity	1	Adverse events usually mild to moderate, predominantly GI complaints including stool discoloration and diarrhea; similar AE rates and slightly higher discontinuation rates versus sevelamer comparator	Phase III trials for lowering serum phosphorus in hyperphosphatemia with sevelamer comparator; maintenance dialysis setting		SO (sucroferric oxyhydroxide) and FCH (ferric citrate) have recently entered the market and showed comparable efficacy to the US market leader sevelamer in lowering serum phosphorus. In Phase III trials with the comparator sevelamer, similar adverse-event rates and slightly higher discontinuation rates were reported for both iron-containing phosphate binders. Adverse events under SO and FCH were usually mild to moderate and predominantly consisted of GI complaints, including stool discoloration and diarrhea.
pass	The passage directly supports the proposed molecule-level label and category.		clintox_send_v2_gold_manual_review.v1	348927	clintox_send_v2:000348927	2121751	Clonidine	Clc1cccc(Cl)c1NC1=NCCN1	Clc1cccc(Cl)c1NC1=NCCN1	gastrointestinal_toxicity	1	Gastrointestinal adverse experiences reported: constipation (1 patient), nausea (1 patient), and change in taste (1 patient)	Patients in the multiclinic trial with Catapres-TTS (clonidine)		Less frequent gastrointestinal adverse experiences reported in patients in the multiclinic trial with Catapres-TTS (clonidine) included constipation (1 patient), nausea (1 patient), and change in taste (1 patient).
pass	The passage directly supports the proposed molecule-level label and category.		clintox_send_v2_gold_manual_review.v1	184319	clintox_send_v2:000184319	11790160	Gatifloxacin	COc1c(N2CCNC(C)C2)c(F)cc2c(=O)c(C(=O)O)cn(C3CC3)c12	COc1c(N2CCNC(C)C2)c(F)cc2c(=O)c(C(=O)O)cn(C3CC3)c12	gastrointestinal_toxicity	1	Most treatment-related adverse events were mild to moderate in severity; nausea, vaginitis/vaginitis, diarrhoea and headache were the most frequent; discontinuation was most commonly due to gastrointestinal symptoms (nausea, vomiting, diarrhoea, abdominal pain)	Phase II/III clinical trials; oral administration	Oral 400mg once daily	More than 90% of adverse events reported as related to treatment with oral gatifloxacin (400mg once daily) were mild to moderate in severity. The most frequently reported adverse events in 3021 recipients of oral gatifloxacin 400mg once daily were nausea (8%), vaginitis (6%), diarrhoea (4%) and headache (4%). The tolerability profile was broadly similar to comparator drugs (ciprofloxacin, levofloxacin, ofloxacin, ceftriaxone, cefuroxime axetil or clarithromycin). The adverse events that most commonly led to discontinuation of oral gatifloxacin treatment were gastrointestinal symptoms, notably nausea, vomiting, diarrhoea and abdominal pain.
pass	The passage directly supports the proposed molecule-level label and category.		clintox_send_v2_gold_manual_review.v1	372644	clintox_send_v2:000372644	23651025	mycophenolic acid	COc1c(C)c2c(c(O)c1C/C=C(\C)CCC(=O)O)C(=O)OC2	COc1c(C)c2c(c(O)c1C/C=C(\C)CCC(=O)O)C(=O)OC2	gastrointestinal_toxicity	1	Noncarriers of the UGT1A8*2 allele (518C>G) may experience more diarrhea than carriers; effect significant only in patients cotreated with cyclosporine	Retrospective data; mycophenolate-treated patients, cotreatment with cyclosporine		Polymorphisms in UGT1A8, specifically the UGT1A8*2 allele (518C>G), have been studied. From retrospective data, noncarriers of this allele may experience more diarrhea than carriers, suggesting increased intestinal production of MPA metabolites in carriers. This effect was only found to be significant in patients cotreated with cyclosporine.
pass	The passage directly supports the proposed molecule-level label and category.		clintox_send_v2_gold_manual_review.v1	259990	clintox_send_v2:000259990	17945035	Capecitabine	CCCCCOC(=O)Nc1nc(=O)n([C@@H]2O[C@H](C)[C@@H](O)[C@H]2O)cc1F	CCCCCOC(=O)Nc1nc(=O)n([C@@H]2O[C@H](C)[C@@H](O)[C@H]2O)cc1F	gastrointestinal_toxicity	1	Dose reduced due to gastrointestinal toxicity in 9 patients; interrupted in 1 patient due to grade 3 cardiac toxicity	Series I, combination with oxaliplatin in metastatic colorectal cancer patients, days 1-14	Capecitabine 1000 mg/m² twice a day on days 1-14	For the 15 patients treated with capecitabine, the capecitabine dose was reduced in 9 patients (60%) because of gastrointestinal toxicity and interrupted in 1 patient because of grade 3 cardiac toxicity.
pass	The passage directly supports the proposed molecule-level label and category.		clintox_send_v2_gold_manual_review.v1	227677	clintox_send_v2:000227677	32964734	alpelisib	Cc1nc(NC(=O)N2CCC[C@H]2C(N)=O)sc1-c1ccnc(C(C)(C)C(F)(F)F)c1	Cc1nc(NC(=O)N2CCC[C@H]2C(N)=O)sc1-c1ccnc(C(C)(C)C(F)(F)F)c1	gastrointestinal_toxicity	1	Diarrhea, in general low grade, managed with loperamide; interrupted until resolution to grade 1 and restarted at 250 mg once daily; grade 3-4 diarrhea requires hospitalization and IV hydration	Management of alpelisib-induced diarrhea in PI3K-inhibitor-treated patients	Loperamide up to 16 mg/day; alpelisib restarted at 250 mg once daily	In contrast to PI3K α-specific taselisib or PI3K δ-specific idelalisib, which are associated with high-grade autoimmune colitis, alpelisib-induced diarrhea is in general low grade. For grade 1-2 diarrhea loperamide is used; for grade 3-4 diarrhea hospitalization and IV hydration are recommended, and alpelisib can be restarted at 250 mg once daily upon resolution to grade 1.
fail	The claimed outcome cannot be attributed to this molecule separately from a combination or comparator.	combination_or_comparator_confounded	clintox_send_v2_gold_manual_review.v1	329576	clintox_send_v2:000329576	37958363	Lenvatinib	COc1cc2nccc(Oc3ccc(NC(=O)NC4CC4)c(Cl)c3)c2cc1C(N)=O	COc1cc2nccc(Oc3ccc(NC(=O)NC4CC4)c(Cl)c3)c2cc1C(N)=O	gastrointestinal_toxicity	1	A toxic death due to gastrointestinal perforation was reported; otherwise the safety profile was described as manageable.	Combined with pembrolizumab in the LEAP-005 trial (phase II) enrolling patients with pMMR gastrointestinal malignancies including mCRC.		The combination of the TKI lenvatinib with pembrolizumab was assessed in the LEAP-005 trial in patients with pMMR gastrointestinal malignancies including mCRC, showing an ORR of 22% and an mPFS of 2.3 months, with a manageable safety profile, even though a toxic death for gastrointestinal perforation was reported [111].
pass	The passage directly supports the proposed molecule-level label and category.		clintox_send_v2_gold_manual_review.v1	318002	clintox_send_v2:000318002	18798740	Nafamostat	N=C(N)Nc1ccc(C(=O)Oc2ccc3cc(C(=N)N)ccc3c2)cc1	N=C(N)Nc1ccc(C(=O)Oc2ccc3cc(C(=N)N)ccc3c2)cc1	gastrointestinal_toxicity	1	Three patients given nafamostat experienced adverse events such as nausea, diarrhea, and itching, all of which resolved.	Patients in a case-control study using the agent for the prophylaxis of post-ERCP pancreatic damage, compared with gabexate.		Patients treated with gabexate and three given nafamostat had adverse events such as nausea, diarrhea, and itching, all of which resolved, in a case-control study of these agents for the prophylaxis of post-ERCP pancreatic damage.
fail	The clinical entity is a formulation, mixture, conjugate, or other entity not represented by the supplied parent structure.	formulation_or_entity_mismatch	clintox_send_v2_gold_manual_review.v1	361594	clintox_send_v2:000361594	32370766	Lopinavir-ritonavir	CC(C)c1nc(CN(C)C(=O)N[C@H](C(=O)N[C@@H](Cc2ccccc2)C[C@H](O)[C@H](Cc2ccccc2)NC(=O)OCc2cncs2)C(C)C)cs1.Cc1cccc(C)c1OCC(=O)N[C@@H](Cc1ccccc1)[C@@H](O)C[C@H](Cc1ccccc1)NC(=O)[C@H](C(C)C)N1CCCNC1=O	CC(C)c1nc(CN(C)C(=O)N[C@H](C(=O)N[C@@H](Cc2ccccc2)C[C@H](O)[C@H](Cc2ccccc2)NC(=O)OCc2cncs2)C(C)C)cs1	gastrointestinal_toxicity	1	Nausea; vomiting; diarrhoea; abnormal liver function test	Case series in COVID-19	Lopinavir-ritonavir 400 mg/100 mg bid for up to 14 days	In the case series by Young (Singapore, n=18), patients treated with lopinavir-ritonavir (400 mg/100 mg bid for up to 14 days) experienced nausea, vomiting, diarrhoea, and abnormal liver function test.
pass	The passage directly supports the proposed molecule-level label and category.		clintox_send_v2_gold_manual_review.v1	268797	clintox_send_v2:000268797	30625013	Oxycodone	COc1ccc2c3c1O[C@H]1C(=O)CC[C@@]4(O)[C@@H](C2)N(C)CC[C@]314	COc1ccc2c3c1O[C@H]1C(=O)CC[C@@]4(O)[C@@H](C2)N(C)CC[C@]314	gastrointestinal_toxicity	1	Gastrointestinal adverse events including constipation, diarrhea, nausea and vomiting were more frequent with oxycodone than with the OXN combination	Randomized, double-blind, parallel-group study in patients with non-cancer pain and opioid-induced constipation; controlled-release oxycodone monotherapy	OXY 20-50 mg/day	In the Simpson et al. randomized, double-blind, parallel-group study in patients with non-cancer pain and opioid-induced constipation, the incidence of adverse events was similar in the OXY 20-50 mg and OXN groups, but gastrointestinal symptoms were less frequent in OXN (19.4% of patients) than in OXY (29.6%): constipation (OXY 4.9% vs OXN 0.6%), diarrhea (6.8% vs 5.6%), nausea (10.5% vs 6.3%) and vomiting (4.3% vs 1.3%).
fail	The passage reports a null, reduced-risk, or opposite-direction finding.	wrong_outcome_direction	clintox_send_v2_gold_manual_review.v1	128612	clintox_send_v2:000128612	25810154	Cisplatin	[NH3]->[Pt](<-[NH3])([Cl])[Cl]	N	gastrointestinal_toxicity	1	Confluent mucositis (79% incidence) observed in the chemoradiation schedule; concomitant weekly cisplatin did not further enhance mucosal toxicity in the accelerated radiotherapy setting; similar rates of hematological and renal toxicity as other weekly-cisplatin chemoradiation studies; hospital admissions required in 55% of patients (40% acute, 15% logistical).	Chemoradiotherapy for head and neck cancer using an accelerated radiotherapy schedule with concomitant weekly cisplatin.	Concomitant weekly cisplatin	In a study using the same accelerated radiotherapy schedule, the authors observed a similar incidence of confluent mucositis of 79%, indicating that concomitant weekly cisplatin does not further enhance mucosal toxicity. Studies using conventional radiotherapy combined with weekly cisplatin showed 31-75% mucositis ≥ grade 3, with similar rates of hematological and renal toxicity as found in this series. Hospital admissions were required in 55% of patients, 40% for acute reasons and 15% for logistical reasons.
pass	The passage directly supports the proposed molecule-level label and category.		clintox_send_v2_gold_manual_review.v1	224794	clintox_send_v2:000224794	17257473	oxymorphone	CN1CC[C@]23c4c5ccc(O)c4O[C@H]2C(=O)CC[C@@]3(O)[C@H]1C5	CN1CC[C@]23c4c5ccc(O)c4O[C@H]2C(=O)CC[C@@]3(O)[C@H]1C5	gastrointestinal_toxicity	1	Constipation is reported as a side effect of the opioid therapy that requires appropriate management (bowel regimen).	Open-label enrichment period of a study evaluating oxymorphone ER in chronic low back pain patients, using gradual dose titration.	Average stabilization dose about 40 mg/day (trial context)	Important aspects of this approach to opioid therapy include starting with a low dose and titrating gradually, with appropriate treatment of side effects (e.g., bowel regimen for constipation).
pass	The passage directly supports the proposed molecule-level label and category.		clintox_send_v2_gold_manual_review.v1	569582	clintox_send_v2:000569582	8612471	Tiaprofenic acid	CC(C(=O)O)c1ccc(C(=O)c2ccccc2)s1	CC(C(=O)O)c1ccc(C(=O)c2ccccc2)s1	gastrointestinal_toxicity	1	Gastrointestinal toxicity reported in healthy human volunteers, manifesting as faecal blood loss, endoscopic changes and/or gastrointestinal symptoms; incidence was significantly lower than with aspirin and comparable to naproxen, ibuprofen and indomethacin.	Healthy human volunteers	600 mg/day	Animal studies evaluating injury to gastrointestinal mucosa indicate that tiaprofenic acid has a relatively low gastrotoxic potential compared with comparator NSAIDs. Faecal blood loss, endoscopic changes and/or gastrointestinal symptoms among healthy human volunteers receiving tiaprofenic acid (usually 600 mg/day) were significantly lower than with aspirin 1200 or 1800 mg/day, and comparable to findings with naproxen 750 to 1000 mg/day, ibuprofen 1200 mg/day and indomethacin 75 mg/day.
pass	The passage directly supports the proposed molecule-level label and category.		clintox_send_v2_gold_manual_review.v1	37061	clintox_send_v2:000037061	25587755	tiotropium bromide	C[N+]1(C)[C@@H]2C[C@@H](OC(=O)C(O)(c3cccs3)c3cccs3)C[C@H]1[C@@H]1O[C@@H]12	C[N+]1(C)[C@@H]2C[C@@H](OC(=O)C(O)(c3cccs3)c3cccs3)C[C@H]1[C@@H]1O[C@@H]12	gastrointestinal_toxicity	1	Dry mouth (commonly reported adverse event), urinary retention (rare), constipation and visual blurring (infrequent)	Pooled clinical trial safety analysis in COPD patients (tiotropium bromide vs placebo)		A pooled clinical trial analysis of tiotropium safety including 4435 patients treated with tiotropium bromide and 3384 who received placebo reported dry mouth (RR 3.60; 95% CI, 2.56-5.05) as one of the most commonly reported adverse events. Urinary retention was a rare event (incidence rate of 0.78 per 100-patient years in tiotropium-treated patients) but with RR 10.93 (95% CI, 1.26-94.8). Other known side effects of muscarinic receptor antagonists, including constipation and visual blurring, occurred infrequently.
pass	The passage directly supports the proposed molecule-level label and category.		clintox_send_v2_gold_manual_review.v1	555684	clintox_send_v2:000555684	21143906	Doxycycline	C[C@H]1c2cccc(O)c2C(=O)C2=C(O)[C@]3(O)C(=O)C(C(N)=O)=C(O)[C@@H](N(C)C)[C@@H]3[C@@H](O)[C@@H]21	C[C@H]1c2cccc(O)c2C(=O)C2=C(O)[C@]3(O)C(=O)C(C(N)=O)=C(O)[C@@H](N(C)C)[C@@H]3[C@@H](O)[C@@H]21	gastrointestinal_toxicity	1	Gastrointestinal adverse events causing a 6% withdrawal rate for doxycycline hyclate; doxycycline monohydrate better tolerated; serious adverse events rare.	Malaria chemoprophylaxis, adult daily dosing.	100 mg daily	Doxycycline is a third-priority anti-malarial at 100 mg daily with >95% efficacy in chemoprophylaxis. Doxycycline monohydrate is better tolerated than the older form doxycycline hyclate, which is associated with a 6% withdrawal rate due to gastrointestinal adverse events; serious adverse events are rare. In the United States, doxycycline is listed as approved/available for malaria chemoprophylaxis for age >=8 years (Table 1).
pass	The passage directly supports the proposed molecule-level label and category.		clintox_send_v2_gold_manual_review.v1	458343	clintox_send_v2:000458343	20631573	Clozapine	CN1CCN(C2=Nc3cc(Cl)ccc3Nc3ccccc32)CC1	CN1CCN(C2=Nc3cc(Cl)ccc3Nc3ccccc32)CC1	gastrointestinal_toxicity	1	Gastrointestinal toxicity including constipation, dysphagia, ileus, intestinal obstruction, megacolon, and ischemic colitis; severe gastrointestinal effects reported in 50% of cases during the first year of treatment and 30% within the first 4 months; 28% of severe intestinal effects were fatal	Patients on clozapine (clinical management context)		The discussion notes that between 14% and 60% of patients on clozapine present with constipation, and that clozapine can also produce other motility disturbances such as dysphagia, ileus, intestinal obstruction, megacolon, and even ischemic colitis. Severe gastrointestinal effects appear during the first year of treatment in 50% of cases, with the greatest risk period during the first 4 months (30%); in a recent review, 28% of severe intestinal effects were fatal.
pass	The passage directly supports the proposed molecule-level label and category.		clintox_send_v2_gold_manual_review.v1	83874	clintox_send_v2:000083874	28758424	Abemaciclib	CCN1CCN(Cc2ccc(Nc3ncc(F)c(-c4cc(F)c5nc(C)n(C(C)C)c5c4)n3)nc2)CC1	CCN1CCN(Cc2ccc(Nc3ncc(F)c(-c4cc(F)c5nc(C)n(C(C)C)c5c4)n3)nc2)CC1	gastrointestinal_toxicity	1	Gastrointestinal toxicity with diarrhea, nausea and vomiting reported as a major side effect class.	CDK4/6 inhibitor clinical trial reports		Gastrointestinal toxicity, with diarrhea, nausea and vomiting, is the other major side effect class in CDK4/6 inhibitors. It appears to be more relevant in abemaciclib than palbociclib or ribociclib, according to clinical trial reports.
pass	The passage directly supports the proposed molecule-level label and category.		clintox_send_v2_gold_manual_review.v1	299875	clintox_send_v2:000299875	26721364	Avagacestat	NC(=O)[C@@H](CCC(F)(F)F)N(Cc1ccc(-c2ncon2)cc1F)S(=O)(=O)c1ccc(Cl)cc1	NC(=O)[C@@H](CCC(F)(F)F)N(Cc1ccc(-c2ncon2)cc1F)S(=O)(=O)c1ccc(Cl)cc1	gastrointestinal_toxicity	1	One phase II trial discontinued due to side effects including stomach problems and skin reactions; high doses produced severe adverse reactions and cognitive decline	First γ-secretase modulator tested; two large long-term phase II trials (NCT00810147, NCT00890890); Alzheimer's disease	High doses (specific dose not stated)	Avagacestat (BMS-708163), the first γ-secretase modulator tested in clinical trials, was evaluated in two large, long-term phase II trials (NCT00810147, NCT00890890). One of these trials was discontinued due to side effects including stomach problems and skin reactions, and no cognitive function improvement was observed. Only high doses of the drug resulted in statistically significant reductions in Aβ levels, but at the cost of severe adverse reactions and cognitive decline.
pass	The passage directly supports the proposed molecule-level label and category.		clintox_send_v2_gold_manual_review.v1	290798	clintox_send_v2:000290798	12875609	Methotrexate	CN(Cc1cnc2nc(N)nc(N)c2n1)c1ccc(C(=O)N[C@@H](CCC(=O)O)C(=O)O)cc1	CN(Cc1cnc2nc(N)nc(N)c2n1)c1ccc(C(=O)N[C@@H](CCC(=O)O)C(=O)O)cc1	gastrointestinal_toxicity	1	Gastrointestinal adverse events (anorexia, nausea, vomiting, diarrhoea); stomatitis, which was the reason for discontinuation in 6% of cases	Patients receiving methotrexate therapy (RA treatment context)		Gastrointestinal symptoms, including anorexia, nausea, vomiting and diarrhoea, are the most commonly reported adverse events during methotrexate therapy, occurring in 10-50% of patients. Stomatitis has been observed in 12-37% of patients and was the reason for discontinuation in 6% of cases.
pass	The passage directly supports the proposed molecule-level label and category.		clintox_send_v2_gold_manual_review.v1	68403	clintox_send_v2:000068403	7758003	thiotepa	S=P(N1CC1)(N1CC1)N1CC1	S=P(N1CC1)(N1CC1)N1CC1	gastrointestinal_toxicity	1	Mainly associated with mucositis; allows substantial dose escalation above standard	High-dose chemotherapy in patients with solid tumors	Substantial dose escalation above standard	Cyclophosphamide, thiotepa, melphalan and etoposide allow substantial dose escalation above standard and are mainly associated with mucositis.
pass	The passage directly supports the proposed molecule-level label and category.		clintox_send_v2_gold_manual_review.v1	134016	clintox_send_v2:000134016	8874339	Vinorelbine	CCC1=C[C@@H]2CN(C1)Cc1c([nH]c3ccccc13)[C@@](C(=O)OC)(c1cc3c(cc1OC)N(C)[C@H]1[C@@](O)(C(=O)OC)[C@H](OC(C)=O)[C@]4(CC)C=CCN5CC[C@]31[C@@H]54)C2	CCC1=C[C@@H]2CN(C1)Cc1c([nH]c3ccccc13)[C@@](C(=O)OC)(c1cc3c(cc1OC)N(C)[C@H]1[C@@](O)(C(=O)OC)[C@H](OC(C)=O)[C@]4(CC)C=CCN5CC[C@]31[C@@H]54)C2	general_adverse_events	1	Toxicities of vinorelbine were reported as modest in the current United States trial; survival effects were not achieved at the expense of a decrease in quality of life.	Large randomized, multicenter United States trial in patients with advanced NSCLC.		Regarding vinorelbine, the current United States trial (a large randomized, multicenter trial in patients with advanced NSCLC) suggests that the toxicities of this agent are modest and that the effects on survival are not achieved at the expense of a decrease in QOL. This characterizes the clinical toxicity of vinorelbine as modest in this trial setting.
pass	The passage directly supports the proposed molecule-level label and category.		clintox_send_v2_gold_manual_review.v1	394546	clintox_send_v2:000394546	19735356	tadalafil	CN1CC(=O)N2[C@H](c3ccc4c(c3)OCO4)c3[nH]c4ccccc4c3C[C@@H]2C1=O	CN1CC(=O)N2[C@H](c3ccc4c(c3)OCO4)c3[nH]c4ccccc4c3C[C@@H]2C1=O	general_adverse_events	1	Increased incidence of adverse events at the 10-mg dose in patients with renal impairment; myalgia was the most common adverse event; delayed clearance associated with these changes	Acute dose pharmacokinetic studies (6-10 patients each) in erectile dysfunction; subgroups with mild/moderate renal impairment or end-stage renal disease on hemodialysis	10-mg dose; recommend starting at 5 mg and not exceeding 10 mg in renal impairment	Acute dose pharmacokinetic studies of tadalafil demonstrated similar pharmacokinetics and incidence of adverse events across men/women, young/old, and with/without hepatic dysfunction, but patients with mild or moderate renal impairment (creatinine clearance 51-80 or 31-50 mL/minute) showed delayed clearance associated with increased incidence of adverse events at the 10-mg dose, with myalgia the most common adverse event. Delayed clearance was also noted in end-stage renal disease patients on hemodialysis; it is recommended that individuals with renal impairment start at 5 mg and not titrate above 10 mg.
pass	The passage directly supports the proposed molecule-level label and category.		clintox_send_v2_gold_manual_review.v1	579732	clintox_send_v2:000579732	5220244	capreomycin	C[C@@H]1NC(=O)[C@@H](N)CNC(=O)[C@H]([C@H]2CCN=C(N)N2)NC(=O)/C(=C\NC(N)=O)NC(=O)[C@H](CNC(=O)C[C@@H](N)CCCN)NC1=O.NCCC[C@H](N)CC(=O)NC[C@@H]1NC(=O)[C@H](CO)NC(=O)[C@@H](N)CNC(=O)[C@H]([C@H]2CCN=C(N)N2)NC(=O)/C(=C\NC(N)=O)NC1=O	NCCC[C@H](N)CC(=O)NC[C@@H]1NC(=O)[C@H](CO)NC(=O)[C@@H](N)CNC(=O)[C@H]([C@H]2CCN=C(N)N2)NC(=O)/C(=C\NC(N)=O)NC1=O	general_adverse_events	1	Toxicity sufficient to require drug withdrawal occurred in 7 of 61 patients on capreomycin (10 per cent); capreomycin toxicity did not appear to be related to dosage.	Treatment of tuberculosis in patients who had failed conventional chemotherapy; capreomycin used with or without ethambutol in triple combinations	10-15 mg/kg body weight for 120 days	The report summarizes treatment of tuberculosis with capreomycin and/or ethambutol in triple combinations in 112 patients who failed conventional chemotherapy. Capreomycin was given at 10-15 mg/kg body weight for 120 days; ethambutol at 20-50 mg/kg body weight.
pass	The passage directly supports the proposed molecule-level label and category.		clintox_send_v2_gold_manual_review.v1	211172	clintox_send_v2:000211172	13295022	Meperidine	CCOC(=O)C1(c2ccccc2)CCN(C)CC1	CCOC(=O)C1(c2ccccc2)CCN(C)CC1	general_adverse_events	1	Human addiction cases increased as use of the drug increased.	Addiction surveillance/admissions data (post-marketing report).		The impression that meperidine had low addiction liability persisted even though, as use of the drug increased, cases of addiction to it increased. Rasor and Crecraft reported 457 meperidine addicts admitted to the Lexington Hospital in the thirty months ending September 30, 1953, nearly half of them members of the medical and allied professions.
pass	The passage directly supports the proposed molecule-level label and category.		clintox_send_v2_gold_manual_review.v1	472940	clintox_send_v2:000472940	11583062	Tacrolimus	C=CC[C@@H]1/C=C(\C)C[C@H](C)C[C@H](OC)[C@H]2O[C@@](O)(C(=O)C(=O)N3CCCC[C@H]3C(=O)O[C@H](/C(C)=C/[C@@H]3CC[C@@H](O)[C@H](OC)C3)[C@H](C)[C@@H](O)CC1=O)[C@H](C)C[C@@H]2OC	C=CC[C@@H]1/C=C(\C)C[C@H](C)C[C@H](OC)[C@H]2O[C@@](O)(C(=O)C(=O)N3CCCC[C@H]3C(=O)O[C@H](/C(C)=C/[C@@H]3CC[C@@H](O)[C@H](OC)C3)[C@H](C)[C@@H](O)CC1=O)[C@H](C)C[C@@H]2OC	general_adverse_events	1	Decrease in renal blood flow with reduction in creatinine clearance; decrease in pancreatic insulin production; CNS demyelination; hypertension; tremor; microangiopathic haemolysis; less hirsutism and gum hypertrophy than CsA; possibly more renal dysfunction and hyperglycaemia than CsA. Side effects correlate with the degree of calcineurin inhibition.	Immunosuppressive use; side effects analogous to cyclosporine (calcineurin inhibitor class).		Side effects of tacrolimus are similar to CsA and correlate with the degree of calcineurin inhibition. They include a decrease in renal blood flow with reduction in creatinine clearance, decrease in pancreatic insulin production, CNS demyelination, hypertension, tremor and microangiopathic haemolysis. Compared with CsA, tacrolimus causes less hirsutism and gum hypertrophy but possibly more renal dysfunction and hyperglycaemia.
pass	The passage directly supports the proposed molecule-level label and category.		clintox_send_v2_gold_manual_review.v1	305442	clintox_send_v2:000305442	7917080	Vigabatrin	C=CC(N)CCC(=O)O	C=CC(N)CCC(=O)O	general_adverse_events	1	Generally well tolerated; 5-15% of patients withdrew because of unacceptable adverse effects; drowsiness (13%), fatigue (13%), irritability, dizziness, ataxia, diplopia, depression and insomnia (usually mild and transient, most dose-dependent); bodyweight gain (gains of 5-15% reported); psychotic reactions including hallucinations and paranoia (reversible, probably dose-dependent)	Epilepsy patients treated with vigabatrin for between 6 months and 5 years (add-on treatment literature)		Vigabatrin is generally well tolerated, with 5 to 15% of patients treated for between 6 months and 5 years withdrawing because of unacceptable adverse effects. The most common adverse effects include drowsiness (13%) and fatigue (13%). Other adverse effects include irritability, dizziness, ataxia, diplopia, depression and insomnia. These effects are usually mild and transient, occurring most frequently in the first 3 months, and most are dose-dependent. Bodyweight gain occurs in some patients, usually in the first 6 months, with gains of 5 to 15% being reported in 40% of patients studied by Tartara et al. Psychotic reactions, including hallucinations and paranoia, were reported in 7 of 145 patients; these reversible reactions may involve mood disturbances and aggressive behaviour, were less common in other patient series and are probably dose-dependent.
pass	The passage directly supports the proposed molecule-level label and category.		clintox_send_v2_gold_manual_review.v1	256229	clintox_send_v2:000256229	29366978	nintedanib	COC(=O)c1ccc2c(c1)NC(=O)/C2=C(\Nc1ccc(N(C)C(=O)CN2CCN(C)CC2)cc1)c1ccccc1	COC(=O)c1ccc2c(c1)NC(=O)/C2=C(\Nc1ccc(N(C)C(=O)CN2CCN(C)CC2)cc1)c1ccccc1	general_adverse_events	1	Reported adverse events included diarrhea (n=52), weight loss (n=19), decreased appetite (n=18), nausea (n=17), fatigue (n=17), vomiting (n=12), abdominal pain (n=9), upper respiratory tract infection (n=9), liver toxicity (n=5), headache (n=2), epistaxis (n=2), and thromboembolic episode (n=1); total discontinuation n=37; deaths n=17; adverse event leading to discontinuation n=20; fatal adverse events n=14 (myocardial infarction n=2, IPF progression n=12). Treatment was not associated with increased prevalence of cardiovascular events and exhibited an acceptable safety profile.	Real-life observational study of nintedanib in patients with IPF in Greece; treatment period cohort of 94 patients.		Adverse events recorded during the nintedanib treatment period (N=94 IPF patients): diarrhea 52 (55.3%), weight loss 19 (20.2%), decreased appetite 18 (19.1%), nausea 17 (18.1%), fatigue 17 (18.1%), vomiting 12 (12.7%), abdominal pain 9 (9.5%), upper respiratory tract infection 9 (9.5%), liver toxicity 5 (5.3%), headache 2 (2.1%), epistaxis 2 (2.1%), and thromboembolic episode 1 (1%). Total discontinuation occurred in 37 (39.3%); death in 17 (18.1%). Adverse event causing discontinuation occurred in 20 (21.2%) patients, attributable to diarrhea (11, 11.7%), weight loss (4, 4.2%), abdominal pain (3, 3.1%), nausea (3, 3.1%), liver toxicity (2, 2.1%), vomiting (2, 2.1%), thromboembolic episode (1, 1%) and other causes (4, 4.2%). Fatal adverse events occurred in 14 patients (14.9%), comprising myocardial infarction (2, 2.1%) and IPF progression (12, 12.8%).
fail	The passage reports a null, reduced-risk, or opposite-direction finding.	wrong_outcome_direction	clintox_send_v2_gold_manual_review.v1	256925	clintox_send_v2:000256925	22741814	ST1535	CCCCc1nc(N)c2nc(-n3nccn3)n(C)c2n1	CCCCc1nc(N)c2nc(-n3nccn3)n(C)c2n1	general_adverse_events	1	Well tolerated	Phase I studies (human)		ST1535, an adenosine A2A antagonist, was well tolerated in Phase I studies; two of its metabolites (ST3932, ST4206) were described to have antiparkinsonian action in preclinical models in vivo.
fail	The supplied fields do not support molecule-specific causal attribution.	insufficient_attribution	clintox_send_v2_gold_manual_review.v1	22973	clintox_send_v2:000022973	26202792	Ribavirin	NC(=O)c1ncn([C@@H]2O[C@H](CO)[C@@H](O)[C@H]2O)n1	NC(=O)c1ncn([C@@H]2O[C@H](CO)[C@@H](O)[C@H]2O)n1	general_adverse_events	1	Regimen well tolerated; adverse events and laboratory abnormalities consistent with the known safety profile of RBV	SOF + RBV for 12 or 24 weeks in HCV genotype 2 or 3 infected patients (334 treated with SOF + RBV)		In a randomized trial of 421 patients (334 received SOF + RBV, 85 placebo), SOF + RBV for 12 or 24 weeks was well tolerated. Adverse events and laboratory abnormalities were consistent with the safety profile of RBV.
pass	The passage directly supports the proposed molecule-level label and category.		clintox_send_v2_gold_manual_review.v1	527960	clintox_send_v2:000527960	28318501	Sorafenib	CNC(=O)c1cc(Oc2ccc(NC(=O)Nc3ccc(Cl)c(C(F)(F)F)c3)cc2)ccn1	CNC(=O)c1cc(Oc2ccc(NC(=O)Nc3ccc(Cl)c(C(F)(F)F)c3)cc2)ccn1	general_adverse_events	1	AEs requiring dose reductions; sorafenib discontinued due to toxicity; three grade 5 AEs all due to hemorrhage; grade 3-4 AEs including hand-foot skin reaction, diarrhea, and fatigue; toxicity rated not acceptable in the post-OLT population in two small studies	Small-scale retrospective studies of sorafenib for recurrent HCC post-resection and/or post-OLT (transplant)		In small-scale retrospective studies of sorafenib for recurrent HCC post-resection and/or post-liver transplantation, adverse events requiring dose reductions occurred at rates of 14%-92%. Sorafenib had to be discontinued due to toxicity at rates of 0%-36%, except for one study reporting a 77% discontinuation rate. Three total grade 5 adverse events were reported, all due to hemorrhage, and two small studies concluded that sorafenib toxicity was not acceptable in the post-OLT population. The most common grade 3-4 adverse events were hand-foot skin reaction, diarrhea, and fatigue, and most studies found the safety profile acceptable and manageable with dose reductions.
pass	The passage directly supports the proposed molecule-level label and category.		clintox_send_v2_gold_manual_review.v1	123697	clintox_send_v2:000123697	27641996	Felbinac Trometamol	NC(CO)(CO)CO.O=C(O)Cc1ccc(-c2ccccc2)cc1	O=C(O)Cc1ccc(-c2ccccc2)cc1	general_adverse_events	1	Vascular stimulation pain (administration-method-related adverse event), transient and lasting until the end of administration; no dose-limiting toxicities were observed and MTD was not reached	Phase 1 dose-escalation safety and pharmacokinetic study in healthy Chinese volunteers (single and multiple dosing); intravenous administration	Predefined doses 11.78, 23.56, 47.13, 94.25, 188.5, 282.75 and 377 mg; pain AE especially at 188.5–377 mg; t1/2 of felbinac 6.80 ± 2.89 h with dose-proportional exposure	In these Phase 1 studies in healthy Chinese volunteers, the AE related to the administration method (Felbinac Trometamol diluted in 20 mL normal saline given intravenously over 10 min) was vascular stimulation pain, which was the most related AE, especially at dosages of 188.5–377 mg. This AE was transient and lasted until the end of administration. No dose-limiting toxicities were observed and the maximum tolerated dose was not reached.
pass	The passage directly supports the proposed molecule-level label and category.		clintox_send_v2_gold_manual_review.v1	464023	clintox_send_v2:000464023	14624208	Sertraline	CN[C@H]1CC[C@@H](c2ccc(Cl)c(Cl)c2)c2ccccc21	CN[C@H]1CC[C@@H](c2ccc(Cl)c(Cl)c2)c2ccccc21	general_adverse_events	1	Patient did not tolerate the use of sertraline (intolerance due to adverse effects)	Severe, incapacitating obsessive-compulsive disorder refractory to or not tolerating prior pharmacologic treatments		The patient with OCD who interrupted oral clomipramine due to side effects also did not tolerate the use of sertraline, an intolerance reflecting adverse reactions to the drug.
pass	The passage directly supports the proposed molecule-level label and category.		clintox_send_v2_gold_manual_review.v1	491955	clintox_send_v2:000491955	37570437	Metformin	CN(C)C(=N)NC(=N)N	CN(C)C(=N)NC(=N)N	general_adverse_events	1	Extended-release tablets have a lower incidence of adverse effects compared to immediate-release tablets; metformin combined with voglibose showed a lower incidence of gastrointestinal effects than metformin alone.	Comparative clinical safety of metformin formulations and combination		Metformin extended-release tablets have a lower incidence of adverse effects compared to treatment with immediate-release metformin tablets, and metformin in combination with voglibose showed a lower incidence of gastrointestinal effects than metformin alone.
fail	The event is not distinguishable from disease or other background risk.	background_event_not_attributed	clintox_send_v2_gold_manual_review.v1	326020	clintox_send_v2:000326020	19332456	rosuvastatin	CC(C)c1nc(N(C)S(C)(=O)=O)nc(-c2ccc(F)cc2)c1/C=C/[C@@H](O)C[C@@H](O)CC(=O)O	CC(C)c1nc(N(C)S(C)(=O)=O)nc(-c2ccc(F)cc2)c1/C=C/[C@@H](O)C[C@@H](O)CC(=O)O	general_adverse_events	1	High incidence of adverse events and serious adverse events reported; adverse events in 1338 patients (96.3%) and serious adverse events in 1140 patients (82.1%) among those receiving rosuvastatin, with a total of 36,780 adverse events and 9017 serious adverse events across the study and no significant difference between rosuvastatin and placebo groups.	Randomized trial (AURORA) of rosuvastatin vs placebo in patients with end-stage renal disease undergoing maintenance hemodialysis.		In the trial of rosuvastatin versus placebo in patients with end-stage renal disease on hemodialysis, adverse events were reported in 1338 patients who received rosuvastatin (96.3%) and in 1332 patients who received placebo (96.7%). Serious adverse events were reported in 1140 patients who received rosuvastatin (82.1%) and in 1159 patients who received placebo (84.1%). Most patients reported multiple events, with a total of 36,780 adverse events and 9017 serious adverse events reported during the study, with no significant difference between treatment groups.
fail	The passage reports a null, reduced-risk, or opposite-direction finding.	wrong_outcome_direction	clintox_send_v2_gold_manual_review.v1	272685	clintox_send_v2:000272685	21677598	Tacrolimus	C=CC[C@@H]1/C=C(\C)C[C@H](C)C[C@H](OC)[C@H]2O[C@@](O)(C(=O)C(=O)N3CCCC[C@H]3C(=O)O[C@H](/C(C)=C/[C@@H]3CC[C@@H](O)[C@H](OC)C3)[C@H](C)[C@@H](O)CC1=O)[C@H](C)C[C@@H]2OC	C=CC[C@@H]1/C=C(\C)C[C@H](C)C[C@H](OC)[C@H]2O[C@@](O)(C(=O)C(=O)N3CCCC[C@H]3C(=O)O[C@H](/C(C)=C/[C@@H]3CC[C@@H](O)[C@H](OC)C3)[C@H](C)[C@@H](O)CC1=O)[C@H](C)C[C@@H]2OC	general_adverse_events	1	Combination with MMF was well tolerated; no nonrelapse mortality observed up to day 30 posttransplant in the FK+MMF group, and cumulative incidence of severe preengraftment immune reactions decreased to 16%±1% vs 52%±2% in control	Single-institute pilot study of GVHD prophylaxis after umbilical cord blood transplantation; FK+MMF (29 patients) compared with historical matched FK-alone controls		The authors concluded that mycophenolate mofetil (MMF) and tacrolimus (FK) in combination was well tolerated and decreased early nonrelapse mortality, possibly through better control of preengraftment immune reactions, in patients undergoing umbilical cord blood transplantation as GVHD prophylaxis.
pass	The passage directly supports the proposed molecule-level label and category.		clintox_send_v2_gold_manual_review.v1	152491	clintox_send_v2:000152491	9606295	Topiramate	CC1(C)O[C@@H]2[C@@H](CO[C@@]3(COS(N)(=O)=O)OC(C)(C)O[C@@H]23)O1	CC1(C)O[C@@H]2[C@@H](CO[C@@]3(COS(N)(=O)=O)OC(C)(C)O[C@@H]23)O1	general_adverse_events	1	Adverse events including agitation (6), drowsiness (5), reduced memory (3), confusion (3), asthenia (3), anorexia (3), skin rash (1), and lumbar pain and hematuria (1); 1 patient discontinued prematurely because of adverse events; 3 patients were withdrawn during long-term follow-up due to adverse events; a patient with mental retardation was withdrawn due to development of psychosis after 40 months of therapy.	Add-on therapy in patients with refractory epilepsy; TPM added to preexisting therapy under placebo-controlled (13 patients) or open-label (2 patients) conditions; long-term follow-up up to ~5 years in a subset.	400-1,000 mg daily (long-term phase); 1,000 mg/day for the patient withdrawn due to psychosis	TPM (topiramate) was added to preexisting therapy under placebo-controlled (13 patients) or open-label (2 patients) conditions. Of the TPM-treated patients, 1 discontinued therapy prematurely because of adverse events (AE), and 5 were withdrawn from study during long-term follow-up (mean 14 months) due to loss of benefit (2) and AE (3). Adverse events included agitation (6), drowsiness (5), reduced memory (3), confusion (3), asthenia (3), anorexia (3), skin rash (1), and lumbar pain and hematuria (1). Due to development of psychosis, a patient with mental retardation was withdrawn from study after 40 months of continued TPM (1,000 mg/day) treatment.
fail	The clinical entity is a formulation, mixture, conjugate, or other entity not represented by the supplied parent structure.	formulation_or_entity_mismatch	clintox_send_v2_gold_manual_review.v1	329732	clintox_send_v2:000329732	36015347	DaunoXome (daunorubicin citrate)	COc1cccc2c1C(=O)c1c(O)c3c(c(O)c1C2=O)C[C@@](O)(C(C)=O)C[C@@H]3O[C@H]1C[C@H](N)[C@H](O)[C@H](C)O1.O=C(O)CC(O)(CC(=O)O)C(=O)O	COc1cccc2c1C(=O)c1c(O)c3c(c(O)c1C2=O)C[C@@](O)(C(C)=O)C[C@@H]3O[C@H]1C[C@H](N)[C@H](O)[C@H](C)O1	general_adverse_events	1	Fewer side effects than conventional chemotherapy with daunorubicin (comparative clinical safety outcome).	HIV-associated Kaposi's sarcoma; liposomal formulation (DaunoXome).		In 1995, the USFDA approved DaunoXome, a daunorubicin citrate liposomal formulation, for the treatment of HIV-associated Kaposi's sarcoma. DaunoXome promoted fewer side effects than conventional chemotherapy with daunorubicin, since liposomal drugs tend to target both Kaposi's sarcoma lesions and tumors.
pass	The passage directly supports the proposed molecule-level label and category.		clintox_send_v2_gold_manual_review.v1	493760	clintox_send_v2:000493760	31268366	Inotersen	COCCO[C@@H]1[C@H](O)[C@@H](COP(O)(=S)O[C@H]2[C@@H](OCCOC)[C@H](n3cc(C)c(N)nc3=O)O[C@@H]2COP(O)(=S)O[C@H]2[C@@H](OCCOC)[C@H](n3cc(C)c(N)nc3=O)O[C@@H]2COP(O)(=S)O[C@H]2[C@@H](OCCOC)[C@H](n3cc(C)c(=O)[nH]c3=O)O[C@@H]2COP(O)(=S)O[C@H]2[C@@H](OCCOC)[C@H](n3cnc4c(N)ncnc43)O[C@@H]2COP(O)(=S)O[C@H]2C[C@H](n3cnc4c(N)ncnc43)O[C@@H]2COP(O)(=S)O[C@H]2C[C@H](n3cnc4c(N)ncnc43)O[C@@H]2COP(O)(=S)O[C@H]2C[C@H](n3cnc4c(=O)[nH]c(N)nc43)O[C@@H]2COP(O)(=S)O[C@H]2C[C@H](n3cc(C)c(=O)[nH]c3=O)O[C@@H]2COP(O)(=S)O[C@H]2C[C@H](n3cnc4c(N)ncnc43)O[C@@H]2COP(O)(=S)O[C@H]2C[C@H](n3cc(C)c(N)nc3=O)O[C@@H]2COP(O)(=S)O[C@H]2C[C@H](n3cnc4c(N)ncnc43)O[C@@H]2COP(O)(=S)O[C@H]2C[C@H](n3cc(C)c(=O)[nH]c3=O)O[C@@H]2COP(O)(=S)O[C@H]2C[C@H](n3cc(C)c(=O)[nH]c3=O)O[C@@H]2COP(O)(=S)O[C@H]2C[C@H](n3cnc4c(=O)[nH]c(N)nc43)O[C@@H]2COP(O)(=S)O[C@H]2[C@@H](OCCOC)[C@H](n3cnc4c(=O)[nH]c(N)nc43)O[C@@H]2COP(O)(=S)O[C@H]2[C@@H](OCCOC)[C@H](n3cc(C)c(=O)[nH]c3=O)O[C@@H]2COP(O)(=S)O[C@H]2[C@@H](OCCOC)[C@H](n3cc(C)c(=O)[nH]c3=O)O[C@@H]2COP(O)(=S)O[C@H]2[C@@H](OCCOC)[C@H](n3cc(C)c(N)nc3=O)O[C@@H]2COP(O)(=S)O[C@H]2[C@@H](OCCOC)[C@H](n3cc(C)c(=O)[nH]c3=O)O[C@@H]2CO)O[C@H]1n1cc(C)c(N)nc1=O	COCCO[C@@H]1[C@H](O)[C@@H](COP(O)(=S)O[C@H]2[C@@H](OCCOC)[C@H](n3cc(C)c(N)nc3=O)O[C@@H]2COP(O)(=S)O[C@H]2[C@@H](OCCOC)[C@H](n3cc(C)c(N)nc3=O)O[C@@H]2COP(O)(=S)O[C@H]2[C@@H](OCCOC)[C@H](n3cc(C)c(=O)[nH]c3=O)O[C@@H]2COP(O)(=S)O[C@H]2[C@@H](OCCOC)[C@H](n3cnc4c(N)ncnc43)O[C@@H]2COP(O)(=S)O[C@H]2C[C@H](n3cnc4c(N)ncnc43)O[C@@H]2COP(O)(=S)O[C@H]2C[C@H](n3cnc4c(N)ncnc43)O[C@@H]2COP(O)(=S)O[C@H]2C[C@H](n3cnc4c(=O)[nH]c(N)nc43)O[C@@H]2COP(O)(=S)O[C@H]2C[C@H](n3cc(C)c(=O)[nH]c3=O)O[C@@H]2COP(O)(=S)O[C@H]2C[C@H](n3cnc4c(N)ncnc43)O[C@@H]2COP(O)(=S)O[C@H]2C[C@H](n3cc(C)c(N)nc3=O)O[C@@H]2COP(O)(=S)O[C@H]2C[C@H](n3cnc4c(N)ncnc43)O[C@@H]2COP(O)(=S)O[C@H]2C[C@H](n3cc(C)c(=O)[nH]c3=O)O[C@@H]2COP(O)(=S)O[C@H]2C[C@H](n3cc(C)c(=O)[nH]c3=O)O[C@@H]2COP(O)(=S)O[C@H]2C[C@H](n3cnc4c(=O)[nH]c(N)nc43)O[C@@H]2COP(O)(=S)O[C@H]2[C@@H](OCCOC)[C@H](n3cnc4c(=O)[nH]c(N)nc43)O[C@@H]2COP(O)(=S)O[C@H]2[C@@H](OCCOC)[C@H](n3cc(C)c(=O)[nH]c3=O)O[C@@H]2COP(O)(=S)O[C@H]2[C@@H](OCCOC)[C@H](n3cc(C)c(=O)[nH]c3=O)O[C@@H]2COP(O)(=S)O[C@H]2[C@@H](OCCOC)[C@H](n3cc(C)c(N)nc3=O)O[C@@H]2COP(O)(=S)O[C@H]2[C@@H](OCCOC)[C@H](n3cc(C)c(=O)[nH]c3=O)O[C@@H]2CO)O[C@H]1n1cc(C)c(N)nc1=O	general_adverse_events	1	Generally well tolerated with a manageable safety profile; regular monitoring for thrombocytopenia and glomerulonephritis has been effective	Weekly SC injections in ATTRv patients; based on NEURO-TTR OLE study long-term follow-up	once-weekly subcutaneous injection	Clinical studies showed weekly SC injections of inotersen provide significant improvements in neuropathy and QoL, which was sustained during long-term follow-up. Inotersen is generally well tolerated with a manageable safety profile, and regular monitoring for thrombocytopenia and glomerulonephritis has been effective based on results from the OLE study.
pass	The passage directly supports the proposed molecule-level label and category.		clintox_send_v2_gold_manual_review.v1	153639	clintox_send_v2:000153639	37007116	Sorafenib	CNC(=O)c1cc(Oc2ccc(NC(=O)Nc3ccc(Cl)c(C(F)(F)F)c3)cc2)ccn1	CNC(=O)c1cc(Oc2ccc(NC(=O)Nc3ccc(Cl)c(C(F)(F)F)c3)cc2)ccn1	general_adverse_events	1	Toxicity-related dose reduction and drug interruption in maintenance setting	Sorafenib maintenance after allogeneic HSCT (retrospective studies)		Early retrospective studies on sorafenib maintenance after allogeneic HSCT reported fairly good tolerability, with dose reduction rates ranging from 15 to 27% and interruption rates ranging from 18 to 31%. In a retrospective series by Chappell et al., a higher dose reduction rate of 66% was reported with a low 14% rate of drug interruption.
pass	The passage directly supports the proposed molecule-level label and category.		clintox_send_v2_gold_manual_review.v1	347321	clintox_send_v2:000347321	23266963	Toremifene	CN(C)CCOc1ccc(/C(=C(/CCCl)c2ccccc2)c2ccccc2)cc1	CN(C)CCOc1ccc(/C(=C(/CCCl)c2ccccc2)c2ccccc2)cc1	general_adverse_events	1	More vaginal discharge than tamoxifen in early stage breast cancer patients	Meta-analysis of randomized controlled trials comparing toremifene vs tamoxifen in early stage breast cancer patients		In a meta-analysis of 23 RCTs (7242 breast cancer patients) comparing toremifene with tamoxifen, for early stage breast cancer toremifene was associated with more vaginal discharge than tamoxifen (OR 1.32, 95 % CI 1.01, 1.73).
fail	The supplied fields do not support molecule-specific causal attribution.	insufficient_attribution	clintox_send_v2_gold_manual_review.v1	350067	clintox_send_v2:000350067	25998998	Methamphetamine	CN[C@@H](C)Cc1ccccc1	CN[C@@H](C)Cc1ccccc1	general_adverse_events	1	Considered more toxic in CYP2D6 ultra-rapid metabolisers (drug of abuse).	Drug of abuse metabolised by CYP2D6; CYP2D6 ultra-rapid metaboliser status.		Among amfetamines metabolised by CYP2D6, methamfetamine is considered more toxic in CYP2D6 ultra-rapid metabolisers.
pass	The passage directly supports the proposed molecule-level label and category.		clintox_send_v2_gold_manual_review.v1	106219	clintox_send_v2:000106219	26425251	dabigatran	Cn1c(CNc2ccc(C(=N)N)cc2)nc2cc(C(=O)N(CCC(=O)O)c3ccccn3)ccc21	Cn1c(CNc2ccc(C(=N)N)cc2)nc2cc(C(=O)N(CCC(=O)O)c3ccccn3)ccc21	general_adverse_events	1	P-gp inhibitor use implicated as risk factor for bleeding; all antiplatelet-treated patients had higher bleeding rates than those not on antiplatelets; dabigatran with or without antiplatelets produced fewer major bleeds than warfarin	RE-LY trial; dabigatran with or without concomitant antiplatelet therapy (aspirin/clopidogrel); drug-drug interactions with P-gp inducers/inhibitors and pharmacodynamic agents		Dabigatran is a substrate of the P-gp efflux transporter. P-gp inducers such as rifampin decrease dabigatran concentrations and should be avoided due to increased risk of VTE. P-gp inhibitors increase dabigatran concentrations, potentially leading to increased bleeding complications, and studies have implicated P-gp inhibitor use as a risk factor for bleeding. Among RE-LY patients, 38.4% received concomitant aspirin or clopidogrel; all patients treated with antiplatelets had higher bleeding rates than those who did not receive antiplatelets, and dabigatran with or without antiplatelets produced fewer major bleeds than warfarin.
pass	The passage directly supports the proposed molecule-level label and category.		clintox_send_v2_gold_manual_review.v1	497976	clintox_send_v2:000497976	16203782	PKI166	C[C@@H](Nc1ncnc2[nH]c(-c3ccc(O)cc3)cc12)c1ccccc1	C[C@@H](Nc1ncnc2[nH]c(-c3ccc(O)cc3)cc12)c1ccccc1	general_adverse_events	1	Clinical adverse events across dose cohorts including anorexia, nausea, vomiting, diarrhea, abdominal pain, rash, ALT and AST elevations, fatigue, dry mouth, and myalgia at grades 1/2 and 3/4; dose-limiting toxicities in cycle 1-2 in up to 3 patients per cohort; grade 3 transaminase elevations in a significant number of patients in the first two dosing cohorts leading to a switch to an intermittent (2-wk-on/2-wk-off) schedule; no tumor responses observed.	Phase I dose-escalation study of oral PKI166 (once daily continuously vs once daily for 2 weeks every 4 weeks) in patients with advanced solid tumors.	50, 100, 200, 400, 600, 750, 900 mg/day orally	Principal PKI166-related side effects in this phase I dose-escalation study, reported by dose cohort (50-900 mg/day, both continuous and 2-weeks-every-4-weeks schedules) as grade 1/2 vs grade 3/4 counts, included anorexia, nausea, vomiting, diarrhea, abdominal pain, rash, ALT and AST elevations, fatigue, dry mouth, and myalgia. Dose-limiting toxicities in cycle 1 or 2 ranged from 0 to 3 patients across cohorts. In the discussion, grade 3 transaminase elevations occurred in a significant number of patients in the first two dosing cohorts, prompting a change to the intermittent schedule, and at the recommended phase II dose of 750 mg the major toxicities were transaminase elevations, diarrhea, cutaneous toxicity, nausea, and vomiting.
pass	The passage directly supports the proposed molecule-level label and category.		clintox_send_v2_gold_manual_review.v1	54693	clintox_send_v2:000054693	17497222	Tegaserod	CCCCCNC(=N)N/N=C/c1c[nH]c2ccc(OC)cc12	CCCCCNC(=N)N/N=C/c1c[nH]c2ccc(OC)cc12	general_adverse_events	1	Adverse events including diarrhea (most frequent), headache, abdominal pain, and nausea; discontinuations due to adverse events infrequent; diarrhea led to study discontinuation in 1.5% of T patients; no diarrhea with clinically significant consequences; no deaths; one serious adverse event (costochondritis) not suspected treatment-related; no reports of ischemic colitis	Randomized, double-blind, placebo-controlled multicenter study in women (661 randomized) with IBS-C (Rome II) and IBS-M; safety assessment over treatment period		In a randomized, double-blind, placebo-controlled multicenter study in 661 women with IBS-C (Rome II) and IBS-M, safety data were available for 329 tegaserod (T) and 331 placebo (P) patients. Overall, 29.5% of patients experienced at least one adverse event during T treatment versus 25.7% for P. The most frequent adverse events were diarrhea (T 9.4% vs P 2.1%), headache (T 5.5% vs P 6.6%), abdominal pain (T 3.0% vs P 2.1%), and nausea (T 2.1% vs P 3.3%). Discontinuations due to adverse events were infrequent (T 1.8% vs P 3.0%), and diarrhea led to discontinuation in 1.5% on T versus 0.6% on P. Diarrhea was reported more frequently in the IBS-M subset (T 12.1% vs P 1.8%) than in the IBS-C subset (T 7.0% vs P 2.4%), occurred soon after initiating therapy and lasted 2-3 days without recurrence, with no cases having clinically significant consequences (hospitalization, need for IV fluids, or abnormal lab values). No deaths occurred; one T-treated patient experienced costochondritis and one placebo patient appendicitis, neither suspected to be treatment-related, and there were no reports of ischemic colitis.
fail	The claimed outcome cannot be attributed to this molecule separately from a combination or comparator.	combination_or_comparator_confounded	clintox_send_v2_gold_manual_review.v1	268560	clintox_send_v2:000268560	8656260	Amifostine	NCCCNCCSP(=O)(O)O	NCCCNCCSP(=O)(O)O	general_adverse_events	1	Grade 3 or 4 toxicities including grade 3 anorexia, fatigue, hypomagnesemia, hypocalcemia, and constipation, reported as treatment-related adverse events.	Patients receiving amifostine (with chemotherapy) in this single-institution trial; these toxicities reported as grade 3 or 4 adverse events in the clinical study.		Other grade 3 or 4 toxicities reported in the trial included grade 3 anorexia (n=3), fatigue (n=3), hypomagnesemia (n=2), hypocalcemia (n=1), and constipation (n=3). Adverse events not thought to be related to treatment included pulmonary embolism, disseminated intravascular coagulation, and deep venous thrombosis (all in one patient), and atrial flutter (two patients).
pass	The passage directly supports the proposed molecule-level label and category.		clintox_send_v2_gold_manual_review.v1	412645	clintox_send_v2:000412645	22541975	daptomycin	CCCCCCCCCC(=O)N[C@@H](Cc1c[nH]c2ccccc12)C(=O)N[C@H](CC(N)=O)C(=O)N[C@@H](CC(=O)O)C(=O)N[C@@H]1C(=O)NCC(=O)N[C@@H](CCCN)C(=O)N[C@@H](CC(=O)O)C(=O)N[C@H](C)C(=O)N[C@@H](CC(=O)O)C(=O)NCC(=O)N[C@H](CO)C(=O)N[C@@H]([C@H](C)CC(=O)O)C(=O)N[C@@H](CC(=O)c2ccccc2N)C(=O)O[C@@H]1C	CCCCCCCCCC(=O)N[C@@H](Cc1c[nH]c2ccccc12)C(=O)N[C@H](CC(N)=O)C(=O)N[C@@H](CC(=O)O)C(=O)N[C@@H]1C(=O)NCC(=O)N[C@@H](CCCN)C(=O)N[C@@H](CC(=O)O)C(=O)N[C@H](C)C(=O)N[C@@H](CC(=O)O)C(=O)NCC(=O)N[C@H](CO)C(=O)N[C@@H]([C@H](C)CC(=O)O)C(=O)N[C@@H](CC(=O)c2ccccc2N)C(=O)O[C@@H]1C	general_adverse_events	1	29% desarrolló efectos adversos, de los cuales 6% (5 pacientes) posiblemente relacionados con daptomicina; un caso de colitis por C. difficile de grado moderado resuelto con metronidazol; ningún paciente interrumpió el tratamiento por efectos adversos relacionados; ninguna de las 11 defunciones (8 durante tratamiento) se consideró relacionada con un efecto adverso.	Registro observacional retrospectivo CORE; pacientes con cáncer y neutropenia (34/72 con neutropenia grave <100 neutrófilos/µl), mayoritariamente infecciones bacteriémicas relacionadas con catéter.	Dosis media 6 mg/kg (rango 3-8 mg/kg); cada 24 h en 92% de pacientes	En el estudio observacional retrospectivo multicéntrico (registro CORE) en pacientes con cáncer y neutropenia, un 29% de los pacientes desarrolló efectos adversos, aunque únicamente un 6% (5 pacientes) estuvo posiblemente relacionado con la daptomicina. Un caso de colitis por Clostridium difficile de grado moderado se resolvió con metronidazol. Ninguno interrumpió el tratamiento por efectos adversos relacionados y ninguna de las 11 defunciones (8 durante el tratamiento) se consideró relacionada con un efecto adverso.
pass	The passage directly supports the proposed molecule-level label and category.		clintox_send_v2_gold_manual_review.v1	423499	clintox_send_v2:000423499	24683051	Clonidine	Clc1cccc(Cl)c1NC1=NCCN1	Clc1cccc(Cl)c1NC1=NCCN1	general_adverse_events	1	Hypotension and other adverse effects reported in humans; very low incidence of drop-out from treatment due to adverse effects, with data of moderate quality	Cochrane systematic review of α2-adrenergic agonists for management of opioid withdrawal	Typically administered orally, three or four times per day, to a maximum of around 1.2 mg/day	In a Cochrane systematic review of α2-adrenergic agonists for opioid withdrawal management, data on the occurrence of hypotensive and other adverse effects were of moderate quality, and the very low incidence of reported drop-out from treatment due to adverse effects reduced the strength of conclusions about the clinical significance of these adverse effects.
pass	The passage directly supports the proposed molecule-level label and category.		clintox_send_v2_gold_manual_review.v1	263789	clintox_send_v2:000263789	11158186	Marimastat	CNC(=O)[C@@H](NC(=O)[C@H](CC(C)C)[C@H](O)C(=O)NO)C(C)(C)C	CNC(=O)[C@@H](NC(=O)[C@H](CC(C)C)[C@H](O)C(=O)NO)C(C)(C)C	general_adverse_events	1	Dose-limiting toxic effect was musculoskeletal toxicity; MTD defined by musculoskeletal toxicity	Phase I/II single-agent trial in 26 patients with melanoma	10, 100 mg bid	In the phase I/II study by Bourthe et al., marimastat was given as a single agent at doses of 10 and 100 mg twice a day to 26 patients with melanoma. The MTD was 10 mg twice a day, and the DLT was musculoskeletal toxicity.
pass	The passage directly supports the proposed molecule-level label and category.		clintox_send_v2_gold_manual_review.v1	279392	clintox_send_v2:000279392	18394561	Pramipexole	CCCN[C@H]1CCc2nc(N)sc2C1	CCCN[C@H]1CCc2nc(N)sc2C1	general_adverse_events	1	Greater frequency of adverse effects at the 6 mg/day dose compared with 4.5 mg/day; the lower-dose range (1.5-4.5 mg/day) was considered optimal, implying dose-related adverse effects at 6 mg/day.	10-week, double-blind, parallel-group, randomized dose-ranging study in early Parkinson's disease (n=264 total across arms and placebo)	6 mg/day (compared with 4.5, 3, and 1.5 mg/day); pramipexole monotherapy	In a 10-week dose-ranging study by the Parkinson Study Group, 264 patients were randomized to 1.5, 3, 4.5, or 6 mg of pramipexole or placebo. The main difference between the 4.5 mg/day and 6 mg/day doses was a greater frequency of adverse effects at the higher dose; the optimum dose of pramipexole monotherapy in early PD was between 1.5 and 4.5 mg/day.
fail	The supplied fields do not support molecule-specific causal attribution.	insufficient_attribution	clintox_send_v2_gold_manual_review.v1	535505	clintox_send_v2:000535505	31349705	Methylphenidate	COC(=O)C(c1ccccc1)C1CCCCN1	COC(=O)C(c1ccccc1)C1CCCCN1	general_adverse_events	1	High number of ADR reports	Pharmacovigilance; post-marketing ADR reports (EudraVigilance 2004–2013) and Norwegian prescription dispensing data		Combining EudraVigilance ADR reports with Norwegian Prescription Database dispensing data, a high number of ADR reports involved diclofenac, olanzapine, diazepam, warfarin, sildenafil, and methylphenidate.
pass	The passage directly supports the proposed molecule-level label and category.		clintox_send_v2_gold_manual_review.v1	6140	clintox_send_v2:000006140	9524531	Acetylsalicylic acid	CC(=O)Oc1ccccc1C(=O)O	CC(=O)Oc1ccccc1C(=O)O	hematologic_toxicity	1	Bleeding time was significantly prolonged in the 100 and 300 mg dose groups in healthy volunteers	Healthy volunteers, pharmacodynamic/pharmacokinetic study of antiplatelet effect after single oral dose	100 mg and 300 mg single oral doses	In six healthy volunteers per dose group given single oral doses of 50, 100, or 300 mg acetylsalicylic acid (ASA), bleeding times (Ivy method, Simplate II) were significantly prolonged in the 100 and 300 mg dose groups, from 5.6±1.9 to 8.3±2.7 minutes and from 5.6±2.2 to 11.9±4.9 minutes, respectively, with prolongation significant up to 48 hours in the 300 mg group.
pass	The passage directly supports the proposed molecule-level label and category.		clintox_send_v2_gold_manual_review.v1	557807	clintox_send_v2:000557807	23362372	Cabazitaxel	CO[C@H]1C(=O)[C@]2(C)[C@@H](OC)C[C@H]3OC[C@@]3(OC(C)=O)[C@H]2[C@H](OC(=O)c2ccccc2)[C@]2(O)C[C@H](OC(=O)[C@H](O)[C@@H](NC(=O)OC(C)(C)C)c3ccccc3)C(C)=C1C2(C)C	CO[C@H]1C(=O)[C@]2(C)[C@@H](OC)C[C@H]3OC[C@@]3(OC(C)=O)[C@H]2[C@H](OC(=O)c2ccccc2)[C@]2(O)C[C@H](OC(=O)[C@H](O)[C@@H](NC(=O)OC(C)(C)C)c3ccccc3)C(C)=C1C2(C)C	hematologic_toxicity	1	Grade 3/4 neutropenia (most common hematological AE), treatment-related febrile neutropenia, neutropenic infections, rare grade 3/4 anemia and thrombocytopenia, grades 3-5 nonhematological AEs including hypersensitivity, fatigue, and hemorrhagic cystitis; two deaths reported (one related to study drug, one unknown cause)	Multicenter phase 2 study in taxane-resistant metastatic breast cancer; 1-hour IV infusion every 3 weeks; 71 patients	20 mg/m2, escalated to 25 mg/m2 from cycle 2 in selected patients	A multicenter phase 2 study assessed cabazitaxel in taxane-resistant metastatic breast cancer, given as a 1-hour IV infusion every 3 weeks at 20 mg/m2 (escalated to 25 mg/m2 from cycle 2 in selected patients). Neutropenia was the most common grade 3/4 hematological adverse event, occurring in 73% of patients and 43% of evaluable cycles. Treatment-related febrile neutropenia or neutropenic infections occurred in 3% and 4% of patients and in <1% of cycles, respectively. Grade 3/4 anemia and thrombocytopenia were rare. Treatment-emergent grades 3-5 nonhematological AEs included hypersensitivity (4%), fatigue (3%), and hemorrhagic cystitis (3%). Two deaths were reported, one related to the study drug and one to an unknown cause.
pass	The passage directly supports the proposed molecule-level label and category.		clintox_send_v2_gold_manual_review.v1	48285	clintox_send_v2:000048285	17555465	mycophenolate mofetil	COc1c(C)c2c(c(O)c1C/C=C(\C)CCC(=O)OCCN1CCOCC1)C(=O)OC2	COc1c(C)c2c(c(O)c1C/C=C(\C)CCC(=O)OCCN1CCOCC1)C(=O)OC2	hematologic_toxicity	1	Leukopenia and diarrhoea were the most common adverse events considered related to MMF and were more common in the sirolimus group; 88% of adverse events considered unrelated to MMF.	Renal transplant recipients, adverse events up to 6 months post-transplant		The most common adverse events considered related to mycophenolate mofetil (MMF) were leukopenia and diarrhoea, and these were more common in the sirolimus group. 88% of adverse events were considered unrelated to MMF.
uncertain	The event is not distinguishable from disease or other background risk.	background_event_not_attributed	clintox_send_v2_gold_manual_review.v1	63171	clintox_send_v2:000063171	28004589	Posaconazole	CC[C@@H]([C@H](C)O)n1ncn(-c2ccc(N3CCN(c4ccc(OC[C@@H]5CO[C@@](Cn6cncn6)(c6ccc(F)cc6F)C5)cc4)CC3)cc2)c1=O	CC[C@@H]([C@H](C)O)n1ncn(-c2ccc(N3CCN(c4ccc(OC[C@@H]5CO[C@@](Cn6cncn6)(c6ccc(F)cc6F)C5)cc4)CC3)cc2)c1=O	hematologic_toxicity	1	Six courses discontinued due to concern about thrombocytopenia or abnormal liver function that did not normalize; no infusion-related reactions, QTc prolongation or electrolyte imbalances attributed to IV posaconazole; minimal effect on liver and renal function	Safety and effectiveness study of intravenous posaconazole in patients with haematological malignancies and/or undergoing allogeneic HSCT (prophylaxis and treatment)		Safety, clinical effectiveness and trough plasma concentrations of intravenous posaconazole were investigated in 61 patients with haematological malignancies and/or undergoing allogeneic HSCT (47/61 had allogeneic HSCT). Effect on liver and renal function at end of treatment was minimal; no statistically significant difference in ALT, total bilirubin or calculated creatinine clearance from start to cessation. However, six courses of IV posaconazole across prophylaxis and treatment groups were discontinued due to concern about thrombocytopenia or abnormal liver function that did not normalize upon or 7 days after cessation. No infusion-related reactions, QTc prolongation or electrolyte imbalances attributed to IV posaconazole were reported.
pass	The passage directly supports the proposed molecule-level label and category.		clintox_send_v2_gold_manual_review.v1	466159	clintox_send_v2:000466159	35163621	Berzosertib	CNCc1ccc(-c2cc(-c3nc(-c4ccc(S(=O)(=O)C(C)C)cc4)cnc3N)on2)cc1	CNCc1ccc(-c2cc(-c3nc(-c4ccc(S(=O)(=O)C(C)C)cc4)cnc3N)on2)cc1	hematologic_toxicity	1	Higher rates of serious adverse events in the combination arm, mostly related to myelosuppression	Phase 2 trial, urothelial carcinoma first-line; berzosertib + gemcitabine + cisplatin vs gemcitabine + cisplatin alone		In a phase 2 trial for urothelial carcinoma, berzosertib was added to gemcitabine and cisplatin as first-line treatment and compared with chemotherapy alone. The combination arm had higher rates of serious adverse events, which were mostly related to myelosuppression, and OS was shorter in the berzosertib group (14.4 vs 19.8 months).
pass	The passage directly supports the proposed molecule-level label and category.		clintox_send_v2_gold_manual_review.v1	390192	clintox_send_v2:000390192	31482493	heparin	CC(=O)NC1C(O)OC(COS(=O)(=O)O)C(OC2OC(C(=O)O)C(OC3OC(CO)C(OC4OC(C(=O)O)C(O)C(O)C4OS(=O)(=O)O)C(OS(=O)(=O)O)C3NS(=O)(=O)O)C(O)C2OS(=O)(=O)O)C1O.[Na+]	CC(=O)NC1C(O)OC(COS(=O)(=O)O)C(OC2OC(C(=O)O)C(OC3OC(CO)C(OC4OC(C(=O)O)C(O)C(O)C4OS(=O)(=O)O)C(OS(=O)(=O)O)C3NS(=O)(=O)O)C(O)C2OS(=O)(=O)O)C1O	hematologic_toxicity	1	Heparin induced thrombocytopenia (HIT); bleeding complications (require constant monitoring); need for multiple and regular daily administration	Clinical practice of heparin as an anticoagulant in humans		Heparin was used as an anticoagulant in humans and several reports expressed successful use, but clinical practice of the molecule reflected certain shortcomings such as heparin induced thrombocytopenia (HIT), bleeding complications etc., which have to be constantly monitored, as well as multiple and regular administration of heparin on a daily basis.
pass	The passage directly supports the proposed molecule-level label and category.		clintox_send_v2_gold_manual_review.v1	9168	clintox_send_v2:000009168	25626481	Gemcitabine	Nc1ccn([C@@H]2O[C@H](CO)[C@@H](O)C2(F)F)c(=O)n1	Nc1ccn([C@@H]2O[C@H](CO)[C@@H](O)C2(F)F)c(=O)n1	hematologic_toxicity	1	Grade 3 and 4 haematological toxicities significantly more frequent in the gemcitabine plus carboplatin group than in carboplatin alone, with neutropenia predominant; 5.1% of patients discontinued due to a haematological AE; grade 2 alopecia more frequent.	Pfisterer trial; gemcitabine plus carboplatin vs carboplatin alone in platinum-sensitive recurrent ovarian cancer (gemcitabine+carbo n=175); adverse events graded per NCI-CTC.		In the trial reported by Pfisterer et al., grade 3 and grade 4 haematological toxicities were significantly more frequent in the gemcitabine plus carboplatin group than in the carboplatin alone group, with neutropenia the predominant haematological toxicity. The proportion of patients discontinuing treatment as a result of a haematological AE was 5.1% with gemcitabine plus carboplatin versus 4.0% with carboplatin alone. Grade 2 alopecia occurred in 14.3% of patients treated with gemcitabine plus carboplatin compared with 2.3% treated with carboplatin alone.
fail	The claimed outcome cannot be attributed to this molecule separately from a combination or comparator.	combination_or_comparator_confounded	clintox_send_v2_gold_manual_review.v1	106913	clintox_send_v2:000106913	24627219	EPR	COc1cccc2c1C(=O)c1c(O)c3c(c(O)c1C2=O)C[C@@](O)(C(=O)CO)C[C@@H]3O[C@H]1C[C@H](N)[C@@H](O)[C@H](C)O1	COc1cccc2c1C(=O)c1c(O)c3c(c(O)c1C2=O)C[C@@](O)(C(=O)CO)C[C@@H]3O[C@H]1C[C@H](N)[C@@H](O)[C@H](C)O1	hematologic_toxicity	1	Clinical haematological toxicity in combination: neutropenia (grade 3/4), febrile neutropenia, neutropenic infection, severe anaemia; no grade 3/4 thrombocytopenia; DLTs were grade 4 neutropenia at dose levels 1-3; 3/19 patients discontinued due to study-drug-related adverse events	Dose-escalation (MTD/RD) study, schedule 2 (days 1 and 8 of a 3-week cycle), in combination with vinflunine (VFL); 19 treated patients	EPR 35 mg/m2 on days 1 and 8 every 3 weeks (RD)	All 19 treated patients were assessable for toxicity. The major haematological toxicity was neutropenia (grade 3 in 4 patients [21.1%] and grade 4 in 13 patients [68.4%]). At RD, eight of nine treated patients (88.9%) developed grade 4 neutropenia, including febrile neutropenia (11.1%) and neutropenic infection (11.1%). Two patients developed severe anaemia at RD. No grade 3/4 thrombocytopenia was observed.
pass	The passage directly supports the proposed molecule-level label and category.		clintox_send_v2_gold_manual_review.v1	201175	clintox_send_v2:000201175	34645648	Adavosertib	C=CCn1c(=O)c2cnc(Nc3ccc(N4CCN(C)CC4)cc3)nc2n1-c1cccc(C(C)(C)O)n1	C=CCn1c(=O)c2cnc(Nc3ccc(N4CCN(C)CC4)cc3)nc2n1-c1cccc(C(C)(C)O)n1	hematologic_toxicity	1	No DLTs reported in the 6 safety lead-in patients; hematologic AEs included neutropenia (91.7%), anemia (75.0%), and thrombocytopenia (91.7%); 11 patients (91.7%) had AE leading to dose reduction of adavosertib	Arm C2 combination with carboplatin	adavosertib 225 mg twice daily × 5 doses on days 1-3, 8-10, and 15-17 (weeks 1-3)	In Arm C2 (adavosertib 225 mg twice daily × 5 doses on days 1-3, 8-10, and 15-17 plus carboplatin AUC5 i.v. on day 1, every 21 days; N=12), no DLTs were reported for any of the 6 safety lead-in patients. Hematologic AEs were notable and included neutropenia (91.7%), anemia (75.0%), and thrombocytopenia (91.7%). Eleven patients (91.7%) experienced an AE leading to dose reduction of adavosertib.
pass	The passage directly supports the proposed molecule-level label and category.		clintox_send_v2_gold_manual_review.v1	155207	clintox_send_v2:000155207	21929546	azathioprine	Cn1cnc([N+](=O)[O-])c1Sc1ncnc2nc[nH]c12	Cn1cnc([N+](=O)[O-])c1Sc1ncnc2nc[nH]c12	hematologic_toxicity	1	Case 1: life-threatening haemophagocytic lymphohistiocytosis (HLH) with pancytopenia, hepatitis and cholestasis; case 2: bone marrow suppression attributed to AZA toxicity; case 3: aseptic meningitis with bone marrow suppression. AZA was discontinued in cases 1 and 3 and recommenced at the same dose in case 2 with no subsequent bone marrow suppression.	Clinical case reports in patients on azathioprine, with primary EBV infection in case 1		Three patients on azathioprine (AZA) developed clinical toxicities: one had life-threatening haemophagocytic lymphohistiocytosis (HLH) after primary EBV infection with pancytopenia, hepatitis and cholestasis; a second had bone marrow suppression attributed to AZA toxicity; a third had aseptic meningitis with bone marrow suppression and EBV IgM positivity. AZA was discontinued in cases 1 and 3 but recommenced at the same dose in case 2 without subsequent bone marrow suppression.
fail	The clinical entity is a formulation, mixture, conjugate, or other entity not represented by the supplied parent structure.	formulation_or_entity_mismatch	clintox_send_v2_gold_manual_review.v1	119511	clintox_send_v2:000119511	30409490	Doxorubicin	COc1cccc2c1C(=O)c1c(O)c3c(c(O)c1C2=O)C[C@@](O)(C(=O)CO)C[C@@H]3O[C@H]1C[C@H](N)[C@H](O)[C@H](C)O1	COc1cccc2c1C(=O)c1c(O)c3c(c(O)c1C2=O)C[C@@](O)(C(=O)CO)C[C@@H]3O[C@H]1C[C@H](N)[C@H](O)[C@H](C)O1	hematologic_toxicity	1	Grade ≥3 AEs less frequent than other regimens; grade ≥3 neutropenia, thrombocytopenia, and anemia; hand-foot syndrome.	PLD (pegylated liposomal doxorubicin) cohort in combination with bevacizumab for platinum-resistant recurrent ovarian cancer		In the PLD cohort of the bevacizumab-containing therapy, grade ≥ 3 adverse events were less frequent than in other regimens (PLD 35.8%; P = 0.012), with grade ≥ 3 neutropenia in 18.9%, grade ≥ 3 thrombocytopenia in 6.9%, and grade ≥ 3 anemia in 4.4%. Hand-foot syndrome occurred in 13.1% of the PLD cohort (grade 1 in 12 patients (4.9%), grade 2 in 17 (6.9%), grade 3 in 3 (1.2%)).
fail	The claimed outcome cannot be attributed to this molecule separately from a combination or comparator.	combination_or_comparator_confounded	clintox_send_v2_gold_manual_review.v1	129099	clintox_send_v2:000129099	28222073	rucaparib	CNCc1ccc(-c2[nH]c3cc(F)cc4c3c2CCNC4=O)cc1	CNCc1ccc(-c2[nH]c3cc(F)cc4c3c2CCNC4=O)cc1	hematologic_toxicity	1	Dose-limiting toxicities of grade 4 thrombocytopenia and grade 4 neutropenia observed; dose interruptions associated with neutropenia (grade ≤3) not meeting DLT definition; one patient had a DLT (grade 4 thrombocytopenia) at the deescalated dose	Arm A (oral rucaparib), phase I dose-escalation, oral rucaparib in combination with carboplatin in advanced solid tumors	360 mg and 240 mg once-daily oral rucaparib; AUC4 and AUC5 carboplatin	In arm A (oral rucaparib), no patients experienced a dose-limiting toxicity (DLT) at doses up to 360 mg rucaparib in combination with AUC4 carboplatin. The first three patients who received 360 mg rucaparib with AUC5 carboplatin experienced dose interruptions associated with neutropenia (grade ≤3, not meeting the protocol DLT definition). DLTs of grade 4 thrombocytopenia and grade 4 neutropenia were observed in the first two patients treated at 360 mg with AUC5 carboplatin; one patient at 240 mg experienced a DLT (grade 4 thrombocytopenia), while three additional patients had none. AUC5 carboplatin plus 240 mg once-daily oral rucaparib was declared the MTD.
pass	The passage directly supports the proposed molecule-level label and category.		clintox_send_v2_gold_manual_review.v1	109999	clintox_send_v2:000109999	26553306	Melflufen	CCOC(=O)[C@H](Cc1ccc(F)cc1)NC(=O)[C@@H](N)Cc1ccc(N(CCCl)CCCl)cc1	CCOC(=O)[C@H](Cc1ccc(F)cc1)NC(=O)[C@@H](N)Cc1ccc(N(CCCl)CCCl)cc1	hematologic_toxicity	1	Bone marrow suppression as dose-limiting toxicity; grade 3-4 neutropenia (more common than thrombocytopenia) and hematological AEs reversible in all patients; prolonged thrombocytopenia in four patients; grade 3 fatigue (~10% of phase IIa patients), grade 3 nausea and asthenia (5% each); RPTD reduced from 75 to 50 mg due to toxicity in the phase IIa part	Phase I/IIa trial, intravenous melflufen monotherapy in heavily pretreated solid-tumor patients without remaining standard treatment options (45 patients, 140 cycles)	RPTD 50 mg Q3W (adjusted from 75 mg); dose escalation up to ≥100 mg in phase I	In the phase I/IIa trial, 45 patients received 140 cycles of melflufen monotherapy. The recommended phase dose was established at 50 mg Q3W with bone marrow suppression as dose-limiting toxicity. Severe (grade 3-4) neutropenias related to study medication were more common than thrombocytopenia, and hematological AEs were reversible in all patients. Four patients experienced prolonged thrombocytopenia following repeated treatment. Treatment-related grade 3 fatigue was observed in approximately 10% of patients in the phase IIa part, and grade 3 nausea and asthenia in 5% each; no other treatment-related grade 3-4 AEs occurred in more than single patients. RPTD was adjusted from 75 to 50 mg after treating a few patients in the phase IIa part. The side effect profile was dose-dependent, reversible, and manageable.
pass	The passage directly supports the proposed molecule-level label and category.		clintox_send_v2_gold_manual_review.v1	47454	clintox_send_v2:000047454	31432623	Palbociclib	CC(=O)c1c(C)c2cnc(Nc3ccc(N4CCNCC4)cn3)nc2n(C2CCCC2)c1=O	CC(=O)c1c(C)c2cnc(Nc3ccc(N4CCNCC4)cn3)nc2n(C2CCCC2)c1=O	hematologic_toxicity	1	Neutropenia reported as one of the major toxicities of palbociclib	Patients with certain types of advanced breast cancer (ABC); Phase 3 PALOMA-2 trial setting		Palbociclib was recently approved for patients with certain types of advanced breast cancer (ABC). Neutropenia is one of the major toxicities for palbociclib. The aims of the study were to develop a population pharmacokinetic (PopPK) model and to evaluate the relationship between neutropenia and palbociclib exposure among patients in the Phase 3 PALOMA-2 trial.
pass	The passage directly supports the proposed molecule-level label and category.		clintox_send_v2_gold_manual_review.v1	521602	clintox_send_v2:000521602	2043492	Teniposide	COc1cc([C@@H]2c3cc4c(cc3[C@@H](O[C@@H]3O[C@@H]5CO[C@@H](c6cccs6)O[C@H]5[C@H](O)[C@H]3O)[C@H]3COC(=O)[C@H]23)OCO4)cc(OC)c1O	COc1cc([C@@H]2c3cc4c(cc3[C@@H](O[C@@H]3O[C@@H]5CO[C@@H](c6cccs6)O[C@H]5[C@H](O)[C@H]3O)[C@H]3COC(=O)[C@H]23)OCO4)cc(OC)c1O	hematologic_toxicity	1	Leukopenia was the prominent and dose-limiting toxicity at 100 mg/m²; 3 of 5 patients had WHO grade 3-4 granulocyte toxicity. One drug-related death on day 11 from early polyvisceral failure including grade 3 leukopenia, grade 4 thrombocytopenia, gastrointestinal bleeding, and renal failure; dose reduced by 50% due to unacceptable toxicity. At 50 mg/m² leukopenia was acceptable (two grade 3 events among four evaluable first-cycle courses).	Patients with refractory intraperitoneal tumors (ovarian, digestive, soft tissue sarcoma, breast) receiving intraperitoneal chemotherapy including teniposide with CDDP; 9 patients, ages 47-66	100 mg/m² and 50 mg/m² teniposide (intraperitoneal), dose reduced by 50% due to toxicity	At the 100 mg/m² teniposide dose level (5 patients, 6 cycles), leukopenia was the prominent and dose-limiting side effect: analysis of the first cycle revealed that 3 of 5 patients experienced WHO grade 3-4 granulocyte toxicity. One patient developed an early syndrome (day 2) of polyvisceral failure including severe myelosuppression (grade 3 leukopenia and grade 4 thrombocytopenia), gastrointestinal bleeding, renal failure (creatinine 370 µmol/l) and subsequently irreversible collapse leading to death on day 11; this early death was considered drug related. Because of this unacceptable toxicity the teniposide dose was reduced by 50%. At the 50 mg/m² level (5 patients, 8 courses), leukopenia was again the principal but acceptable toxicity, producing only two grade 3 toxicities among the four evaluable first-cycle courses.
pass	The passage directly supports the proposed molecule-level label and category.		clintox_send_v2_gold_manual_review.v1	12020	clintox_send_v2:000012020	7532163	Fludarabine	Nc1nc(F)nc2c1ncn2[C@@H]1O[C@H](CO)[C@@H](O)[C@@H]1O	Nc1nc(F)nc2c1ncn2[C@@H]1O[C@H](CO)[C@@H](O)[C@@H]1O	hematologic_toxicity	1	Mild and reversible hematologic toxicity (2 patients) and infections (3 patients) in the Kantarjian cohort; myelosuppression in the majority and bacterial/opportunistic infections in 7 patients in the Dimopoulos cohort; neurotoxicity not documented	Patients with Waldenstrom's macroglobulinemia; two different schedules in the Dimopoulos report		Kantarjian evaluated fludarabine in 11 patients with Waldenstrom's macroglobulinemia; mild and reversible hematologic toxicity was seen in two patients and infections occurred in three. Dimopoulos et al. reported 28 patients with Waldenstrom's macroglobulinemia: side effects included myelosuppression in the majority of patients and bacterial and opportunistic infections in 7 patients; neurotoxicity was not documented.
pass	The passage directly supports the proposed molecule-level label and category.		clintox_send_v2_gold_manual_review.v1	477667	clintox_send_v2:000477667	30190025	Entospletinib	c1cn2cc(-c3ccc4cn[nH]c4c3)nc(Nc3ccc(N4CCOCC4)cc3)c2n1	c1cn2cc(-c3ccc4cn[nH]c4c3)nc(Nc3ccc(N4CCOCC4)cc3)c2n1	hematologic_toxicity	1	Grade 3-4 toxicities included neutropenia, nausea/diarrhea, and elevated AST/ALT; overall well tolerated	Phase 2 trial in 17 patients with relapsed or refractory Waldenström macroglobulinemia		In a recent phase 2 trial of 17 patients with relapsed or refractory Waldenström macroglobulinemia treated with the oral Syk inhibitor entospletinib, the ORR was 24%. Entospletinib was overall well tolerated. Grade 3 to 4 toxicities included neutropenia in 12%, nausea/diarrhea in 6%, and elevated AST/ALT in 6% of patients.
pass	The passage directly supports the proposed molecule-level label and category.		clintox_send_v2_gold_manual_review.v1	286826	clintox_send_v2:000286826	11240736	Gemcitabine	Nc1ccn([C@@H]2O[C@H](CO)[C@@H](O)C2(F)F)c(=O)n1	Nc1ccn([C@@H]2O[C@H](CO)[C@@H](O)C2(F)F)c(=O)n1	hematologic_toxicity	1	Dose-limiting toxicity was thrombocytopenia; one patient developed interstitial pneumonitis which resolved on cessation of gemcitabine; another patient experienced non-neutropenic pneumonia during the first cycle; toxicity deemed acceptable	Phase 2 study in platinum-refractory Mullerian (ovarian, fallopian tube, primary peritoneal) carcinomas; measurable disease; 30 min IV infusion	2000 mg/m2 (or 1750 mg/m2 for high-risk patients) on days 1, 8, 15 every 28 days	In a phase 2 study of gemcitabine (30 min IV infusion of 2000 mg/m2, or 1750 mg/m2 for high-risk patients, on days 1, 8, and 15 every 28 days) in patients with platinum-refractory Mullerian carcinomas, the dose-limiting toxicity was thrombocytopenia. One patient developed interstitial pneumonitis that resolved on cessation of gemcitabine, and another experienced non-neutropenic pneumonia during the first cycle. The authors concluded gemcitabine had activity and acceptable toxicity in this dose schedule.
pass	The passage directly supports the proposed molecule-level label and category.		clintox_send_v2_gold_manual_review.v1	430944	clintox_send_v2:000430944	7900235	vinorelbine	CCC1=C[C@@H]2CN(C1)Cc1c([nH]c3ccccc13)[C@@](C(=O)OC)(c1cc3c(cc1OC)N(C)[C@H]1[C@@](O)(C(=O)OC)[C@H](OC(C)=O)[C@]4(CC)C=CCN5CC[C@]31[C@@H]54)C2	CCC1=C[C@@H]2CN(C1)Cc1c([nH]c3ccccc13)[C@@](C(=O)OC)(c1cc3c(cc1OC)N(C)[C@H]1[C@@](O)(C(=O)OC)[C@H](OC(C)=O)[C@]4(CC)C=CCN5CC[C@]31[C@@H]54)C2	hematologic_toxicity	1	Main adverse side effect grade III-IV leukopenia (reversible, short duration), neutropenic fever in <10% of cases, and few neurologic adverse events consisting mainly of loss of osteotendinous reflexes	Phase II studies of weekly single-agent vinorelbine in NSCLC patients (78 untreated patients at 30 mg/m² dose cohort)	30 mg/m² weekly	In prior phase II studies, vinorelbine (VNB, 5-noarnhyndrovinblastine) was evaluated as a single agent in 78 untreated NSCLC patients at 30 mg/m² weekly, giving 33% objective remissions. Across phase II studies with weekly administration, the main adverse side effect was grade III-IV leukopenia, recorded in 35 to 45% of patients, which was reversible and of short duration with neutropenic fever in less than 10% of cases; few neurologic adverse events, consisting mainly of loss of osteotendinous reflexes, were observed.
fail	The passage reports a null, reduced-risk, or opposite-direction finding.	wrong_outcome_direction	clintox_send_v2_gold_manual_review.v1	532837	clintox_send_v2:000532837	22998528	Imexon	NC1=NC(=O)N2CC12	NC1=NC(=O)N2CC12	hematologic_toxicity	1	No evidence of additive myelotoxicity when combined with the highly myelosuppressive drug docetaxel; patients tolerated full doses of both drugs.	Phase I trial (AMP-010) combining imexon with docetaxel in patients with cancers of the lung, breast, or prostate	MTD imexon 1,300 mg/m²	in the trial combining imexon and docetaxel, a highly myelosuppressive drug, there was no evidence of additive myelotoxicity [48] and patients tolerated full doses of both drugs ... The maximally-tolerated dose (MTD) of imexon varied from ... to 1,300 mg/m² when combined with docetaxel in patients with cancers of the lung, breast, or prostate (AMP-010-Phase I).
pass	The passage directly supports the proposed molecule-level label and category.		clintox_send_v2_gold_manual_review.v1	384376	clintox_send_v2:000384376	3717800	Heparin	CC(=O)NC1C(O)OC(COS(=O)(=O)O)C(OC2OC(C(=O)O)C(OC3OC(CO)C(OC4OC(C(=O)O)C(O)C(O)C4OS(=O)(=O)O)C(OS(=O)(=O)O)C3NS(=O)(=O)O)C(O)C2OS(=O)(=O)O)C1O.[Na+]	CC(=O)NC1C(O)OC(COS(=O)(=O)O)C(OC2OC(C(=O)O)C(OC3OC(CO)C(OC4OC(C(=O)O)C(O)C(O)C4OS(=O)(=O)O)C(OS(=O)(=O)O)C3NS(=O)(=O)O)C(O)C2OS(=O)(=O)O)C1O	hematologic_toxicity	1	Thrombocytopenia (heparin-associated thrombocytopenia), attributed to heparin; platelet count recovered after heparin was stopped	Case report of a 73-year-old man admitted for anuric renal failure (antiglomerular basement membrane disease); heparin-induced thrombocytopenia diagnosed by exclusion; heparin given via heparin lock flushes	Heparin flushes, 100 U every 8 hours	A 73-year-old man developed thrombocytopenia during evaluation of anuric renal failure, with platelet count decreasing from 541 000 to 50 000/mm³ over 8 to 10 days, while receiving heparin flushes through a heparin lock (100 U every 8 hours). No sepsis, DIC, TTP, or other thrombocytopenia-associated medication was present. When all heparin therapy was stopped, platelet count rose to >100 000/mm³ within 36 hours and >200 000/mm³ within 4 days. A heparin-induced platelet serotonin release study using donor platelets was markedly abnormal, supporting a diagnosis of heparin-induced thrombocytopenia.
fail	The claimed outcome cannot be attributed to this molecule separately from a combination or comparator.	combination_or_comparator_confounded	clintox_send_v2_gold_manual_review.v1	150380	clintox_send_v2:000150380	2163228	zidovudine	Cc1cn([C@H]2C[C@H](N=[N+]=[N-])[C@@H](CO)O2)c(=O)[nH]c1=O	Cc1cn([C@H]2C[C@H](N=[N+]=[N-])[C@@H](CO)O2)c(=O)[nH]c1=O	hematologic_toxicity	1	Profound and rapid hematologic toxicity, including grade 4 neutropenia	HIV/CMV patients on zidovudine 1200 mg/d started or continued together with ganciclovir therapy	Zidovudine 1200 mg/d	Patients tolerating full-dose zidovudine (group 1) and those newly starting zidovudine (groups 3 and 4) were initially administered 1200 mg/d of zidovudine. The first 10 patients treated in this manner showed profound and rapid hematologic toxicity. Both group 1 patients in this group of 10 developed grade 4 neutropenia within 2 weeks. The other 8 patients also tolerated this combination poorly. Median time to grade 3 or 4 toxicity (all hematologic) was 3 weeks (range, 2 to 11 weeks) for 9 patients.
pass	The passage directly supports the proposed molecule-level label and category.		clintox_send_v2_gold_manual_review.v1	306863	clintox_send_v2:000306863	21695098	Cabazitaxel	CO[C@H]1C(=O)[C@]2(C)[C@@H](OC)C[C@H]3OC[C@@]3(OC(C)=O)[C@H]2[C@H](OC(=O)c2ccccc2)[C@]2(O)C[C@H](OC(=O)[C@H](O)[C@@H](NC(=O)OC(C)(C)C)c3ccccc3)C(C)=C1C2(C)C	CO[C@H]1C(=O)[C@]2(C)[C@@H](OC)C[C@H]3OC[C@@]3(OC(C)=O)[C@H]2[C@H](OC(=O)c2ccccc2)[C@]2(O)C[C@H](OC(=O)[C@H](O)[C@@H](NC(=O)OC(C)(C)C)c3ccccc3)C(C)=C1C2(C)C	hematologic_toxicity	1	Grade 4 neutropenia observed, leading to selection of a lower recommended phase II dose (20 mg/m2); well tolerated up to 25 mg/m2	Phase I dose-escalation study in patients with advanced solid tumors (25 patients, 88% with prior chemotherapy, 32% with prior taxane therapy)	Escalating doses starting at 10 mg/m2 IV every three weeks; tolerated up to 25 mg/m2; recommended phase II dose 20 mg/m2	A phase I trial evaluated the safety of administering cabazitaxel at escalating doses starting at 10 mg/m2 intravenously every three weeks in 25 patients with advanced solid tumors. Cabazitaxel was well tolerated at the studied dose levels up to 25 mg/m2, but due to incidence of grade 4 neutropenia observed, the recommended phase II dose was 20 mg/m2.
pass	The passage directly supports the proposed molecule-level label and category.		clintox_send_v2_gold_manual_review.v1	312551	clintox_send_v2:000312551	28962071	Azacitidine	Nc1ncn([C@@H]2O[C@H](CO)[C@@H](O)[C@H]2O)c(=O)n1	Nc1ncn([C@@H]2O[C@H](CO)[C@@H](O)[C@H]2O)c(=O)n1	hematologic_toxicity	1	Thrombocytopenia grade 3 or 4 (iatrogenically-induced cancer treatment-related)	Patients with myelodysplastic syndrome (MDS) in randomised studies		The passage notes iatrogenically-induced thrombocytopenia through currently available therapeutics for MDS such as hypomethylation agents (azacitidine, decitabine) or lenalidomide. Randomised studies reported thrombocytopenia grade 3 or 4 in 70% to 74% of patients receiving azacitidine.
pass	The passage directly supports the proposed molecule-level label and category.		clintox_send_v2_gold_manual_review.v1	114144	clintox_send_v2:000114144	13129491	Topotecan	CC[C@@]1(O)C(=O)OCc2c1cc1n(c2=O)Cc2cc3c(CN(C)C)c(O)ccc3nc2-1	CC[C@@]1(O)C(=O)OCc2c1cc1n(c2=O)Cc2cc3c(CN(C)C)c(O)ccc3nc2-1	hematologic_toxicity	1	Principal toxicity was hematologic; all reported incidence events were controllable; there were no toxicity-related withdrawals; agent described as well-tolerated. In the previous-chemotherapy group (n=20 safety-evaluable) grade 3/4 neutropenia occurred in 79%, thrombocytopenia in 55%, and anemia in 80%; in the chemotherapy-naive group (n=6 safety-evaluable) grade 3/4 neutropenia in 67%, thrombocytopenia in 50%, and anemia in 83% (all grade 3).	Phase II study in cervical cancer patients with measurable lesions; includes previously-treated and chemotherapy-naive patients.	1.2 mg/m² topotecan by iv infusion over 30 min for 5 consecutive days.	Noda and colleagues reported a phase II study of topotecan in cervical cancer patients (previous chemotherapy n=22, chemotherapy naive n=7), giving 1.2 mg/m² by iv infusion over 30 min for 5 consecutive days. The principal toxicity was hematologic; all reported incidences of these events were controllable and there were no toxicity-related withdrawals. The authors concluded topotecan is 'well-tolerated and has a promising activity in patients with cervical cancer.'
fail	The claimed outcome cannot be attributed to this molecule separately from a combination or comparator.	combination_or_comparator_confounded	clintox_send_v2_gold_manual_review.v1	169559	clintox_send_v2:000169559	16598751	Gemcitabine	Nc1ccn([C@@H]2O[C@H](CO)[C@@H](O)C2(F)F)c(=O)n1	Nc1ccn([C@@H]2O[C@H](CO)[C@@H](O)C2(F)F)c(=O)n1	hematologic_toxicity	1	Neutropenia and mucositis as the most commonly encountered toxicities when combined with capecitabine; risk of hematologic toxicity; substantial toxicities observed and the combination was difficult to tolerate in patients with AIPCa	Combination with capecitabine; prior Phase I/II dosing studies in 5-FU-pretreated colon and pancreatic cancer; current study in patients with advanced prostate cancer (AIPCa) with prior taxane therapy	1000 mg/m² gemcitabine on Days 1, 8, and 15 every 28 days (Phase II-recommended); current study starting dose of 800 mg/m² gemcitabine per week	The most commonly encountered toxicities with the combination of capecitabine and gemcitabine were neutropenia and mucositis, at Phase II-recommended doses of capecitabine 830 mg/m² twice daily on Days 1-21 and gemcitabine 1000 mg/m² on Days 1, 8, and 15, repeated every 28 days. Because of the risk of hematologic toxicity, patients with AIPCa and prior taxane exposure were unlikely to tolerate these doses, and in the current study, even at a lowered gemcitabine starting dose, the capecitabine-gemcitabine combination was difficult to tolerate for patients with AIPCa.
pass	The passage directly supports the proposed molecule-level label and category.		clintox_send_v2_gold_manual_review.v1	493597	clintox_send_v2:000493597	7848885	Paclitaxel	CC(=O)O[C@H]1C(=O)[C@@]2(C)[C@H]([C@H](OC(=O)c3ccccc3)[C@]3(O)C[C@H](OC(=O)[C@H](O)[C@@H](NC(=O)c4ccccc4)c4ccccc4)C(C)=C1C3(C)C)[C@]1(OC(C)=O)CO[C@@H]1C[C@@H]2O	CC(=O)O[C@H]1C(=O)[C@@]2(C)[C@H]([C@H](OC(=O)c3ccccc3)[C@]3(O)C[C@H](OC(=O)[C@H](O)[C@@H](NC(=O)c4ccccc4)c4ccccc4)C(C)=C1C3(C)C)[C@]1(OC(C)=O)CO[C@@H]1C[C@@H]2O	hematologic_toxicity	1	Two patients died due to toxicity prior to receiving a second course of Taxol; neutropenic fever and neutropenia <500/mm³ for more than 5 days were managed with G-CSF added from the following cycle.	Patients treated with Taxol who were non-assessable for response or who manifested treatment-related neutropenia; all patients evaluable for toxicity	Dose escalation to 175 mg/m² allowed from January 1993; base dose 135 mg/m² 24-hour infusion q21 days	All patients were evaluable for toxicity. Three patients were not assessable for disease response because they died prior to receiving a second course of Taxol: two due to toxicity and one due to tumor-related metabolic complications secondary to bulky disease and intestinal obstruction.
pass	The passage directly supports the proposed molecule-level label and category.		clintox_send_v2_gold_manual_review.v1	478389	clintox_send_v2:000478389	30582813	Umbralisib	CC(C)Oc1ccc(-c2nn([C@@H](C)c3oc4ccc(F)cc4c(=O)c3-c3cccc(F)c3)c3ncnc(N)c23)cc1F	CC(C)Oc1ccc(-c2nn([C@@H](C)c3oc4ccc(F)cc4c(=O)c3-c3cccc(F)c3)c3ncnc(N)c23)cc1F	hematologic_toxicity	1	Neutropenia (13%), anemia (9%), thrombocytopenia (7%), pneumonia (3%), lung infection (1%), febrile neutropenia (1%), colitis (2%)	Phase 1 dose-escalation, relapsed or refractory CLL, small lymphocytic lymphoma, B-cell and T-cell NHL, Hodgkin's lymphoma; 28-day cycles	50, 100, 200, 400, 800, 1200, 1800 mg q.d., po	In the Phase 1 dose-escalation study of compound 2 (umbralisib, TGR-1202) in patients with relapsed or refractory CLL, small lymphocytic lymphoma, B-cell and T-cell NHL, and Hodgkin's lymphoma, dosing ranged from 50 to 1800 mg q.d. po in 28-day cycles. Reported adverse events (AE ≥ grade 3) included neutropenia (13%), anemia (9%), thrombocytopenia (7%), pneumonia (3%), lung infection (1%), febrile neutropenia (1%), and colitis (2%).
pass	The passage directly supports the proposed molecule-level label and category.		clintox_send_v2_gold_manual_review.v1	146410	clintox_send_v2:000146410	21267730	Methotrexate	CN(Cc1cnc2nc(N)nc(N)c2n1)c1ccc(C(=O)N[C@@H](CCC(=O)O)C(=O)O)cc1	CN(Cc1cnc2nc(N)nc(N)c2n1)c1ccc(C(=O)N[C@@H](CCC(=O)O)C(=O)O)cc1	hematologic_toxicity	1	Verminderung der Leukozyten (Leukozytopenie) und der Thrombozyten (Thrombozytopenie)	Retrospektive Auswertung von 278 MTX-behandelten Patienten (1990-2003)		In einer retrospektiven Auswertung zeigte sich bei 278 Patienten, die zwischen 1990 und 2003 mit MTX behandelt worden waren, eine Verminderung der Leukozyten unter 3 Gpt/l in 0,7/100 Patientenjahren und eine Verminderung der Thrombozyten unter 100 Gpt/l in 0,3/100 Patientenjahren.
pass	The passage directly supports the proposed molecule-level label and category.		clintox_send_v2_gold_manual_review.v1	166268	clintox_send_v2:000166268	18402651	Deferasirox	O=C(O)c1ccc(-n2nc(-c3ccccc3O)nc2-c2ccccc2O)cc1	O=C(O)c1ccc(-n2nc(-c3ccccc3O)nc2-c2ccccc2O)cc1	hematologic_toxicity	1	Severe thrombocytopenia and mild leucopenia; blood abnormalities improved after deferasirox withdrawal	Case report: 57-year-old man with idiopathic refractory sideroblastic anemia and transfusion-induced hepatic iron overload; deferasirox monotherapy	20 mg/kg/day for 4 weeks	A 57-year-old man with transfusion-dependent sideroblastic anemia was prescribed deferasirox 20 mg/kg/day for transfusion-induced hepatic iron overload. After 4 weeks of deferasirox treatment he developed severe thrombocytopenia (12,000/mm³) and mild leucopenia (2,100/mm³). Deferasirox was discontinued; platelet and leukocyte counts subsequently recovered.
pass	The passage directly supports the proposed molecule-level label and category.		clintox_send_v2_gold_manual_review.v1	433127	clintox_send_v2:000433127	1916468	Halothane	FC(F)(F)C(Cl)Br	FC(F)(F)C(Cl)Br	hepatotoxicity	1	Severe halothane hepatitis with circulating antibodies against other organs in many patients; some patients develop hepatitis without immune involvement attributed to overproduction of a hepatotoxic derivative from reductive halothane metabolism.	Patients exposed to halothane (halothane hepatitis); immunologically mediated and non-immune forms		Many patients with severe halothane hepatitis have circulating antibodies directed against other organs in the body, suggesting an underlying genetic defect in immune regulation. In contrast, some patients with hepatitis from the drug have no evidence of immune involvement, and liver damage in these cases is probably the result of overproduction of a hepatotoxic derivative produced by reductive halothane metabolism.
pass	The passage directly supports the proposed molecule-level label and category.		clintox_send_v2_gold_manual_review.v1	71427	clintox_send_v2:000071427	10897581	Flutamide	CC(C)C(=O)Nc1ccc([N+](=O)[O-])c(C(F)(F)F)c1	CC(C)C(=O)Nc1ccc([N+](=O)[O-])c(C(F)(F)F)c1	hepatotoxicity	1	Liver dysfunction / hepatotoxicity reported; liver enzyme (AST/ALT) elevations	Total androgen blockade (TAB) for prostate cancer; Japanese phase III preliminary trial and Western retrospective study		In a Japanese phase III preliminary trial of total androgen blockade (TAB) in 30 prostate cancer patients, flutamide-induced liver dysfunction was reported in approximately 24% of patients, though the observation period of 12 weeks was short and long-term evaluation was deemed necessary. In contrast, a large retrospective study in Western countries of 1,091 prostate cancer patients receiving flutamide as TAB reported AST/ALT elevations of ≥96 IU/L in only 4 cases (0.36%), strikingly different from the Japanese findings. The authors concluded that racial differences should be considered when evaluating flutamide hepatotoxicity.
pass	The passage directly supports the proposed molecule-level label and category.		clintox_send_v2_gold_manual_review.v1	207657	clintox_send_v2:000207657	17430756	Mycophenolate mofetil	COc1c(C)c2c(c(O)c1C/C=C(\C)CCC(=O)OCCN1CCOCC1)C(=O)OC2	COc1c(C)c2c(c(O)c1C/C=C(\C)CCC(=O)OCCN1CCOCC1)C(=O)OC2	hepatotoxicity	1	Listed as a relatively uncommon cause of hepatocellular toxicity in dermatologic use	Dermatologic drug use; drug-induced hepatotoxicity		Drugs commonly used in dermatology that present a significant risk of hepatic toxicity are categorized, with relatively uncommon causes of hepatocellular toxicity including mycophenolate mofetil.
pass	The passage directly supports the proposed molecule-level label and category.		clintox_send_v2_gold_manual_review.v1	335572	clintox_send_v2:000335572	33026899	Valproic acid	CCCC(CCC)C(=O)O	CCCC(CCC)C(=O)O	hepatotoxicity	1	Associated with risk of reversible elevations in transaminase levels and thrombocytopenia when co-administered with CBD; hepatotoxic profile; possible additive toxic effect when combined with CBD	Concomitant administration with CBD in antiseizure medication treatment		The concomitant administration of valproic acid and CBD is associated with the risk of reversible elevations in transaminase levels and more recently to thrombocytopenia. In addition to the hepatotoxic profile of VPA and CBD alone, there can be an additive toxic effect when the ASMs are combined.
pass	The passage directly supports the proposed molecule-level label and category.		clintox_send_v2_gold_manual_review.v1	64752	clintox_send_v2:000064752	21892896	Acetaminophen	CC(=O)Nc1ccc(O)cc1	CC(=O)Nc1ccc(O)cc1	hepatotoxicity	1	hepatitis observed after high therapeutic doses in a few malnourished patients	human patients; malnutrition as a predisposing acquired GSH deficiency	high therapeutic doses	In humans, hepatitis has been observed after high therapeutic doses of acetaminophen in a few malnourished patients (Kurtovic and Riordan, 2003).
pass	The passage directly supports the proposed molecule-level label and category.		clintox_send_v2_gold_manual_review.v1	234534	clintox_send_v2:000234534	36986665	Delafloxacin	Nc1nc(-n2cc(C(=O)O)c(=O)c3cc(F)c(N4CC(O)C4)c(Cl)c32)c(F)cc1F	Nc1nc(-n2cc(C(=O)O)c(=O)c3cc(F)c(N4CC(O)C4)c(Cl)c32)c(F)cc1F	hepatotoxicity	1	Hepatic TEAEs (increased transaminases most frequent), mild or moderate in severity; two treatment discontinuations due to elevated liver enzymes.	Randomized double-blind global phase 3 study in adults with CABP, delafloxacin vs moxifloxacin	delafloxacin 300 mg twice daily vs moxifloxacin 400 mg once daily	A randomized, double-blind, global phase 3 study compared delafloxacin 300 mg twice daily versus moxifloxacin 400 mg once daily in adults with community-acquired bacterial pneumonia. Hepatic TEAEs were reported in 5.1% of delafloxacin subjects versus 2.8% in the moxifloxacin group, with increased transaminases the most frequent AEs; hepatic TEAEs were all mild or moderate except one subject in the moxifloxacin group. There were two treatment discontinuations due to elevated liver enzymes in the delafloxacin group and one in the moxifloxacin group. ALT or AST values five times the upper limit of normal were seen in delafloxacin (1.4% and 0.9%) and moxifloxacin (1.6% and 0.5%) groups.
pass	The passage directly supports the proposed molecule-level label and category.		clintox_send_v2_gold_manual_review.v1	438323	clintox_send_v2:000438323	3588472	quinidine gluconate	C=C[C@H]1CN2CC[C@H]1C[C@@H]2[C@@H](O)c1ccnc2ccc(OC)cc12	C=C[C@H]1CN2CC[C@H]1C[C@@H]2[C@@H](O)c1ccnc2ccc(OC)cc12	hepatotoxicity	1	Hepatotoxicity (including granulomatous hepatitis) with unexplained fever and/or elevated hepatic enzymes in early therapy; toxicity resolves after cessation of quinidine.	US FDA product labeling (prescribing information) for QUINAGLUTE (quinidine gluconate); hepatotoxicity monitoring during first 4 to 8 weeks of therapy considered.		The quinidine prescribing information notes that unexplained fever and/or elevation of hepatic enzymes, particularly in the early stages of therapy, warrant consideration of possible hepatotoxicity, and that cessation of quinidine in these cases usually results in the disappearance of toxicity.
fail	The claimed outcome cannot be attributed to this molecule separately from a combination or comparator.	combination_or_comparator_confounded	clintox_send_v2_gold_manual_review.v1	23163	clintox_send_v2:000023163	30887180	olaparib	O=C(c1cc(Cc2n[nH]c(=O)c3ccccc23)ccc1F)N1CCN(C(=O)C2CC2)CC1	O=C(c1cc(Cc2n[nH]c(=O)c3ccccc23)ccc1F)N1CCN(C(=O)C2CC2)CC1	hepatotoxicity	1	Grade 2 adverse events of increased alanine aminotransferase (ALT) and aspartate aminotransferase (AST), leading to premature treatment discontinuation	Phase I single- and multiple-dose PK study in human patients (Cohort 2: olaparib in combination with weekly paclitaxel, Part A)		Thirty-six Chinese patients received treatment; 20 and 16 patients in Cohort 1 and Cohort 2, respectively. Overall, 34 of 36 patients completed Part A; two patients discontinued treatment prematurely (patient decision in Cohort 1; Grade 2 adverse events of increased alanine aminotransferase [ALT] and aspartate aminotransferase [AST] in Cohort 2).
fail	The claimed outcome cannot be attributed to this molecule separately from a combination or comparator.	combination_or_comparator_confounded	clintox_send_v2_gold_manual_review.v1	308537	clintox_send_v2:000308537	10800057	Cyclophosphamide	O=P1(N(CCCl)CCCl)NCCCO1	O=P1(N(CCCl)CCCl)NCCCO1	hepatotoxicity	1	Significant increase in the incidence of hepatic veno-occlusive disease (VOD) and mucositis in patients who received cyclophosphamide (CP) less than 24 h after the last busulphan dose, compared to those receiving CP 24 h or more after the last busulphan dose (unlike the TBI group).	Human conditioning (preparative) regimen with busulphan followed by cyclophosphamide in a transplant patient group.	CP administered less than 24 h vs 24 h or more after the last busulphan dose.	In the present group of patients, a significant increase in the incidence of both VOD (hepatic veno-occlusive disease) and mucositis was observed in patients who received their cyclophosphamide (CP) therapy less than 24 h after the last dose of busulphan, unlike in the TBI group and those who received CP 24 h or more after the last busulphan dose. This was presumably due to the cellular depletion of GSH caused by Bu and subsequently a secondary depletion caused by CP administration, with exposure of glutathione-depleted hepatocytes and mucosa to low concentrations of 4-OHCP and acrolein contributing to both VOD and mucositis.
pass	The passage directly supports the proposed molecule-level label and category.		clintox_send_v2_gold_manual_review.v1	402536	clintox_send_v2:000402536	23738997	Fingolimod	CCCCCCCCc1ccc(CCC(N)(CO)CO)cc1	CCCCCCCCc1ccc(CCC(N)(CO)CO)cc1	hepatotoxicity	1	Elevations in alanine aminotransferase ≥3x the upper limit of normal occurred at a higher rate with fingolimod than placebo; elevations resolved within 2 months of discontinuation.	Across fingolimod clinical trials	fingolimod 0.5 mg	Elevations in alanine aminotransferase that were ≥ three-times the upper limit of normal were reported in 8 versus 1.9% of patients treated with fingolimod 0.5 mg and placebo, respectively, across the clinical trials. Liver enzyme elevations generally occurred within 6–9 months of treatment initiation and resolved within 2 months of drug discontinuation.
pass	The passage directly supports the proposed molecule-level label and category.		clintox_send_v2_gold_manual_review.v1	344788	clintox_send_v2:000344788	12432973	Itraconazole	CCC(C)n1ncn(-c2ccc(N3CCN(c4ccc(OC[C@H]5CO[C@](Cn6cncn6)(c6ccc(Cl)cc6Cl)O5)cc4)CC3)cc2)c1=O	CCC(C)n1ncn(-c2ccc(N3CCN(c4ccc(OC[C@H]5CO[C@](Cn6cncn6)(c6ccc(Cl)cc6Cl)O5)cc4)CC3)cc2)c1=O	hepatotoxicity	1	Abnormal transaminase levels, more commonly than fluconazole	Itraconazole versus fluconazole comparison		Itraconazole, which also has extensive liver metabolism, more commonly causes abnormal transaminase levels than fluconazole.
pass	The passage directly supports the proposed molecule-level label and category.		clintox_send_v2_gold_manual_review.v1	409337	clintox_send_v2:000409337	24081656	Busulfan	CS(=O)(=O)OCCCCOS(C)(=O)=O	CS(=O)(=O)OCCCCOS(C)(=O)=O	hepatotoxicity	1	Incidence of hepatic veno-occlusive disease (VOD) following IV-busulfan-based conditioning; transplant-related mortality did not differ between BU/CY and FLU/BU cohorts	Allogeneic HCT conditioning with IV-busulfan-based regimens (BU/CY or FLU/BU), multivariate analysis		In multivariate analysis, study outcomes did not differ between patients receiving BU/CY-based vs FLU/BU-based allogeneic HCT conditioning, including TRM (HR, 1.14; P = .44). In addition, the incidence of hepatic veno-occlusive disease (VOD) was not different between the BU/CY and FLU/BU cohorts (5% vs 4%; P = .53). Both conditioning regimens are IV-busulfan-based.
pass	The passage directly supports the proposed molecule-level label and category.		clintox_send_v2_gold_manual_review.v1	501386	clintox_send_v2:000501386	36105663	tolvaptan	Cc1ccccc1C(=O)Nc1ccc(C(=O)N2CCC[C@@H](O)c3cc(Cl)ccc32)c(C)c1	Cc1ccccc1C(=O)Nc1ccc(C(=O)N2CCC[C@@H](O)c3cc(Cl)ccc32)c(C)c1	hepatotoxicity	1	Hepatotoxicity manifesting as elevated AST, ALT and bilirubin compared with placebo.	TEMPO 3:4 trial in ADPKD patients		The TEMPO 3:4 trial compared elevated AST, ALT and bilirubin levels in patients taking tolvaptan versus placebo: AST elevation 4.4% vs 3.1%, ALT elevation 1.0% vs 0.8%, and bilirubin elevation 0.9% vs 1.9%. AST and ALT were elevated >3 times the upper limit of normal; bilirubin >1.5 times the upper limit of normal.
pass	The passage directly supports the proposed molecule-level label and category.		clintox_send_v2_gold_manual_review.v1	48689	clintox_send_v2:000048689	17408305	Ximelagatran	CCOC(=O)CN[C@@H](C(=O)N1CC[C@H]1C(=O)NCc1ccc(/C(N)=N/O)cc1)C1CCCCC1	CCOC(=O)CN[C@@H](C(=O)N1CC[C@H]1C(=O)NCc1ccc(/C(N)=N/O)cc1)C1CCCCC1	hepatotoxicity	1	Hepatotoxicity signal in clinical trials: ALT >3 × ULN in 7.9%, ALT >10 × ULN in 1.9%, and elevated ALT with bilirubin >2-fold in 0.5% of patients; several cases of acute liver failure reported.	Thrombin inhibitor in clinical trials; drug not approved in the US and voluntarily withdrawn from the European market due to hepatotoxicity.		The thrombin inhibitor ximelagatran showed a significant hepatotoxicity signal in clinical trials, with an incidence of ALT >3 × ULN in 7.9%, ALT >10 × ULN in 1.9%, and an elevated ALT with bilirubin >2-fold in 0.5% of patients. Although adjudication of the latter cases (which met modified Hy's Law criteria) decreased their incidence to closer to 0.1%, there were several cases of acute liver failure. The drug was not approved in the US and, as a result of its hepatotoxicity, was voluntarily withdrawn from the market in Europe following short-term use.
pass	The passage directly supports the proposed molecule-level label and category.		clintox_send_v2_gold_manual_review.v1	307604	clintox_send_v2:000307604	25932045	Itraconazole	CCC(C)n1ncn(-c2ccc(N3CCN(c4ccc(OC[C@H]5CO[C@](Cn6cncn6)(c6ccc(Cl)cc6Cl)O5)cc4)CC3)cc2)c1=O	CCC(C)n1ncn(-c2ccc(N3CCN(c4ccc(OC[C@H]5CO[C@](Cn6cncn6)(c6ccc(Cl)cc6Cl)O5)cc4)CC3)cc2)c1=O	hepatotoxicity	1	Treatment was stopped after five months because of elevated bilirubin levels (hepatotoxicity), which returned to normal range on treatment cessation.	Case report of a 65-year-old patient with biochemically recurrent prostate cancer treated with high-dose itraconazole monotherapy	300 mg b.i.d.	A 65-year old patient with biochemically recurrent prostate cancer unwilling to undergo castrating treatment was treated with high dose ITZ (300 mg b.i.d.). Treatment with ITZ caused a >50% reduction of PSA level after 12 weeks with no significant change in testosterone level. However, treatment was stopped after five months because of elevated bilirubin levels (which returned to normal range on treatment cessation).
pass	The passage directly supports the proposed molecule-level label and category.		clintox_send_v2_gold_manual_review.v1	53759	clintox_send_v2:000053759	13236783	Cinchophen	O=C(O)c1cc(-c2ccccc2)nc2ccccc12	O=C(O)c1cc(-c2ccccc2)nc2ccccc12	hepatotoxicity	1	Hepatitis (allergic drug reaction)	Allergic drug reaction in patients		Specific types of allergic reaction to certain drugs are hepatitis to cinchophen, arsphenamine or sulfonamides.
pass	The passage directly supports the proposed molecule-level label and category.		clintox_send_v2_gold_manual_review.v1	404326	clintox_send_v2:000404326	17125245	Benoxaprofen	CC(C(=O)O)c1ccc2oc(-c3ccc(Cl)cc3)nc2c1	CC(C(=O)O)c1ccc2oc(-c3ccc(Cl)cc3)nc2c1	hepatotoxicity	1	Fatal cholestatic jaundice reported as a serious adverse drug reaction in man; drug was withdrawn from the market shortly after marketing began in 1982	NSAID marketed in 1982 and subsequently withdrawn from the market due to the fatal cholestatic jaundice adverse reaction in man		Benoxaprofen, an NSAID marketed in 1982, was withdrawn almost immediately because of a report of fatal cholestatic jaundice. Preclinical evaluation of the drug had not predicted the risk of such a serious reaction. Certain drugs that have caused serious adverse drug reactions in man do indeed form reactive acyl glucuronides, with benoxaprofen cited as one such example.
fail	The supplied fields do not support molecule-specific causal attribution.	insufficient_attribution	clintox_send_v2_gold_manual_review.v1	455295	clintox_send_v2:000455295	27550238	Afatinib	CN(C)C/C=C/C(=O)Nc1cc2c(Nc3ccc(F)c(Cl)c3)ncnc2cc1O[C@H]1CCOC1	CN(C)C/C=C/C(=O)Nc1cc2c(Nc3ccc(F)c(Cl)c3)ncnc2cc1O[C@H]1CCOC1	hepatotoxicity	1	Hepatotoxicity frequency not reported (NA) in this trial.	Pivotal clinical trial LUX-Lung 3 in EGFR-mutant NSCLC patients		In the LUX-Lung 3 pivotal clinical trial of afatinib in 229 NSCLC patients, all-grade and grade ≥ 3 hepatotoxicity frequency data were not available (NA).
pass	The passage directly supports the proposed molecule-level label and category.		clintox_send_v2_gold_manual_review.v1	38754	clintox_send_v2:000038754	20860038	Tipifarnib	Cn1cncc1[C@@](N)(c1ccc(Cl)cc1)c1ccc2c(c1)c(-c1cccc(Cl)c1)cc(=O)n2C	Cn1cncc1[C@@](N)(c1ccc(Cl)cc1)c1ccc2c(c1)c(-c1cccc(Cl)c1)cc(=O)n2C	hepatotoxicity	1	Serum bilirubin and ALT elevations observed in patients treated with tipifarnib on this trial, prompting amendment of eligibility criteria to require normal bilirubin and ALT at enrollment and no grade ≥3 elevations within 30 days prior to enrollment.	Pediatric patients ≤21 years with refractory/relapsed leukemia (ALL, AML, CML in blast crisis, JMML) treated on COG trial NCT00022451 (CTEP/NCI-sponsored).		On this trial (NCT00022451), after serum bilirubin and ALT elevations were observed in patients treated with tipifarnib, the protocol eligibility criteria were amended to require that serum bilirubin and ALT be within normal limits at enrollment, that no grade ≥3 elevations of serum bilirubin or ALT had occurred within the 30 days prior to enrollment, and that patients were not receiving total parenteral nutrition.
pass	The passage directly supports the proposed molecule-level label and category.		clintox_send_v2_gold_manual_review.v1	574921	clintox_send_v2:000574921	15305245	Methotrexate	CN(Cc1cnc2nc(N)nc(N)c2n1)c1ccc(C(=O)N[C@@H](CCC(=O)O)C(=O)O)cc1	CN(Cc1cnc2nc(N)nc(N)c2n1)c1ccc(C(=O)N[C@@H](CCC(=O)O)C(=O)O)cc1	hepatotoxicity	1	Hepatic enzyme elevations often temporary and returning to normal spontaneously or with brief MTX discontinuation; persistent elevation requires termination of MTX due to correlation with histological changes on liver biopsy; potential risk of fibrosis or cirrhosis.	RA patients receiving long-term low-dose MTX therapy; liver biopsy monitoring context.		Elevations of hepatic enzymes during MTX therapy are often temporary, do not exceed 2 to 3 times normal values, and return to normal either spontaneously or with a brief discontinuation of MTX. Persistent elevation requires termination of MTX because the number of elevations, particularly of AST, correlates with histological changes in sequential liver biopsy samples from RA patients receiving long-term MTX treatment; these histologic changes rarely progress to clinically significant liver disease but the potential risk of fibrosis or cirrhosis is of serious concern.
pass	The passage directly supports the proposed molecule-level label and category.		clintox_send_v2_gold_manual_review.v1	86514	clintox_send_v2:000086514	30003672	amoxicillin-clavulanic acid	CC1(C)SC2C(NC(=O)C(N)c3ccc(O)cc3)C(=O)N2C1C(=O)O.O=C(O)C1C(=CCO)OC2CC(=O)N21	CC1(C)SC2C(NC(=O)C(N)c3ccc(O)cc3)C(=O)N2C1C(=O)O	hepatotoxicity	1	Implicated as one of the most commonly identified agents causing chronic drug-induced liver injury (persistent liver injury following acute DILI)	Chronic DILI; DILIN prospective registry study and Spanish DILI registry		In the DILIN study, the most commonly identified agents in cases of chronic DILI (persistent liver injury after acute DILI) were amoxicillin-clavulanic acid, trimethoprim-sulfamethoxazole and azithromycin, and antibiotics were also over-represented in the Spanish DILI registry study.
pass	The passage directly supports the proposed molecule-level label and category.		clintox_send_v2_gold_manual_review.v1	231860	clintox_send_v2:000231860	9407344	Flucloxacillin	Cc1onc(-c2c(F)cccc2Cl)c1C(=O)N[C@@H]1C(=O)N2[C@@H]1SC(C)(C)[C@@H]2C(=O)O	Cc1onc(-c2c(F)cccc2Cl)c1C(=O)N[C@@H]1C(=O)N2[C@@H]1SC(C)(C)[C@@H]2C(=O)O	hepatotoxicity	1	Flucloxacillin-induced hepatitis; risk factors identified as age over 55 years, therapy duration over 2 weeks, and possibly daily dose	Post-marketing assessment of flucloxacillin-induced hepatitis risk factors	Therapy duration over 2 weeks; high daily dose (possible risk factor)	Independent risk factors including age over 55 years, duration of therapy of more than 2 weeks, and possibly daily dose indicate that under these circumstances consideration should be given to the use of alternative agents. This strategy could reduce the number of cases of flucloxacillin-induced hepatitis by one-third.
fail	The clinical entity is a formulation, mixture, conjugate, or other entity not represented by the supplied parent structure.	formulation_or_entity_mismatch	clintox_send_v2_gold_manual_review.v1	470904	clintox_send_v2:000470904	15989140	tiliquinol	Cc1ccc(O)c2ncccc12	Cc1ccc(O)c2ncccc12	hepatotoxicity	1	Hepatotoxicity; 8 cases of asymptomatic increased liver transaminases among 12 healthy volunteers; 10 additional hepatotoxicity cases reported through the Pharmacovigilance program	Clinical study in healthy volunteers; post-marketing pharmacovigilance; WHO safety alert		Tiliquinol and tilbroquinol (Intetrix) are antidiarrheal drugs. In 1997 the WHO issued an alert for both tilbroquinol and tiliquinol based on hepatotoxicity concerns. Eight cases of asymptomatic increased liver transaminases were reported among 12 healthy volunteers enrolled in a clinical study on tiliquinol and tilbroquinol, and 10 additional cases of hepatotoxicity were subsequently reported through the Pharmacovigilance program.
fail	The claimed outcome cannot be attributed to this molecule separately from a combination or comparator.	combination_or_comparator_confounded	clintox_send_v2_gold_manual_review.v1	315812	clintox_send_v2:000315812	39267402	valproate	CCCC(CCC)C(=O)O	CCCC(CCC)C(=O)O	hepatotoxicity	1	Increased possibility of hepatocellular damage (elevated transaminases) in patients receiving concomitant treatment with valproic acid together with CBD.	Concomitant administration with CBD in pivotal epilepsy trials (SLG and SD).		The possibility of hepatocellular damage was increased in patients receiving concomitant treatments with valproic acid (or, to a lesser extent, clobazam) and/or elevated transaminase levels before starting treatment with CBD.
fail	The passage does not report a direct human clinical exposure outcome.	not_human_clinical_exposure	clintox_send_v2_gold_manual_review.v1	209187	clintox_send_v2:000209187	25660478	nordihydroguaiaretic acid	C[C@H](Cc1ccc(O)c(O)c1)[C@@H](C)Cc1ccc(O)c(O)c1	C[C@H](Cc1ccc(O)c(O)c1)[C@@H](C)Cc1ccc(O)c(O)c1	hepatotoxicity	1	Cholestasis, cholangitis, chronic hepatitis, cirrhosis	Independent test set for QSAR hepatotoxicity prediction		Nordihydroguaiaretic acid was listed with the clinical manifestation of cholestasis, cholangitis, chronic hepatitis and cirrhosis, and was correctly predicted as hepatotoxic.
fail	The event is not distinguishable from disease or other background risk.	background_event_not_attributed	clintox_send_v2_gold_manual_review.v1	481093	clintox_send_v2:000481093	23757319	Silybin phosphatidylcholine (Siliphos)	COc1cc([C@H]2Oc3cc([C@H]4Oc5cc(O)cc(O)c5C(=O)[C@@H]4O)ccc3O[C@@H]2CO)ccc1O	COc1cc([C@H]2Oc3cc([C@H]4Oc5cc(O)cc(O)c5C(=O)[C@@H]4O)ccc3O[C@@H]2CO)ccc1O	hepatotoxicity	1	Progression of liver function abnormalities in all 3 patients; all 3 participants died within 23 to 69 days of enrollment, likely from hepatic failure, though death possibly attributable to the study drug could not be ruled out; maximum tolerated dose could not be established.	Phase I dose-escalation study (planned cohorts 2, 4, 8, 12 g/day over 12 weeks) in patients with advanced HCC and hepatic dysfunction not eligible for other therapies; all enrolled patients received the 2 g/day dose level.	2 g per day in divided doses	Three participants with advanced HCC and hepatic dysfunction enrolled in a phase I study and all consumed 2 g/day of silybin phosphatidylcholine (Siliphos) in divided doses. In all 3 patients, liver function abnormalities and tumor marker α-fetoprotein progressed. All 3 participants died within 23 to 69 days of enrolling, likely from hepatic failure, though it could not be ruled out that deaths were possibly due to the study drug; the maximum tolerated dose could not be established.
pass	The passage directly supports the proposed molecule-level label and category.		clintox_send_v2_gold_manual_review.v1	335912	clintox_send_v2:000335912	31576743	Acetaminophen	CC(=O)Nc1ccc(O)cc1	CC(=O)Nc1ccc(O)cc1	hepatotoxicity	1	Acetaminophen overdose is reported as the most common cause of acute liver failure (clinical hepatotoxicity in humans)	General clinical/epidemiological context of acute liver failure in the US and Europe		In the context of drug-induced liver injury as the most common cause of acute liver failure in the US and Europe, the paper states that acetaminophen overdose is the most common cause of acute liver failure, linking acetaminophen (in overdose) to a clinical hepatotoxicity outcome in humans.
fail	The passage reports a null, reduced-risk, or opposite-direction finding.	wrong_outcome_direction	clintox_send_v2_gold_manual_review.v1	333808	clintox_send_v2:000333808	15307917	Nevirapine	Cc1ccnc2c1NC(=O)c1cccnc1N2C1CC1	Cc1ccnc2c1NC(=O)c1cccnc1N2C1CC1	hepatotoxicity	1	Hepatotoxicity markers (ALT, gammaGT) reported in the context of NVP exposure, with HCV/HBV coinfection associated with higher NVP plasma concentrations	HIV+ patients on NVP therapy, comparison of HCV/HBV coinfected vs. non-coinfected patients	NVP C_trough values: unbound 2275 vs 1726 ng/ml; total 6893 vs 5161 ng/ml	Among patients on NVP therapy, significantly higher unbound NVP C_trough was observed in HCV/HBV coinfected patients compared to patients without coinfection (median 2275 vs. 1726 ng/ml, p = 0.02); median total NVP C_trough was also higher in coinfected patients but did not reach statistical significance (6893 vs. 5161 ng/ml, p = 0.065). No significant correlation between ALT or gammaGT and duration of NVP treatment was found (median duration 66 weeks, range 3-189 weeks).
pass	The passage directly supports the proposed molecule-level label and category.		clintox_send_v2_gold_manual_review.v1	231862	clintox_send_v2:000231862	9407344	Flucloxacillin	Cc1onc(-c2c(F)cccc2Cl)c1C(=O)N[C@@H]1C(=O)N2[C@@H]1SC(C)(C)[C@@H]2C(=O)O	Cc1onc(-c2c(F)cccc2Cl)c1C(=O)N[C@@H]1C(=O)N2[C@@H]1SC(C)(C)[C@@H]2C(=O)O	hepatotoxicity	1	Cholestatic hepatitis with about 5% mortality, prolonged course, and chronic cholestasis persisting over 6 months; more severe and prolonged than chlorpromazine hepatitis	Reported clinical cases of flucloxacillin-induced cholestatic hepatitis		Flucloxacillin-induced cholestatic hepatitis is more severe and has a more prolonged course than chlorpromazine hepatitis. The mortality is about 5% and the average time to recovery after peaking of the ALT is 10 weeks. There is also an unusually high risk of chronic cholestasis, with 10-30% of cases continuing for more than 6 months.
pass	The passage directly supports the proposed molecule-level label and category.		clintox_send_v2_gold_manual_review.v1	110641	clintox_send_v2:000110641	28932906	Posaconazole	CC[C@@H]([C@H](C)O)n1ncn(-c2ccc(N3CCN(c4ccc(OC[C@@H]5CO[C@@](Cn6cncn6)(c6ccc(F)cc6F)C5)cc4)CC3)cc2)c1=O	CC[C@@H]([C@H](C)O)n1ncn(-c2ccc(N3CCN(c4ccc(OC[C@@H]5CO[C@@](Cn6cncn6)(c6ccc(F)cc6F)C5)cc4)CC3)cc2)c1=O	hepatotoxicity	1	Mild or moderate hepatic impairment (most frequent drug-related event, occurring in 20% of patients); posaconazole-related adverse drug reactions led to treatment discontinuation in 8.3% of patients; adverse drug reactions were not linked to posaconazole plasma exposure.	Clinical study of posaconazole gastro-resistant tablets versus oral suspension under real-life conditions of use, with therapeutic drug monitoring in patients (including those with digestive disorders, graft-versus-host disease, vomiting/mucositis); IFI prophylaxis setting.		Despite a higher systemic exposure to posaconazole with the tablet, the risk of toxicity appeared unchanged compared with the oral suspension. The most frequent drug-related event was mild or moderate hepatic impairment, which occurred in 20% of patients. Posaconazole-related adverse drug reactions led to treatment discontinuation in 8.3% of patients. Adverse drug reactions were not linked to posaconazole plasma exposure.
pass	The passage directly supports the proposed molecule-level label and category.		clintox_send_v2_gold_manual_review.v1	569287	clintox_send_v2:000569287	39036175	Pyrazinamide	NC(=O)c1cnccn1	NC(=O)c1cnccn1	metabolic_or_electrolyte_toxicity	1	Increased urate retention and decreased renal clearance of uric acid, precipitating acute gout attacks	Anti-TB therapy; gout attacks treatable with hydration in patients without preexisting uric acid imbalance, or with NSAIDs, colchicine, corticosteroids, or xanthine oxidase inhibitors (allopurinol, febuxostat) in those with recurrent gout		Pyrazinamide can cause an increase in urate retention, leading to decreased renal clearance of uric acid because pyrazinoic acid is oxidized by xanthine oxidase into 5-hydroxy-pyrazinoic acid. This can precipitate acute gout attacks that can be treated with hydration in patients who normally do not have uric acid imbalances.
fail	The passage reports a null, reduced-risk, or opposite-direction finding.	wrong_outcome_direction	clintox_send_v2_gold_manual_review.v1	498969	clintox_send_v2:000498969	31266654	Dapagliflozin	CCOc1ccc(Cc2cc([C@@H]3O[C@H](CO)[C@@H](O)[C@H](O)[C@H]3O)ccc2Cl)cc1	CCOc1ccc(Cc2cc([C@@H]3O[C@H](CO)[C@@H](O)[C@H](O)[C@H]3O)ccc2Cl)cc1	metabolic_or_electrolyte_toxicity	1	Low risk of hypoglycemia (safety outcome reported in patients with T2DM); no quantitative incidence given	Patients with type 2 diabetes mellitus (T2DM); clinical use; referenced evidence		Dapagliflozin is described as showing long-term reductions in HbA1c, fasting plasma glucose, blood pressure, and body weight, with a low risk of hypoglycemia in patients with T2DM.
pass	The passage directly supports the proposed molecule-level label and category.		clintox_send_v2_gold_manual_review.v1	144008	clintox_send_v2:000144008	17110840	duloxetine	CNCC[C@H](Oc1cccc2ccccc12)c1cccs1	CNCC[C@H](Oc1cccc2ccccc12)c1cccs1	metabolic_or_electrolyte_toxicity	1	Symptomatic hyponatremia due to SIADH after 3 days of therapy; patient reported fatigue and nausea; duloxetine was discontinued and sodium normalized off the drug	68-year-old female, peritoneal carcinoma in remission context, adjunctive management of neuropathic pain (off-label use); concurrently taking gabapentin, verapamil, lopressor, long-acting oxycodone, zolpidem, and warfarin; no IV fluids during the period	duloxetine 60 mg daily	A 68-year-old woman with peritoneal carcinoma in remission was started on duloxetine 60 mg daily for adjunctive neuropathic pain. Her serum sodium dropped from 138 mmol/L to 112 mmol/L over 2-3 days, with the patient reporting significant fatigue and nausea. Syndrome of inappropriate antidiuretic hormone (SIADH) was diagnosed based on hyponatremia, hypoosmolality, elevated urine osmolality (703 mOsm/L) and urine sodium (161 mmol/L). Duloxetine was discontinued and the patient was treated with hypertonic saline, fluid restriction and furosemide; serum sodium recovered to 131 mmol/L after 2 days and continued to normalize off duloxetine.
pass	The passage directly supports the proposed molecule-level label and category.		clintox_send_v2_gold_manual_review.v1	438685	clintox_send_v2:000438685	29082518	Zoledronic acid	O=P(O)(O)C(O)(Cn1ccnc1)P(=O)(O)O	O=P(O)(O)C(O)(Cn1ccnc1)P(=O)(O)O	metabolic_or_electrolyte_toxicity	1	Increased incidence of hypocalcaemia (grade I) compared to placebo/open	Clinical study of intravenous zoledronate (Kohno 2005)		Of the 10 studies that reported hypocalcaemia, four studies reported an increased incidence of hypocalcaemia when administering intravenous zoledronate (Kohno 2005; grade I hypocalcaemia) compared to placebo/open.
uncertain	The passage reports a null, reduced-risk, or opposite-direction finding.	wrong_outcome_direction	clintox_send_v2_gold_manual_review.v1	568710	clintox_send_v2:000568710	14624204	Risperidone	Cc1nc2n(c(=O)c1CCN1CCC(c3noc4cc(F)ccc34)CC1)CCCC2	Cc1nc2n(c(=O)c1CCN1CCC(c3noc4cc(F)ccc34)CC1)CCCC2	metabolic_or_electrolyte_toxicity	1	Changes in fasting total cholesterol, total cholesterol/HDL ratio, and LDL cholesterol during treatment (lipid changes/dyslipidemia).	Randomized clinical subanalysis of 6 antipsychotics on QTc interval at steady state; chronic psychotic disorder patients		In the randomized lipid subanalysis, changes in total cholesterol, total cholesterol/HDL ratio, and LDL cholesterol in the risperidone group were statistically significantly different from ziprasidone.
pass	The passage directly supports the proposed molecule-level label and category.		clintox_send_v2_gold_manual_review.v1	429850	clintox_send_v2:000429850	16154799	glufosfamide	O=P(NCCCl)(NCCCl)O[C@@H]1O[C@H](CO)[C@@H](O)[C@H](O)[C@H]1O	O=P(NCCCl)(NCCCl)O[C@@H]1O[C@H](CO)[C@@H](O)[C@H](O)[C@H]1O	metabolic_or_electrolyte_toxicity	1	Metabolic acidosis (2 patients in active-hydration arm), grade 3 hypokalemia (5 patients), grade 3 hypophosphatemia (4 patients), grade 4 increase in serum creatinine (1 patient); patients exceeding a >0.4 mg/dL (>35 µmol/L) increase in serum creatinine versus baseline were withdrawn for safety concern	Phase II study, 35 chemotherapy-naive patients with advanced or metastatic pancreatic cancer from 13 institutions, 1-h intravenous infusion every 3 weeks over 13 months; patients randomised to active-hydration (n=18) vs normal fluids (n=17)	5000 mg/m² by 1-h intravenous infusion every 3 weeks; withdraw criterion >0.4 mg/dL (>35 µmol/L) serum creatinine increase from baseline	In a follow-up Phase II study of glufosfamide in 35 chemotherapy-naive patients with advanced or metastatic pancreatic cancer treated at 5000 mg/m² by 1-h intravenous infusion every 3 weeks, two patients in the active-hydration arm experienced metabolic acidosis, five patients had grade 3 hypokalemia, grade 3 hypophosphatemia occurred in four patients, and one patient had a grade 4 increase in serum creatinine level concomitantly with disease progression. Patients with >0.4 mg/dL (>35 µmol/L) increase in serum creatinine versus baseline were withdrawn for safety concern.
pass	The passage directly supports the proposed molecule-level label and category.		clintox_send_v2_gold_manual_review.v1	182989	clintox_send_v2:000182989	31447894	Amiodarone	CCCCc1oc2ccccc2c1C(=O)c1cc(I)c(OCCN(CC)CC)c(I)c1	CCCCc1oc2ccccc2c1C(=O)c1cc(I)c(OCCN(CC)CC)c(I)c1	metabolic_or_electrolyte_toxicity	1	Thyroid dysfunction/abnormalities including hyperthyroidism and hypothyroidism during chronic Amiodarone therapy	Clinical reports of chronic Amiodarone therapy; thyroid dysfunction attributed to high iodine content (37 mg/100 mg, 10% available for deiodination)	Lower oral dose 150-330 mg	Thyroid adverse effects related to chronic Amiodarone therapy are frequent. Thyroid abnormalities have been reported in up to 14%–18% of patients receiving long-term Amiodarone therapy. Based on a meta-analysis, Amiodarone lower oral dose (150–330 mg) is associated with thyroid dysfunction in 3.7% of patients. Clinical presentation may show hyperthyroidism (more frequent in low-iodine areas such as Europe) or hypothyroidism (more frequent in iodine-replete areas such as the United States).
fail	The clinical entity is a formulation, mixture, conjugate, or other entity not represented by the supplied parent structure.	formulation_or_entity_mismatch	clintox_send_v2_gold_manual_review.v1	542988	clintox_send_v2:000542988	10202827	Ritonavir	CC(C)c1nc(CN(C)C(=O)N[C@H](C(=O)N[C@@H](Cc2ccccc2)C[C@H](O)[C@H](Cc2ccccc2)NC(=O)OCc2cncs2)C(C)C)cs1	CC(C)c1nc(CN(C)C(=O)N[C@H](C(=O)N[C@@H](Cc2ccccc2)C[C@H](O)[C@H](Cc2ccccc2)NC(=O)OCc2cncs2)C(C)C)cs1	metabolic_or_electrolyte_toxicity	1	Hypertriglyceridemia developed in 16/141 (11%) patients (triglycerides ≥1500 mg/dL); no discontinuation for elevated triglycerides; no hypertriglyceridemia-associated pancreatitis observed; mean cholesterol increases above baseline in all arms	48-week ritonavir/saqunavir combination therapy for HIV; laboratory toxicity-related events (grade 3/4 triglyceride elevation >1500 mg/dl across arms A:3, B:5, C:3, D:5)	triglycerides ≥1500 mg/dL	Sixteen of 141 (11%) patients developed hypertriglyceridemia [≥ 1500 mg/dL (≥15 g/l)]. No patient discontinued the study for elevated triglycerides, and no case of hypertriglyceridemia-associated pancreatitis was observed during the 48-week treatment period. Asymptomatic triglyceride elevations were treated at investigator discretion with fibrate-class agents. Increases in mean cholesterol levels above baseline were observed in all arms (mean increases 67-83 mg/dL).
fail	The reported outcome does not support the declared toxicity category.	category_outcome_mismatch	clintox_send_v2_gold_manual_review.v1	333220	clintox_send_v2:000333220	11217873	Fluoxetine	CNCCC(Oc1ccc(C(F)(F)F)cc1)c1ccccc1	CNCCC(Oc1ccc(C(F)(F)F)cc1)c1ccccc1	metabolic_or_electrolyte_toxicity	1	Patients treated with fluoxetine lost significantly more bodyweight than placebo recipients; no difference in bodyweight loss between patients with or without diabetes mellitus.	Retrospective analysis of data from 3 double-blind, placebo-controlled trials (36 or 60 weeks' duration) of 950 patients, some with type 2 diabetes mellitus	60 mg/day	In a retrospective analysis of data from 3 double-blind, placebo-controlled trials (36 or 60 weeks' duration) of 950 patients (some with type 2 diabetes mellitus), patients treated with fluoxetine (60 mg/day) lost significantly more bodyweight (p < 0.05) than patients receiving placebo. There were no differences in bodyweight loss between patients with or without diabetes mellitus.
pass	The passage directly supports the proposed molecule-level label and category.		clintox_send_v2_gold_manual_review.v1	122877	clintox_send_v2:000122877	25676422	Imatinib	Cc1ccc(NC(=O)c2ccc(CN3CCN(C)CC3)cc2)cc1Nc1nccc(-c2cccnc2)n1	Cc1ccc(NC(=O)c2ccc(CN3CCN(C)CC3)cc2)cc1Nc1nccc(-c2cccnc2)n1	metabolic_or_electrolyte_toxicity	1	Hypophosphatemia observed: 41% of 29 patients had hypophosphatemia, 17% (n=5) grade III, none grade IV	Retrospective analysis of 29 consecutive evaluable study patients at one center		Hypophosphatemia was not a known ADR of imatinib at the time of protocol writing. We analyzed 29 consecutive and evaluable study patients at one center retrospectively. 41% had hypophosphatemia, 17% (n=5) grade III, none grade IV, compared to about 50% in reports by others.
pass	The passage directly supports the proposed molecule-level label and category.		clintox_send_v2_gold_manual_review.v1	176440	clintox_send_v2:000176440	32670072	Cisplatin	[NH3]->[Pt](<-[NH3])([Cl])[Cl]	N	metabolic_or_electrolyte_toxicity	1	Higher risk of overall (≥grade 1) toxicities with DLD administration and lower risk of moderate-to-severe (≥grade 2) toxicities with DLD compared to CHD; electrolyte abnormalities during DLD require close daily monitoring.	Retrospective comparison of DLD (daily low-dose) versus CHD (cyclic high-dose) cisplatin regimens in cancer patients.		In conclusion, this study demonstrates a higher risk on overall (≥grade 1) toxicities in the DLD regimen, and a lower risk on moderate-to-severe (≥grade 2) toxicities in the DLD regimen, as compared to the CHD regimen. The risk of electrolyte abnormalities during the DLD regimen should be closely monitored daily so that adequate supportive care can be given. Overall, the DLD regimen leads to equal therapeutic efficacy with a lower risk profile for moderate-to-severe toxicities.
fail	The supplied fields do not support molecule-specific causal attribution.	insufficient_attribution	clintox_send_v2_gold_manual_review.v1	297469	clintox_send_v2:000297469	21881460	Ziprasidone	O=C1Cc2cc(CCN3CCN(c4nsc5ccccc45)CC3)c(Cl)cc2N1	O=C1Cc2cc(CCN3CCN(c4nsc5ccccc45)CC3)c(Cl)cc2N1	metabolic_or_electrolyte_toxicity	1	Treatment-induced weight gain; associated metabolic adverse effects reported for APDs include hyperprolactinemia, hyperglycemia, dyslipidemia, and insulin resistance	Schizophrenic patients treated with antipsychotic drugs		Treatment of schizophrenic patients with antipsychotic drugs (APDs) often causes significant adverse effects such as hyperprolactinemia, hyperglycemia, dyslipidemia, insulin resistance, and weight gain in 80% of patients; individual antipsychotics are associated with different degrees of treatment-induced body weight increase, ranging from modest effects (<2 kg) to clinically significant increases (4–10 kg). The rank order of weight-gain liability for atypical antipsychotics is clozapine > olanzapine > quetiapine ≥ risperidone > amisulpride ≥ aripiprazole > ziprasidone.
fail	The passage reports a null, reduced-risk, or opposite-direction finding.	wrong_outcome_direction	clintox_send_v2_gold_manual_review.v1	333778	clintox_send_v2:000333778	15562576	Tacrolimus	C=CC[C@@H]1/C=C(\C)C[C@H](C)C[C@H](OC)[C@H]2O[C@@](O)(C(=O)C(=O)N3CCCC[C@H]3C(=O)O[C@H](/C(C)=C/[C@@H]3CC[C@@H](O)[C@H](OC)C3)[C@H](C)[C@@H](O)CC1=O)[C@H](C)C[C@@H]2OC	C=CC[C@@H]1/C=C(\C)C[C@H](C)C[C@H](OC)[C@H]2O[C@@](O)(C(=O)C(=O)N3CCCC[C@H]3C(=O)O[C@H](/C(C)=C/[C@@H]3CC[C@@H](O)[C@H](OC)C3)[C@H](C)[C@@H](O)CC1=O)[C@H](C)C[C@@H]2OC	metabolic_or_electrolyte_toxicity	1	Hyperglycemia and insulin-dependent diabetes mellitus; more potent diabetogenic effect than cyclosporine	Transplant patients; US multicenter and European studies		Neither the US multicenter nor the European studies showed a statistical difference in the incidence of hyperglycemia in the treatment arms. Even if the same incidence of insulin-dependent diabetes mellitus was found in the two study groups, tacrolimus's more potent diabetogenic effect is reflected in the lower overall use of steroids in its immunosuppressive regimen compared with that of cyclosporine.
pass	The passage directly supports the proposed molecule-level label and category.		clintox_send_v2_gold_manual_review.v1	383518	clintox_send_v2:000383518	17224704	duloxetine	CNCC[C@H](Oc1cccc2ccccc12)c1cccs1	CNCC[C@H](Oc1cccc2ccccc12)c1cccs1	metabolic_or_electrolyte_toxicity	1	Hyponatremia developed in all 5 depressed patients treated with high dosages of duloxetine, accompanied by symptoms including fatigue, lethargy, headache, and muscle weakness; treatment involved dose reduction or discontinuation of duloxetine with water restriction and sodium supplementation. Hyponatremia was attributed to inappropriate secretion of antidiuretic hormone, and a dose-related effect was suspected.	5 depressed patients (HAM-D score 28-36) treated clinically with high dosages of duloxetine; hyponatremia not previously reported with duloxetine.	Duloxetine 90 mg and 120 mg daily; treatment durations of 4-6 weeks	The authors report that hyponatremia in their patients was related to duloxetine doses in the upper range and likely due to inappropriate secretion of antidiuretic hormone, with no other explanatory factors present. Manifestations of hypotonic hyponatremia such as headache, nausea, vomiting, muscle cramps, lethargy, and disorientation may occur if serum sodium concentrations are less than 125 mmol/L, with complications including seizures, coma, and respiratory arrest.
pass	The passage directly supports the proposed molecule-level label and category.		clintox_send_v2_gold_manual_review.v1	315798	clintox_send_v2:000315798	20507648	Dihydrotachysterol	CC(C)[C@@H](C)/C=C/[C@@H](C)[C@H]1CC[C@H]2/C(=C/C=C3\C[C@@H](O)CC[C@@H]3C)CCC[C@]12C	CC(C)[C@@H](C)/C=C/[C@@H](C)[C@H]1CC[C@H]2/C(=C/C=C3\C[C@@H](O)CC[C@@H]3C)CCC[C@]12C	metabolic_or_electrolyte_toxicity	1	caused vitamin D intoxication and symptomatic hypercalcemia manifesting as neuropsychiatric disturbances, constipation, renal insufficiency and polyuria	74-year-old male patient with postsurgical hypoparathyroidism on chronic dihydrotachysterol supplementation who accidentally overdosed	2.5 ml/day for at least 6-8 weeks versus usual maintenance dose 1.7 ml/day	A 74-year-old male patient with postsurgical hypoparathyroidism who had been successfully supplemented with dihydrotachysterol (1.7 ml/day) for over 50 years presented with neuropsychiatric disturbances, constipation, renal insufficiency and polyuria. He had been erroneously taking 2.5 ml of dihydrotachysterol per day for at least 6 to 8 weeks, which caused vitamin D intoxication and symptomatic hypercalcemia (serum calcium 3.7 mmol/L, serum creatinine 180 micromol/L, urine calcium excretion 1.1 mmol/mmol creatinine). He was treated with intravenous saline infusion, prednisolone and 60 mg IV sodium pamidronate, and by the fourth day serum calcium dropped rapidly into the reference range; hypoparathyroidism treatment was reinstituted 10 days after dihydrotachysterol was discontinued when he was switched to shorter-acting calcitriol.
pass	The passage directly supports the proposed molecule-level label and category.		clintox_send_v2_gold_manual_review.v1	35405	clintox_send_v2:000035405	28672735	Risperidone (RIS-LAI)	Cc1nc2n(c(=O)c1CCN1CCC(c3noc4cc(F)ccc34)CC1)CCCC2	Cc1nc2n(c(=O)c1CCN1CCC(c3noc4cc(F)ccc34)CC1)CCCC2	metabolic_or_electrolyte_toxicity	1	Clinically relevant weight gain was the main safety concern	3-year prospective study of adult patients with severe schizophrenia treated with RIS-LAI		A 3-year prospective study of adult patients with severe schizophrenia treated with RIS-LAI assessed safety via laboratory tests and bodyweight change. The main safety concern was the high proportion of patients who experienced clinically relevant weight gain (>30%).
pass	The passage directly supports the proposed molecule-level label and category.		clintox_send_v2_gold_manual_review.v1	413035	clintox_send_v2:000413035	38127122	Spironolactone	CC(=O)S[C@@H]1CC2=CC(=O)CC[C@]2(C)[C@H]2CC[C@@]3(C)[C@@H](CC[C@@]34CCC(=O)O4)[C@H]12	CC(=O)S[C@@H]1CC2=CC(=O)CC[C@]2(C)[C@H]2CC[C@@]3(C)[C@@H](CC[C@@]34CCC(=O)O4)[C@H]12	metabolic_or_electrolyte_toxicity	1	Serious hyperkalaemia leading to treatment discontinuation	DOHAS trial: RCT, open label, haemodialysis patients		In the DOHAS trial (RCT, open label; HD 3 times/week), serious hyperkalaemia led to discontinuation in three patients (1.9%) in the spironolactone arm.
fail	The claimed outcome cannot be attributed to this molecule separately from a combination or comparator.	combination_or_comparator_confounded	clintox_send_v2_gold_manual_review.v1	256524	clintox_send_v2:000256524	21647691	Zoledronic acid	O=P(O)(O)C(O)(Cn1ccnc1)P(=O)(O)O	O=P(O)(O)C(O)(Cn1ccnc1)P(=O)(O)O	metabolic_or_electrolyte_toxicity	1	Single Grade 3 toxicity of hyperglycemia in Patient 10 (Cohort B); no other Grade 3 or 4 toxicities in Cohort B; Grade 1/2 toxicities similar to Cohort A	Cohort B of pilot trial of IL-2 plus zoledronic acid in metastatic RCC; ZA dose escalation with lower-dose IL-2	ZA starting dose 400 mcg IV on Day 1 of Cycle 1 escalating to maximum 3 mg by Cycle 5; IL-2 at 1 × 10⁶ U/m²/day	A single Grade 3 toxicity of hyperglycemia was observed in Patient 10 in Cohort B (dose-escalating zoledronic acid with lower-dose IL-2), with no other Grade 3 or 4 toxicities observed in Cohort B. Grade 1 and 2 toxicities were similar to those observed in Cohort A.
pass	The passage directly supports the proposed molecule-level label and category.		clintox_send_v2_gold_manual_review.v1	232441	clintox_send_v2:000232441	19689244	sorafenib	CNC(=O)c1cc(Oc2ccc(NC(=O)Nc3ccc(Cl)c(C(F)(F)F)c3)cc2)ccn1	CNC(=O)c1cc(Oc2ccc(NC(=O)Nc3ccc(Cl)c(C(F)(F)F)c3)cc2)ccn1	metabolic_or_electrolyte_toxicity	1	Mild biochemical thyroid function test abnormalities	Patients with metastatic renal cell carcinoma receiving sorafenib		Patients with metastatic renal cell carcinoma commonly develop mild biochemical thyroid function test abnormalities while taking sorafenib. However, compared with sunitinib, which is associated with a high incidence of thyroid dysfunction, making routine monitoring necessary, patients taking sorafenib need thyroid function monitoring only if clinically indicated.
fail	The passage reports a null, reduced-risk, or opposite-direction finding.	wrong_outcome_direction	clintox_send_v2_gold_manual_review.v1	281245	clintox_send_v2:000281245	15999028	ziprasidone	Cl.O=C1Cc2cc(CCN3CCN(c4nsc5ccccc45)CC3)c(Cl)cc2N1	O=C1Cc2cc(CCN3CCN(c4nsc5ccccc45)CC3)c(Cl)cc2N1	metabolic_or_electrolyte_toxicity	1	Elevation of prolactin levels (hyperprolactinemia) in humans, though median prolactin change comparable to placebo in phase II/III studies	Phase II/III studies; all phase II/III studies pooled		As with other drugs that antagonize dopamine D2 receptors, GEODON elevates prolactin levels in humans (hyperprolactinemia). In phase II/III studies, the median change from baseline to last observation in prolactin was -3.3 ng/mL for GEODON-treated patients vs -1.2 ng/mL for placebo, and the effect on prolactin was comparable to placebo.
pass	The passage directly supports the proposed molecule-level label and category.		clintox_send_v2_gold_manual_review.v1	428521	clintox_send_v2:000428521	8136086	Lactulose	OC[C@H]1O[C@@H](O[C@@H]2[C@@H](CO)O[C@](O)(CO)[C@H]2O)[C@H](O)[C@@H](O)[C@H]1O	OC[C@H]1O[C@@H](O[C@@H]2[C@@H](CO)O[C@](O)(CO)[C@H]2O)[C@H](O)[C@@H](O)[C@H]1O	metabolic_or_electrolyte_toxicity	1	Hypernatraemia reported when lactulose was used in high dosage for management of hepatic encephalopathy; attributed to lactulose rather than the encephalopathy.	High-dosage lactulose for management of hepatic encephalopathy	High dosage; in some cases only 40 to 60 ml/day	Hypernatraemia has been reported when lactulose was used in high dosage for the management of hepatic encephalopathy (Kaupke et al. 1977), and was thought to be due to the lactulose rather than the encephalopathy. The dose of lactulose used in hepatic encephalopathy is usually far higher than that used in constipation, although dosages of only 40 to 60 ml/day were used in some cases, suggesting an additional disturbance of sodium regulation in encephalopathy is contributory.
pass	The passage directly supports the proposed molecule-level label and category.		clintox_send_v2_gold_manual_review.v1	339384	clintox_send_v2:000339384	21769001	Risperidone	Cc1nc2n(c(=O)c1CCN1CCC(c3noc4cc(F)ccc34)CC1)CCCC2	Cc1nc2n(c(=O)c1CCN1CCC(c3noc4cc(F)ccc34)CC1)CCCC2	metabolic_or_electrolyte_toxicity	1	Elevated prolactin, increased total cholesterol, increased LDL cholesterol, and increased body mass index during treatment	Open-label study of long-acting injectable risperidone for methamphetamine dependence; participants seen through week 4 (n=13)	Risperidone long-acting injectable treatment course	Mean laboratory values and body mass index among participants seen through week 4 (n=13) showed significant metabolic changes on risperidone treatment. Prolactin increased from 6.7 ± 3.1 at baseline to 31.9 ± 13.6 at week 4 (P<0.001), total cholesterol rose from 168.0 ± 31.4 to 188.6 ± 34.2 (P=0.019), LDL cholesterol from 86.2 ± 27.5 to 100.6 ± 40.4 (P=0.002), and body mass index from 27.3 ± 4.8 to 29.4 ± 5.9 (P<0.001).
pass	The passage directly supports the proposed molecule-level label and category.		clintox_send_v2_gold_manual_review.v1	567505	clintox_send_v2:000567505	17209171	Cholecalciferol	C=C1CC[C@H](O)C/C1=C/C=C1\CCC[C@]2(C)[C@@H]([C@H](C)CCCC(C)C)CC[C@@H]12	C=C1CC[C@H](O)C/C1=C/C=C1\CCC[C@]2(C)[C@@H]([C@H](C)CCCC(C)C)CC[C@@H]12	metabolic_or_electrolyte_toxicity	1	Significant increase in serum calcium (to 2.51 mmol/L) and urinary calcium	Healthy women (n=19), 8 wk (56 d), randomized, limited sun exposure between mid and late fall	100 µg vitamin D3/d + 500 mg Ca/d	Tjellesen et al 1986: healthy women (n=19) received 100 µg vitamin D3 or D2/d plus 500 mg Ca/d for 8 wk. There was a significant increase in serum 25(OH)D to 113 nmol/L (D3) and a significant increase in serum calcium (to 2.51 mmol/L) and urinary calcium in the vitamin D3 group.
pass	The passage directly supports the proposed molecule-level label and category.		clintox_send_v2_gold_manual_review.v1	568847	clintox_send_v2:000568847	16868450	Tenofovir	C[C@H](Cn1cnc2c(N)ncnc21)OCP(=O)(O)O	C[C@H](Cn1cnc2c(N)ncnc21)OCP(=O)(O)O	metabolic_or_electrolyte_toxicity	1	Hypokalemia developed in 40 patients associated with tenofovir; concurrent nephrotoxicity from postmarketing reports; recovery or improvement in the majority (66%) after tenofovir discontinuation; four deaths occurred; consequences described as potentially life-threatening	HIV patients taking tenofovir; postmarketing/safety series		Adverse events in HIV patients taking tenofovir are relatively rare, but postmarketing reports of nephrotoxicity have alerted physicians to other serious outcomes. The authors present a series of 40 patients who developed hypokalemia associated with tenofovir. Identified risk factors included concomitant ritonavir or didanosine use, lower weight, and longer duration of tenofovir use. Recovery or improvement was seen in the majority of patients (66%) after discontinuation of tenofovir; however, four deaths occurred.
pass	The passage directly supports the proposed molecule-level label and category.		clintox_send_v2_gold_manual_review.v1	543998	clintox_send_v2:000543998	15155128	Gallium nitrate	O=[N+]([O-])[O-].O=[N+]([O-])[O-].O=[N+]([O-])[O-].[Ga+3]	O=[N+]([O-])O	metabolic_or_electrolyte_toxicity	1	Development of hypocalcaemia during continuous intravenous infusion treatment for NHL	continuous intravenous infusion of gallium nitrate for treatment of non-Hodgkin lymphoma		Gallium nitrate has significant efficacy in lowering blood calcium levels and is an approved drug for the treatment of hypercalcaemia associated with malignancy. In studies evaluating the continuous intravenous infusion of gallium nitrate for the treatment of NHL (see Section 5), two-thirds of the patients treated developed hypocalcaemia.
fail	The clinical entity is a formulation, mixture, conjugate, or other entity not represented by the supplied parent structure.	formulation_or_entity_mismatch	clintox_send_v2_gold_manual_review.v1	64965	clintox_send_v2:000064965	38094535	Ferinject	O=C[C@H](O)[C@@H](O)[C@H](O)[C@H](O)CO[C@H]1O[C@H](CO)[C@@H](O)[C@H](O)[C@H]1O.[Fe+3].[OH-].[OH-].[OH-]	O=C[C@H](O)[C@@H](O)[C@H](O)[C@H](O)CO[C@H]1O[C@H](CO)[C@@H](O)[C@H](O)[C@H]1O	metabolic_or_electrolyte_toxicity	1	Incidence of hypophosphatemia, markedly lower with FDI than with IS or FCM	Japanese IDA patients with heavy menstrual bleeding; anchored MAIC using two head-to-head RCTs with IS as common comparator		Fukumoto et al. (2023) reported an anchored MAIC to indirectly compare the incidence of hypophosphatemia with FDI versus FCM in Japanese patients having IDA associated with heavy menstrual bleeding. The OR (95% CI) of hypophosphatemia incidence was 0.02 (0.01-0.05) for FDI versus IS (adjusted analysis) and 1.17 (0.62-2.22) for FCM versus IS (modeled analysis), and the anchored MAIC estimated an OR of 52.5 (27.7-99.4) for FCM versus FDI, indicating 52.5-fold higher odds of hypophosphatemia with FCM than FDI.
pass	The passage directly supports the proposed molecule-level label and category.		clintox_send_v2_gold_manual_review.v1	285081	clintox_send_v2:000285081	27078222	Risperidone	Cc1nc2n(c(=O)c1CCN1CCC(c3noc4cc(F)ccc34)CC1)CCCC2	Cc1nc2n(c(=O)c1CCN1CCC(c3noc4cc(F)ccc34)CC1)CCCC2	metabolic_or_electrolyte_toxicity	1	Prolactin-related problems and hyperprolactinaemia reported significantly more in patients taking depot risperidone	Depot risperidone vs oral quetiapine comparison in study population		Significantly more prolactin-related problems occurred in those taking depot risperidone. The rate of hyperprolactinaemia was almost nine times greater than in the quetiapine group, and risperidone group members were three times more likely to experience side effects related to prolactin.
pass	The passage directly supports the proposed molecule-level label and category.		clintox_send_v2_gold_manual_review.v1	506948	clintox_send_v2:000506948	6110535	Thioridazine	CSc1ccc2c(c1)N(CCC1CCCCN1C)c1ccccc1S2	CSc1ccc2c(c1)N(CCC1CCCCN1C)c1ccccc1S2	metabolic_or_electrolyte_toxicity	1	Produced a mean weight gain of 2 kg in elderly patients in a controlled study; neuroleptic weight gain is a reported adverse effect.	Controlled study in elderly patients compared with fluphenazine in the same group		In a controlled study, thioridazine produced a mean weight gain of 2 kg in the same group of elderly patients, while fluphenazine effected little change in weight. The passage also notes that molindone and loxapine have been associated with weight loss during treatment and may offer an advantage in selected patients with weight problems.
pass	The passage directly supports the proposed molecule-level label and category.		clintox_send_v2_gold_manual_review.v1	350738	clintox_send_v2:000350738	33692850	Foscarnet	O=C(O)P(=O)(O)O	O=C(O)P(=O)(O)O	metabolic_or_electrolyte_toxicity	1	Main adverse reaction is electrolyte disturbance (correctable by intravenous fluid replacement); explicitly reported absence of granulocytopenia	Randomized controlled trial against ganciclovir; suitable for patients exhibiting bone marrow suppression		A randomized controlled trial revealed that foscarnet demonstrated similar effects to ganciclovir but without granulocytopenia, making it suitable for patients exhibiting bone marrow suppression. The main adverse reaction following foscarnet administration is electrolyte disturbance; however, this can be easily corrected by intravenous fluid replacement.
fail	The clinical entity is a formulation, mixture, conjugate, or other entity not represented by the supplied parent structure.	formulation_or_entity_mismatch	clintox_send_v2_gold_manual_review.v1	476242	clintox_send_v2:000476242	31092507	Liposomal amphotericin B	C[C@@H]1[C@H](O)[C@@H](C)/C=C/C=C/C=C/C=C/C=C/C=C/C=C/[C@H](O[C@@H]2O[C@H](C)[C@@H](O)[C@H](N)[C@@H]2O)C[C@@H]2O[C@](O)(C[C@@H](O)C[C@@H](O)[C@H](O)CC[C@@H](O)C[C@@H](O)CC(=O)O[C@H]1C)C[C@H](O)[C@H]2C(=O)O	C[C@@H]1[C@H](O)[C@@H](C)/C=C/C=C/C=C/C=C/C=C/C=C/C=C/[C@H](O[C@@H]2O[C@H](C)[C@@H](O)[C@H](N)[C@@H]2O)C[C@@H]2O[C@](O)(C[C@@H](O)C[C@@H](O)[C@H](O)CC[C@@H](O)C[C@@H](O)CC(=O)O[C@H]1C)C[C@H](O)[C@H]2C(=O)O	metabolic_or_electrolyte_toxicity	1	No premature discontinuation of LAMB; hypokalemia in 2 patients.	Prospective study; 7 patients.	10 mg/kg 1×/wk	Ginocchio et al., 2012: LAMB at 10 mg/kg 1×/wk. No premature discontinuation of LAMB occurred; hypokalemia was seen in 2 patients.
pass	The passage directly supports the proposed molecule-level label and category.		clintox_send_v2_gold_manual_review.v1	204004	clintox_send_v2:000204004	25073119	Cyclosporine	C/C=C/C[C@@H](C)[C@@H](O)[C@H]1C(=O)N[C@@H](CC)C(=O)N(C)CC(=O)N(C)[C@@H](CC(C)C)C(=O)N[C@@H](C(C)C)C(=O)N(C)[C@@H](CC(C)C)C(=O)N[C@@H](C)C(=O)N[C@H](C)C(=O)N(C)[C@@H](CC(C)C)C(=O)N(C)[C@@H](CC(C)C)C(=O)N(C)[C@@H](C(C)C)C(=O)N1C	C/C=C/C[C@@H](C)[C@@H](O)[C@H]1C(=O)N[C@@H](CC)C(=O)N(C)CC(=O)N(C)[C@@H](CC(C)C)C(=O)N[C@@H](C(C)C)C(=O)N(C)[C@@H](CC(C)C)C(=O)N[C@@H](C)C(=O)N[C@H](C)C(=O)N(C)[C@@H](CC(C)C)C(=O)N(C)[C@@H](CC(C)C)C(=O)N(C)[C@@H](C(C)C)C(=O)N1C	nephrotoxicity	1	CSA-induced nephrotoxicity occurred in 11 of 66 renal transplant patients; lower pharmacodynamic IC50 (high sensitivity to CSA) was significantly associated with CSA-induced nephrotoxicity	Post-transplant cyclosporine-based immunosuppression in renal/kidney transplant recipients; case-control study evaluating factors associated with CSA-induced nephrotoxicity	CSA dose/kg at 1 month 4.5 ± 1.0 mg/kg, at 1 year 2.9 ± 0.6 mg/kg; CSA AUC0-4 at 1 month 3517.5 ± 388.2 ng·h/mL, at 1 year 2195.7 ± 312.3 ng·h/mL	Among renal transplant recipients managed post-transplant with cyclosporine (CSA)-based immunosuppression, 11 of 66 patients developed CSA-induced nephrotoxicity (CNI toxicity (+) group, N=11; CNI toxicity (-) group, N=55). Recipient eGFR was 36.3 ± 8.5 mL/min/1.73 m2 in the toxicity-positive group versus 41.5 ± 11.1 mL/min/1.73 m2 in the toxicity-negative group, and a low IC50 for the CSA pharmacodynamic assay (40.4 ± 23.7 vs 78.7 ± 57.7 ng/mL; OR 0.23, 95% CI 0.06-0.91; P<0.05) was significantly associated with CSA-induced nephrotoxicity. CSA dose/kg at 1 month was 4.5 ± 1.0 mg/kg and at 1 year 2.9 ± 0.6 mg/kg.
fail	The reported outcome does not support the declared toxicity category.	category_outcome_mismatch	clintox_send_v2_gold_manual_review.v1	224304	clintox_send_v2:000224304	25525338	Dapagliflozin	CCOc1ccc(Cc2cc([C@@H]3O[C@H](CO)[C@@H](O)[C@H](O)[C@H]3O)ccc2Cl)cc1	CCOc1ccc(Cc2cc([C@@H]3O[C@H](CO)[C@@H](O)[C@H](O)[C@H]3O)ccc2Cl)cc1	nephrotoxicity	1	Fall in estimated GFR and creatinine clearance in the first week of therapy, remaining stable thereafter; changes reversible with no evidence of irreversible nephron damage	Clinical (human) safety monitoring during dapagliflozin therapy (type 2 diabetes context)		With dapagliflozin therapy, mean estimated glomerular filtration rate and creatinine clearance appear to fall in the first week but remain stable thereafter up to 104 weeks and return to baseline after 2–6 months, whereas there is a continual slow decline with placebo. The creatinine changes are reversible and therefore do not appear to demonstrate irreversible damage to the nephrons.
pass	The passage directly supports the proposed molecule-level label and category.		clintox_send_v2_gold_manual_review.v1	194301	clintox_send_v2:000194301	14679156	Tobramycin	NC[C@H]1O[C@H](O[C@H]2[C@H](O)[C@@H](O[C@H]3O[C@H](CO)[C@@H](O)[C@H](N)[C@H]3O)[C@H](N)C[C@@H]2N)[C@H](N)C[C@@H]1O	NC[C@H]1O[C@H](O[C@H]2[C@H](O)[C@@H](O[C@H]3O[C@H](CO)[C@@H](O)[C@H](N)[C@H]3O)[C@H](N)C[C@@H]2N)[C@H](N)C[C@@H]1O	nephrotoxicity	1	Nephrotoxicity: mean maximal percent increase in serum creatinine concentration from baseline; tobramycin was discontinued due to nephrotoxicity in 1 of 29 patients (3%) in the once daily dose group; no children in this group required an increase in the dose interval	Pediatric stem cell transplantation patients with febrile neutropenia, once daily tobramycin dosing (clinical trial)	Once daily dosing	Among evaluable patients, the mean maximal percent increase in serum creatinine concentration compared to baseline was 32% (95% CI 22 to 42) in the once daily dose group versus 51% (95% CI 34 to 67) in the every 8 hours dose group (P = .054).
pass	The passage directly supports the proposed molecule-level label and category.		clintox_send_v2_gold_manual_review.v1	175130	clintox_send_v2:000175130	34916931	Tacrolimus	C=CC[C@@H]1/C=C(\C)C[C@H](C)C[C@H](OC)[C@H]2O[C@@](O)(C(=O)C(=O)N3CCCC[C@H]3C(=O)O[C@H](/C(C)=C/[C@@H]3CC[C@@H](O)[C@H](OC)C3)[C@H](C)[C@@H](O)CC1=O)[C@H](C)C[C@@H]2OC	C=CC[C@@H]1/C=C(\C)C[C@H](C)C[C@H](OC)[C@H]2O[C@@](O)(C(=O)C(=O)N3CCCC[C@H]3C(=O)O[C@H](/C(C)=C/[C@@H]3CC[C@@H](O)[C@H](OC)C3)[C@H](C)[C@@H](O)CC1=O)[C@H](C)C[C@@H]2OC	nephrotoxicity	1	Biopsy-proven tacrolimus toxicity observed in 40 (28%) patients	Post-renal-transplant patients in a pharmacogenetic study of CYP3A5/CYP3A4/ABCB1 variants		In the study population of kidney transplant patients, biopsy-proven tacrolimus toxicity was observed in 40 (28%) patients. The investigators did not find a significant association of CYP3A5 expressor status with the development of tacrolimus toxicity (p = 0.266, OR 1.51, 95% CI 0.72–3.15).
fail	The clinical entity is a formulation, mixture, conjugate, or other entity not represented by the supplied parent structure.	formulation_or_entity_mismatch	clintox_send_v2_gold_manual_review.v1	324459	clintox_send_v2:000324459	24768976	Amphotericin B	C[C@@H]1[C@H](O)[C@@H](C)/C=C/C=C/C=C/C=C/C=C/C=C/C=C/[C@H](O[C@@H]2O[C@H](C)[C@@H](O)[C@H](N)[C@@H]2O)C[C@@H]2O[C@](O)(C[C@@H](O)C[C@@H](O)[C@H](O)CC[C@@H](O)C[C@@H](O)CC(=O)O[C@H]1C)C[C@H](O)[C@H]2C(=O)O	C[C@@H]1[C@H](O)[C@@H](C)/C=C/C=C/C=C/C=C/C=C/C=C/C=C/[C@H](O[C@@H]2O[C@H](C)[C@@H](O)[C@H](N)[C@@H]2O)C[C@@H]2O[C@](O)(C[C@@H](O)C[C@@H](O)[C@H](O)CC[C@@H](O)C[C@@H](O)CC(=O)O[C@H]1C)C[C@H](O)[C@H]2C(=O)O	nephrotoxicity	1	Liposomal amphotericin B shown to have less renal damage compared with the conventional formulation	FDA-approved liposomal preparation (Abelcet)		FDA-approved liposomal preparations of amphotericin B (Abelcet) have proven to be less toxic alternatives to the conventional drug formulations. Liposomal amphotericin B has shown less renal damage.
pass	The passage directly supports the proposed molecule-level label and category.		clintox_send_v2_gold_manual_review.v1	146201	clintox_send_v2:000146201	22669607	Cisplatin	[NH3]->[Pt](<-[NH3])([Cl])[Cl]	N	nephrotoxicity	1	Weight loss, nausea and vomiting, dehydration, acneiform rash, hypomagnesaemia, pain, and renal toxicity were the most burdensome and/or least manageable toxicities in patients receiving concurrent chemoradiation	Concurrent chemoradiation (cisplatin plus radiotherapy) for non-small cell lung cancer (NSCLC); patients treated 2008-2011; toxicity scored per CTCAE 3.0	Daily low-dose cisplatin with radiotherapy given 24 times	Between 2008 and 2011, 231 patients received concurrent chemoradiation (24 times daily low-dose cisplatin and radiotherapy) for NSCLC. Weight loss, nausea and vomiting, dehydration, acneiform rash, hypomagnesaemia, and pain were the most burdensome and/or least manageable toxicities reported by patients and healthcare providers. Interventions for renal toxicity (daily intravenous saline), weight loss (preventive tube feeding), acneiform rash (minocycline), pain (standardized analgesic steps), and hypomagnesaemia (magnesium chloride) led to a significant improvement of care.
pass	The passage directly supports the proposed molecule-level label and category.		clintox_send_v2_gold_manual_review.v1	241950	clintox_send_v2:000241950	31728828	Cisplatin	[NH3]->[Pt](<-[NH3])([Cl])[Cl]	N	nephrotoxicity	1	High incidence of renal toxicity at higher doses; severe renal toxicity reported in about 10% of patients on DHAP	Cisplatin-based DHAP salvage therapy for relapsed/refractory lymphoma; background literature statement	Cisplatin 100 mg/m² administered at once in DHAP	Cisplatin is a platinum chemotherapeutic drug widely used for various cancers, and a high incidence of renal toxicity is its most common side effect at higher doses, mainly due to tubular damage and accumulation of cisplatin in renal tubules leading to tubular cell necrosis. Because DHAP administers 100 mg/m² of cisplatin at once, it can cause severe renal toxicity, and in a large study that tested DHAP, severe renal toxicity occurred in about 10% of patients.
pass	The passage directly supports the proposed molecule-level label and category.		clintox_send_v2_gold_manual_review.v1	295109	clintox_send_v2:000295109	8240152	Cisplatin	[Pt]	[Pt]	nephrotoxicity	1	Use is limited by dose-related nephrotoxicity, neurotoxicity and potentially severe emetogenicity	Clinical use as a platinum chemotherapeutic agent (comparator to carboplatin in clinical studies)		Clinical studies demonstrated a markedly different toxicity profile for carboplatin compared to cisplatin. Unlike cisplatin, where use is limited by dose-related nephrotoxicity, neurotoxicity and potentially severe emetogenicity, carboplatin is only mildly emetogenic with minimal renal and neural toxicity. The dose limiting toxicity of carboplatin is myelosuppression, particularly thrombocytopenia.
pass	The passage directly supports the proposed molecule-level label and category.		clintox_send_v2_gold_manual_review.v1	554923	clintox_send_v2:000554923	22849961	abacavir	Nc1nc(NC2CC2)c2ncn([C@H]3C=C[C@@H](CO)C3)c2n1	Nc1nc(NC2CC2)c2ncn([C@H]3C=C[C@@H](CO)C3)c2n1	nephrotoxicity	1	Renal tubular acidosis, Fanconi syndrome, and nephrogenic diabetes insipidus; acute interstitial nephritis following a hypersensitivity reaction; tubular dysfunction with Fanconi syndrome and nephrogenic diabetes insipidus	Patients receiving abacavir (antiretroviral therapy)		Several cases of renal tubular acidosis, Fanconi syndrome, and nephrogenic diabetes insipidus have been described in patients receiving abacavir. Other reports described nephrotoxic effects in association with abacavir treatment, including acute interstitial nephritis following a hypersensitivity reaction and tubular dysfunction with Fanconi syndrome and nephrogenic diabetes insipidus.
pass	The passage directly supports the proposed molecule-level label and category.		clintox_send_v2_gold_manual_review.v1	520811	clintox_send_v2:000520811	32084231	Cisplatin	[NH3]->[Pt](<-[NH3])([Cl])[Cl]	N	nephrotoxicity	1	Acute kidney injury (AKI) experienced by approximately 40% of patients treated with high-dose cisplatin; incidence of cisplatin-induced AKI reduced from 64% to 25% in diabetic-cancer patients given DPP-4 inhibitors	Cancer patients treated with high-dose cisplatin; diabetic-cancer patients subgroup with DPP-4 inhibitor co-administration	high-dose cisplatin (specific dose not stated)	In our study, approximately 40% of patients who were treated with high-dose cisplatin experienced AKI, consistent with a recent report using a similar cisplatin dose. It was also reported that diabetes mellitus may be a risk factor of cisplatin-induced AKI. Our data showed that usage of DPP-4 inhibitors in diabetic-cancer patients could reduce the incidence of cisplatin-induced AKI from 64% to 25%.
fail	The clinical entity is a formulation, mixture, conjugate, or other entity not represented by the supplied parent structure.	formulation_or_entity_mismatch	clintox_send_v2_gold_manual_review.v1	27406	clintox_send_v2:000027406	5823332	Tetracycline	CN(C)[C@@H]1C(O)=C(C(N)=O)C(=O)[C@@]2(O)C(O)=C3C(=O)c4c(O)cccc4[C@@](C)(O)[C@H]3C[C@@H]12	CN(C)[C@@H]1C(O)=C(C(N)=O)C(=O)[C@@]2(O)C(O)=C3C(=O)c4c(O)cccc4[C@@](C)(O)[C@H]3C[C@@H]12	nephrotoxicity	1	outdated/degradation products can affect renal tubular function causing kidney damage and acute Fanconi-type syndrome (albuminuria, glycosuria, aminoaciduria, nausea, vomiting, hypophosphatemia, hypokalemia, acidosis); possible hepatic and pancreatic damage with prolonged use or in renal insufficiency	use of outdated tetracycline; prolonged use in patients with renal insufficiency		Degradation products of tetracycline or outdated tetracycline can affect renal tubular function, causing kidney damage and an acute Fanconi type of syndrome characterized by albuminuria, glycosuria, aminoaciduria, nausea, vomiting, hypophosphatemia, hypokalemia, and acidosis. Another reason not to use outdated tetracycline drugs or to avoid prolonged use in patients with renal insufficiency is the possibility that hepatic and pancreatic damage will result.
pass	The passage directly supports the proposed molecule-level label and category.		clintox_send_v2_gold_manual_review.v1	346880	clintox_send_v2:000346880	18191521	Amphotericin B (conventional/deoxycholate)	C[C@@H]1[C@H](O)[C@@H](C)/C=C/C=C/C=C/C=C/C=C/C=C/C=C/[C@H](O[C@@H]2O[C@H](C)[C@@H](O)[C@H](N)[C@@H]2O)C[C@@H]2O[C@](O)(C[C@@H](O)C[C@@H](O)[C@H](O)CC[C@@H](O)C[C@@H](O)CC(=O)O[C@H]1C)C[C@H](O)[C@H]2C(=O)O	C[C@@H]1[C@H](O)[C@@H](C)/C=C/C=C/C=C/C=C/C=C/C=C/C=C/[C@H](O[C@@H]2O[C@H](C)[C@@H](O)[C@H](N)[C@@H]2O)C[C@@H]2O[C@](O)(C[C@@H](O)C[C@@H](O)[C@H](O)CC[C@@H](O)C[C@@H](O)CC(=O)O[C@H]1C)C[C@H](O)[C@H]2C(=O)O	nephrotoxicity	1	Nephrotoxicity, with treatment discontinuations attributed to nephrotoxicity and infusion-related adverse effects; doubling of serum creatinine.	Double-blind study in neutropenic patients receiving empirical antifungal treatment; conventional AmB deoxycholate		Use of deoxycholate amphotericin B (conventional AmB) has long been limited by treatment discontinuations due to its nephrotoxicity and adverse effects occurring during infusion. In a double-blind study in neutropenic patients, liposomal AmB and conventional AmB had the same efficacy in empirical treatment, with the liposomal form having fewer infusion-related adverse effects and significantly lower nephrotoxicity: 34% of patients treated empirically with conventional AmB experienced a doubling of serum creatinine versus only 19% of those treated with liposomal AmB (p < 0.001).
fail	The clinical entity is a formulation, mixture, conjugate, or other entity not represented by the supplied parent structure.	formulation_or_entity_mismatch	clintox_send_v2_gold_manual_review.v1	268149	clintox_send_v2:000268149	37857504	177Lu-PSMA-617	O=C([O-])CN1CCN(CC(=O)[O-])CCN(CC(=O)NC[C@H]2CC[C@H](C(=O)N[C@@H](Cc3ccc4ccccc4c3)C(=O)NCCCC[C@H](NC(=O)N[C@@H](CCC(=O)O)C(=O)O)C(=O)O)CC2)CCN(CC(=O)[O-])CC1.[177Lu+3]	O=C(O)CC[C@H](NC(=O)N[C@@H](CCCCNC(=O)[C@H](Cc1ccc2ccccc2c1)NC(=O)[C@H]1CC[C@H](CNC(=O)CN2CCN(CC(=O)O)CCN(CC(=O)O)CCN(CC(=O)O)CC2)CC1)C(=O)O)C(=O)O	nephrotoxicity	1	Severe radiation nephropathy with histologically proven renal thrombotic microangiopathy-like picture	Patients treated with extensive 177Lu-PSMA radioligand therapy		The authors reported 3 patients who developed severe radiation nephropathy with a histologically proven renal thrombotic microangiopathy-like picture after extensive treatment with 177Lu-PSMA radioligand therapy.
pass	The passage directly supports the proposed molecule-level label and category.		clintox_send_v2_gold_manual_review.v1	351104	clintox_send_v2:000351104	36613585	Cisplatin	[NH3]->[Pt](<-[NH3])([Cl])[Cl]	N	nephrotoxicity	1	Dose-limiting nephrotoxicity; progressive decline in renal function; electrolyte disturbances; reduced renal filtration capacity; acute kidney injury	Cisplatin-based treatment for head and neck cancer with concomitant use of diuretics and pre-hydration		Cisplatin treatment is often associated with severe adverse effects mainly due to cytotoxic effects on healthy tissue cells. Nephrotoxicity is particularly significant; even with the use of diuretics and pre-hydration, nephrotoxicity is still a dose-limiting adverse effect. Nephrotoxicity leads to a progressive decline in renal function in approximately 20-30% of patients, along with electrolyte disturbances and reduced renal filtration capacity, and acute kidney injury (AKI) is one of the main clinical manifestations of cisplatin-induced nephrotoxicity.
pass	The passage directly supports the proposed molecule-level label and category.		clintox_send_v2_gold_manual_review.v1	487860	clintox_send_v2:000487860	12605563	Indinavir	CC(C)(C)NC(=O)[C@@H]1CN(Cc2cccnc2)CCN1C[C@@H](O)C[C@@H](Cc1ccccc1)C(=O)N[C@H]1c2ccccc2C[C@H]1O	CC(C)(C)NC(=O)[C@@H]1CN(Cc2cccnc2)CCN1C[C@@H](O)C[C@@H](Cc1ccccc1)C(=O)N[C@H]1c2ccccc2C[C@H]1O	nephrotoxicity	1	Increased frequency of nephrotoxicity when indinavir is boosted by ritonavir; increased discontinuation due to adverse events.	Boosted dual-PI regimen (indinavir/ritonavir) compared with indinavir alone in patients.		The frequency of nephrotoxicity increases when indinavir concentrations are boosted by ritonavir. In a comparison of indinavir/ritonavir and indinavir alone, 20% of the patients in the dual-PI group versus 11% in the single-PI group discontinued because of adverse events. The median time to discontinuation was 39 days for patients receiving indinavir/ritonavir therapy and 106 days for those treated with indinavir.
pass	The passage directly supports the proposed molecule-level label and category.		clintox_send_v2_gold_manual_review.v1	14915	clintox_send_v2:000014915	33791944	Oxalic acid	O=C(O)C(=O)O	O=C(O)C(=O)O	nephrotoxicity	1	Acute renal failure (creatinine rose to 16.8 mg/dL) with oxalate nephropathy confirmed on renal biopsy, metabolic acidosis, hypertension (175/110 mmHg), and nausea/vomiting following ingestion of wood bleach containing >95% oxalic acid as an inebriant; patient required hemodialysis.	Intentional ingestion of a household cleaning agent (wood bleach) as an inebriant; single human case report.	>95% oxalic acid (wood bleach), ingested	A patient who intentionally ingested 'wood bleach' as an inebriant returned with worsening nausea and vomiting, hypertension (175/110 mmHg), worsened acute renal failure (creatinine 16.8 mg/dL), and metabolic acidosis (pH 7.3, bicarbonate 15 mmol/L, anion gap 29). The mixture was found to contain 'wood bleach' (>95% oxalic acid) rather than sodium hypochlorite, and renal biopsy confirmed oxalic (oxalate) nephropathy. He was discharged on hospital day eight with a creatinine of 5.7 mg/dL and plans for ongoing hemodialysis. The conclusion states that wood bleach contains oxalic acid that may induce oxalate nephropathy similar to ethylene glycol if ingested.
fail	The clinical entity is a formulation, mixture, conjugate, or other entity not represented by the supplied parent structure.	formulation_or_entity_mismatch	clintox_send_v2_gold_manual_review.v1	38676	clintox_send_v2:000038676	16838223	Amphotericin B lipid formulation	C[C@@H]1[C@H](O)[C@@H](C)/C=C/C=C/C=C/C=C/C=C/C=C/C=C/[C@H](O[C@@H]2O[C@H](C)[C@@H](O)[C@H](N)[C@@H]2O)C[C@@H]2O[C@](O)(C[C@@H](O)C[C@@H](O)[C@H](O)CC[C@@H](O)C[C@@H](O)CC(=O)O[C@H]1C)C[C@H](O)[C@H]2C(=O)O	C[C@@H]1[C@H](O)[C@@H](C)/C=C/C=C/C=C/C=C/C=C/C=C/C=C/[C@H](O[C@@H]2O[C@H](C)[C@@H](O)[C@H](N)[C@@H]2O)C[C@@H]2O[C@](O)(C[C@@H](O)C[C@@H](O)[C@H](O)CC[C@@H](O)C[C@@H](O)CC(=O)O[C@H]1C)C[C@H](O)[C@H]2C(=O)O	nephrotoxicity	1	Worsening of renal function / nephrotoxicity	Clinical observational study of patients given amphotericin B lipid complex or colloidal dispersion (ABLC/ABCD) for fungal infection		Among patients receiving amphotericin B lipid complex or colloidal dispersion (ABLC or ABCD), worsening of renal function occurred in 26 of 47 patients (55.3%) overall and in 24 of 43 (55.8%) of those with normal renal function at baseline; severe nephrotoxicity occurred in 5 of 47 (10.6%).
fail	The passage reports a null, reduced-risk, or opposite-direction finding.	wrong_outcome_direction	clintox_send_v2_gold_manual_review.v1	122281	clintox_send_v2:000122281	30190234	Cefazolin	Cc1nnc(SCC2=C(C(=O)O)N3C(=O)[C@@H](NC(=O)Cn4cnnn4)[C@H]3SC2)s1	Cc1nnc(SCC2=C(C(=O)O)N3C(=O)[C@@H](NC(=O)Cn4cnnn4)[C@H]3SC2)s1	nephrotoxicity	1	CFZ was associated with less nephrotoxicity compared to NAF	Clinical treatment of MSSA bloodstream infection (BSI); retrospective single-center study; comparator NAF		Conclusion: CFZ was associated with less nephrotoxicity and no difference in clinical success compared to NAF for MSSA BSI.
pass	The passage directly supports the proposed molecule-level label and category.		clintox_send_v2_gold_manual_review.v1	416932	clintox_send_v2:000416932	33302822	Cisplatin	[NH3]->[Pt](<-[NH3])([Cl])[Cl]	N	nephrotoxicity	1	Grade 1 and Grade 2 acute kidney injury	Retrospective analysis (Chanal et al.), n=144 patients, comparing rates of AKI in patients receiving 100 mg/m² or 40 mg/m² cisplatin	100 mg/m² or 40 mg/m²	A retrospective analysis by Chanal et al. included 144 patients and compared the rates of AKI in patients receiving 100 mg/m² or 40 mg/m² cisplatin using the CTCAE version 4.03. In this study, 68.3% (n = 71) of patients experienced Grade 1 AKI and 6.7% (n = 7) experienced Grade 2 AKI.
pass	The passage directly supports the proposed molecule-level label and category.		clintox_send_v2_gold_manual_review.v1	517590	clintox_send_v2:000517590	28372552	Tenofovir	C[C@H](Cn1cnc2c(N)ncnc21)OCP(=O)(O)O	C[C@H](Cn1cnc2c(N)ncnc21)OCP(=O)(O)O	nephrotoxicity	1	Tubular injury/nephrotoxicity (tubular disorders) in treated subjects	Cohort studies; treated subjects		Frequent use of specific drugs, such as tenofovir, has led to greater attention to tubular injuries with documented frequencies of 12–22% of treated subjects in cohort studies.
fail	The clinical entity is a formulation, mixture, conjugate, or other entity not represented by the supplied parent structure.	formulation_or_entity_mismatch	clintox_send_v2_gold_manual_review.v1	456581	clintox_send_v2:000456581	27550961	Liposomal cisplatin (Lipoplatin)	[NH3]->[Pt](<-[NH3])([Cl])[Cl]	N	nephrotoxicity	1	Sepsis and acute kidney failure (serious adverse event)	Compassionate-use liposomal EDP-M in a 65-year-old male with very advanced ACC; reason for liposomal switch was renal function	IP (liposomal cisplatin) 100 mg/m² d3+4	In patient #4 with very advanced ACC treated on a compassionate-use basis with lipEDP-M (ed=etoposide+doxorubicin and IP=liposomal cisplatin (Lipoplatin) 100 mg/m² on d3+4), the reported serious adverse event during liposomal EDP-M was sepsis and acute kidney failure. No FDA/regulatory approval status is stated for liposomal cisplatin in this passage.
pass	The passage directly supports the proposed molecule-level label and category.		clintox_send_v2_gold_manual_review.v1	240352	clintox_send_v2:000240352	2649354	Carboplatin	[NH3]->[Pt]1(<-[NH3])[O]C(=O)C2(CCC2)C(=O)[O]1	O=C(O)C1(C(=O)O)CCC1	nephrotoxicity	1	Occasional nephrotoxicity: chronic tubular damage in 1 patient after 3 courses; slight reduction in 51Cr-EDTA clearance; occasional usually reversible increases in serum creatinine or decreases in glomerular filtration rate; in most trials significant nephrotoxicity did not occur	7 adult patients with head and neck tumours; phase I/II trials; literature review	carboplatin 300 mg/m² IV; >200 mg/m²	Enzymuria and proteinuria were not significantly different from pretreatment controls in 7 adult patients with head and neck tumours receiving carboplatin 300 mg/m² IV. However, chronic tubular damage occurred in 1 patient after 3 courses of carboplatin. Calvert et al. noted a slight non-dose-related reduction in 51Cr-EDTA clearance in patients receiving more than 200 mg/m² carboplatin. Occasional patients with usually reversible increases in serum creatinine or decreases in glomerular filtration rate following carboplatin have been reported, but in most trials significant nephrotoxicity did not occur.
pass	The passage directly supports the proposed molecule-level label and category.		clintox_send_v2_gold_manual_review.v1	93129	clintox_send_v2:000093129	30666679	Polymyxin B	CCC(C)CCCCC(=O)N[C@@H](CCN)C(=O)N[C@H](C(=O)N[C@@H](CCN)C(=O)N[C@H]1CCNC(=O)[C@H]([C@@H](C)O)NC(=O)[C@H](CCN)NC(=O)[C@H](CCN)NC(=O)[C@H](CC(C)C)NC(=O)[C@@H](Cc2ccccc2)NC(=O)[C@@H](CCN)NC1=O)[C@@H](C)O	CCC(C)CCCCC(=O)N[C@@H](CCN)C(=O)N[C@H](C(=O)N[C@@H](CCN)C(=O)N[C@H]1CCNC(=O)[C@H]([C@@H](C)O)NC(=O)[C@H](CCN)NC(=O)[C@H](CCN)NC(=O)[C@H](CC(C)C)NC(=O)[C@@H](Cc2ccccc2)NC(=O)[C@@H](CCN)NC1=O)[C@@H](C)O	nephrotoxicity	1	Nephrotoxicity occurred in 100/247 patients (40.5%); skin hyperpigmentation occurred in 20/247 (8.1%); adverse reactions attributed to polymyxin B treatment such as nephrotoxicity may worsen clinical scenarios.	Critically ill patients treated with polymyxin B intravenous therapy (n=247); patients on renal replacement therapy excluded from nephrotoxicity analysis	polymyxin B intravenous therapy (dose not stated)	Clinical outcomes and adverse reactions following polymyxin B intravenous therapy in 247 patients were reported. Toxicity outcomes included nephrotoxicity in 100 patients (40.5%), with Stage 1 in 35 (14.2%), Stage 2 in 13 (5.25%), and Stage 3 in 52 (21.0%), plus a slight rise in serum creatinine (<0.3 mg/dL) in 89 (36.0%) and 37 (15.0%) starting haemodialysis; skin hyperpigmentation occurred in 20 (8.1%). In addition, adverse reactions attributed to polymyxin B treatment, such as nephrotoxicity, may worsen clinical scenarios.
pass	The passage directly supports the proposed molecule-level label and category.		clintox_send_v2_gold_manual_review.v1	227611	clintox_send_v2:000227611	3882378	Cyclosporine	C/C=C/C[C@@H](C)[C@@H](O)[C@H]1C(=O)N[C@@H](CC)C(=O)N(C)CC(=O)N(C)[C@@H](CC(C)C)C(=O)N[C@@H](C(C)C)C(=O)N(C)[C@@H](CC(C)C)C(=O)N[C@@H](C)C(=O)N[C@H](C)C(=O)N(C)[C@@H](CC(C)C)C(=O)N(C)[C@@H](CC(C)C)C(=O)N(C)[C@@H](C(C)C)C(=O)N1C	C/C=C/C[C@@H](C)[C@@H](O)[C@H]1C(=O)N[C@@H](CC)C(=O)N(C)CC(=O)N(C)[C@@H](CC(C)C)C(=O)N[C@@H](C(C)C)C(=O)N(C)[C@@H](CC(C)C)C(=O)N[C@@H](C)C(=O)N[C@H](C)C(=O)N(C)[C@@H](CC(C)C)C(=O)N(C)[C@@H](CC(C)C)C(=O)N(C)[C@@H](C(C)C)C(=O)N1C	nephrotoxicity	1	Nephrotoxicity, the most prominent toxic effect, defined as greater than 25% increase in serum creatinine over several days that is reversible with cyclosporine dose reduction	Cyclosporine therapy; nephrotoxicity differentiated from renal allograft rejection (afebrile, nontender grafts, good urine output)		The most prominent toxic effect of cyclosporine therapy is nephrotoxicity. Cyclosporine nephrotoxicity is typically defined as a greater than 25 percent increase in serum creatinine over several days that can be reversed with a reduction in cyclosporine dose.
fail	The clinical entity is a formulation, mixture, conjugate, or other entity not represented by the supplied parent structure.	formulation_or_entity_mismatch	clintox_send_v2_gold_manual_review.v1	385718	clintox_send_v2:000385718	35577489	Lu-177-DOTATATE	C[C@@H](O)[C@H](NC(=O)[C@@H]1CSSC[C@H](NC(=O)[C@@H](Cc2ccccc2)NC(=O)CN2CCN(CC(=O)[O-])CCN(CC(=O)[O-])CCN(CC(=O)[O-])CC2)C(=O)N[C@@H](Cc2ccc(O)cc2)C(=O)N[C@H](Cc2c[nH]c3ccccc23)C(=O)N[C@@H](CCCCN)C(=O)N[C@@H]([C@@H](C)O)C(=O)N1)C(=O)O.[177Lu+3]	C[C@@H](O)[C@H](NC(=O)[C@@H]1CSSC[C@H](NC(=O)[C@@H](Cc2ccccc2)NC(=O)CN2CCN(CC(=O)O)CCN(CC(=O)O)CCN(CC(=O)O)CC2)C(=O)N[C@@H](Cc2ccc(O)cc2)C(=O)N[C@H](Cc2c[nH]c3ccccc23)C(=O)N[C@@H](CCCCN)C(=O)N[C@@H]([C@@H](C)O)C(=O)N1)C(=O)O	nephrotoxicity	1	nephrotoxicity of any CTCAE grade in 31/102 (30.4%) cases and severe (grade 3/4) in 1 patient; decrease in eGFR to a more severe CKD grade in 21/102 (20.6%) one year after treatment; no hematotoxicity greater than CTCAE grade 2 observed; PRRT had no statistically significant impact on leukopenia and thrombopenia	Standardized peptide receptor radionuclide therapy (PRRT) with four treatment cycles of either Y-90- or Lu-177-PRRT for SSTR-positive GEP-NETs; retrospective cohort of 102 cases evaluated 1 year after last treatment	renal absorbed dose of 17.9 Gy in the single grade 3/4 nephrotoxicity patient	Lu-177-DOTATATE is used for PRRT and was FDA-approved in January 2018 for the treatment of SSTR-positive GEP-NETs. In the authors' retrospective analysis, the vast majority of patients showed either none or only a mild to moderate decrease in kidney function as well as hematotoxicity one year after completion of standardized PRRT with four treatment cycles of either Y-90- or Lu-177-PRRT.
pass	The passage directly supports the proposed molecule-level label and category.		clintox_send_v2_gold_manual_review.v1	382629	clintox_send_v2:000382629	8800113	Furosemide	NS(=O)(=O)c1cc(C(=O)O)c(NCc2ccco2)cc1Cl	NS(=O)(=O)c1cc(C(=O)O)c(NCc2ccco2)cc1Cl	nephrotoxicity	1	Serum creatinine showed a significant increase after both treatment modes in patients with heart failure, indicating a renal safety effect	Patients with heart failure treated with furosemide as oral dosage (day 2), intravenous bolus injection, or continuous infusion; renal (endogenous creatinine clearance) function was reduced in the majority of patients	Furosemide administered as oral dosage, IV bolus, or continuous infusion; doses not specified in passage	Mean values of the biochemical measurements, including catecholamines, renin and aldosterone, did not change significantly during the study, with the exception of serum creatinine, which showed a significant increase after both treatment modes (Table 2).
pass	The passage directly supports the proposed molecule-level label and category.		clintox_send_v2_gold_manual_review.v1	151110	clintox_send_v2:000151110	12884167	AmBD (amphotericin B deoxycholate)	C[C@@H]1[C@H](O)[C@@H](C)/C=C/C=C/C=C/C=C/C=C/C=C/C=C/[C@H](O[C@@H]2O[C@H](C)[C@@H](O)[C@H](N)[C@@H]2O)C[C@@H]2O[C@](O)(C[C@@H](O)C[C@@H](O)[C@H](O)CC[C@@H](O)C[C@@H](O)CC(=O)O[C@H]1C)C[C@H](O)[C@H]2C(=O)O.C[C@H](CCC(=O)[O-])[C@H]1CC[C@H]2[C@@H]3CC[C@@H]4C[C@H](O)CC[C@]4(C)[C@H]3C[C@H](O)[C@]12C.[Na+]	C[C@@H]1[C@H](O)[C@@H](C)/C=C/C=C/C=C/C=C/C=C/C=C/C=C/[C@H](O[C@@H]2O[C@H](C)[C@@H](O)[C@H](N)[C@@H]2O)C[C@@H]2O[C@](O)(C[C@@H](O)C[C@@H](O)[C@H](O)CC[C@@H](O)C[C@@H](O)CC(=O)O[C@H]1C)C[C@H](O)[C@H]2C(=O)O	nephrotoxicity	1	Onset of acute renal failure during AmBD therapy associated with increased likelihood of death (6.6-fold)	Patients treated with AmBD; cryptococcal meningitis vs invasive aspergillosis with hematological malignancy	Creatinine increase from 1 to 3 mg/dL	A recent study examined outcomes of patients treated with AmBD and found that onset of acute renal failure during AmBD therapy increased the likelihood of death 6.6-fold. An increase in creatinine from 1 to 3 mg/dL during treatment of cryptococcal meningitis in an otherwise healthy young adult is well tolerated, but a similar increase during therapy for invasive aspergillosis in a patient with a hematological malignancy is associated with increased mortality.
pass	The passage directly supports the proposed molecule-level label and category.		clintox_send_v2_gold_manual_review.v1	248623	clintox_send_v2:000248623	25735400	Glipizide	Cc1cnc(C(=O)NCCc2ccc(S(=O)(=O)NC(=O)NC3CCCCC3)cc2)cn1	Cc1cnc(C(=O)NCCc2ccc(S(=O)(=O)NC(=O)NC3CCCCC3)cc2)cn1	nephrotoxicity	1	Renal adverse events (reduced renal creatinine clearance and renal impairment) leading to treatment discontinuation	4-year (208-week) randomized study in patients with type 2 diabetes on background metformin; comparator arm; safety population (≥1 dose of study medication)	Up to 20 mg/day glipizide (maximum dose achieved by 63.2% of patients)	In the glipizide comparator arm of the 4-year study, the most commonly occurring AEs (in ≥2% of patients) leading to discontinuation were reduced renal creatinine clearance (2.5%) and renal impairment (2.7%). The most common reasons for not completing the 4-year treatment period were occurrence of an AE and withdrawal of consent.
pass	The passage directly supports the proposed molecule-level label and category.		clintox_send_v2_gold_manual_review.v1	305937	clintox_send_v2:000305937	29785514	⁹⁰Y-DOTATOC	C[C@@H](O)[C@@H]1NC(=O)[C@H](CCCCN)NC(=O)[C@@H](Cc2c[nH]c3ccccc23)NC(=O)[C@H](Cc2ccc(O)cc2)NC(=O)[C@@H](NC(=O)[C@@H](Cc2ccccc2)NC(=O)CN2CCN(CC(=O)O)CCN(CC(=O)O)CCN(CC(=O)O)CC2)CSSC[C@@H](C(=O)N[C@H](CO)[C@@H](C)O)NC1=O	C[C@@H](O)[C@@H]1NC(=O)[C@H](CCCCN)NC(=O)[C@@H](Cc2c[nH]c3ccccc23)NC(=O)[C@H](Cc2ccc(O)cc2)NC(=O)[C@@H](NC(=O)[C@@H](Cc2ccccc2)NC(=O)CN2CCN(CC(=O)O)CCN(CC(=O)O)CCN(CC(=O)O)CC2)CSSC[C@@H](C(=O)N[C@H](CO)[C@@H](C)O)NC1=O	nephrotoxicity	1	Severe permanent kidney toxicity observed in 9.2% of patients (grade IV in 67 patients; grade V in 35 patients).	Human clinical study of 1,109 patients receiving ⁹⁰Y-DOTATOC therapy	3.7 GBq/m², generally repeated for two cycles	Imhof et al. reported results in 1,109 patients receiving ⁹⁰Y-DOTATOC therapy at activities of 3.7 GBq/m², generally repeated for two cycles. The authors observed severe permanent kidney toxicity in 9.2% of patients (grade IV in 67 patients; grade V in 35 patients), with no difference in survival between patients with and without posttreatment kidney toxicity.
fail	The passage reports a null, reduced-risk, or opposite-direction finding.	wrong_outcome_direction	clintox_send_v2_gold_manual_review.v1	545609	clintox_send_v2:000545609	29656981	Vancomycin	CN[C@H](CC(C)C)C(=O)N[C@H]1C(=O)N[C@@H](CC(N)=O)C(=O)N[C@H]2C(=O)N[C@H]3C(=O)N[C@H](C(=O)N[C@H](C(=O)O)c4cc(O)cc(O)c4-c4cc3ccc4O)[C@H](O)c3ccc(c(Cl)c3)Oc3cc2cc(c3O[C@@H]2O[C@H](CO)[C@@H](O)[C@H](O)[C@H]2O[C@H]2C[C@](C)(N)[C@H](O)[C@H](C)O2)Oc2ccc(cc2Cl)[C@H]1O	CN[C@H](CC(C)C)C(=O)N[C@H]1C(=O)N[C@@H](CC(N)=O)C(=O)N[C@H]2C(=O)N[C@H]3C(=O)N[C@H](C(=O)N[C@H](C(=O)O)c4cc(O)cc(O)c4-c4cc3ccc4O)[C@H](O)c3ccc(c(Cl)c3)Oc3cc2cc(c3O[C@@H]2O[C@H](CO)[C@@H](O)[C@H](O)[C@H]2O[C@H]2C[C@](C)(N)[C@H](O)[C@H](C)O2)Oc2ccc(cc2Cl)[C@H]1O	nephrotoxicity	1	No significant increase in postoperative creatinine elevation or change in mean postoperative hemoglobin; no significant elevation of postoperative creatinine above 1.2 or 1.5 mg/dL thresholds in patients receiving single-dose vancomycin prophylaxis.	Prophylaxis during primary total joint arthroplasty (THA/TKA); vancomycin plus cefazolin (group CV) compared with cefazolin alone (group C)	single perioperative dose of vancomycin	The introduction of a single dose of vancomycin was not associated with any significant differences in mean postoperative hemoglobin or creatinine levels. When comparing patients in group CV with patients in group C, there were no significant differences in the proportion of patients with an elevation of their postoperative creatinine level above either the 1.2 mg/dL (8.7% vs 8.3%, P = .81) or 1.5 mg/dL thresholds (2.9% vs 2.2%, P = .32).
pass	The passage directly supports the proposed molecule-level label and category.		clintox_send_v2_gold_manual_review.v1	369739	clintox_send_v2:000369739	18633740	Olanzapine	Cc1cc2c(s1)Nc1ccccc1N=C2N1CCN(C)CC1	Cc1cc2c(s1)Nc1ccccc1N=C2N1CCN(C)CC1	neurotoxicity	1	Annual incidence of tardive dyskinesia (TD) approximately 0.5% in olanzapine-treated patients	Re-analyses of prospective olanzapine studies; comparative randomized controlled trial in patients with schizophrenia; patients treated for TD/persistent TD over 6 months to 9 months		Re-analyses of previously reported prospective olanzapine studies revealed an annual incidence of TD around 0.5% compared to 7.5% incidence in the haloperidol-treated group (2, 3).
pass	The passage directly supports the proposed molecule-level label and category.		clintox_send_v2_gold_manual_review.v1	297684	clintox_send_v2:000297684	13305239	Streptomycin	CN[C@@H]1[C@H](O[C@H]2[C@H](O[C@H]3[C@H](O)[C@@H](O)[C@H](NC(=N)N)[C@@H](O)[C@@H]3NC(=N)N)O[C@@H](C)[C@]2(O)C=O)O[C@@H](CO)[C@H](O)[C@H]1O	CN[C@@H]1[C@H](O[C@H]2[C@H](O[C@H]3[C@H](O)[C@@H](O)[C@H](NC(=N)N)[C@@H](O)[C@@H]3NC(=N)N)O[C@@H](C)[C@]2(O)C=O)O[C@@H](CO)[C@H](O)[C@H]1O	neurotoxicity	1	Major toxic effect is eighth nerve damage (vestibular dysfunction, less frequently deafness); other toxic effects include drug rashes, drug fever, circumoral paresthesias and, rarely, leukopenia and jaundice	Human tuberculosis therapy		The major toxic effect of streptomycin is eighth nerve damage, as evidenced by vestibular dysfunction, and, less frequently, deafness. Other toxic effects of streptomycin include drug rashes, drug fever, circumoral paresthesias and, rarely, leukopenia and jaundice.
pass	The passage directly supports the proposed molecule-level label and category.		clintox_send_v2_gold_manual_review.v1	242155	clintox_send_v2:000242155	20131310	Bortezomib	CC(C)C[C@H](NC(=O)[C@H](Cc1ccccc1)NC(=O)c1cnccn1)B(O)O	CC(C)C[C@H](NC(=O)[C@H](Cc1ccccc1)NC(=O)c1cnccn1)B(O)O	neurotoxicity	1	Peripheral neuropathy occurred at rates comparable to other bortezomib studies (no excess); weekly dosing was associated with less toxicity than twice-weekly dosing.	EVOLUTION phase 2 trial, newly treated multiple myeloma, bortezomib-containing combination induction regimens (VDR, VDC, VDCR); comparator weekly vs twice-weekly bortezomib dosing	V 1.3 mg/m2 d 1,4,8,11 (four 21-d induction cycles); weekly vs twice-weekly schedule comparison	In the EVOLUTION phase 2 trial for newly diagnosed multiple myeloma, bortezomib-containing induction regimens were tolerated, with peripheral neuropathy rates comparable to other bortezomib studies. Also at the meeting, Reeder et al. presented a phase 2 trial using weekly bortezomib that obtained comparable response rates to twice-weekly bortezomib but with less toxicity.
pass	The passage directly supports the proposed molecule-level label and category.		clintox_send_v2_gold_manual_review.v1	236586	clintox_send_v2:000236586	13530222	Streptomycin	CN[C@@H]1[C@H](O[C@H]2[C@H](O[C@H]3[C@H](O)[C@@H](O)[C@H](NC(=N)N)[C@@H](O)[C@@H]3NC(=N)N)O[C@@H](C)[C@]2(O)C=O)O[C@@H](CO)[C@H](O)[C@H]1O	CN[C@@H]1[C@H](O[C@H]2[C@H](O[C@H]3[C@H](O)[C@@H](O)[C@H](NC(=N)N)[C@@H](O)[C@@H]3NC(=N)N)O[C@@H](C)[C@]2(O)C=O)O[C@@H](CO)[C@H](O)[C@H]1O	neurotoxicity	1	Vestibular derangement (more liable in older patients; daily dosing best avoided in patients over 40); in patients with poor renal function normal dosage may produce dangerously high blood levels with toxic effects	Human tuberculosis treatment	Normal daily dosage; reduce dose to achieve blood levels in normal range in renal impairment	Vestibular derangement is more liable to occur in the older patient and daily streptomycin is best avoided in patients over 40 years of age. In patients with poor renal function, treatment with normal dosage of streptomycin may produce dangerously high blood levels with toxic effects, and dosage should be reduced to give blood levels in the normal range.
pass	The passage directly supports the proposed molecule-level label and category.		clintox_send_v2_gold_manual_review.v1	412689	clintox_send_v2:000412689	15262695	Thalidomide	O=C1CCC(N2C(=O)c3ccccc3C2=O)C(=O)N1	O=C1CCC(N2C(=O)c3ccccc3C2=O)C(=O)N1	neurotoxicity	1	Three subjects developed thalidomide peripheral neuropathy (TPN); one third of subjects developed TPN, underscoring the importance of careful neurologic assessment. No correlation was found between duration of treatment, daily or cumulative dose, and TPN.	Prurigo nodularis in HIV-infected subjects; clinical efficacy/safety study.	33 to 200 mg/d	The dosage of thalidomide ranged from 33 to 200 mg/d. Three subjects developed thalidomide peripheral neuropathy (TPN), and there was no correlation between duration of treatment, daily or cumulative dose, and TPN. A change in the Neuropathy Impairment Score of 10 points was a good marker of TPN, as was a greater than 50% decrease in the sural sensory nerve action potential amplitude.
fail	The clinical entity is a formulation, mixture, conjugate, or other entity not represented by the supplied parent structure.	formulation_or_entity_mismatch	clintox_send_v2_gold_manual_review.v1	198781	clintox_send_v2:000198781	34778042	Albumin-bound paclitaxel	CC(=O)O[C@H]1C(=O)[C@@]2(C)[C@H]([C@H](OC(=O)c3ccccc3)[C@]3(O)C[C@H](OC(=O)[C@H](O)[C@@H](NC(=O)c4ccccc4)c4ccccc4)C(C)=C1C3(C)C)[C@]1(OC(C)=O)CO[C@@H]1C[C@@H]2O	CC(=O)O[C@H]1C(=O)[C@@]2(C)[C@H]([C@H](OC(=O)c3ccccc3)[C@]3(O)C[C@H](OC(=O)[C@H](O)[C@@H](NC(=O)c4ccccc4)c4ccccc4)C(C)=C1C3(C)C)[C@]1(OC(C)=O)CO[C@@H]1C[C@@H]2O	neurotoxicity	1	Severe lower limb neurotoxicity, which led to treatment discontinuation	Fourth-line therapy for advanced cancer following disease progression after prior lines of treatment	Discontinued after two cycles	After cancer progression on prior therapies, the patient received fourth-line therapy with albumin-bound paclitaxel; however, because of disease progression and severe lower limb neurotoxicity, this therapy was discontinued after two cycles.
pass	The passage directly supports the proposed molecule-level label and category.		clintox_send_v2_gold_manual_review.v1	249934	clintox_send_v2:000249934	1091162	Fluphenazine enanthate	CCCCCCC(=O)OCCN1CCN(CCCN2c3ccccc3Sc3ccc(C(F)(F)F)cc32)CC1	CCCCCCC(=O)OCCN1CCN(CCCN2c3ccccc3Sc3ccc(C(F)(F)F)cc32)CC1	neurotoxicity	1	Severe extrapyramidal and hypothalamic symptoms occurred 24 hours after a 25 mg subcutaneous injection, including mutism, immobility, incontinence, rigidity, hyperpyrexia (103°F), hypertension, tachycardia, and coma; symptoms subsided after treatment with benztropine, parenteral fluids, and oxygen.	Post-marketing/adverse-reaction case report in a 21-year-old woman with acute schizophrenia, single subcutaneous dose.	25 mg subcutaneous injection	Meltzer reported the occurrence of extrapyramidal and hypothalamic symptoms 24 hours after a subcutaneous injection of 25 mg of fluphenazine enanthate in a 21-year-old woman with acute schizophrenia. She first became mute, immobile, and incontinent; during the next 48 hours rigidity, hyperpyrexia (103°F), hypertension, tachycardia, and coma occurred. These symptoms subsided after treatment with intravenous benztropine, parenteral fluids, and oxygen.
pass	The passage directly supports the proposed molecule-level label and category.		clintox_send_v2_gold_manual_review.v1	481408	clintox_send_v2:000481408	19604119	Larotaxel	CC(=O)O[C@H]1C(=O)[C@]23C[C@H]2C[C@H]2OC[C@@]2(OC(C)=O)[C@H]3[C@H](OC(=O)c2ccccc2)[C@]2(O)C[C@H](OC(=O)[C@H](O)[C@@H](NC(=O)OC(C)(C)C)c3ccccc3)C(C)=C1C2(C)C	CC(=O)O[C@H]1C(=O)[C@]23C[C@H]2C[C@H]2OC[C@@]2(OC(C)=O)[C@H]3[C@H](OC(=O)c2ccccc2)[C@]2(O)C[C@H](OC(=O)[C@H](O)[C@@H](NC(=O)OC(C)(C)C)c3ccccc3)C(C)=C1C2(C)C	neurotoxicity	1	Grade 3-4 adverse events: neutropenic infection and sensory neuropathy	Phase II, metastatic breast cancer, taxane-nonresistant cohort; larotaxel monotherapy	Larotaxel 90 mg/m² every 3 weeks	In a Phase II study of larotaxel 90 mg/m² every 3 weeks in taxane-nonresistant metastatic breast cancer (n=62), grade 3-4 adverse events were neutropenic infection 8% and sensory neuropathy 7%.
pass	The passage directly supports the proposed molecule-level label and category.		clintox_send_v2_gold_manual_review.v1	11983	clintox_send_v2:000011983	17391478	vancomycin	CN[C@H](CC(C)C)C(=O)N[C@H]1C(=O)N[C@@H](CC(N)=O)C(=O)N[C@H]2C(=O)N[C@H]3C(=O)N[C@H](C(=O)N[C@H](C(=O)O)c4cc(O)cc(O)c4-c4cc3ccc4O)[C@H](O)c3ccc(c(Cl)c3)Oc3cc2cc(c3O[C@@H]2O[C@H](CO)[C@@H](O)[C@H](O)[C@H]2O[C@H]2C[C@](C)(N)[C@H](O)[C@H](C)O2)Oc2ccc(cc2Cl)[C@H]1O	CN[C@H](CC(C)C)C(=O)N[C@H]1C(=O)N[C@@H](CC(N)=O)C(=O)N[C@H]2C(=O)N[C@H]3C(=O)N[C@H](C(=O)N[C@H](C(=O)O)c4cc(O)cc(O)c4-c4cc3ccc4O)[C@H](O)c3ccc(c(Cl)c3)Oc3cc2cc(c3O[C@@H]2O[C@H](CO)[C@@H](O)[C@H](O)[C@H]2O[C@H]2C[C@](C)(N)[C@H](O)[C@H](C)O2)Oc2ccc(cc2Cl)[C@H]1O	neurotoxicity	1	Dementia reported as an adverse drug reaction; risk of dementia significantly increased	French pharmacovigilance adverse drug reaction database; 79 dementia cases among 263,962 ADRs		Vancomycin was associated with an increased risk of dementia (OR 3.8 [1.3–11.1]) as a non-psychotropic drug among adverse drug reactions recorded in the French pharmacovigilance database.
pass	The passage directly supports the proposed molecule-level label and category.		clintox_send_v2_gold_manual_review.v1	459806	clintox_send_v2:000459806	16489083	Docetaxel	CC(=O)O[C@@]12CO[C@@H]1C[C@H](O)[C@@]1(C)C(=O)[C@H](O)C3=C(C)[C@@H](OC(=O)[C@H](O)[C@@H](NC(=O)OC(C)(C)C)c4ccccc4)C[C@@](O)([C@@H](OC(=O)c4ccccc4)[C@H]21)C3(C)C	CC(=O)O[C@@]12CO[C@@H]1C[C@H](O)[C@@]1(C)C(=O)[C@H](O)C3=C(C)[C@@H](OC(=O)[C@H](O)[C@@H](NC(=O)OC(C)(C)C)c4ccccc4)C[C@@](O)([C@@H](OC(=O)c4ccccc4)[C@H]21)C3(C)C	neurotoxicity	1	Sensory neuropathy (any grade) reported in 20-30% of patients.	Docetaxel therapy on 3-weekly and weekly schedules		Sensory neuropathy (any grade) is seen in 20% to 30% of patients receiving docetaxel therapy in 3 weekly and weekly schedules.
pass	The passage directly supports the proposed molecule-level label and category.		clintox_send_v2_gold_manual_review.v1	504535	clintox_send_v2:000504535	32860579	Tacrolimus	C=CC[C@@H]1/C=C(\C)C[C@H](C)C[C@H](OC)[C@H]2O[C@@](O)(C(=O)C(=O)N3CCCC[C@H]3C(=O)O[C@H](/C(C)=C/[C@@H]3CC[C@@H](O)[C@H](OC)C3)[C@H](C)[C@@H](O)CC1=O)[C@H](C)C[C@@H]2OC	C=CC[C@@H]1/C=C(\C)C[C@H](C)C[C@H](OC)[C@H]2O[C@@](O)(C(=O)C(=O)N3CCCC[C@H]3C(=O)O[C@H](/C(C)=C/[C@@H]3CC[C@@H](O)[C@H](OC)C3)[C@H](C)[C@@H](O)CC1=O)[C@H](C)C[C@@H]2OC	neurotoxicity	1	1 psychotic symptoms; 2 non-adherence	Tacrolimus for autoimmune hepatitis in a retrospective case series (UK, N=17)	Trough objective level <6 ng/mL	Than et al. (2016, UK, N=17, trough <6 ng/mL) reported 52% effectiveness with 1 psychotic symptoms and 2 non-adherence in the safety column for tacrolimus in autoimmune hepatitis.
fail	The claimed outcome cannot be attributed to this molecule separately from a combination or comparator.	combination_or_comparator_confounded	clintox_send_v2_gold_manual_review.v1	270503	clintox_send_v2:000270503	33992932	Eslicarbazepine acetate	CC(=O)O[C@H]1Cc2ccccc2N(C(N)=O)c2ccccc21	CC(=O)O[C@H]1Cc2ccccc2N(C(N)=O)c2ccccc21	neurotoxicity	1	Higher overall incidence of vestibulo-cerebellar adverse effects when combined with CBZ or LTG	Adjunctive therapy in clinical trials (post hoc pooled analysis)		A post hoc analysis of data pooled from three double-blind studies of adjunctive ESL showed that the overall incidence of vestibulo-cerebellar adverse effects was higher when ESL was combined with CBZ or LTG compared with patients treated with non-SCB ASMs.
pass	The passage directly supports the proposed molecule-level label and category.		clintox_send_v2_gold_manual_review.v1	554703	clintox_send_v2:000554703	19852733	Fludarabine	Nc1nc(F)nc2c1ncn2[C@@H]1O[C@H](CO)[C@@H](O)[C@@H]1O	Nc1nc(F)nc2c1ncn2[C@@H]1O[C@H](CO)[C@@H](O)[C@@H]1O	neurotoxicity	1	Severe neurotoxic side effects including blindness and coma occurred at high doses; these serious side effects precluded further single-agent use for AML	Adult acute myeloid leukemia (AML), single-agent use at high doses	High doses necessary to induce remission (no specific value stated)	Fludarabine was highly effective as a single agent in adult AML, but at the high doses necessary to induce remission, severe neurotoxic side effects including blindness and coma occurred. These serious side effects precluded the further use of single-agent fludarabine for AML.
pass	The passage directly supports the proposed molecule-level label and category.		clintox_send_v2_gold_manual_review.v1	511502	clintox_send_v2:000511502	10561310	Cytarabine	Nc1ccn([C@@H]2O[C@H](CO)[C@@H](O)[C@@H]2O)c(=O)n1	Nc1ccn([C@@H]2O[C@H](CO)[C@@H](O)[C@@H]2O)c(=O)n1	neurotoxicity	1	High-dose ara-C was associated with a high incidence of systemic toxicity and neurotoxicity	High-dose ara-C as part of intensive chemotherapy in adult acute lymphoblastic leukemia (B-ALL); toxicity observations also referenced from acute myeloid leukemia studies	3 g/m² (high-dose ara-C), reduced to 1 g/m² in older patients	The authors note that older patients in the B-ALL trial received by design lower ara-C (cytarabine) doses of 1 g/m² instead of 3 g/m² because of a high incidence of systemic toxicity and neurotoxicity associated with high-dose ara-C, as observed in acute myeloid leukemia studies.
pass	The passage directly supports the proposed molecule-level label and category.		clintox_send_v2_gold_manual_review.v1	263266	clintox_send_v2:000263266	30182795	psilocybin	CN(C)CCc1c[nH]c2cccc(OP(=O)(O)O)c12	CN(C)CCc1c[nH]c2cccc(OP(=O)(O)O)c12	neurotoxicity	1	27 cases of magic mushroom ingestion with perceptual abnormalities, mydriasis, dysphoria, hyperreflexia, tachycardia, drowsiness, euphoria, and agitation	Cases of psilocybin-containing mushroom ingestion presenting to emergency department		A series by Peden and colleagues describes 27 cases of magic mushroom (psilocybin-containing mushroom) ingestion. The patients were reported to have perceptual abnormalities, mydriasis, dysphoria, hyperreflexia, tachycardia, drowsiness, and euphoria; some were found in the street and some were so agitated that they ran away from the emergency department.
pass	The passage directly supports the proposed molecule-level label and category.		clintox_send_v2_gold_manual_review.v1	385345	clintox_send_v2:000385345	29181714	Efavirenz	O=C1Nc2ccc(Cl)cc2[C@@](C#CC2CC2)(C(F)(F)F)O1	O=C1Nc2ccc(Cl)cc2[C@@](C#CC2CC2)(C(F)(F)F)O1	neurotoxicity	1	CNS side effects; 16 children experienced side effects; one adolescent had mild impairment of concentration attributed to efavirenz	Paediatric cohort with perinatally acquired HIV receiving efavirenz-based ART		Of the 16 children who experienced side effects while on efavirenz-based ART, 15 had a viral load of <50 copies/mL at the time of reporting toxicity. All except one child switched their efavirenz-based regimen. One adolescent co-infected with hepatitis B with mild impairment of concentration attributed to efavirenz elected to remain on Atripla.
pass	The passage directly supports the proposed molecule-level label and category.		clintox_send_v2_gold_manual_review.v1	326477	clintox_send_v2:000326477	17875806	Thalidomide	O=C1CCC(N2C(=O)c3ccccc3C2=O)C(=O)N1	O=C1CCC(N2C(=O)c3ccccc3C2=O)C(=O)N1	neurotoxicity	1	Grade 3-4 peripheral neuropathy, fatigue, constipation, and infection; drug-related adverse events led to discontinuation in 4/18 patients (23%), with peripheral neuropathy as the main reason	Salvage therapy after second autologous stem cell transplantation in multiple myeloma (arm B)	200 mg/day, median 4 months (range 1-6)	In arm B, 18 patients received thalidomide as salvage therapy after second ASCT for a median of 4 months (range, 1-6 months), at a fixed dose of 200 mg per day. Adverse events (% grades 3-4) during salvage thalidomide included peripheral neuropathy 3% (4% grades 3-4) and infection 1% (1%). Drug-related adverse events led to discontinuation of thalidomide in 4 of 18 patients (23%), with peripheral neuropathy as the main reason.
pass	The passage directly supports the proposed molecule-level label and category.		clintox_send_v2_gold_manual_review.v1	188176	clintox_send_v2:000188176	25215629	Ketamine	CNC1(c2ccccc2Cl)CCCCC1=O	CNC1(c2ccccc2Cl)CCCCC1=O	neurotoxicity	1	Well-known psychomimetic side effects that limit its administration	Low-dose use as antihyperalgesic agent and in acute pain medicine		Ketamine has seen continued growth in interest, specifically for low-dose use as an antihyperalgesic agent, and recent developments regarding its anti-inflammatory properties. However, because of its well known psychomimetic side effects, its administration is limited.
pass	The passage directly supports the proposed molecule-level label and category.		clintox_send_v2_gold_manual_review.v1	170848	clintox_send_v2:000170848	27393645	Voriconazole	C[C@@H](c1ncncc1F)[C@](O)(Cn1cncn1)c1ccc(F)cc1F	C[C@@H](c1ncncc1F)[C@](O)(Cn1cncn1)c1ccc(F)cc1F	neurotoxicity	1	Hallucinations with an incidence higher than that of earlier series	Patients treated at Zonios et al.'s center (n=72), with pharmacologic monitoring in 12 patients	Trough voriconazole concentration >5 µg/mL at time of symptoms (in most of 12 monitored patients)	Zonios et al. described hallucinations in 72 patients treated at their center with incidence higher than in earlier series where it was reported at 16.6%. In most of the 12 patients who underwent pharmacological monitoring, trough voriconazole concentrations measured when symptoms were reported were above 5 µg/mL.
pass	The passage directly supports the proposed molecule-level label and category.		clintox_send_v2_gold_manual_review.v1	536567	clintox_send_v2:000536567	8527012	Mefloquine	OC(c1cc(C(F)(F)F)nc2c(C(F)(F)F)cccc12)C1CCCCN1	OC(c1cc(C(F)(F)F)nc2c(C(F)(F)F)cccc12)C1CCCCN1	neurotoxicity	1	Dose-related transient dizziness and serious CNS events associated with mefloquine therapy and prophylaxis.	Antimalarial therapy and prophylaxis in humans	Dose-related dizziness	Mefloquine therapy causes dose-related transient dizziness. Serious CNS events during mefloquine therapy occur in 1 : 1200 Asians and 1 : 200 Caucasians/Africans. Risk factors include dosage, concomitant drug use/interactions, previous history of a CNS event and disease severity. Retreatment (within a month) increases the risk in Asians 7-fold. Studies indicate that the frequency of serious CNS events with mefloquine prophylaxis (1 : 10 000) is similar to that with chloroquine (1 : 13 600).
pass	The passage directly supports the proposed molecule-level label and category.		clintox_send_v2_gold_manual_review.v1	147622	clintox_send_v2:000147622	19333227	Oxaliplatin	O=C1[O][Pt]2(<-[NH2][C@@H]3CCCC[C@H]3[NH2]->2)[O]C1=O	N[C@@H]1CCCC[C@H]1N	neurotoxicity	1	Dose-limiting chronic peripheral neuropathy requiring complete discontinuation of oxaliplatin; grade 3 neuropathy in FOLFOX, FLOX, and OPTIMOX 1 regimens; grade 3 or 4 diarrhea in FLOX	Adjuvant FOLFOX treatment; FLOX vs FOLFOX regimen comparison; OPTIMOX 1 intermittent vs continuous oxaliplatin		Chronic peripheral neuropathy is dose-limiting and requires complete discontinuation of oxaliplatin regardless of efficacy, and may take 6-10 months to resolve. MOSAIC trial safety data showed that at 4 years a small minority of patients (<5%) have persistent grade 3 peripheral neuropathy after 6 months of adjuvant FOLFOX treatment. Use of oxaliplatin with weekly bolus 5-FU/LV (FLOX) rather than infusional 5-FU/LV (FOLFOX) might result in less grade 3 neuropathy (8.25% versus 12.4%, respectively), while FLOX is associated with grade 3 or 4 diarrhea in 38% of patients. A randomized trial of FOLFOX4 versus scheduled intermittent oxaliplatin (OPTIMOX 1) showed a slight reduction in grade 3 neuropathy (17.9% versus 13.3%, P=0.12).
pass	The passage directly supports the proposed molecule-level label and category.		clintox_send_v2_gold_manual_review.v1	141324	clintox_send_v2:000141324	12608888	Zaleplon	CCN(C(C)=O)c1cccc(-c2ccnc3c(C#N)cnn23)c1	CCN(C(C)=O)c1cccc(-c2ccnc3c(C#N)cnn23)c1	neurotoxicity	1	Negatively affected cognitive skills at 1.25 hours; effect absent by 8.25 hours	Double-blind, crossover study; cognitive testing in healthy subjects	20mg	In the same double-blind crossover study, zaleplon 20mg negatively affected cognitive skills at 1.25 hours after administration, but the effect was not present after 8.25 hours.
fail	The claimed outcome cannot be attributed to this molecule separately from a combination or comparator.	combination_or_comparator_confounded	clintox_send_v2_gold_manual_review.v1	152496	clintox_send_v2:000152496	9606295	Phenobarbital	CCC1(c2ccccc2)C(=O)NC(=O)NC1=O	CCC1(c2ccccc2)C(=O)NC(=O)NC1=O	neurotoxicity	1	Cerebellar ataxia and dyssarthria with cerebellar atrophy reported in a patient on long-term high-dose AED therapy; attributed to long-term AED treatment (especially PHT) rather than to PB alone.	Case report of a 20-year-old epilepsy patient on 13 years of high-dose AED polytherapy including PB	High doses of PB for 13 years (in combination with PHT and VPA)	The patient with severe epilepsy was treated for the past 13 years with high doses of PHT, PB, and VPA, with only partial success, and now has psychological and memory disturbances; epileptic seizures have become rare, but cerebellar ataxia and dyssarthria are present and MRI shows enormous cerebellar atrophy.
pass	The passage directly supports the proposed molecule-level label and category.		clintox_send_v2_gold_manual_review.v1	434565	clintox_send_v2:000434565	27651707	BIA 10–2474	CN(C(=O)n1cnc(-c2ccc[n+]([O-])c2)c1)C1CCCCC1	CN(C(=O)n1cnc(-c2ccc[n+]([O-])c2)c1)C1CCCCC1	neurotoxicity	1	Serious adverse events and brain damage attributed to cumulative toxicity, occurring after multiple days of dosing	Phase I first-in-human trial, Part 2 multiple ascending dose (MAD) cohort, healthy volunteers; dosing repeated for 5–6 days	50 mg MAD dose	In Part 2 MAD with 50 mg of BIA 10–2474, the mishap occurred on the 5th and 6th day of administration of this dose. The concentrations of test drug or responsible metabolite reached the damaging level on the 5th or 6th day and led to serious adverse events, with cumulative toxicity proposed as the mechanism. The tissue concentrations increased beyond that which completely inhibits the FAAH enzyme, potentially leading to binding with other serine hydrolases and brain damage.
pass	The passage directly supports the proposed molecule-level label and category.		clintox_send_v2_gold_manual_review.v1	262709	clintox_send_v2:000262709	765100	Fenfluramine	CCNC(C)Cc1cccc(C(F)(F)F)c1	CCNC(C)Cc1cccc(C(F)(F)F)c1	neurotoxicity	1	Overdose produced semi-consciousness, sweating, agitation, confusion, widely dilated pupils and foot cyanosis, with convulsions controlled by intravenous diazepam	Overdose in a 2.5-year-old child treated with intravenous diazepam and forced acid diuresis	About 440 mg ingested	Campbell and Moore (1969) used forced acid diuresis to treat a 2.5-year-old child who had ingested about 440 mg fenfluramine. She was semi-conscious, sweating, agitated and confused, with widely dilated pupils and cyanosis of the feet; convulsions were controlled by intravenous diazepam, and forced acid diuresis brought urinary pH to 5.2.
pass	The passage directly supports the proposed molecule-level label and category.		clintox_send_v2_gold_manual_review.v1	467358	clintox_send_v2:000467358	26720055	Olanzapine	Cc1cc2c(s1)Nc1ccccc1N=C2N1CCN(C)CC1	Cc1cc2c(s1)Nc1ccccc1N=C2N1CCN(C)CC1	neurotoxicity	1	Akathisia reported ('likely related' in 2 patients, 'possibly related' in 2 patients); no dystonic reaction associated with olanzapine; no allergic reaction to olanzapine.	Emergency department patients (N=754 enrolled, 713 included; median age 38 yr) receiving intravenous olanzapine for acute agitation, abdominal pain, headache, nausea/vomiting, or other pain.	IV olanzapine 1.25-10 mg (max total dose 20 mg)	No patients experienced an allergic reaction to olanzapine. Two patients had signs and symptoms definitely consistent with akathisia 'likely related' to olanzapine, and two additional patients developed symptoms of akathisia 'possibly related' to olanzapine. No patients were noted to have a dystonic reaction associated with olanzapine.
pass	The passage directly supports the proposed molecule-level label and category.		clintox_send_v2_gold_manual_review.v1	350401	clintox_send_v2:000350401	9606451	Olanzapine	Cc1cc2c(s1)Nc1ccccc1N=C2N1CCN(C)CC1	Cc1cc2c(s1)Nc1ccccc1N=C2N1CCN(C)CC1	neurotoxicity	1	Long-term-treatment-emergent dyskinesia (met AIMS criteria for dyskinetic symptoms).	Pooled long-term data from three controlled studies in patients with schizophrenia, schizophreniform disorder, or schizoaffective disorder; olanzapine recipients evaluated vs haloperidol	Olanzapine 2.5-20 mg/day (mean modal maintenance 12.8 mg/day), median 237 days	Data pooled from three controlled studies: among 763 olanzapine recipients, 65 (8.5%) met criteria for dyskinetic symptoms at any postbaseline visit versus 37 (17.3%) of 214 haloperidol recipients (p<0.001). At the final AIMS assessment, 19 (2.5%) of the olanzapine group met criteria for long-term-treatment-emergent dyskinesia versus 17 (7.9%) of haloperidol-treated patients. The researchers concluded haloperidol is more likely than olanzapine to produce dyskinetic symptoms during long-term therapy.
pass	The passage directly supports the proposed molecule-level label and category.		clintox_send_v2_gold_manual_review.v1	170453	clintox_send_v2:000170453	1324459	vincristine	CC[C@]1(O)C[C@@H]2C[N@@](CCc3c([nH]c4ccccc34)[C@@](C(=O)OC)(c3cc4c(cc3OC)N(C=O)[C@H]3[C@@](O)(C(=O)OC)[C@H](OC(C)=O)[C@]5(CC)C=CCN6CC[C@]43[C@@H]65)C2)C1	CC[C@]1(O)C[C@@H]2C[N@@](CCc3c([nH]c4ccccc34)[C@@](C(=O)OC)(c3cc4c(cc3OC)N(C=O)[C@H]3[C@@](O)(C(=O)OC)[C@H](OC(C)=O)[C@]5(CC)C=CCN6CC[C@]43[C@@H]65)C2)C1	neurotoxicity	1	Neurotoxicity affected 22 of 34 (65%) patients and manifested as pain in 19 of 34 (56%) patients	Adjuvant combination chemotherapy for breast cancer in women; prospective cohort study with weekly orofacial examinations across first seven cycles of cytotoxic treatment		In this prospective cohort study, patients with breast cancer received combination chemotherapy (cyclophosphamide, methotrexate, fluorouracil, vincristine, and prednisone). Neurotoxicity caused by vincristine affected 22 of 34 (65%) patients, was significantly associated with age less than 50 years (p < 0.05), and manifested as pain in 19 of 34 (56%) patients.
pass	The passage directly supports the proposed molecule-level label and category.		clintox_send_v2_gold_manual_review.v1	135930	clintox_send_v2:000135930	23739764	Docetaxel	CC(=O)O[C@@]12CO[C@@H]1C[C@H](O)[C@@]1(C)C(=O)[C@H](O)C3=C(C)[C@@H](OC(=O)[C@H](O)[C@@H](NC(=O)OC(C)(C)C)c4ccccc4)C[C@@](O)([C@@H](OC(=O)c4ccccc4)[C@H]21)C3(C)C	CC(=O)O[C@@]12CO[C@@H]1C[C@H](O)[C@@]1(C)C(=O)[C@H](O)C3=C(C)[C@@H](OC(=O)[C@H](O)[C@@H](NC(=O)OC(C)(C)C)c4ccccc4)C[C@@](O)([C@@H](OC(=O)c4ccccc4)[C@H]21)C3(C)C	neurotoxicity	1	Well-known peripheral neuropathy that is a major reason for stopping chemotherapy	Clinical chemotherapy for advanced gastric cancer (TEF protocol)		The neurotoxicity of docetaxel is well-known and is a major reason for stopping chemotherapy. In the TEF protocol evaluated in this study, grade 3 neuropathy occurred in 12% of patients.
pass	The passage directly supports the proposed molecule-level label and category.		clintox_send_v2_gold_manual_review.v1	275285	clintox_send_v2:000275285	9808237	Paclitaxel	CC(=O)O[C@H]1C(=O)[C@@]2(C)[C@H]([C@H](OC(=O)c3ccccc3)[C@]3(O)C[C@H](OC(=O)[C@H](O)[C@@H](NC(=O)c4ccccc4)c4ccccc4)C(C)=C1C3(C)C)[C@]1(OC(C)=O)CO[C@@H]1C[C@@H]2O	CC(=O)O[C@H]1C(=O)[C@@]2(C)[C@H]([C@H](OC(=O)c3ccccc3)[C@]3(O)C[C@H](OC(=O)[C@H](O)[C@@H](NC(=O)c4ccccc4)c4ccccc4)C(C)=C1C3(C)C)[C@]1(OC(C)=O)CO[C@@H]1C[C@@H]2O	neurotoxicity	1	Approximately 60% of patients develop paraesthesias of the hands and feet; sensory or sensorimotor peripheral neuropathy may be a dose-limiting effect, especially when combined with cisplatin; rarely causes proximal motor weakness.	Patients receiving taxol, with or without combination with cisplatin	250 mg/m²	Approximately 60% of patients receiving taxol at a dose of 250 mg/m² develop paraesthesias of the hands and feet. In some the symptoms do not progress, but sensory or sensorimotor peripheral neuropathy may be a dose-limiting effect, especially when taxol is combined with cisplatin. Rarely, taxol causes proximal motor weakness.
pass	The passage directly supports the proposed molecule-level label and category.		clintox_send_v2_gold_manual_review.v1	27117	clintox_send_v2:000027117	38329716	Futibatinib	C=CC(=O)N1CC[C@H](n2nc(C#Cc3cc(OC)cc(OC)c3)c3c(N)ncnc32)C1	C=CC(=O)N1CC[C@H](n2nc(C#Cc3cc(OC)cc(OC)c3)c3c(N)ncnc32)C1	ocular_toxicity	1	Retinal disorders leading to dose interruptions, dose reductions, and one discontinuation due to worsening grade 2 retinal detachment	Pooled safety analysis, 20-mg every day population of futibatinib	20 mg every day	Retinal disorders were managed through dose modifications. In the 20-mg every day population, dose interruptions occurred in 4 (1.3%) patients and dose reductions in 5 (1.6%) patients. With one exception, no patients had recurrent retinal issues after restarting futibatinib. One patient discontinued futibatinib 20 mg every day because of a worsening grade 2 retinal detachment.
pass	The passage directly supports the proposed molecule-level label and category.		clintox_send_v2_gold_manual_review.v1	122766	clintox_send_v2:000122766	2566617	Chloroquine	CCN(CC)CCCC(C)Nc1ccnc2cc(Cl)ccc12	CCN(CC)CCCC(C)Nc1ccnc2cc(Cl)ccc12	ocular_toxicity	1	Retinal toxicity (accumulation in macula) that can lead to blindness; treatment stopped if signs of retinal accumulation detected.	Antimalarial therapy, treatment for one year or longer	one year or longer of treatment	The one serious side effect of antimalarial therapy is retinal toxicity. Chloroquine and hydroxychloroquine tend to accumulate in the macula and can lead to blindness. The risk of retinal toxicity is very low—it probably occurs in less than 1% of patients treated for one year or longer. If signs of drug accumulation in the retina are detected, treatment must be stopped.
fail	The claimed outcome cannot be attributed to this molecule separately from a combination or comparator.	combination_or_comparator_confounded	clintox_send_v2_gold_manual_review.v1	573320	clintox_send_v2:000573320	8785256	clarithromycin	CC[C@H]1OC(=O)[C@H](C)[C@@H](O[C@H]2C[C@@](C)(OC)[C@@H](O)[C@H](C)O2)[C@H](C)[C@@H](O[C@@H]2O[C@H](C)C[C@H](N(C)C)[C@H]2O)[C@](C)(OC)C[C@@H](C)C(=O)[C@H](C)[C@@H](O)[C@]1(C)O	CC[C@H]1OC(=O)[C@H](C)[C@@H](O[C@H]2C[C@@](C)(OC)[C@@H](O)[C@H](C)O2)[C@H](C)[C@@H](O[C@@H]2O[C@H](C)C[C@H](N(C)C)[C@H]2O)[C@](C)(OC)C[C@@H](C)C(=O)[C@H](C)[C@@H](O)[C@]1(C)O	ocular_toxicity	1	Uveitis developed in MAC treatment trials and in prophylaxis settings	Mycobacterium avium complex treatment trials and prophylaxis of MAC infection in HIV/AIDS patients		In the MAC treatment trials with clarithromycin, the median time to onset of uveitis was ~2 months. In the AIDS Clinical Trials Group trial of prophylaxis with clarithromycin alone, rifabutin alone, or in combination, the time to onset was also ~2 months.
pass	The passage directly supports the proposed molecule-level label and category.		clintox_send_v2_gold_manual_review.v1	455831	clintox_send_v2:000455831	4933547	Indomethacin	COc1ccc2c(c1)c(CC(=O)O)c(C)n2C(=O)c1ccc(Cl)cc1	COc1ccc2c(c1)c(CC(=O)O)c(C)n2C(=O)c1ccc(Cl)cc1	ocular_toxicity	1	Retinal lesions observed in 15 of 34 patients on long-term therapy, consisting of pigmentary disturbance, atrophy, and edema in the macula often with a corresponding central scotoma; in some cases a diffuse retinal disturbance with granular fundus, waxy disc, depressed electroretinogram, and constricted visual field. Reversal occurred in 1 patient within days of discontinuing therapy, while in another with more severe damage a field defect persisted.	Long-term indomethacin therapy for symptomatic treatment of rheumatoid arthritis, osteoarthritis, and gout	Dosages as high as 200 mg per day	In a single study, retinal lesions similar to those produced by chloroquine were observed in 15 out of 34 patients examined on long-term indomethacin therapy. These consisted of pigmentary disturbance, atrophy, and edema in the macula, often with a corresponding central scotoma; in some cases a diffuse retinal disturbance was present, characterized by a granular appearance of the fundus, waxy disc, depressed electroretinogram, and constricted visual field.
pass	The passage directly supports the proposed molecule-level label and category.		clintox_send_v2_gold_manual_review.v1	149080	clintox_send_v2:000149080	1566737	didanosine	O=c1nc[nH]c2c1ncn2[C@H]1CC[C@@H](CO)O1	O=c1nc[nH]c2c1ncn2[C@H]1CC[C@@H](CO)O1	ocular_toxicity	1	Retinal depigmentation in 4 children; recommended monitoring with dilated retinal examination every six months or upon vision change	Clinical studies in children; doses higher than currently recommended	Doses higher than currently recommended	Four children in clinical studies of didanosine experienced retinal depigmentation with doses of the drug that are higher than those currently recommended. It is suggested that children treated with didanosine undergo dilated retinal examination every six months or if a change in vision occurs.
pass	The passage directly supports the proposed molecule-level label and category.		clintox_send_v2_gold_manual_review.v1	447168	clintox_send_v2:000447168	16282850	Citalopram	CN(C)CCCC1(c2ccc(F)cc2)OCc2cc(C#N)ccc21	CN(C)CCCC1(c2ccc(F)cc2)OCc2cc(C#N)ccc21	ocular_toxicity	1	Developed incapacitating binocular diplopia after citalopram ingestion; accompanied by diarrhea and memory complaints	28-year-old man with nonpsychotic major depressive disorder treated in a clinic; citalopram monotherapy	20 mg/d in the morning	Citalopram, 20 mg/d in the morning, was prescribed to a 28-year-old man with major depressive disorder. After 12 days, incapacitating diplopia appeared, accompanied by diarrhea and memory complaints. The patient described seeing everything in duplicate and reported the symptom was eliminated when closing one eye.
pass	The passage directly supports the proposed molecule-level label and category.		clintox_send_v2_gold_manual_review.v1	579161	clintox_send_v2:000579161	23094782	vemurafenib	CCCS(=O)(=O)Nc1ccc(F)c(C(=O)c2c[nH]c3ncc(-c4ccc(Cl)cc4)cc23)c1F	CCCS(=O)(=O)Nc1ccc(F)c(C(=O)c2c[nH]c3ncc(-c4ccc(Cl)cc4)cc23)c1F	ocular_toxicity	1	Uveitis reported in patients treated with vemurafenib therapy	Patients treated with vemurafenib therapy		Uveitis has been reported in patients treated with vemurafenib therapy. Treatment with steroid and mydriatic ophthalmic drops may be required, and patients should be routinely monitored for signs and symptoms of uveitis.
pass	The passage directly supports the proposed molecule-level label and category.		clintox_send_v2_gold_manual_review.v1	267046	clintox_send_v2:000267046	27556890	clonazepam	O=C1CN=C(c2ccccc2Cl)c2cc([N+](=O)[O-])ccc2N1	O=C1CN=C(c2ccccc2Cl)c2cc([N+](=O)[O-])ccc2N1	ocular_toxicity	1	Increased risk of cataract associated with long-term use	Retrospective cohort study; 185,702 cataract cases and matched controls	Long-term use (≥ 25 prescriptions)	In a retrospective cohort of 185,702 cataract cases and matched controls, long-term use (≥ 25 prescriptions) of clonazepam was statistically significantly associated with an increased risk of cataract (adj. OR 1.32, 95% CI 1.02-1.70). The study concluded several antiepileptic drugs appear to be associated with cataract development.
pass	The passage directly supports the proposed molecule-level label and category.		clintox_send_v2_gold_manual_review.v1	306473	clintox_send_v2:000306473	14287885	Chloroquine	CCN(CC)CCCC(C)Nc1ccnc2cc(Cl)ccc12	CCN(CC)CCCC(C)Nc1ccnc2cc(Cl)ccc12	ocular_toxicity	1	Scotoma	Review of drug-induced diseases; human cases		The review lists 'scotoma after chloroquin' among examples of untoward drug reactions in humans.
pass	The passage directly supports the proposed molecule-level label and category.		clintox_send_v2_gold_manual_review.v1	404799	clintox_send_v2:000404799	15367726	vigabatrin	C=CC(N)CCC(=O)O	C=CC(N)CCC(=O)O	ocular_toxicity	1	Treatment can result in severe visual disorders	Patients receiving newer AEDs; relevant to monitoring optic nerve conduction with visually evoked potentials		In the context of evaluating optic nerve conduction with visually evoked potentials in patients receiving newer AEDs, the authors note that some evidence shows that vigabatrin treatment can result in severe visual disorders, citing the importance of such evaluation.
pass	The passage directly supports the proposed molecule-level label and category.		clintox_send_v2_gold_manual_review.v1	266183	clintox_send_v2:000266183	30368792	Vigabatrin	C=CC(N)CCC(=O)O	C=CC(N)CCC(=O)O	ocular_toxicity	1	Progressive and irreversible visual loss (retinal impairment) reported in vigabatrin-treated individuals, which limited use of the drug	Human use for treatment of selected forms of epilepsy via GABA transaminase inhibition		Inhibition of GABA catabolism by vigabatrin through inactivation of GABA transaminase has proven effective in selected forms of epilepsy, although progressive and irreversible visual loss in a substantial proportion of vigabatrin-treated individuals has limited the use of this compound and diminished interest in GABA-T as a target. OV329 is being developed as a new inactivator of GABA-T with increased potency and the potential for reduced risk of retinal impairment compared to vigabatrin.
pass	The passage directly supports the proposed molecule-level label and category.		clintox_send_v2_gold_manual_review.v1	14457	clintox_send_v2:000014457	17158031	Vigabatrin	C=CC(N)CCC(=O)O	C=CC(N)CCC(=O)O	ocular_toxicity	1	Visual toxicity was a reason for drug withdrawal	10-year retention audit in a refractory epilepsy pediatric population (N=250)		McDonald et al. (2005) reported an audit on 10-year retention rates in a refractory epilepsy pediatric population (N=250). The main reasons for withdrawal were lack of efficacy and visual toxicity for VGB, apparent worsening of seizures for GBP, and development of rash for LTG.
pass	The passage directly supports the proposed molecule-level label and category.		clintox_send_v2_gold_manual_review.v1	466412	clintox_send_v2:000466412	36817137	Clofazimine	CC(C)N=c1cc2n(-c3ccc(Cl)cc3)c3ccccc3nc-2cc1Nc1ccc(Cl)cc1	CC(C)N=c1cc2n(-c3ccc(Cl)cc3)c3ccccc3nc-2cc1Nc1ccc(Cl)cc1	ocular_toxicity	1	Brownish discoloration with crystalline deposits affecting conjunctiva, cornea and lacrimal fluid; package insert warning of dimness of vision, burning and itching of the eyes; associated with retinal degeneration (cytomegalovirus not excluded as contributing cause in advanced HIV patients); most eye changes improve over months after stopping clofazimine	Human clinical reports; ocular complications associated with higher doses for anti-inflammatory indications or very prolonged treatment in leprosy patients; eye discolouration frequently asymptomatic; retinal degeneration in patients with advanced HIV disease		Multiple reports exist of brownish discoloration with crystalline deposits affecting the conjunctiva, cornea, and lacrimal fluid of patients. Clofazimine's package insert includes a warning of associated dimness of vision, burning, and itching of eyes, though in many cases eye discolouration appears asymptomatic. Clofazimine has been associated with retinal degeneration, though cytomegalovirus could not be excluded as a contributing cause in patients with advanced HIV disease. Ocular complications tend to be associated with higher doses for anti-inflammatory indications or very prolonged treatment in leprosy patients, and most eye changes improve over months once clofazimine is stopped.
pass	The passage directly supports the proposed molecule-level label and category.		clintox_send_v2_gold_manual_review.v1	455806	clintox_send_v2:000455806	4933547	Chloroquine	CCN(CC)CCCC(C)Nc1ccnc2cc(Cl)ccc12	CCN(CC)CCCC(C)Nc1ccnc2cc(Cl)ccc12	ocular_toxicity	1	Significant elevation of perifoveal retinal threshold when total chloroquine dosage exceeds 100 gm, reversible on drug discontinuation; 4 of 10 patients had fundus changes (macular mottling or increased granularity, loss of foveal reflex, paramacular pigment atrophy); retinal effect suggested in all patients after 1 year on 250 mg daily but not overt retinal damage.	Patients on long-term daily chloroquine therapy; dark adaptation and retinal light threshold testing, fundus examination	Total dosage exceeding 100 gm (equivalent of 250 mg daily) for 1 year; daily dosage of 250 mg for 1 year	A close relationship is found between the total dosage of chloroquine and the perifoveal retinal threshold when red and blue filters separate rod and cone response, with a significant elevation occurring when the total dosage exceeds 100 gm (the equivalent of 250 mg daily) for 1 year. These changes are reversible when the drug is discontinued. Four of 10 patients studied had some fundus change, such as macular mottling or increased granularity, loss of the foveal reflex, or paramacular pigment atrophy. These alterations suggest some retinal effect on all patients after 1 year on a daily dosage of 250 mg of chloroquine, but not overt retinal damage.
fail	The supplied fields do not support molecule-specific causal attribution.	insufficient_attribution	clintox_send_v2_gold_manual_review.v1	231329	clintox_send_v2:000231329	34995417	GSK3640254	C=C(C)[C@@H]1CC[C@]2(NCCN3CCS(=O)(=O)CC3)CC[C@]3(C)[C@H](CC[C@@H]4[C@@]5(C)CC=C(C6=CC[C@@](CF)(C(=O)O)CC6)C(C)(C)[C@@H]5CC[C@]43C)[C@@H]12	C=C(C)[C@@H]1CC[C@]2(NCCN3CCS(=O)(=O)CC3)CC[C@]3(C)[C@H](CC[C@@H]4[C@@]5(C)CC=C(C6=CC[C@@](CF)(C(=O)O)CC6)C(C)(C)[C@@H]5CC[C@]43C)[C@@H]12	ocular_toxicity	1	1 (6%) participant experienced an adverse event of mild eye irritation after administration of the tablet formulation; event assessed as not related to study treatment by the investigator. No adverse events were reported after the capsule formulation.	Human phase 1 pharmacokinetic study (part 1) in healthy volunteers; tablet formulation compared with capsule formulation	200 mg tablet	In part 1, 1 (6%) participant experienced an adverse event of mild eye irritation after administration of the GSK3640254 tablet formulation. This event was assessed as not related to the study treatment by the investigator. No adverse events were reported after administration of the GSK3640254 capsule formulation.
pass	The passage directly supports the proposed molecule-level label and category.		clintox_send_v2_gold_manual_review.v1	425558	clintox_send_v2:000425558	26844734	Vigabatrin	C=CC(N)CCC(=O)O	C=CC(N)CCC(=O)O	ocular_toxicity	1	Irreversible visual field constriction associated with long-term use	Long-term antiseizure therapy	Long-term use	Long-term vigabatrin use may be associated with irreversible visual field constriction; hence, it should only be continued if it produces a remarkable improvement in seizure control.
pass	The passage directly supports the proposed molecule-level label and category.		clintox_send_v2_gold_manual_review.v1	492170	clintox_send_v2:000492170	39267976	Ciprofloxacin	O=C(O)c1cn(C2CC2)c2cc(N3CCNCC3)c(F)cc2c1=O	O=C(O)c1cn(C2CC2)c2cc(N3CCNCC3)c(F)cc2c1=O	ocular_toxicity	1	Ciprofloxacin was associated with eye pain in the preschool group within the eye disorders system organ class.	Pharmacovigilance data-mining (FAERS) disproportionality analysis; eye disorders SOC, preschool group.		For eye disorders, in the preschool group ciprofloxacin had eye pain as the primary PT (ROR 47.79).
pass	The passage directly supports the proposed molecule-level label and category.		clintox_send_v2_gold_manual_review.v1	519545	clintox_send_v2:000519545	140848	Broxyquinoline	Oc1c(Br)cc(Br)c2cccnc12	Oc1c(Br)cc(Br)c2cccnc12	ocular_toxicity	1	One reported case of optic atrophy progressing to blindness following high doses of Broxyquin	Human clinical case report	high doses (unspecified)	One case of optic atrophy progressing to blindness has been reported following high doses of Broxyquin.
pass	The passage directly supports the proposed molecule-level label and category.		clintox_send_v2_gold_manual_review.v1	354012	clintox_send_v2:000354012	16716122	Voriconazole	C[C@@H](c1ncncc1F)[C@](O)(Cn1cncn1)c1ccc(F)cc1F	C[C@@H](c1ncncc1F)[C@](O)(Cn1cncn1)c1ccc(F)cc1F	ocular_toxicity	1	Visual changes (transient, did not cause treatment discontinuation); hallucinations; fewer severe infusion-related reactions and fewer nephrotoxicity cases than liposomal amphotericin B	Open-label prospective randomized multicenter trial, 837 patients with persistent febrile neutropenia, empiric antifungal therapy (voriconazole n=415)		Compared with liposomal amphotericin B, voriconazole was associated with fewer severe infusion-related reactions (p<0.01) and fewer cases of nephrotoxicity (p<0.001). Patients receiving voriconazole had more visual changes (22% vs 1%, p<0.001) and more hallucinations (4.3% vs 0.5%, p<0.001) than those receiving liposomal amphotericin B. The visual changes were transient and did not cause discontinuation of therapy.
pass	The passage directly supports the proposed molecule-level label and category.		clintox_send_v2_gold_manual_review.v1	552148	clintox_send_v2:000552148	25498356	Tacrolimus	C=CC[C@@H]1/C=C(\C)C[C@H](C)C[C@H](OC)[C@H]2O[C@@](O)(C(=O)C(=O)N3CCCC[C@H]3C(=O)O[C@H](/C(C)=C/[C@@H]3CC[C@@H](O)[C@H](OC)C3)[C@H](C)[C@@H](O)CC1=O)[C@H](C)C[C@@H]2OC	C=CC[C@@H]1/C=C(\C)C[C@H](C)C[C@H](OC)[C@H]2O[C@@](O)(C(=O)C(=O)N3CCCC[C@H]3C(=O)O[C@H](/C(C)=C/[C@@H]3CC[C@@H](O)[C@H](OC)C3)[C@H](C)[C@@H](O)CC1=O)[C@H](C)C[C@@H]2OC	ocular_toxicity	1	Blurred vision and burning sensation of the eyelids and conjunctiva in 5 of 13 patients; tolerable and did not require treatment cessation. No corneal deposits, drug-induced conjunctival hyperemia, ocular surface staining, or other adverse changes; no suspected infections or new adverse changes related to topical tacrolimus were reported. In a separate safety observation, intraocular pressure significantly decreased after switching from topical steroid to tacrolimus ointment and was maintained within the normal range during follow-up in all patients.	Topical tacrolimus ointment in patients with chronic ocular graft-versus-host disease after stem cell transplantation, maintained ~6-20 months (mean 12.2 ± 4.4 months); adverse events assessed over 2-8 weeks onward		The only specific adverse events related to tacrolimus ointment were blurred vision and a burning sensation of the eyelids and conjunctiva, occurring in 5 of 13 patients (38.5%); these were tolerable and did not require treatment cessation. None of the patients developed other suspected infections during the follow-up period, and no corneal deposits, drug-induced conjunctival hyperemia, ocular surface staining, or other adverse changes related to topical tacrolimus use were noted.
fail	The passage reports a null, reduced-risk, or opposite-direction finding.	wrong_outcome_direction	clintox_send_v2_gold_manual_review.v1	365632	clintox_send_v2:000365632	30246878	Sitagliptin	N[C@@H](CC(=O)N1CCn2c(nnc2C(F)(F)F)C1)Cc1cc(F)c(F)cc1F	N[C@@H](CC(=O)N1CCn2c(nnc2C(F)(F)F)C1)Cc1cc(F)c(F)cc1F	ocular_toxicity	1	Worsening of retinopathy compared to placebo	People with an eGFR of 30 to < 60 mL/min/1.73 m² (TECOS 2013)		TECOS 2013 reported worsening of retinopathy (3324 participants). In people with an eGFR of 30 to < 60 mL/min/1.73 m², sitagliptin was reported to have had little or no effect on the risk of retinopathy compared to placebo (RR 0.84, 95% CI 0.62 to 1.14; P = 0.27).
pass	The passage directly supports the proposed molecule-level label and category.		clintox_send_v2_gold_manual_review.v1	366010	clintox_send_v2:000366010	15853502	Topiramate	CC1(C)O[C@@H]2[C@@H](CO[C@@]3(COS(N)(=O)=O)OC(C)(C)O[C@@H]23)O1	CC1(C)O[C@@H]2[C@@H](CO[C@@]3(COS(N)(=O)=O)OC(C)(C)O[C@@H]23)O1	ocular_toxicity	1	Acute myopia and secondary angle-closure glaucoma (acute but rare adverse events) marked by acute onset of visual blurring and/or ocular pain, with bilateral findings of myopia, conjunctival hyperemia, shallowing of the anterior chamber and increased intraocular pressure; the syndrome completely resolved upon discontinuation of topiramate	Confirmed acute myopia and secondary angle-closure glaucoma syndrome in humans; resolved on drug discontinuation		Several acute, but rare, adverse events are associated with topiramate. Acute myopia and secondary angle-closure glaucoma have been confirmed in 57 individuals out of 1.9 million exposures. This syndrome is marked by acute onset of visual blurring and/or ocular pain. Bilateral ophthalmologic findings include myopia, conjunctival hyperemia, shallowing of the anterior chamber and increased intraocular pressure. This syndrome is completely resolved upon discontinuation of topiramate.
pass	The passage directly supports the proposed molecule-level label and category.		clintox_send_v2_gold_manual_review.v1	99969	clintox_send_v2:000099969	39671370	Miltefosine	CCCCCCCCCCCCCCCCOP(=O)([O-])OCC[N+](C)(C)C	CCCCCCCCCCCCCCCCOP(=O)([O-])OCC[N+](C)(C)C	ocular_toxicity	1	Ocular adverse events: visual changes (blurred vision/reduced visual acuity), ocular irritation, conjunctivitis; mild and intermittent, resolved without specific treatment in most cases; no new specific ocular conditions confirmed on ophthalmological evaluation	Patients with cutaneous leishmaniasis treated with miltefosine		Ocular issues were reported by five patients (3.2%) during miltefosine use, including visual changes (blurred vision or reduced visual acuity) and three cases of ocular irritation. One patient developed conjunctivitis with increased ocular irritation and secretion. In all cases, the ocular manifestation was mild and intermittent during treatment; ophthalmological evaluation confirmed no new specific ocular conditions.
pass	The passage directly supports the proposed molecule-level label and category.		clintox_send_v2_gold_manual_review.v1	535601	clintox_send_v2:000535601	25285186	Alvespimycin	CO[C@H]1/C=C\C=C(/C)C(=O)NC2=CC(=O)C(NCCN(C)C)=C(C[C@@H](C)C[C@H](OC)[C@H](O)[C@@H](C)/C=C(\C)[C@@H]1OC(N)=O)C2=O	CO[C@H]1/C=C\C=C(/C)C(=O)NC2=CC(=O)C(NCCN(C)C)=C(C[C@@H](C)C[C@H](OC)[C@H](O)[C@@H](C)/C=C(\C)[C@@H]1OC(N)=O)C2=O	ocular_toxicity	1	Concerns regarding ocular toxicity precluded further clinical development.	Phase I trial combined with trastuzumab in patients with HER2-positive MBC		A phase I trial of alvespimycin combined with trastuzumab in patients with HER2-positive MBC noted an ORR of 6.25% and SD of 18.75%; however, concerns regarding ocular toxicity precluded further clinical development.
pass	The passage directly supports the proposed molecule-level label and category.		clintox_send_v2_gold_manual_review.v1	470494	clintox_send_v2:000470494	21516509	GSK1120212	CC(=O)Nc1cccc(-n2c(=O)n(C3CC3)c(=O)c3c(Nc4ccc(I)cc4F)n(C)c(=O)c(C)c32)c1.CS(C)=O	CC(=O)Nc1cccc(-n2c(=O)n(C3CC3)c(=O)c3c(Nc4ccc(I)cc4F)n(C)c(=O)c(C)c32)c1	ocular_toxicity	1	Central serous retinopathy as a dose-limiting toxicity; diarrhea, rash/skin reactions, nausea, and asthenia/fatigue	Phase I studies of the oral MEK1/2 inhibitor GSK1120212		Central serous retinopathy was a dose-limiting toxicity in a phase I study of GSK1120212; diarrhea, rash/skin reactions, nausea, and asthenia/fatigue were also commonly reported in phase I studies of the oral MEK1/2 inhibitor GSK1120212.
pass	The passage directly supports the proposed molecule-level label and category.		clintox_send_v2_gold_manual_review.v1	376374	clintox_send_v2:000376374	8803910	Hydroxychloroquine	CCN(CCO)CCCC(C)Nc1ccnc2cc(Cl)ccc12	CCN(CCO)CCCC(C)Nc1ccnc2cc(Cl)ccc12	ocular_toxicity	1	Retinopathy (retinal disease), the most serious ocular side effect, rarely encountered in hydroxychloroquine-treated patients	Ocular side effects in patients treated with hydroxychloroquine		Among the ocular side effects of chloroquine and hydroxychloroquine, retinal disease (retinopathy) is the most serious, and this side effect is rarely encountered in patients treated with hydroxychloroquine.
pass	The passage directly supports the proposed molecule-level label and category.		clintox_send_v2_gold_manual_review.v1	557832	clintox_send_v2:000557832	30042604	Chloroquine	CCN(CC)CCCC(C)Nc1ccnc2cc(Cl)ccc12	CCN(CC)CCCC(C)Nc1ccnc2cc(Cl)ccc12	ocular_toxicity	1	Corneal deposits (ophthalmic adverse reaction); not a contraindication to continued treatment and usually resolve 1.5–2 months after stopping	Ophthalmic adverse reaction in antimalarial clinical use		Corneal deposits are the most frequent ophthalmic adverse reactions. This side-effect is rare with HCQ at a dose of 400 mg/day and a little more common with CQ. Corneal deposits are not a contraindication to continued treatment and usually resolve 1.5–2 months after treatment is stopped.
fail	The event is not distinguishable from disease or other background risk.	background_event_not_attributed	clintox_send_v2_gold_manual_review.v1	122260	clintox_send_v2:000122260	8431969	Deferoxamine	CC(=O)N(O)CCCCCNC(=O)CCC(=O)N(O)CCCCCNC(=O)CCC(=O)N(O)CCCCCN	CC(=O)N(O)CCCCCNC(=O)CCC(=O)N(O)CCCCCNC(=O)CCC(=O)N(O)CCCCCN	ocular_toxicity	1	Clinical ocular toxicity (acute DFO maculopathy involving the macular retinal pigment epithelium, with xanthopsia and color-perception imbalance) and severe phlebitis observed in treated patients	Patients treated with DFO, in combination with a cytostatic, radical-generating regimen (doxorubicin-containing CHOP regimen); ocular toxicity observed in the human clinical setting	High-dose DFO treatment associated with RPE changes; stated that toxicity did not appear related to the prescribed DFO dose	Although responses to the treatment were observed, ocular toxicity and severe phlebitis posed a significant problem. The ocular toxicity (acute DFO maculopathy) clearly occurred at the macular retinal pigment epithelium (RPE) level, demonstrated by fluorescein angiography (patient G) and light microscopy documenting RPE changes after high-dose DFO treatment. The authors suggest the ocular toxicity of DFO seems to be related to the underlying disease and/or concomitant treatment rather than to the prescribed DFO dose.
pass	The passage directly supports the proposed molecule-level label and category.		clintox_send_v2_gold_manual_review.v1	284546	clintox_send_v2:000284546	38966544	Tamoxifen	CC/C(=C(\c1ccccc1)c1ccc(OCCN(C)C)cc1)c1ccccc1	CC/C(=C(\c1ccccc1)c1ccc(OCCN(C)C)cc1)c1ccccc1	ocular_toxicity	1	Retinopathy	Antitumor drug use		The authors note that many antitumor drugs can induce ocular toxicity, and that mitotane and tamoxifen can induce retinopathy.
pass	The passage directly supports the proposed molecule-level label and category.		clintox_send_v2_gold_manual_review.v1	447763	clintox_send_v2:000447763	5483902	Ethambutol	CC[C@@H](CO)NCCN[C@@H](CC)CO	CC[C@@H](CO)NCCN[C@@H](CC)CO	ocular_toxicity	1	Ocular toxicity was less frequent and less severe when the drug was given as the dextrorotatory isomer compared with the racemic form.	Treatment of tuberculosis in clinical use by the cited authors.		Bobrowitz et al. [1963], Place et Thomas [1963], Corpe et al. [1964], and Pule et al. [1964], who employed the dextrorotatory isomer of the substance (ethambutol), demonstrated that in this form the drug was more effective against tuberculosis but also that its ocular toxicity was less frequent and less grave than in its racemic form.
fail	The clinical entity is a formulation, mixture, conjugate, or other entity not represented by the supplied parent structure.	formulation_or_entity_mismatch	clintox_send_v2_gold_manual_review.v1	62714	clintox_send_v2:000062714	21595611	Paclitaxel	CC(=O)O[C@H]1C(=O)[C@@]2(C)[C@H]([C@H](OC(=O)c3ccccc3)[C@]3(O)C[C@H](OC(=O)[C@H](O)[C@@H](NC(=O)c4ccccc4)c4ccccc4)C(C)=C1C3(C)C)[C@]1(OC(C)=O)CO[C@@H]1C[C@@H]2O	CC(=O)O[C@H]1C(=O)[C@@]2(C)[C@H]([C@H](OC(=O)c3ccccc3)[C@]3(O)C[C@H](OC(=O)[C@H](O)[C@@H](NC(=O)c4ccccc4)c4ccccc4)C(C)=C1C3(C)C)[C@]1(OC(C)=O)CO[C@@H]1C[C@@H]2O	other	1	Anaphylactic reactions frequently reported during clinical trials; hypersensitivity to its polyoxyethylated castor oil formulation reported at high rates despite prophylactic premedications with corticosteroids plus H-1 and H-2 antagonists	Antineoplastic use for breast cancer, non-small cell lung cancer, prostate cancer, gastric adenocarcinoma, head and neck cancer; intravenous administration; clinical trials	Each mL of undiluted paclitaxel solution contains 6 mg paclitaxel, 527 mg polyoxyethylated castor oil and 49.7% (v/v) dehydrated alcohol, USP	Paclitaxel is a taxane product approved by the FDA for breast cancer. Anaphylactic reactions (ARs) were frequently reported with paclitaxel during clinical trials. Paclitaxel prescribing recommendations specify prophylactic premedications of corticosteroids, diphenhydramine and H-2 receptor antagonists to decrease the occurrences of ARs.
pass	The passage directly supports the proposed molecule-level label and category.		clintox_send_v2_gold_manual_review.v1	162383	clintox_send_v2:000162383	22896776	Amiodarone	CCCCc1oc2ccccc2c1C(=O)c1cc(I)c(OCCN(CC)CC)c(I)c1	CCCCc1oc2ccccc2c1C(=O)c1cc(I)c(OCCN(CC)CC)c(I)c1	other	1	Causes drug-induced interstitial lung disease (DILD) with a characteristic histopathological pattern of involvement enabling recognition of the drug etiology	Review of histological findings in drug-induced interstitial lung disease (DILD)		In the discussion of histological findings in drug-induced interstitial lung disease (DILD), the authors note that a limited number of drugs, e.g. amiodarone, produce a characteristic histopathological pattern of involvement that enables almost instant recognition of the drug etiology (Table 2).
fail	The claimed outcome cannot be attributed to this molecule separately from a combination or comparator.	combination_or_comparator_confounded	clintox_send_v2_gold_manual_review.v1	218701	clintox_send_v2:000218701	26687958	romidepsin	C/C=C1\NC(=O)[C@H]2CSSCC/C=C/[C@H](CC(=O)N[C@H](C(C)C)C(=O)N2)OC(=O)[C@H](C(C)C)NC1=O	C/C=C1\NC(=O)[C@H]2CSSCC/C=C/[C@H](CC(=O)N[C@H](C(C)C)C(=O)N2)OC(=O)[C@H](C(C)C)NC1=O	other	1	Dose-limiting toxicities: syncope without sequelae; grade 3/4 neutropenia; hyponatraemia and hypophosphataemia (not regarded as related to romidepsin); grade 3 pulmonary oedema; vomiting (possibly related to doxorubicin or cyclophosphamide).	Phase 1b dose-escalation cohort, romidepsin combined with CHOP chemotherapy in peripheral T-cell lymphoma patients	Romidepsin 8, 10, or 12 mg/m² given on days 1 and 8	Table 2 reports the dose-limiting toxicities in the dose-escalation cohort of romidepsin plus CHOP. At 10 mg/m², one patient had syncope without sequelae after cycle 1; two patients had grade 3 neutropenia lasting >7 days during cycle 1 and a grade 4 neutropenia lasting >3 days during cycle 2; and one patient had hyponatraemia and hypophosphataemia during cycle 1, not regarded as related to romidepsin. At 12 mg/m², one patient had grade 3 pulmonary oedema after day 1 of cycle 1 and two patients vomited during cycle 2, neither of whom received anti-emetics, so the vomiting could have been related to doxorubicin or cyclophosphamide.
pass	The passage directly supports the proposed molecule-level label and category.		clintox_send_v2_gold_manual_review.v1	414899	clintox_send_v2:000414899	9917966	aspirin	CC(=O)Oc1ccccc1C(=O)O	CC(=O)Oc1ccccc1C(=O)O	other	1	Noncardiogenic pulmonary edema	Antirheumatic drug use; aspirin overdose setting	Overdose	Noncardiogenic pulmonary edema caused by antirheumatic drugs is most commonly associated with an aspirin overdose. In this setting it is not clear whether the mechanism involves inhibition of cyclooxygenase and overproduction of leukotrienes or a central effect on the medullary respiratory center inducing pulmonary capillary endothelial permeability.
pass	The passage directly supports the proposed molecule-level label and category.		clintox_send_v2_gold_manual_review.v1	511152	clintox_send_v2:000511152	11422077	Lansoprazole	Cc1c(OCC(F)(F)F)ccnc1CS(=O)c1nc2ccccc2[nH]1	Cc1c(OCC(F)(F)F)ccnc1C[S+]([O-])c1nc2ccccc2[nH]1	other	1	Transient yellowish discoloured hairy tongue (tongue discoloration) attributed to lansoprazole, which resolved after treatment was stopped	Human patient (40-year-old male) treated for gastro-oesophageal reflux; no other drugs or tobacco/betel use	Lansoprazole 15 mg capsules daily for 8 weeks	A 40-year-old male with gastro-oesophageal reflux, otherwise clear medical history and no regular drug use, presented with a discoloured tongue after a month of lansoprazole 15 mg capsules daily. The only oral abnormality was a yellowish discoloured somewhat hairy tongue on the posterior dorsum. Salivary flow was normal, and the discoloration was attributed to lansoprazole; the tongue returned to normal appearance by 2 weeks after the end of the 8-week lansoprazole course.
pass	The passage directly supports the proposed molecule-level label and category.		clintox_send_v2_gold_manual_review.v1	250687	clintox_send_v2:000250687	21192166	Levomepromazine	COc1ccc2c(c1)N(C[C@H](C)CN(C)C)c1ccccc1S2	COc1ccc2c(c1)N(C[C@H](C)CN(C)C)c1ccccc1S2	other	1	Has been shown to induce stuttering in adults (adverse event)	Adult patients treated with the antipsychotic drug levomepromazine		Levomepromazine, an antipsychotic drug characterized by a 5:1 ratio affinity to 5-HT2A/D2, has been shown to induce stuttering in adults.
pass	The passage directly supports the proposed molecule-level label and category.		clintox_send_v2_gold_manual_review.v1	457497	clintox_send_v2:000457497	378645	Buprenorphine	CO[C@]12CC[C@@]3(C[C@@H]1[C@](C)(O)C(C)(C)C)[C@H]1Cc4ccc(O)c5c4[C@@]3(CCN1CC1CC1)[C@H]2O5	CO[C@]12CC[C@@]3(C[C@@H]1[C@](C)(O)C(C)(C)C)[C@H]1Cc4ccc(O)c5c4[C@@]3(CCN1CC1CC1)[C@H]2O5	other	1	In a direct addiction study, very high doses produced a very slowly emerging abstinence syndrome upon withdrawal, indicating dependence liability; definitive statements on dependence liability cannot yet be made until the drug is used much more widely, particularly in chronic pain patients receiving repeated doses over an extended period.	Direct addiction study in 5 volunteers	8 mg daily intramuscular for 1 to 2 months	In a single direct addiction study in 5 volunteers, very high (8 mg daily) intramuscular doses of buprenorphine administered for 1 to 2 months produced a very slowly emerging abstinence syndrome on withdrawal. Thus, while results to date are encouraging, definitive statements on the dependence liability of the drug cannot be made until it has been much more widely used, particularly in patients with chronic pain receiving repeated doses over an extended time period.
pass	The passage directly supports the proposed molecule-level label and category.		clintox_send_v2_gold_manual_review.v1	124006	clintox_send_v2:000124006	25924602	Cisplatin	[NH3]->[Pt](<-[NH3])([Cl])[Cl]	N	other	1	ototoxicity; peripheral neuropathy; myelosuppression; nephrotoxicity	Platinum-based chemotherapy for gynecological cancers including ovarian cancer		In platinum-based chemotherapy, among the most commonly associated side effects, the most common with cisplatin treatment are ototoxicity (23–50%), peripheral neuropathy (60%), myelosuppression (<5%), and nephrotoxicity (20–41%). Cisplatin and paclitaxel had proven superior in progression-free and overall survival to cisplatin and cyclophosphamide but the carboplatin/paclitaxel combination led to similar outcomes with less toxicity.
fail	The clinical entity is a formulation, mixture, conjugate, or other entity not represented by the supplied parent structure.	formulation_or_entity_mismatch	clintox_send_v2_gold_manual_review.v1	224431	clintox_send_v2:000224431	26939533	Progesterone	CC(=O)[C@H]1CC[C@H]2[C@@H]3CCC4=CC(=O)CC[C@]4(C)[C@H]3CC[C@]12C	CC(=O)[C@H]1CC[C@H]2[C@@H]3CCC4=CC(=O)CC[C@]4(C)[C@H]3CC[C@]12C	other	1	Injection site reactions (injection site bruising, inflammation, oedema, and injection site pain) were the most common adverse events, with the majority reported as mild; adverse events overall occurred with similar frequency in the Prolutex and Crinone groups.	Randomized non-inferiority clinical trial for luteal phase support in patients undergoing assisted reproductive technology (ART); Prolutex (progesterone/HPβCD) 25 mg/day subcutaneously vs Crinone gel 90 mg/day; 683 patients randomized (339 vs 344).	25 mg/day subcutaneously	In a non-inferiority trial of Prolutex® (progesterone/HPβCD, 25 mg/day subcutaneously, n=339) versus Crinone® (progesterone gel 90 mg/day, n=344) for luteal phase support in 683 ART patients, adverse events occurred with similar frequency in each group. The most common adverse events in the Prolutex® group were injection site reactions (injection site bruising, inflammation, oedema, and injection site pain), with the majority reported as mild.
pass	The passage directly supports the proposed molecule-level label and category.		clintox_send_v2_gold_manual_review.v1	93643	clintox_send_v2:000093643	26420017	Fentanyl	CCC(=O)N(c1ccccc1)C1CCN(CCc2ccccc2)CC1	CCC(=O)N(c1ccccc1)C1CCN(CCc2ccccc2)CC1	other	1	Risk of drug dependency (opioid dependence/withdrawal) with cumulative exposure	Neonates exposed to cumulative opioids; AAP recommendation for initiating weaning protocols	cumulative fentanyl >2 mg/kg or >7 days	According to the American Academy of Pediatrics, clinical units should establish a threshold of cumulative opioid and benzodiazepine exposure above which drug dependency can be expected; for example, a threshold at a cumulative fentanyl exposure of more than 2 mg/kg or below/above 7 days would predict a likelihood of dependency of more than 50% but less than 100%, justifying a weaning protocol.
pass	The passage directly supports the proposed molecule-level label and category.		clintox_send_v2_gold_manual_review.v1	456729	clintox_send_v2:000456729	21412841	Levodopa	N[C@@H](Cc1ccc(O)c(O)c1)C(=O)O	N[C@@H](Cc1ccc(O)c(O)c1)C(=O)O	other	1	Abnormal response to very low doses resulting in severe dyskinesia and dystonia of the affected side	29-year-old woman with Hemiparkinsonism-hemiatrophy syndrome	50 mg	The patient showed an abnormal response to very low doses of levodopa (50 mg) resulting in severe dyskinesia and dystonia of the affected side.
pass	The passage directly supports the proposed molecule-level label and category.		clintox_send_v2_gold_manual_review.v1	133785	clintox_send_v2:000133785	21985414	Amphetamine	CC(N)Cc1ccccc1	CC(N)Cc1ccccc1	other	1	Poisoning deaths in amphetamine users; deaths due to cerebral hemorrhage/other adverse cardiovascular events (14 cases); deaths ascribed to amphetamine poisoning (18 cases); deaths from asthma, epilepsy, multiple organ failure and cancer (4 cases); 3 suicides by amphetamine overdose; chronic abuse associated with atherosclerosis, heart-muscle hypertrophy, premature heart disease, tachycardia, ventricular fibrillation and sudden cardiac death	Forensic toxicology study of amphetamine poisoning deaths and drug-impaired drivers (DUID suspects), human post-mortem/population data	Blood amphetamine concentrations 0.5 mg/l (bleeding deaths), 2.1 mg/l (poisoning deaths), median ~1.5 mg/l (no co-drugs); 1.6–3.3 mg/l at high centiles	In amphetamine poisoning deaths where amphetamine was the only drug identified in blood, medical examiner/pathologist reports ascribed death to bleedings such as cerebral hemorrhage or other adverse cardiovascular events in 14 cases, to amphetamine poisoning without obvious medical or anatomical cause in 18 cases, and to asthma, epilepsy, multiple organ failure and cancer in four cases; three deaths were suicide by amphetamine overdose. In cardiovascular/cerebrovascular fatalities (bleedings), the median blood amphetamine concentration was lower (0.5 mg/l) than in deaths without obvious anatomical or histopathological findings (2.1 mg/l).
pass	The passage directly supports the proposed molecule-level label and category.		clintox_send_v2_gold_manual_review.v1	512863	clintox_send_v2:000512863	30301570	Efavirenz	O=C1Nc2ccc(Cl)cc2[C@@](C#CC2CC2)(C(F)(F)F)O1	O=C1Nc2ccc(Cl)cc2[C@@](C#CC2CC2)(C(F)(F)F)O1	other	1	Bilateral gynecomastia (breast enlargement); breast size decreased three months after efavirenz withdrawal	ART for HIV1 infection in a 16-year-old male adolescent patient (NRTIs + NNRTI combination with cotrimoxazole prophylaxis)	Efavirenz 400 mg increased to 600 mg (dose optimization); ~2 years of use	A clinical diagnosis of medication-induced gynecomastia was considered and efavirenz was replaced by nevirapine. The patient had developed bilateral breast enlargement diagnosed in July 2017, about one year after ART initiation, with the left breast measuring around 13 cm and the right breast around 11 cm in diameter; three months after withdrawal of efavirenz the breast size had decreased (left ~10 cm, right ~9 cm).
pass	The passage directly supports the proposed molecule-level label and category.		clintox_send_v2_gold_manual_review.v1	207121	clintox_send_v2:000207121	18786047	sirolimus	CO[C@H]1C[C@@H]2CC[C@@H](C)[C@@](O)(O2)C(=O)C(=O)N2CCCC[C@H]2C(=O)O[C@H]([C@H](C)C[C@@H]2CC[C@@H](O)[C@H](OC)C2)CC(=O)[C@H](C)/C=C(\C)[C@@H](O)[C@@H](OC)C(=O)[C@H](C)C[C@H](C)/C=C/C=C/C=C/1C	CO[C@H]1C[C@@H]2CC[C@@H](C)[C@@](O)(O2)C(=O)C(=O)N2CCCC[C@H]2C(=O)O[C@H]([C@H](C)C[C@@H]2CC[C@@H](O)[C@H](OC)C2)CC(=O)[C@H](C)/C=C(\C)[C@@H](O)[C@@H](OC)C(=O)[C@H](C)C[C@H](C)/C=C/C=C/C=C/1C	other	1	Reported to cause pneumonitis in up to 10% of patients; pneumonitis is a common reason for drug cessation.	Renal transplant patients on the mTOR inhibitor sirolimus		Sirolimus, the mammalian target of rapamycin (mTOR) inhibitor, has been reported to cause pneumonitis in up to 10% of patients, with pneumonitis a common reason for drug cessation.
pass	The passage directly supports the proposed molecule-level label and category.		clintox_send_v2_gold_manual_review.v1	303326	clintox_send_v2:000303326	9203243	Clonazepam	O=C1CN=C(c2ccccc2Cl)c2cc([N+](=O)[O-])ccc2N1	O=C1CN=C(c2ccccc2Cl)c2cc([N+](=O)[O-])ccc2N1	other	1	Sedation and tolerance substantially reduce usefulness; nearly 50% of patients experience exacerbation of epilepsy upon withdrawal	Treatment of absences, myoclonic jerks and tonic-clonic seizures; narrow role in modern management of epilepsy, possibly limited to refractory myoclonic seizures		Clonazepam (CZP) has efficacy against absences, myoclonic jerks and tonic-clonic seizures. As with other benzodiazepines, sedation and tolerance substantially reduce its usefulness, and nearly 50% of patients will have an exacerbation of their epilepsy when it is withdrawn.
fail	The clinical entity is a formulation, mixture, conjugate, or other entity not represented by the supplied parent structure.	formulation_or_entity_mismatch	clintox_send_v2_gold_manual_review.v1	488720	clintox_send_v2:000488720	34279829	sodium chloride	[Cl-].[Na+]	Cl	other	1	Rare local adverse symptoms of hypertonic nasal rinses including nasal irritation, epistaxis, paradoxical nasal blockage, and rhinorrhea; oral gargle of hypertonic saline is well tolerated.	In-vivo studies of hypertonic saline nasal rinses/irrigation; oral gargle use is well tolerated		While oral gargle of hypertonic saline is well tolerated, a few in-vivo studies have raised the concern of rare local adverse symptoms of hypertonic nasal rinses, such as nasal irritation, epistaxis, paradoxical nasal blockage, and rhinorrhea.
pass	The passage directly supports the proposed molecule-level label and category.		clintox_send_v2_gold_manual_review.v1	215371	clintox_send_v2:000215371	2912520	5-Fluorouracil	O=c1[nH]cc(F)c(=O)[nH]1	O=c1[nH]cc(F)c(=O)[nH]1	other	1	Stomatitis and hand-foot syndrome were the major dose-limiting toxicities; myelosuppression was minimal.	Low-dose continuous infusion 5-FU in previously treated breast carcinoma patients	Low-dose continuous infusion	Low-dose continuous infusion 5-FU has activity in previously treated breast carcinoma patients. Myelosuppression was minimal; however, stomatitis and hand-foot syndrome were major dose-limiting toxicities.
pass	The passage directly supports the proposed molecule-level label and category.		clintox_send_v2_gold_manual_review.v1	413713	clintox_send_v2:000413713	31926134	Propofol	CC(C)c1cccc(C(C)C)c1O	CC(C)c1cccc(C(C)C)c1O	other	1	Higher need for airway support in the propofol-only group compared to propofol + dexmedetomidine group	Retrospective cohort, 201 children aged 1 month to 20 years; propofol alone vs propofol + dexmedetomidine for orotracheal intubation	propofol 2–3 mg/kg + maintenance 150–300 mcg/kg/min; dexmedetomidine 1 mcg/kg added in D+P group	Nagoshi M et al. (2018): retrospective cohort in 201 children aged 1 month to 20 years comparing children receiving only propofol 2–3 mg/kg plus maintenance of 150–300 mcg/kg/min or propofol plus dexmedetomidine 1 mcg/kg for orotracheal intubation. The need for some type of airway support was higher in group P (8.7% vs 2.3%; p = 0.02).
pass	The passage directly supports the proposed molecule-level label and category.		clintox_send_v2_gold_manual_review.v1	560354	clintox_send_v2:000560354	38106979	Vitamin E acetate	CC(=O)Oc1c(C)c(C)c2c(c1C)CC[C@@](C)(CCC[C@H](C)CCC[C@H](C)CCCC(C)C)O2	CC(=O)Oc1c(C)c(C)c2c(c1C)CC[C@@](C)(CCC[C@H](C)CCC[C@H](C)CCCC(C)C)O2	other	1	Can cause EC or vaping product use associated lung injury (EVALI), a new form of lung injury, in humans who use certain types of electronic cigarettes; EVALI was identified in 2019.	E-cigarette/vaping product users (general population context); condition EVALI recognized since 2019.		The paper notes that certain types of e-cigarettes may contain vitamin E acetate (in addition to tetrahydrocannabinol), which can cause a new form of lung injury named EC or vaping product use associated lung injury (EVALI), identified back in 2019.
uncertain	The clinical entity is a formulation, mixture, conjugate, or other entity not represented by the supplied parent structure.	formulation_or_entity_mismatch	clintox_send_v2_gold_manual_review.v1	42848	clintox_send_v2:000042848	8739595		Nc1ccn(C[C@@H](CO)OCP(=O)(O)O)c(=O)n1	Nc1ccn(C[C@@H](CO)OCP(=O)(O)O)c(=O)n1	other	1	Maximal tolerated subcutaneous dose established at 3 mg/kg because of transient local fibrosis and unacceptable volume needed for higher doses	Human clinical pharmacokinetic study; subcutaneous administration	3 mg/kg s.c.	The maximal tolerated subcutaneous dose of HPMPC (cidofovir) was established as 3 mg/kg by the development of transient local fibrosis and the unacceptable volume needed for administration of higher doses.
pass	The passage directly supports the proposed molecule-level label and category.		clintox_send_v2_gold_manual_review.v1	264367	clintox_send_v2:000264367	8475547	Cyclosporine	C/C=C/C[C@@H](C)[C@@H](O)[C@H]1C(=O)N[C@@H](CC)C(=O)N(C)CC(=O)N(C)[C@@H](CC(C)C)C(=O)N[C@@H](C(C)C)C(=O)N(C)[C@@H](CC(C)C)C(=O)N[C@@H](C)C(=O)N[C@H](C)C(=O)N(C)[C@@H](CC(C)C)C(=O)N(C)[C@@H](CC(C)C)C(=O)N(C)[C@@H](C(C)C)C(=O)N1C	C/C=C/C[C@@H](C)[C@@H](O)[C@H]1C(=O)N[C@@H](CC)C(=O)N(C)CC(=O)N(C)[C@@H](CC(C)C)C(=O)N[C@@H](C(C)C)C(=O)N(C)[C@@H](CC(C)C)C(=O)N[C@@H](C)C(=O)N[C@H](C)C(=O)N(C)[C@@H](CC(C)C)C(=O)N(C)[C@@H](CC(C)C)C(=O)N(C)[C@@H](C(C)C)C(=O)N1C	other	1	Hypertension (documented hypertensive effects) requiring antihypertensive agents; raised systolic, diastolic, and mean arterial pressures in treated renal transplant patients	Renal transplant patients treated with cyclosporine	Cyclosporine ~0.075-0.100 ml/kg (7.5-9.9 mg/kg) across the first 6 months posttransplant	The hypertensive effects of cyclosporine have been well documented in the literature. Systolic, diastolic, and mean arterial pressures as well as the number of antihypertensive agents required to control blood pressure are outlined in a table. Diuretics were employed in all patients but were not counted in this calculation.
pass	The passage directly supports the proposed molecule-level label and category.		clintox_send_v2_gold_manual_review.v1	109548	clintox_send_v2:000109548	33613788	Ponatinib	Cc1ccc(C(=O)Nc2ccc(CN3CCN(C)CC3)c(C(F)(F)F)c2)cc1C#Cc1cnc2cccnn12	Cc1ccc(C(=O)Nc2ccc(CN3CCN(C)CC3)c(C(F)(F)F)c2)cc1C#Cc1cnc2cccnn12	other	1	Administration associated with arterial thromboembolism and early atherosclerosis (peripheral vascular disease)	Cancer patients on chemotherapy		Peripheral vascular disease: administration of nilotinib and ponatinib can be associated with arterial thromboembolism and early atherosclerosis, so correction of cardiovascular risk factors is important.
fail	The supplied fields do not support molecule-specific causal attribution.	insufficient_attribution	clintox_send_v2_gold_manual_review.v1	539616	clintox_send_v2:000539616	29305770	Deferasirox	O=C(O)c1ccc(-n2nc(-c3ccccc3O)nc2-c2ccccc2O)cc1	O=C(O)c1ccc(-n2nc(-c3ccccc3O)nc2-c2ccccc2O)cc1	other	1	Maximum tolerated dose (MTD) established; dose-related decrease in successful medication uptake; some patients in previous studies discontinued due to adverse events	Multicenter prospective study in transplant (post-HCT) patients with iron overload; intrapatient dose escalation	deferasirox 10 mg/kg (MTD after HCT)	This is reported as the first multicenter prospective evaluation of the maximum tolerated dose of deferasirox for transplant patients with iron overload. Using an intrapatient dose escalation method, the rate of successful medication decreased with increasing deferasirox dose, and the maximum tolerated dose of deferasirox was concluded to be 10 mg/kg after HCT. Previous studies noted some patients discontinued due to adverse events.
pass	The passage directly supports the proposed molecule-level label and category.		clintox_send_v2_gold_manual_review.v1	401243	clintox_send_v2:000401243	15162588	Bupropion	CC(NC(C)(C)C)C(=O)c1cccc(Cl)c1	CC(NC(C)(C)C)C(=O)c1cccc(Cl)c1	other	1	Treatment-emergent switch to hypomania or mania appears approximately equally likely with acute use of bupropion as with SSRIs	Acute antidepressant treatment of patients with depression/mood disorders		Switch from depression to hypomania or mania appears approximately equally likely with acute use of SSRI or bupropion.
fail	The passage reports a null, reduced-risk, or opposite-direction finding.	wrong_outcome_direction	clintox_send_v2_gold_manual_review.v1	308513	clintox_send_v2:000308513	34820393	baricitinib	CCS(=O)(=O)N1CC(CC#N)(n2cc(-c3ncnc4[nH]ccc34)cn2)C1	CCS(=O)(=O)N1CC(CC#N)(n2cc(-c3ncnc4[nH]ccc34)cn2)C1	other	1	Higher incidence of thromboembolic events observed in patients receiving baricitinib; adjustment for disease severity and thrombosis risk factors did not confirm a greater risk. D-dimer levels showed no significant differences between groups.	Severe COVID-19 patients; baricitinib added to standard of care including tocilizumab and dexamethasone, compared against tocilizumab-containing regimen.		We observed a higher incidence of thromboembolic events in patients receiving baricitinib in our study. However, the adjustment for disease severity and the factors associated with thrombosis risk did not confirm a greater risk. COVID-19 is associated with coagulopathy and increased frequency of thrombosis, and both baricitinib and tocilizumab have been linked with a greater incidence of venous thromboembolism in patients with rheumatoid arthritis, although recent meta-analyses of double-blinded randomized controlled trials with JAK-inhibiting therapies did not confirm an increased risk. Analysis of D-dimer levels showed no significant differences between the treatment groups.
fail	The claimed outcome cannot be attributed to this molecule separately from a combination or comparator.	combination_or_comparator_confounded	clintox_send_v2_gold_manual_review.v1	153777	clintox_send_v2:000153777	30794024	buprenorphine	CO[C@]12CC[C@@]3(C[C@@H]1[C@](C)(O)C(C)(C)C)[C@H]1Cc4ccc(O)c5c4[C@@]3(CCN1CC1CC1)[C@H]2O5	CO[C@]12CC[C@@]3(C[C@@H]1[C@](C)(O)C(C)(C)C)[C@H]1Cc4ccc(O)c5c4[C@@]3(CCN1CC1CC1)[C@H]2O5	other	1	May precipitate withdrawal when co-administered with other opioids, potentially leading to compensatory opioid use and overdose	Patients with opioid use disorder receiving medication treatment; co-administration with other opioids	Depends on buprenorphine dose, level of physical dependence, and timing of last opioid use	Buprenorphine is a partial mu-opioid agonist that competitively displaces other opioids from a patient's mu-opioid receptors. Sudden stripping of an opioid from the patient's receptors may precipitate withdrawal depending on the patient's buprenorphine dose, level of physical dependence on opioids, and timing of last use of another opioid. Precipitated withdrawal may drive compensatory rapid, high-dose opioid use and overdose.
pass	The passage directly supports the proposed molecule-level label and category.		clintox_send_v2_gold_manual_review.v1	437501	clintox_send_v2:000437501	32007598	alflutinib	C=CC(=O)Nc1cc(Nc2nccc(-c3cn(C)c4ccccc34)n2)c(OCC(F)(F)F)nc1N(C)CCN(C)C	C=CC(=O)Nc1cc(Nc2nccc(-c3cn(C)c4ccccc34)n2)c(OCC(F)(F)F)nc1N(C)CCN(C)C	other	1	Possibly treatment-related adverse events in 79% (103/130); treatment-related grade 3 or higher AEs in 8% (11/130), with most common being decreased neutrophil count, decreased platelet count, and anemia; serious AEs possibly related to treatment were liver injury (40 mg) and hyperuricemia (240 mg)	Dose escalation and dose expansion safety analyses in patients (n=130) treated with alflutinib in clinical studies	Liver injury at 40 mg; hyperuricemia at 240 mg	In the alflutinib safety population, 79% of patients (103 of 130) had at least one possibly treatment-related AE; 8% (11 of 130) had treatment-related grade 3 or higher AEs, with the most common being decreased neutrophil count (n = 3, 2%), decreased platelet count and anemia (n = 2 each, 2%). Two serious AEs were assessed as possibly related to treatment: liver injury at the 40 mg dose and hyperuricemia at the 240 mg dose.
pass	The passage directly supports the proposed molecule-level label and category.		clintox_send_v2_gold_manual_review.v1	215729	clintox_send_v2:000215729	6131655	Muscimol	C#CC(N)CCC(=O)O	C#CC(N)CCC(=O)O	other	1	Behavioral side effects including worsening of psychosis; drug judged of little practical value because of these side effects	Five-day trial in patients with tardive dyskinesia (per Tamminga et al)		Tamminga et al found a five-day trial of muscimol useful in patients with TD, but added that this drug would be of little practical value because of its behavioral side effects, which include worsening of psychosis.
fail	The supplied fields do not support molecule-specific causal attribution.	insufficient_attribution	clintox_send_v2_gold_manual_review.v1	202389	clintox_send_v2:000202389	29440914	Erlotinib	C#Cc1cccc(Nc2ncnc3cc(OCCOC)c(OCCOC)cc23)c1	C#Cc1cccc(Nc2ncnc3cc(OCCOC)c(OCCOC)cc23)c1	other	1	erlotinib toxicity reported in patients; no significant association between ABCG2 C421A and G34A loci and erlotinib toxicity.	Pharmacogenetic studies of erlotinib toxicity		Several studies researched the relationship between ABCG2 gene polymorphisms and the toxicity of erlotinib, an EGFR tyrosine kinase inhibitor, and found no significant associations between the C421A and G34A loci of ABCG2 and the toxicity of erlotinib.
fail	The passage reports a null, reduced-risk, or opposite-direction finding.	wrong_outcome_direction	clintox_send_v2_gold_manual_review.v1	372057	clintox_send_v2:000372057	23873520	Zonisamide	NS(=O)(=O)Cc1noc2ccccc12	NS(=O)(=O)Cc1noc2ccccc12	other	1	Risk of suicidal ideation and behaviour appears to be low during monotherapy and shorter- and longer-term adjunctive therapy; data do not exclude the possibility of an elevated risk	Monotherapy and adjunctive therapy in patients treated for epilepsy		The risk of developing suicidal ideation and behaviour during monotherapy and shorter- and longer-term adjunctive therapy with zonisamide appears to be low, but currently available data do not exclude the possibility of an elevated risk of suicidal ideation and behaviour with zonisamide, so the EU SPC recommends that patients be monitored.
fail	The claimed outcome cannot be attributed to this molecule separately from a combination or comparator.	combination_or_comparator_confounded	clintox_send_v2_gold_manual_review.v1	39624	clintox_send_v2:000039624	38915848	CBC	CCCCCc1cc(O)c2c(c1)OC(C)(CCC=C(C)C)C=C2	CCCCCc1cc(O)c2c(c1)OC(C)(CCC=C(C)C)C=C2	toxicity_absent	0	Addition of CBC did not change any outcome measures (no added adverse effects on mood, behavior, or brain activity).	Double-blind, placebo-controlled trial in 23 cannabis users; Δ9-THC joints with low or high CBC.	CBC 0.1% or 0.5% in Δ9-THC joints	In the Ilan et al. trial, whereas the Δ9-THC-containing cigarette produced adverse effects on mood, behavior and brain activity, the addition of low (0.1%) or high (0.5%) levels of CBC did not change any of the outcome measures.
uncertain	Absence is limited to one endpoint, severity threshold, or context and does not support the proposed toxicity-absent label.	absence_not_global_safety	clintox_send_v2_gold_manual_review.v1	409779	clintox_send_v2:000409779	26760311	Brivaracetam	CCC[C@@H]1CC(=O)N([C@@H](CC)C(N)=O)C1	CCC[C@@H]1CC(=O)N([C@@H](CC)C(N)=O)C1	toxicity_absent	0	Well tolerated (explicit absence of notable toxicity reported)	Study N01114, randomized 1:1:1 (50 mg/150 mg/placebo), 157 patients with uncontrolled partial-onset seizures, 3-week up-titration followed by 7-week maintenance (10-week total treatment period)	50 and 150 mg/day, dosed twice daily	In study N01114 evaluating brivaracetam 50 and 150 mg/day (twice daily) in 157 patients with uncontrolled partial-onset seizures, the study did not meet the primary efficacy outcome but was positive in several secondary outcomes; the authors concluded that 'Brivaracetam was well tolerated.'
fail	Absence is limited to one endpoint, severity threshold, or context and does not support the proposed toxicity-absent label.	absence_not_global_safety	clintox_send_v2_gold_manual_review.v1	472869	clintox_send_v2:000472869	25285953	mycophenolate mofetil	COc1c(C)c2c(c(O)c1C/C=C(\C)CCC(=O)OCCN1CCOCC1)C(=O)OC2	COc1c(C)c2c(c(O)c1C/C=C(\C)CCC(=O)OCCN1CCOCC1)C(=O)OC2	toxicity_absent	0	No known nephrotoxicity (explicitly reported absence of a toxicity)	Immunosuppressive agent in liver, kidney, heart, and lung transplant recipients		The letter states that mycophenolate mofetil (MMF) has no known nephrotoxicity, in the context of immunosuppressive use in liver, kidney, heart, and lung transplant recipients.
fail	The claimed outcome cannot be attributed to this molecule separately from a combination or comparator.	combination_or_comparator_confounded	clintox_send_v2_gold_manual_review.v1	103242	clintox_send_v2:000103242	38717677	Tucatinib	Cc1cc(Nc2ncnc3ccc(NC4=NC(C)(C)CO4)cc23)ccc1Oc1ccn2ncnc2c1	Cc1cc(Nc2ncnc3ccc(NC4=NC(C)(C)CO4)cc23)ccc1Oc1ccn2ncnc2c1	toxicity_absent	0	Well tolerated (no clinical toxicity outcome reported)	Clinical study NCT03043313; patients with colorectal cancer; combination with trastuzumab		A recent clinical study (NCT03043313) in individuals with colorectal cancer showed promising results with tucatinib, a small molecule HER2 inhibitor, used in combination with trastuzumab, and it was well tolerated by the participants.
fail	Absence is limited to one endpoint, severity threshold, or context and does not support the proposed toxicity-absent label.	absence_not_global_safety	clintox_send_v2_gold_manual_review.v1	454698	clintox_send_v2:000454698	38543181	Berberine	COc1ccc2cc3[n+](cc2c1OC)CCc1cc2c(cc1-3)OCO2	COc1ccc2cc3[n+](cc2c1OC)CCc1cc2c(cc1-3)OCO2	toxicity_absent	0	No serious side effects reported	Meta-analysis of efficacy and safety of berberine in patients with type 2 diabetes mellitus, hyperlipemia, and hypertension, evaluated using digital databases		The third highly cited article (cited more than 200 times) details a meta-analysis conducted on the efficacy and safety of berberine in the treatment of type 2 diabetes mellitus, hyperlipemia, and hypertension using digital databases. No serious side effects of berberine have been reported.
fail	Absence is limited to one endpoint, severity threshold, or context and does not support the proposed toxicity-absent label.	absence_not_global_safety	clintox_send_v2_gold_manual_review.v1	400752	clintox_send_v2:000400752	3819229	Prednisone	C[C@]12C=CC(=O)C=C1CC[C@@H]1[C@@H]2C(=O)C[C@@]2(C)[C@H]1CC[C@]2(O)C(=O)CO	C[C@]12C=CC(=O)C=C1CC[C@@H]1[C@@H]2C(=O)C[C@@]2(C)[C@H]1CC[C@]2(O)C(=O)CO	toxicity_absent	0	Administration did not result in suprainfection (explicitly reported absence of this toxicity)	Treatment of severe cutaneous vasculitis from azulfidine in a patient with AIDS	Prednisone 100-200 mg daily for 5 days, then 60-80 mg daily for 10 days; 20-30 mg/day for 3 months in Patient 1 to suppress sulfadiazine rash	Patient 3 was administered prednisone, 100 to 200 mg daily for 5 days and then 60 to 80 mg daily for 10 days, for severe cutaneous vasculitis from azulfidine. The abstract notes that this prednisone administration did not result in suprainfection.
fail	Absence is limited to one endpoint, severity threshold, or context and does not support the proposed toxicity-absent label.	absence_not_global_safety	clintox_send_v2_gold_manual_review.v1	116690	clintox_send_v2:000116690	22230542	doxorubicin	COc1cccc2c1C(=O)c1c(O)c3c(c(O)c1C2=O)C[C@@](O)(C(=O)CO)C[C@@H]3O[C@H]1C[C@H](N)[C@H](O)[C@H](C)O1	COc1cccc2c1C(=O)c1c(O)c3c(c(O)c1C2=O)C[C@@](O)(C(=O)CO)C[C@@H]3O[C@H]1C[C@H](N)[C@H](O)[C@H](C)O1	toxicity_absent	0	No clear evidence for peripheral neuropathy in patients treated with doxorubicin (explicit reported absence of this clinical neurotoxicity).	Clinical use in patients treated with doxorubicin; neurotoxic findings described are from laboratory/animal (rats, dorsal root ganglia cultures) rather than clinical.		Despite laboratory findings on neurotoxicity in rats and cultures, there is no clear evidence for peripheral neuropathy in patients treated with doxorubicin. The pegylated liposomal form of doxorubicin, used in multiple myeloma and ovarian cancer, had sensory neuropathy as not an important side effect.
fail	The passage reports a null, reduced-risk, or opposite-direction finding.	wrong_outcome_direction	clintox_send_v2_gold_manual_review.v1	199061	clintox_send_v2:000199061	33181832	venetoclax	CC1(C)CCC(CN2CCN(c3ccc(C(=O)NS(=O)(=O)c4ccc(NCC5CCOCC5)c([N+](=O)[O-])c4)c(Oc4cnc5[nH]ccc5c4)c3)CC2)=C(c2ccc(Cl)cc2)C1	CC1(C)CCC(CN2CCN(c3ccc(C(=O)NS(=O)(=O)c4ccc(NCC5CCOCC5)c([N+](=O)[O-])c4)c(Oc4cnc5[nH]ccc5c4)c3)CC2)=C(c2ccc(Cl)cc2)C1	toxicity_absent	0	No dose-limiting toxicity (DLT) was reported at the tested dose; venetoclax was escalated to 400 mg/day	OAsIs (NCT02558816) phase I/II trial, venetoclax combined with fixed doses of ibrutinib and obinutuzumab, in relapsed and untreated mantle-cell lymphoma patients	400 mg per day	In the OAsIs phase I/II trial combining venetoclax with fixed doses of ibrutinib and obinutuzumab in relapsed/untreated MCL patients, no dose-limiting toxicity (DLT) was reported, and venetoclax at 400 mg per day was chosen for the extension. Eighteen (75%) relapsed and 8 (53%) untreated patients experienced grade 3/4 adverse events (AEs).
fail	The clinical entity is a formulation, mixture, conjugate, or other entity not represented by the supplied parent structure.	formulation_or_entity_mismatch	clintox_send_v2_gold_manual_review.v1	508346	clintox_send_v2:000508346	40545525	Dronabinol	CCCCCc1cc(O)c2c(c1)OC(C)(C)[C@@H]1CCC(C)=C[C@@H]21	CCCCCc1cc(O)c2c(c1)OC(C)(C)[C@@H]1CCC(C)=C[C@@H]21	toxicity_absent	0	No serious adverse events were reported (explicit absence of serious toxicity)	Randomized trial of acute migraine treatment with vaporized cannabis flower containing 6% THC/11% CBD; 71 participants treated at least one migraine attack	Vaporized cannabis flower containing 6% THC (THC/CBD mix and THC only arms)	In a randomized trial of acute migraine treatment with vaporized cannabis flower, 71 participants treated at least one migraine attack (THC/CBD mix, THC only, or CBD only arms). Efficacy outcomes are reported for the THC/CBD mix, THC only, and CBD only arms, and the study states that there were no serious adverse events.
fail	Absence is limited to one endpoint, severity threshold, or context and does not support the proposed toxicity-absent label.	absence_not_global_safety	clintox_send_v2_gold_manual_review.v1	212943	clintox_send_v2:000212943	35840573	amcenestrant	O=C(O)c1ccc2c(c1)CCCC(c1ccc(Cl)cc1Cl)=C2c1ccc(O[C@H]2CCN(CCCF)C2)cc1	O=C(O)c1ccc2c(c1)CCCC(c1ccc(Cl)cc1Cl)=C2c1ccc(O[C@H]2CCN(CCCF)C2)cc1	toxicity_absent	0	No Grade ≥3 treatment-related adverse events reported; no clinically significant cardiac or eye toxicities reported; no dose-limiting toxicities observed; concluded well-tolerated	Phase 1/2 open-label single-arm AMEERA-1 trial (NCT03284957), monotherapy in postmenopausal women with ER+/HER2− advanced breast cancer, heavily pretreated; Parts A (dose escalation, n=16) and B (dose expansion, n=49)	20-600 mg QD in dose escalation; RP2D 400 mg QD	In the AMEERA-1 Phase 1/2 open-label single-arm study, patients with ER+/HER2− advanced breast cancer received amcenestrant 20-600 mg QD in dose escalation (Part A, n=16). Based on absence of dose-limiting toxicities, paired 18F-fluoroestradiol PET, and pharmacokinetics, 400 mg QD was selected as the recommended Phase 2 dose (RP2D; Part B, n=49). No Grade ≥3 treatment-related adverse events or clinically significant cardiac/eye toxicities were reported. Amcenestrant at RP2D of 400 mg QD as monotherapy was concluded to be well-tolerated with no dose-limiting toxicities.
fail	Absence is limited to one endpoint, severity threshold, or context and does not support the proposed toxicity-absent label.	absence_not_global_safety	clintox_send_v2_gold_manual_review.v1	529897	clintox_send_v2:000529897	36281979	Naltrexone	O=C1CC[C@@]2(O)[C@H]3Cc4ccc(O)c5c4[C@@]2(CCN3CC2CC2)[C@H]1O5	O=C1CC[C@@]2(O)[C@H]3Cc4ccc(O)c5c4[C@@]2(CCN3CC2CC2)[C@H]1O5	toxicity_absent	0	No deaths attributed to hepatic decompensation or naltrexone-related hepatotoxicity; no hospitalizations related to naltrexone hepatotoxicity; naltrexone reported as safe in patients with AUD and liver disease	Human clinical follow-up (median 10 months) of patients with alcohol use disorder receiving naltrexone prescriptions, including those with liver disease		After receiving a naltrexone prescription, 30 patients (19%) had at least one subsequent alcohol-related hospitalization and no hospitalizations related to naltrexone hepatotoxicity. The authors also state that naltrexone is safe in patients with AUD and liver disease, and that no deaths were attributed to hepatic decompensation or naltrexone-related hepatotoxicity.
uncertain	Absence is limited to one endpoint, severity threshold, or context and does not support the proposed toxicity-absent label.	absence_not_global_safety	clintox_send_v2_gold_manual_review.v1	477840	clintox_send_v2:000477840	22083253	Lapatinib	CS(=O)(=O)CCNCc1ccc(-c2ccc3ncnc(Nc4ccc(OCc5cccc(F)c5)c(Cl)c4)c3c2)o1	CS(=O)(=O)CCNCc1ccc(-c2ccc3ncnc(Nc4ccc(OCc5cccc(F)c5)c(Cl)c4)c3c2)o1	toxicity_absent	0	Well tolerated; no dose modifications were necessary due to adverse events (explicitly reported absence of treatment-limiting toxicity)	Phase 0 study (NCT00863122) in adult patients with sporadic and NF2-related vestibular schwannomas, treatment given immediately preceding surgical resection	1,500 mg daily orally for 10 days	Jaishri Blakeley presented early results from the Phase 0 study of anti-EGFR/ErbB2 therapy in sporadic and NF2-related human vestibular schwannomas (NCT00863122). Adult patients with VS were prescribed lapatinib 1,500 mg daily orally for 10 days immediately preceding surgery. Overall, lapatinib was well tolerated and no dose modifications were necessary due to adverse events.
fail	Absence is limited to one endpoint, severity threshold, or context and does not support the proposed toxicity-absent label.	absence_not_global_safety	clintox_send_v2_gold_manual_review.v1	375152	clintox_send_v2:000375152	31487429	meropenem	C[C@@H](O)[C@H]1C(=O)N2C(C(=O)O)=C(S[C@@H]3CN[C@H](C(=O)N(C)C)C3)[C@H](C)[C@H]12	C[C@@H](O)[C@H]1C(=O)N2C(C(=O)O)=C(S[C@@H]3CN[C@H](C(=O)N(C)C)C3)[C@H](C)[C@H]12	toxicity_absent	0	No hypersensitivity reaction reported during the single meropenem IV provocation test	Prospective hypersensitivity study in cystic fibrosis patients >12 years with a suspected antibiotic allergy; IV provocation given as a regular therapeutic treatment course		In a prospective trial in 20 CF patients, 1 provocation test was done with meropenem. Of the 6/20 provocation tests that led to reactions (5 to piperacillin/tazobactam and 1 to ceftazidime), none was attributed to meropenem, i.e., no hypersensitivity reaction was reported for the meropenem test.
uncertain	Absence is limited to one endpoint, severity threshold, or context and does not support the proposed toxicity-absent label.	absence_not_global_safety	clintox_send_v2_gold_manual_review.v1	294558	clintox_send_v2:000294558	26576631	rifampin	CO[C@H]1/C=C/O[C@@]2(C)Oc3c(C)c(O)c4c(O)c(c(/C=N/N5CCN(C)CC5)c(O)c4c3C2=O)NC(=O)/C(C)=C\C=C\[C@H](C)[C@H](O)[C@@H](C)[C@@H](O)[C@@H](C)[C@H](OC(C)=O)[C@@H]1C	CO[C@H]1/C=C/O[C@@]2(C)Oc3c(C)c(O)c4c(O)c(c(/C=N/N5CCN(C)CC5)c(O)c4c3C2=O)NC(=O)/C(C)=C\C=C\[C@H](C)[C@H](O)[C@@H](C)[C@@H](O)[C@@H](C)[C@H](OC(C)=O)[C@@H]1C	toxicity_absent	0	Absence of toxicity reported; higher doses up to 35 mg/kg were found to be safe and well-tolerated	Safety and tolerability, pharmacokinetics, and bactericidal activity study in TB patients	up to 35 mg/kg	A recent study evaluated the safety and tolerability, pharmacokinetics, and bactericidal activity of higher doses of rifampin in TB patients. Increased dosages of this drug up to 35 mg/kg were found to be safe and well-tolerated, showed marked dose-proportionality in pharmacokinetic behavior (10-fold higher AUC when treated with 35 mg/kg compared with 10 mg/kg), and showed the highest early bactericidal activity at the highest dose.
uncertain	The clinical entity is a formulation, mixture, conjugate, or other entity not represented by the supplied parent structure.	formulation_or_entity_mismatch	clintox_send_v2_gold_manual_review.v1	579282	clintox_send_v2:000579282	26679628	Voriconazole	C[C@@H](c1ncncc1F)[C@](O)(Cn1cncn1)c1ccc(F)cc1F	C[C@@H](c1ncncc1F)[C@](O)(Cn1cncn1)c1ccc(F)cc1F	toxicity_absent	0	No toxic effects identified in a retrospective examination of intravenous voriconazole use in patients with creatinine clearance <50 mL/minute; possible nephrotoxicity from cyclodextrin accumulation is stated only as a potential concern, not a documented outcome	Retrospective examination of intravenous voriconazole use in patients with varying degrees of renal dysfunction below a creatinine clearance of 50 mL/minute	Maintenance 3-4 mg/kg every 12 hours after 2 loading doses of 6 mg/kg every 12 hours	Intravenous voriconazole is complexed to a cyclodextrin molecule; because of the potential for cyclodextrin accumulation and possible nephrotoxicity among patients with significant renal dysfunction, intravenous voriconazole is not currently recommended for patients with a creatinine clearance <50 mL/minute. However, retrospective examination of intravenous voriconazole use in patients with varying degrees of renal function below this cutoff value has not identified toxic effects, mitigating some of these concerns.
fail	Absence is limited to one endpoint, severity threshold, or context and does not support the proposed toxicity-absent label.	absence_not_global_safety	clintox_send_v2_gold_manual_review.v1	567777	clintox_send_v2:000567777	28755832	Tramadol	COc1cccc(C2(O)CCCCC2CN(C)C)c1	COc1cccc(C2(O)CCCCC2CN(C)C)c1	toxicity_absent	0	No literature publication of neutropenia or thrombocytopenia associated with tramadol was found (absence of reported hematologic toxicity)	Literature review of tramadol-associated hematologic adverse effects		No publication of neutropenia or thrombocytopenia associated with tramadol was found in the literature (section on hematologic disorders).
uncertain	Absence is limited to one endpoint, severity threshold, or context and does not support the proposed toxicity-absent label.	absence_not_global_safety	clintox_send_v2_gold_manual_review.v1	456766	clintox_send_v2:000456766	31415176	36 (AZD9898)	COc1nc(N(CC(C)(C)F)c2cc(Cl)c(F)cc2F)cnc1C(=O)[C@H]1C[C@@H]1C(=O)O	COc1nc(N(CC(C)(C)F)c2cc(Cl)c(F)cc2F)cnc1C(=O)[C@H]1C[C@@H]1C(=O)O	toxicity_absent	0	Single doses of 36 were well tolerated, and no safety concerns were raised (explicit absence of reported clinical toxicity).	Phase 1 clinical development program (healthy volunteers implied), single-dose phase; compound ultimately terminated early in phase 1.	single doses; highest dose tested 45 mg	Based on its profile, 36 (AZD9898) has progressed into phase 1 clinical development. Overall, single doses of 36 were well tolerated, and no safety concerns were raised. Measurement of urinary LTE4 (uLTE4) normalized to creatinine was used as a pharmacodynamic marker. At the highest dose tested (45 mg), 36 reduced uLTE4 levels for 14 h post dose with a maximum reduction at 6 h post dose; the 45 mg dose was the highest possible due to exposure limitation margins. Because the required magnitude and duration of the PD effect were lower than expected and modeling/simulation did not support reaching the required uLTE4 inhibition even with twice daily dosing, the decision was made to stop the multipart Phase I study after the single dose phase. The development of 36 was terminated early in phase 1.
fail	The claimed outcome cannot be attributed to this molecule separately from a combination or comparator.	combination_or_comparator_confounded	clintox_send_v2_gold_manual_review.v1	405882	clintox_send_v2:000405882	22120986	Fludarabine	Nc1nc(F)nc2c1ncn2[C@@H]1O[C@H](CO)[C@@H](O)[C@@H]1O	Nc1nc(F)nc2c1ncn2[C@@H]1O[C@H](CO)[C@@H](O)[C@@H]1O	toxicity_absent	0	Flu alone with a low dose of DLI was not associated with severe GVHD; no dose-limiting toxicity was reached in the escalated-dose lymphodepletion-DLI regimen, which appeared safe and prevented overwhelming toxicity.	Lymphodepletion with fludarabine (and/or cyclophosphamide) before donor lymphocyte infusion for relapsed non-CML hematological malignancy after allo-HSCT; dose-escalation pilot study in 18 patients.	Flu 25 mg/m2/day on days 1–3 (in the CY/Flu LD schedule); Flu alone with low-dose DLI	In a dose-escalation pilot study of lymphodepletion (LD) with fludarabine (Flu) and/or cyclophosphamide (CY) before donor lymphocyte infusion (DLI) in 18 patients with relapsed non-CML hematological malignancies after allo-HSCT, the cumulative incidence of acute grade II–IV GVHD was 29.4%, similar to DLI without LD. Flu alone with a low dose of DLI was not associated with severe GVHD. The authors state the escalated-dose procedure appeared safe and prevented overwhelming toxicity, and a dose-limiting toxicity had not yet been reached.
fail	Absence is limited to one endpoint, severity threshold, or context and does not support the proposed toxicity-absent label.	absence_not_global_safety	clintox_send_v2_gold_manual_review.v1	199886	clintox_send_v2:000199886	15651908	Zaleplon	CCN(C(C)=O)c1cccc(-c2ccnc3c(C#N)cnn23)c1	CCN(C(C)=O)c1cccc(-c2ccnc3c(C#N)cnn23)c1	toxicity_absent	0	Less severe or no residual effects	Clinical residual-effect studies following single-dose daytime or middle-of-the-night administration	Zaleplon 10mg	In contrast, zaleplon 10mg was associated with less severe (p < 0.05 vs zolpidem) or no residual effects.
uncertain	Absence is limited to one endpoint, severity threshold, or context and does not support the proposed toxicity-absent label.	absence_not_global_safety	clintox_send_v2_gold_manual_review.v1	514331	clintox_send_v2:000514331	40246868	Berberine	COc1ccc2cc3[n+](cc2c1OC)CCc1cc2c(cc1-3)OCO2	COc1ccc2cc3[n+](cc2c1OC)CCc1cc2c(cc1-3)OCO2	toxicity_absent	0	Orally administered berberine was reported to be safe (no toxicity stated elsewhere in the passage).	Multicenter, double-blinded randomized controlled study for chemoprevention of colorectal adenoma recurrence after polypectomy	0.3 g twice a day, oral	A multicenter, double-blinded, randomized controlled study identified that orally administered 0.3 g berberine twice a day was safe and could effectively reduce the risk of recurrence of colorectal adenomas, and could be used for postoperative chemoprevention after polypectomy.
fail	The passage reports a null, reduced-risk, or opposite-direction finding.	wrong_outcome_direction	clintox_send_v2_gold_manual_review.v1	261442	clintox_send_v2:000261442	16282	doxapram	CCN1CC(CCN2CCOCC2)C(c2ccccc2)(c2ccccc2)C1=O	CCN1CC(CCN2CCOCC2)C(c2ccccc2)(c2ccccc2)C1=O	toxicity_absent	0	Fewer side effects than the saline controls (relative absence of toxicity)	Winnie (1973) controlled clinical study in 325 young healthy adult female patients undergoing breast biopsy under phenobarbital/nitrous oxide anesthesia; maximal respiratory effect dosing	Dose predetermined for maximal respiratory effect without side effects; not numerically stated	In the Winnie (1973) controlled clinical study, doxapram had fewer side effects than the saline controls and was the most effective drug for alveolar ventilation.
fail	The passage reports a null, reduced-risk, or opposite-direction finding.	wrong_outcome_direction	clintox_send_v2_gold_manual_review.v1	365477	clintox_send_v2:000365477	1594015	Digoxin	C[C@H]1O[C@@H](O[C@H]2[C@@H](O)C[C@H](O[C@H]3[C@@H](O)C[C@H](O[C@H]4CC[C@@]5(C)[C@H](CC[C@@H]6[C@@H]5C[C@@H](O)[C@]5(C)[C@@H](C7=CC(=O)OC7)CC[C@]65O)C4)O[C@@H]3C)O[C@@H]2C)C[C@H](O)[C@@H]1O	C[C@H]1O[C@@H](O[C@H]2[C@@H](O)C[C@H](O[C@H]3[C@@H](O)C[C@H](O[C@H]4CC[C@@]5(C)[C@H](CC[C@@H]6[C@@H]5C[C@@H](O)[C@]5(C)[C@@H](C7=CC(=O)OC7)CC[C@]65O)C4)O[C@@H]3C)O[C@@H]2C)C[C@H](O)[C@@H]1O	toxicity_absent	0	None of the 41 acutely poisoned children with digoxin poisoning had life-threatening dysrhythmias or died (stated absence of severe clinical toxicity).	Acute digoxin poisoning in children; combined experience of three pediatric academic medical centers over a 10-year period.	Serum digoxin concentrations 3.8-14.1 nmol/L (3-11 ng/mL)	Lewander et al. reported on 41 cases of digoxin poisoning in children, the combined experience of three pediatric academic medical centers over a 10-year period. None of these acutely poisoned children, whose serum digoxin concentrations ranged from 3.8 to 14.1 nmol per liter (3 to 11 ng per milliliter), had life-threatening dysrhythmias or died.
fail	The claimed outcome cannot be attributed to this molecule separately from a combination or comparator.	combination_or_comparator_confounded	clintox_send_v2_gold_manual_review.v1	137748	clintox_send_v2:000137748	35884458	Crenolanib	CC1(COc2ccc3c(c2)ncn3-c2ccc3cccc(N4CCC(N)CC4)c3n2)COC1	CC1(COc2ccc3c(c2)ncn3-c2ccc3cccc(N4CCC(N)CC4)c3n2)COC1	toxicity_absent	0	Combination of crenolanib and sorafenib was well tolerated (no notable toxicity reported)	Pilot study, combination with sorafenib, pediatric patients (9 children) with relapsed/refractory FLT3-ITD AML		Crenolanib has been trialed in a small number of pediatric patients in combination with sorafenib. The combination was well tolerated in this pilot study, which included 9 children with R/R FLT3-ITD AML and achieved complete remissions in 3 patients.
fail	The passage reports a null, reduced-risk, or opposite-direction finding.	wrong_outcome_direction	clintox_send_v2_gold_manual_review.v1	398675	clintox_send_v2:000398675	31434267	Daunorubicin	COc1cccc2c1C(=O)c1c(O)c3c(c(O)c1C2=O)C[C@@](O)(C(C)=O)C[C@@H]3O[C@H]1C[C@H](N)[C@H](O)[C@H](C)O1	COc1cccc2c1C(=O)c1c(O)c3c(c(O)c1C2=O)C[C@@](O)(C(C)=O)C[C@@H]3O[C@H]1C[C@H](N)[C@H](O)[C@H](C)O1	toxicity_absent	0	Adverse events were reported as similar between the 45 and 90 mg/m2 dose arms, i.e., no increased toxicity was observed with higher dosing.	Large prospective AML induction trial comparing daunorubicin 45 vs 90 mg/m2 for 3 days	45 or 90 mg/m2 for 3 days	Dose intensification of cytarabine and daunorubicin at 45 or 90 mg/m2 for 3 days was assessed in a large prospective trial showing that adverse events were similar in both arms. In the UK National Cancer Research Institute AML17 trial, an intermediate 60 mg/m2 dose was compared to 90 mg/m2 and no differences in CR rate were found, but the higher dose arm was associated with greater mortality at day 60.
fail	Absence is limited to one endpoint, severity threshold, or context and does not support the proposed toxicity-absent label.	absence_not_global_safety	clintox_send_v2_gold_manual_review.v1	84518	clintox_send_v2:000084518	36582535	Doxorubicin	COc1cccc2c1C(=O)c1c(O)c3c(c(O)c1C2=O)C[C@@](O)(C(=O)CO)C[C@@H]3O[C@H]1C[C@H](N)[C@H](O)[C@H](C)O1	COc1cccc2c1C(=O)c1c(O)c3c(c(O)c1C2=O)C[C@@](O)(C(=O)CO)C[C@@H]3O[C@H]1C[C@H](N)[C@H](O)[C@H](C)O1	toxicity_absent	0	No symptomatic cardiotoxicity observed in patients receiving doxorubicin at a super-cumulative dose after prior anthracycline-based therapy; combination (PD-1 inhibitor plus doxorubicin) had acceptable safety	Patients with advanced soft tissue sarcoma who had previously received anthracycline-based chemotherapy, treated with a PD-1 inhibitor plus doxorubicin	Doxorubicin at a super-cumulative dose exceeding the traditional upper recommended cumulative dose (450 mg/m2)	It was noted that some patients in this study used doxorubicin at a super-cumulative dose, and no symptomatic cardiotoxicity was observed in these patients, similar to the results of other studies that used doxorubicin at super-cumulative doses. The study concluded the combined regimen had acceptable safety in patients who previously received anthracycline-based therapy, although the cumulative dose of doxorubicin exceeded the upper limit of the traditional recommended dose, and monitoring of cardiac adverse reactions in future studies was recommended.
fail	The reported outcome does not support the declared toxicity category.	category_outcome_mismatch	clintox_send_v2_gold_manual_review.v1	457759	clintox_send_v2:000457759	26630401	Methylphenidate	COC(=O)C(c1ccccc1)C1CCCCN1	COC(=O)C(c1ccccc1)C1CCCCN1	toxicity_absent	0	Explicitly reported absence of a safety/adverse outcome: early MPH treatment in childhood was not associated with any change (decrease or increase) in proneness to later drug abuse (cocaine, marijuana, alcohol, nicotine).	Meta-analysis of clinical studies in children; early treatment with MPH; human subjects.		A recently published meta-analysis compiling data from 15 studies with a total of 2,565 children found no effect of early treatment with MPH on later abuse of cocaine, marijuana, alcohol or nicotine. The authors concluded that use of MPH during childhood is not associated with either a decrease or an increase in proneness to later drug abuse, though the study only assessed children, not adolescents.
fail	Absence is limited to one endpoint, severity threshold, or context and does not support the proposed toxicity-absent label.	absence_not_global_safety	clintox_send_v2_gold_manual_review.v1	323157	clintox_send_v2:000323157	38715707	paroxetine	Fc1ccc([C@@H]2CCNC[C@H]2COc2ccc3c(c2)OCO3)cc1	Fc1ccc([C@@H]2CCNC[C@H]2COc2ccc3c(c2)OCO3)cc1	toxicity_absent	0	Had the least potential for hepatotoxicity (no substantial hepatotoxicity reported).	Previous studies on antidepressant-induced hepatotoxicity (pharmacovigilance review).		Citalopram, escitalopram, paroxetine, and fluvoxamine had the least potential for hepatotoxicity, according to previous studies.
uncertain	Absence is limited to one endpoint, severity threshold, or context and does not support the proposed toxicity-absent label.	absence_not_global_safety	clintox_send_v2_gold_manual_review.v1	318187	clintox_send_v2:000318187	30077227	Felodipine	CCOC(=O)C1=C(C)NC(C)=C(C(=O)OC)C1c1cccc(Cl)c1Cl	CCOC(=O)C1=C(C)NC(C)=C(C(=O)OC)C1c1cccc(Cl)c1Cl	toxicity_absent	0	Explicitly stated to be safe in patients with HFrEF (no reported toxicity)	Patients with heart failure with reduced ejection fraction (HFrEF) being managed for hypertension		The guideline states that the addition of amlodipine [388], felodipine [389], and hydralazine [222] is safe in patients with HFrEF for the management of hypertension, though they do not improve clinical outcomes from heart failure. No FDA approval status is stated in the passage.
uncertain	The claimed outcome cannot be attributed to this molecule separately from a combination or comparator.	combination_or_comparator_confounded	clintox_send_v2_gold_manual_review.v1	462650	clintox_send_v2:000462650	10369632	Amiodarone	CCCCc1oc2ccccc2c1C(=O)c1cc(I)c(OCCN(CC)CC)c(I)c1	CCCCc1oc2ccccc2c1C(=O)c1cc(I)c(OCCN(CC)CC)c(I)c1	toxicity_absent	0	Explicitly reported absence of toxicity: no evidence of toxicity was detected	Healthcare worker receiving postexposure prophylaxis (PEP) for potential HIV exposure; amiodarone co-administered with antiretroviral agents	Serum amiodarone concentration 0.9-1.3 mg/L (HPLC)	In a healthcare worker receiving postexposure prophylaxis (PEP) for HIV, serum amiodarone concentrations increased from 0.9 mg/L before PEP to 1.3 mg/L during PEP (+44%), then decreased to 0.8 mg/L after stopping antiretroviral therapy, never exceeding the maximum reference concentration. No evidence of toxicity for amiodarone or the antiretroviral agents was detected.
fail	The claimed outcome cannot be attributed to this molecule separately from a combination or comparator.	combination_or_comparator_confounded	clintox_send_v2_gold_manual_review.v1	177625	clintox_send_v2:000177625	26598946	Epirubicin	COc1cccc2c1C(=O)c1c(O)c3c(c(O)c1C2=O)C[C@@](O)(C(=O)CO)C[C@@H]3O[C@H]1C[C@H](N)[C@@H](O)[C@H](C)O1	COc1cccc2c1C(=O)c1c(O)c3c(c(O)c1C2=O)C[C@@](O)(C(=O)CO)C[C@@H]3O[C@H]1C[C@H](N)[C@@H](O)[C@H](C)O1	toxicity_absent	0	Regimen (docetaxel followed by epirubicin) reported as well tolerated in patients.	Phase Ib trial of an in silico-optimized dosing regimen (docetaxel first, epirubicin 1 day later) in cancer patients; 17 patients recruited.		A safety-efficacy multiscale model describing PK/PD relationships between epirubicin and docetaxel allowed the best in silico drug-dosing regimen (docetaxel first and epirubicin 1 day later) to be tested in a phase Ib trial. To date, 17 patients have been recruited and the proposed regimen was both well tolerated and achieved a response rate of 45%.
