manual_review_status	manual_review_notes	manual_review_version	source_id	source_row_number	canonical_record_id	endpoint_name	result_metric	measurement_text	unit_text	canonical_endpoint_name	canonical_measurement_text	canonical_unit_text	finite_scalar_value	canonical_semantics_status	canonical_quantity_kind	canonical_semantics_rule_id	canonical_reference_scope	canonical_reference_basis	canonicalization_status	assay_transfer_eligible	assay_transfer_ineligibility_reason	support_text
pass	Pass: endpoint, atomic measurement/unit conversion, reference semantics, and eligibility verified.	clintox_measurement_unit_manual_review.v1	nonclinical_in_vivo_toxicity	234258	f0ff9f9b58fd2823d8a7097802e1a82a694fddef17cb7c4eb6135797cc7c698c	LD50		0.8 (0.6–0.9)	g kg^-1	ld50	0.8	g kg^-1	0.8	approved	toxicology_benchmark_dose	clintox.nonclinical.benchmark_dose.v1	absolute	none	valid	True		For Zn, MT-null mice had an LD50 of 0.8 g kg−1 (95% CI: 0.6–0.9 g kg−1) after repeated sc daily doses.
pass	Pass: endpoint, atomic measurement/unit conversion, reference semantics, and eligibility verified.	clintox_measurement_unit_manual_review.v1	nonclinical_in_vivo_toxicity	16323	8708106c93232f733d60704723a52c2ee778409520391b5dbb8c60d33ce2b237	LD50		3.29 (2.87-3.79)	g/kg	ld50	3.29	g/kg	3.29	approved	toxicology_benchmark_dose	clintox.nonclinical.benchmark_dose.v1	absolute	none	valid	True		The oral LD50 of 2-ethyl-1-hexanol in rats was reported to be 3.29 (2.87-3.79) g/kg (Schmidt et al., 1973).
pass	Pass: endpoint, atomic measurement/unit conversion, reference semantics, and eligibility verified.	clintox_measurement_unit_manual_review.v1	nonclinical_in_vivo_toxicity	303422	12e610188c08b7cfb3bdb2c5d6b57e750d1b7882d227466c9fa4cb63ef58c953	LD50		500	mg/kg	ld50	2.69897000434	log10(mg/kg)	2.6989700043360187	approved	toxicology_benchmark_dose	clintox.nonclinical.benchmark_dose.v1	absolute	none	valid	True		The 10-day study report referenced an oral LD50 of 500 mg/kg for DCB in the rat, based on the NIOSH Registry of Toxic Substances (1980).
pass	Pass: endpoint, atomic measurement/unit conversion, reference semantics, and eligibility verified.	clintox_measurement_unit_manual_review.v1	nonclinical_in_vivo_toxicity	133812	808fa83c594f7e2e973aadbaee830abc3651998095e4ed7613453030d81553b2	LD50		990 (95% CI = 580.7–4770)	mg kg−1	ld50	990	mg kg^-1	990.0	approved	toxicology_benchmark_dose	clintox.nonclinical.benchmark_dose.v1	absolute	none	valid	True		The median lethal dose (LD50) of fipronil for male S. macroura was 990 mg kg−1 with a 95% confidence interval of 580.7–4770 mg kg−1, calculated by the AOT software.
pass	Pass: endpoint, atomic measurement/unit conversion, reference semantics, and eligibility verified.	clintox_measurement_unit_manual_review.v1	nonclinical_in_vivo_toxicity	285539	57df46c93f054c81f72c23ca97d9bac555c640c5be03c35dcdf9ee8479b0c58d	LD50		100	mg kg^-1	ld50	100	mg/kg	100.0	approved	toxicology_benchmark_dose	clintox.nonclinical.benchmark_dose.v1	absolute	none	valid	True		Reported intraperitoneal LD50 for EO in adult Sprague-Dawley rats is 100 mg kg−1, from reference [40].
pass	Pass: endpoint, atomic measurement/unit conversion, reference semantics, and eligibility verified.	clintox_measurement_unit_manual_review.v1	nonclinical_in_vivo_toxicity	225434	a4198eced708b5de61f5aba6a0618403a87da35000298892d35d313b6d62463f	LD50		5.3 (3.7-7.1)	mg·kg^-1	ld50	5.3	mg·kg^-1	5.3	approved	toxicology_benchmark_dose	clintox.nonclinical.benchmark_dose.v1	absolute	none	valid	True		In Table I, the LD50 for T2 toxin given intragastrically to guinea-pigs was 5.3 mg·kg−1 (95% confidence limits 3.7-7.1), with a slope of 12.7 calculated by probit analysis, using PEG 300 vehicle at 1 ml·kg−1.
pass	Pass: endpoint, atomic measurement/unit conversion, reference semantics, and eligibility verified.	clintox_measurement_unit_manual_review.v1	nonclinical_in_vivo_toxicity	168899	137d6d8d006a58c6546a0f853e6069295bb0fbef58f4b03b49175934cd3292b2	LD50		484 (240 – 1462)	ng/mg	ld50	484	ng/mg	484.0	approved	toxicology_benchmark_dose	clintox.nonclinical.benchmark_dose.v1	absolute	none	valid	True		The 24 hr topical LD50 of flonicamid against female An. gambiae (G3) was 484 ng/mg (95% CI 240–1462).
pass	Pass: endpoint, atomic measurement/unit conversion, reference semantics, and eligibility verified.	clintox_measurement_unit_manual_review.v1	nonclinical_in_vivo_toxicity	187424	2ca16b811b152d1cbe3dbef97d0f9da596ae4eac9ff69c20eb1a9aebebcc4068	LD50		0.44 (95% CI 0.22–0.9)	µg/kg	ld50	0.44	µg/kg	0.44	approved	toxicology_benchmark_dose	clintox.nonclinical.benchmark_dose.v1	absolute	none	valid	True		Non-linear fit of mortality data allowed calculation of a chronic LD50 for palytoxin of 0.44 µg/kg (95% confidence interval 0.22 to 0.9 µg/kg, R2 = 0.9122, df = 7).
pass	Pass: endpoint, atomic measurement/unit conversion, reference semantics, and eligibility verified.	clintox_measurement_unit_manual_review.v1	nonclinical_in_vivo_toxicity	317289	bd42f4ece82f26e694b814094f56f514c6c2d87d7e32875cad6457ca6e98ec58	NOAEL		15 mg/kg/day	mg/kg/day	noael	1.17609125906	log10(mg/kg/d)	1.1760912590556813	approved	toxicology_benchmark_dose_rate	clintox.nonclinical.benchmark_dose_rate.v1	absolute	none	valid	True		In a 13-week dietary study in F344 rats, a No Observed Adverse Effect Level (NOAEL) of 15 mg/kg/day was established for 2,4-D, based on decreases in body weight gain (males), platelet count, and thyroid hormone levels (T3 and T4), and increases in liver, kidney, and thyroid weights and adrenal cortex hypertrophy (females).
pass	Pass: endpoint, atomic measurement/unit conversion, reference semantics, and eligibility verified.	clintox_measurement_unit_manual_review.v1	nonclinical_in_vivo_toxicity	222112	9d8527326c294214803b0bfda98cc1405ccd45c6b2a1d9d11489f05b664552c6	LOAEL		121	mg/kg bw/day	loael	121	mg/kg/d	121.0	approved	toxicology_benchmark_dose_rate	clintox.nonclinical.benchmark_dose_rate.v1	absolute	none	valid	True		The lowest observed adverse effect level (LOAEL) was established at 121 mg/kg bw/day based on increased liver enzymes (ALAT and GLDH) in high-dose males and increased severity of microgranuloma formation in the livers of high-dose animals of both sexes. Other liver effects at lower doses were considered adaptive and not toxicologically significant.
pass	Pass: endpoint, atomic measurement/unit conversion, reference semantics, and eligibility verified.	clintox_measurement_unit_manual_review.v1	nonclinical_in_vivo_toxicity	188285	38ce7936181e294e15e9865ebd0d40c4518d845ee2e9c39796c7ff1cc816f90c	LD50		7.8 (4.6–8.0)	µg/kg per day	ld50	7.8	µg/kg/d	7.8	approved	toxicology_benchmark_dose_rate	clintox.nonclinical.benchmark_dose_rate.v1	absolute	none	valid	True		In subacute toxicity studies with 5 consecutive daily s.c. administrations in BDF1 male mice, the median LD50 of calcitriol was 7.8 µg/kg per day (range 4.6–8.0 µg/kg per day).
pass	Pass: endpoint, atomic measurement/unit conversion, reference semantics, and eligibility verified.	clintox_measurement_unit_manual_review.v1	nonclinical_in_vivo_toxicity	282585	4bb8965e00129e790d0ec2285bf68ebeaa871e0534fe21dc816fffcdcf0113bf	LC50		43.92 ± 3.79 (38.35–51.46)	mg L^-1	lc50	43.92 ± 3.79	mg L^-1	43.92	approved	toxicology_benchmark_mass_concentration	clintox.nonclinical.benchmark_mass_concentration.v1	absolute	none	valid	True		The 96-h median lethal concentration (LC50) value and 95% confidence limits of Ni are ... 43.92 ± 3.79 (38.35-51.46) mg L−1 for T. jarbua
pass	Pass: endpoint, atomic measurement/unit conversion, reference semantics, and eligibility verified.	clintox_measurement_unit_manual_review.v1	nonclinical_in_vivo_toxicity	216596	14ee3a5ba90d4c74168dc08b49a98328575e727af7d590e273239f0b243badd5	LC50		68	µg/l	lc50	0.068	mg/L	0.068	approved	toxicology_benchmark_mass_concentration	clintox.nonclinical.benchmark_mass_concentration.v1	absolute	none	valid	True		Acrolein acute LC50 for the water flea (Daphnia magna) was 68 µg/l as reported in a study on ambient water quality.
pass	Pass: endpoint, atomic measurement/unit conversion, reference semantics, and eligibility verified.	clintox_measurement_unit_manual_review.v1	nonclinical_in_vivo_toxicity	121265	8ab701931e171e114e289502fd745efe131ba71c27dd4764dcc98c84d556ec09	LC50		1.9 (1.6–2.4)	µg ml^-1	lc50	1.9	µg mL^-1	1.9	approved	toxicology_benchmark_mass_concentration	clintox.nonclinical.benchmark_mass_concentration.v1	absolute	none	valid	True		The 72-h LC50 of α-mangostin against third instar Anopheles stephensi larvae was 1.9 (1.6–2.4) µg ml−1 from Table 1.
pass	Pass: endpoint, atomic measurement/unit conversion, reference semantics, and eligibility verified.	clintox_measurement_unit_manual_review.v1	nonclinical_in_vivo_toxicity	71770	5332cdda150d7cc1637fb240c71d43c248f5c133e7a64aa2f8ba820c29bbfd04	LC50		167.9 (155.8-181.8)	µg/L	lc50	167.9	µg/L	167.9	approved	toxicology_benchmark_mass_concentration	clintox.nonclinical.benchmark_mass_concentration.v1	absolute	none	valid	True		In Test 2, the 7-day LC50 for X. laevis embryos was 167.9 µg/L (95% CI 155.8-181.8), estimated with Abbott's formula.
pass	Pass: endpoint, atomic measurement/unit conversion, reference semantics, and eligibility verified.	clintox_measurement_unit_manual_review.v1	nonclinical_in_vivo_toxicity	340038	2e7d9244d9bf51e1759b6dd57ed8e00cc4bc6adf167459d33409ec2baaa9c336	LC50		126.54 (124.83 – 128.25)	µg/mL	lc50	126.54	µg/mL	126.54	approved	toxicology_benchmark_mass_concentration	clintox.nonclinical.benchmark_mass_concentration.v1	absolute	none	valid	True		The essential oil of C. rudolphianus caused non-viable embryos in B. glabrata, with an LC50 of 126.54 µg/mL (124.83–128.25) for the blastula stage as shown in Table 2.
pass	Pass: endpoint, atomic measurement/unit conversion, reference semantics, and eligibility verified.	clintox_measurement_unit_manual_review.v1	nonclinical_in_vivo_toxicity	238279	1f4573709b522a5784f9728d804a23d3b899b840cebf3bc70931a8fcd4c84402	LOEL		100	µM	loel	0.0001	M	0.0001	approved	toxicology_benchmark_molar_concentration	clintox.nonclinical.benchmark_molar_concentration.v1	absolute	none	valid	True		In the zebrafish embryo acute toxicity assay (96 hpf), compound 27 showed a LOEC of 100 µM, indicating the lowest concentration at which mortality above 20% was observed (Table 2, p.37).
pass	Pass: endpoint, atomic measurement/unit conversion, reference semantics, and eligibility verified.	clintox_measurement_unit_manual_review.v1	nonclinical_in_vivo_toxicity	329994	92946001578d43bac01d205399aee16f8a24595b8b288b99853577eddcf467f7	LC50		16 (14.9–17.2)	mM	lc50	16	mM	16.0	approved	toxicology_benchmark_molar_concentration	clintox.nonclinical.benchmark_molar_concentration.v1	absolute	none	valid	True		For ETBE, the calculated LC50s and confidence intervals (CI) for both studies were similar (Table 3): 16 mM (CI = 14.9 – 17.2) and 12 mM (CI= 10.9 – 13.2).
pass	Pass: endpoint, atomic measurement/unit conversion, reference semantics, and eligibility verified.	clintox_measurement_unit_manual_review.v1	nonclinical_in_vivo_toxicity	228708	d460be99ca1dc0135a9daf7f8e419a6a7a4b84e50a3881bd2495826463c93fc5	LC50		3.237 [95%CI 2.536–4.780]	nM	lc50	3.237	nM	3.237	approved	toxicology_benchmark_molar_concentration	clintox.nonclinical.benchmark_molar_concentration.v1	absolute	none	valid	True		For An. aquasalis, the lethal concentration (LC50) of Fluralaner was 3.237 nM [95%CI 2.536–4.780] as reported in Table 1, with a corresponding value of 1.7989 ng/mL [95%CI 1.4090–2.6558].
pass	Pass: endpoint, atomic measurement/unit conversion, reference semantics, and eligibility verified.	clintox_measurement_unit_manual_review.v1	nonclinical_in_vivo_toxicity	319735	e254107364b1fc08db2c1dff2ea6ff4ae39893d869545e3532f1b5231ce77e37	LC50		101 (95% CI: 88.3–116) µM	µM	lc50	101	µM	101.0	approved	toxicology_benchmark_molar_concentration	clintox.nonclinical.benchmark_molar_concentration.v1	absolute	none	valid	True		Table 2 lists the developmental toxicity values for p,p′-dichlorodiphenyltrichloroethane (DDT) tested using FETAX: 96-h LC50 = 101 µM (88.3–116 µM).
pass	Pass: endpoint, atomic measurement/unit conversion, reference semantics, and eligibility verified.	clintox_measurement_unit_manual_review.v1	nonclinical_in_vivo_toxicity	326400	b4a1a7fad7366a6170e11204259029a9d633bb9e338dd64571a945088c574315	LC50		199 (153.1–271.7)	µmol l^-1	lc50	199	µmol L^-1	199.0	approved	toxicology_benchmark_molar_concentration	clintox.nonclinical.benchmark_molar_concentration.v1	absolute	none	valid	True		From the table: the 96 h LC50 of NH3 to goldfish was 199 µmol l−1 with a confidence interval of 153.1–271.7 µmol l−1.
pass	Pass: endpoint, atomic measurement/unit conversion, reference semantics, and eligibility verified.	clintox_measurement_unit_manual_review.v1	nonclinical_in_vivo_toxicity	6063	bc52f3d138c6649f1afaf5f857438fb9e18d6783cb052b932f72a8c48258fab0	LC50		40	ppb	lc50	40	ppb	40.0	approved	toxicology_benchmark_declared_fraction	clintox.nonclinical.benchmark_ppm_ppb.v1	absolute	none	valid	True		A snook embryo bioassay yielded a static 36-hr LC50 for aldicarb of 40 ppb (Landau and Tucker 1984).
pass	Pass: endpoint, atomic measurement/unit conversion, reference semantics, and eligibility verified.	clintox_measurement_unit_manual_review.v1	nonclinical_in_vivo_toxicity	142895	5592b9d57a782dd17e935d7a62869e7c28ec2408a3f985b550d6dc09a2e125e5	NOAEL		50	ppm	noael	50	ppm	50.0	approved	toxicology_benchmark_declared_fraction	clintox.nonclinical.benchmark_ppm_ppb.v1	absolute	none	valid	True		Exposure concentrations represented NOAEL's for nasal lesions from subchronic inhalation studies, with acetaldehyde at 50 ppm in rat.
pass	Pass: endpoint, atomic measurement/unit conversion, reference semantics, and eligibility verified.	clintox_measurement_unit_manual_review.v1	nonclinical_in_vivo_toxicity	157490	534dff9a648d64f16f0f24b6fca26aed7b18df021a43a3383b3f59986f839190	mortality_or_survival		20	%	mortality_or_survival	0.2	ratio	0.2	approved	animal_mortality_or_survival_fraction	clintox.nonclinical.mortality_fraction.v1	endpoint_defined_ratio	other_explicit	valid	True		In the systemic insecticidal test (Table in paragraph 1131), NS 2662 at 10 ppm caused 20% mortality in tobacco cutworm.
pass	Pass: endpoint, atomic measurement/unit conversion, reference semantics, and eligibility verified.	clintox_measurement_unit_manual_review.v1	nonclinical_in_vivo_toxicity	300329	85a206bed8ffc214f226ab15b7315eca121eb11b0cd9ce5a72cb8aec085e6daa	mortality_or_survival		0.4% per day	% per day	mortality_or_survival	0.004	ratio/d	0.004	approved	animal_mortality_or_survival_fraction	clintox.nonclinical.mortality_fraction.v1	endpoint_defined_ratio	other_explicit	valid	True		Furthermore, rats which survived 101 administrations in 151 days grew at the same rate as the controls although more than half of the experimental rats had died over this period. The mortality rate was 0.4% per day.
pass	Pass: endpoint, atomic measurement/unit conversion, reference semantics, and eligibility verified.	clintox_measurement_unit_manual_review.v1	nonclinical_in_vivo_toxicity	234257	db1662c0569da77385d1e6806d5521a8cfe1543bbd6797a10751e9bebb7548c7	LD50		1.9 (1.6–2.3)	g kg^-1	ld50	1.9	g kg^-1	1.9	approved	toxicology_benchmark_dose	clintox.nonclinical.benchmark_dose.v1	absolute	none	valid	True		For Zn, wild-type mice had an LD50 of 1.9 g kg−1 (99% CI not given, 95% CI from Table 1: 1.6–2.3 g kg−1) after repeated sc daily doses.
pass	Pass: endpoint, atomic measurement/unit conversion, reference semantics, and eligibility verified.	clintox_measurement_unit_manual_review.v1	nonclinical_in_vivo_toxicity	310322	ca658a0d58772a1b05c3b95db359b718f8802aa50ac347d89743727fc842c5b2	LD50		2.33 (2.01–2.71)	g/kg	ld50	2.33	g/kg	2.33	approved	toxicology_benchmark_dose	clintox.nonclinical.benchmark_dose.v1	absolute	none	valid	True		Acute oral LD50 of trisodium NTA (40% aqueous) in rat was 2.33 (2.01–2.71) g/kg.
pass	Pass: endpoint, atomic measurement/unit conversion, reference semantics, and eligibility verified.	clintox_measurement_unit_manual_review.v1	nonclinical_in_vivo_toxicity	340826	f3e841007e88d8ab03d04d51676d8bf6c944f30abb32c3f8b2690271eca8256a	LD50		177	mg/kg	ld50	2.24797326636	log10(mg/kg)	2.2479732663618064	approved	toxicology_benchmark_dose	clintox.nonclinical.benchmark_dose.v1	absolute	none	valid	True		In Table 1, the oral LD50 of 2,6-DNT in rats was reported as 177 mg/kg from Back et al. (LD50a).
pass	Pass: endpoint, atomic measurement/unit conversion, reference semantics, and eligibility verified.	clintox_measurement_unit_manual_review.v1	nonclinical_in_vivo_toxicity	234261	bb6fac76961cfee9833b2fe1b9f69900cdb3bf17a1ab87b115773c5b154ddfa8	LD50		169 (147–196)	mg kg^-1	ld50	169	mg kg^-1	169.0	approved	toxicology_benchmark_dose	clintox.nonclinical.benchmark_dose.v1	absolute	none	valid	True		Table 1 reports for Cu: wild-type mouse LD50 of 169 mg kg−1 (95% CI: 147–196 mg kg−1) after repeated sc administration of CuSO4.
pass	Pass: endpoint, atomic measurement/unit conversion, reference semantics, and eligibility verified.	clintox_measurement_unit_manual_review.v1	nonclinical_in_vivo_toxicity	148455	b408feb3d71c3912e5ee4d5481f1177f69303850c1d6d3643ca4ea1cf3793389	LD50		143 (81-251)	mg/kg of body weight	ld50	143	mg/kg	143.0	approved	toxicology_benchmark_dose	clintox.nonclinical.benchmark_dose.v1	absolute	none	valid	True		Table 1: For mouse, oral LD50 at day 2 is 143 (81-251) mg/kg.
pass	Pass: endpoint, atomic measurement/unit conversion, reference semantics, and eligibility verified.	clintox_measurement_unit_manual_review.v1	nonclinical_in_vivo_toxicity	225448	4bf6c48462b5e3c9f5997a390385e7558a0046b456058bb91b29ab4b1f8a9051	LD50		3.8 (0.9-10.2)	mg·kg^-1	ld50	3.8	mg·kg^-1	3.8	approved	toxicology_benchmark_dose	clintox.nonclinical.benchmark_dose.v1	absolute	none	valid	True		In Table II, the intratracheal LD50 for T2 toxin in rats using saline + 1% Tween 80 as vehicle was 3.8 mg·kg−1 (95% confidence limits 0.9-10.2), slope 2.7, calculated by probit analysis.
pass	Pass: endpoint, atomic measurement/unit conversion, reference semantics, and eligibility verified.	clintox_measurement_unit_manual_review.v1	nonclinical_in_vivo_toxicity	168901	d7ebadbfbdcb510fb1452da46e9c664e96f83c05c3b1fd0f4389c2e12b784066	LD50		38 (19 – 108)	ng/mg	ld50	38	ng/mg	38.0	approved	toxicology_benchmark_dose	clintox.nonclinical.benchmark_dose.v1	absolute	none	valid	True		The 24 hr topical LD50 of TFNA-AM against female An. gambiae (G3) was 38 ng/mg (95% CI 19–108).
pass	Pass: endpoint, atomic measurement/unit conversion, reference semantics, and eligibility verified.	clintox_measurement_unit_manual_review.v1	nonclinical_in_vivo_toxicity	84899	f8d32b5d7c0ae63c27940b38595de67ebe6fd54e00ab3413fb8a91a2a966fd31	LD50		36.2 (34.2–38.2)	µg/kg	ld50	36.2	µg/kg	36.2	approved	toxicology_benchmark_dose	clintox.nonclinical.benchmark_dose.v1	absolute	none	valid	True		From Table 1: subcutaneous LD50 of sarin in female guinea pigs PND5–10 = 36.2 (34.2–38.2) µg/kg, based on 24-h mortality.
pass	Pass: endpoint, atomic measurement/unit conversion, reference semantics, and eligibility verified.	clintox_measurement_unit_manual_review.v1	nonclinical_in_vivo_toxicity	195256	6339d60f3e4be2c5f9ff02f3c9b15990dea2f8f920520294febf76192918a1af	NOAEL		0.3	mg/kg/day	noael	-0.52287874528	log10(mg/kg/d)	-0.5228787452803376	approved	toxicology_benchmark_dose_rate	clintox.nonclinical.benchmark_dose_rate.v1	absolute	none	valid	True		Table 1 subacute oral toxicity in rats: NOAEL 0.3 mg/kg/day, LOAEL 3 mg/kg/day for hematological toxicity. Data from 2021 EPA report.
pass	Pass: endpoint, atomic measurement/unit conversion, reference semantics, and eligibility verified.	clintox_measurement_unit_manual_review.v1	nonclinical_in_vivo_toxicity	56109	2382fb1144294a3e58afe85114c22a2b0a7f157e1a093af2c288b9760aa111a6	NOAEL		10.2	mg/kg bw per day	noael	10.2	mg/kg/d	10.2	approved	toxicology_benchmark_dose_rate	clintox.nonclinical.benchmark_dose_rate.v1	absolute	none	valid	True		The National Industrial Chemicals Notification and Assessment Scheme (NICNAS, 2012) identified a NOAEL of 10.2 mg/kg bw per day based on the Ema et al. (2008) study, that was used for both adults and children risk characterisation.
pass	Pass: endpoint, atomic measurement/unit conversion, reference semantics, and eligibility verified.	clintox_measurement_unit_manual_review.v1	nonclinical_in_vivo_toxicity	265037	2b6fe4044eede7c34d507f108243e41b9151368fccdf63a6790ec70c6026f8ae	LC50		40 (31–49)	mg L−1	lc50	40	mg L^-1	40.0	approved	toxicology_benchmark_mass_concentration	clintox.nonclinical.benchmark_mass_concentration.v1	absolute	none	valid	True		Table 1 shows pemetrexed with an LC50 of 40 mg L−1 (95% CL: 31–49 mg L−1) for zebrafish embryos/larvae after five-day exposure.
pass	Pass: endpoint, atomic measurement/unit conversion, reference semantics, and eligibility verified.	clintox_measurement_unit_manual_review.v1	nonclinical_in_vivo_toxicity	191686	b224af1402f3f98391868a12426ad28424e02b1b14e604e151f34592bc76e27d	LC50		2.2	mg/L	lc50	2.2	mg/L	2.2	approved	toxicology_benchmark_mass_concentration	clintox.nonclinical.benchmark_mass_concentration.v1	absolute	none	valid	True		Table 1 has a row for copper with Pimephales promelas exposed for 96 hours: LC50 = 2.2 mg/L (Brungs et al. 1976).
pass	Pass: endpoint, atomic measurement/unit conversion, reference semantics, and eligibility verified.	clintox_measurement_unit_manual_review.v1	nonclinical_in_vivo_toxicity	121269	9a330bccb66e20da4e6357ab42467a0cdf29cadfec9e0e63ff85978d3e8ac8c5	LC50		2.7 (2.3–3.3)	µg ml^-1	lc50	2.7	µg mL^-1	2.7	approved	toxicology_benchmark_mass_concentration	clintox.nonclinical.benchmark_mass_concentration.v1	absolute	none	valid	True		For 24-h exposure followed by transfer to water, the 72-h LC50 of α-mangostin against third instar Aedes aegypti (Orlando) larvae was 2.7 (2.3–3.3) µg ml−1 from Table 3.
pass	Pass: endpoint, atomic measurement/unit conversion, reference semantics, and eligibility verified.	clintox_measurement_unit_manual_review.v1	nonclinical_in_vivo_toxicity	294056	6f92aa2cc7a11b587ba2f1d6f3c02bc630dbc8d794b43c4ae56343c3375191e0	LC50		17.8 (15.8–20.1)	µg/L	lc50	17.8	µg/L	17.8	approved	toxicology_benchmark_mass_concentration	clintox.nonclinical.benchmark_mass_concentration.v1	absolute	none	valid	True		Table 1 (p.18) reports the 96-h LC50 for copper pyrithione in juvenile mummichog from Experiment 2 as 17.8 µg/L with 95% confidence limits of 15.8–20.1 µg/L, based on groups of 20 fish exposed to nominal concentrations of 6.3, 12.5, 25 µg/L.
pass	Pass: endpoint, atomic measurement/unit conversion, reference semantics, and eligibility verified.	clintox_measurement_unit_manual_review.v1	nonclinical_in_vivo_toxicity	340048	fde5ba90304818778858f5d6192d4cbdc9f1c0a5262437e9aa37d2851579d76c	LC50		78.86 (75.26 – 82.46)	µg/mL	lc50	78.86	µg/mL	78.86	approved	toxicology_benchmark_mass_concentration	clintox.nonclinical.benchmark_mass_concentration.v1	absolute	none	valid	True		The essential oil of C. rudolphianus was toxic to B. glabrata adults, with an LC90 of 78.86 µg/mL (75.26–82.46) after 48 h exposure.
pass	Pass: source measurement is preserved and the fail-closed exclusion reason is correct.	clintox_measurement_unit_manual_review.v1	nonclinical_in_vivo_toxicity	96325	a568accda0453e3a6fd8f6a6fc35899df4c5713bfc95f56325e7a6dd97deb7c5	LD50		146-320	mg/kg	ld50	146-320	mg/kg		approved	toxicology_benchmark_dose	clintox.nonclinical.benchmark_dose.v1	unknown	unknown	non_scalar_measurement	False	non_scalar_measurement	Pentachlorophenol is listed in Table 5, showing an LD50 of 146-320 mg/kg in rat via oral administration.
pass	Pass: source measurement is preserved and the fail-closed exclusion reason is correct.	clintox_measurement_unit_manual_review.v1	nonclinical_in_vivo_toxicity	10771	207912b69ba6954f386d50a9736029503b66a10577bfb791407c1749ff5f1396	LOAEL		>1.2	mg/kg/d	loael	>1.2	mg/kg/d		approved	toxicology_benchmark_dose_rate	clintox.nonclinical.benchmark_dose_rate.v1	unknown	unknown	non_scalar_measurement	False	non_scalar_measurement	In a multigeneration study in rats, the LOAEL for chlorpyrifos was greater than 1.2 mg/kg/d for pup survival (not achieved).
pass	Pass: source measurement is preserved and the fail-closed exclusion reason is correct.	clintox_measurement_unit_manual_review.v1	nonclinical_in_vivo_toxicity	69596	77a812f07e0692656ec308542a21b6a1b80073be6f655cb89929fe572cfe09e6	LC50		2700-3600	mg/l	lc50	2700-3600	mg/L		approved	toxicology_benchmark_mass_concentration	clintox.nonclinical.benchmark_mass_concentration.v1	unknown	unknown	non_scalar_measurement	False	non_scalar_measurement	Under static test conditions and in water of hardness 67 CaCO3/l, ... the 96 h LC50 was reported to be between 2700 and 3600 mg/l (DuPont, 1980a).
pass	Pass: source measurement is preserved and the fail-closed exclusion reason is correct.	clintox_measurement_unit_manual_review.v1	nonclinical_in_vivo_toxicity	332439	65e8ee338cd84da11042fa4edcc6c5cd6f7a44016bb2e730c6a7170c67ac33f2	NOEL		75-100 µM	µM	noel	75-100	µM		approved	toxicology_benchmark_molar_concentration	clintox.nonclinical.benchmark_molar_concentration.v1	unknown	unknown	non_scalar_measurement	False	non_scalar_measurement	Metribuzine was less active with an NOEC between 75 and 100 µM (p48).
pass	Pass: source measurement is preserved and the fail-closed exclusion reason is correct.	clintox_measurement_unit_manual_review.v1	nonclinical_in_vivo_toxicity	129903	2bddc9a96adc7385d4b759d86c42b5c66b8695dc4cec30050e4e222898853803	MTD		30–100	ppm	mtd	30–100	ppm		approved	toxicology_benchmark_declared_fraction	clintox.nonclinical.benchmark_ppm_ppb.v1	unknown	unknown	non_scalar_measurement	False	non_scalar_measurement	In paragraph 64, based on the observed lack of weight gain and hepatocellular necrosis at 100 ppm, the authors suggest that the maximum tolerated exposure concentration (MTD) for longer-term studies in female mice would be in the range of 30 to 100 ppm.
pass	Pass: source measurement is preserved and the fail-closed exclusion reason is correct.	clintox_measurement_unit_manual_review.v1	nonclinical_in_vivo_toxicity	253160	e331e30b0b9f6649947a2bea88dd26596d63936314a75066b574ee1c1b9bec22	body_weight_change		1740 to 1580, decrease of 160	g	body_weight_change	1740 to 1580, decrease of 160	g		approved	body_weight_absolute_change	clintox.nonclinical.body_weight_mass.v1	unknown	unknown	non_scalar_measurement	False	non_scalar_measurement	For rabbit B (adrenalin-treated), the weight on the 1st day was 1740 grms., on the last (36th) day, when it was killed, 1580 grms., indicating a 160 g weight loss over the study duration.
pass	Pass: source measurement is preserved and the fail-closed exclusion reason is correct.	clintox_measurement_unit_manual_review.v1	nonclinical_in_vivo_toxicity	207959	a901fe0e492044c27c5b3a7297cf6d95050032cc87d0ea5c16cae89280efd1c8	body_weight_change		8–14	%	body_weight_change	8–14	%		approved	body_weight_relative_change	clintox.nonclinical.body_weight_percent.v1	unknown	unknown	non_scalar_measurement	False	non_scalar_measurement	In the same study (p:38, Fig. 9), oxaliplatin at 7 mg/kg (90% MTD, qw × 4 for 53 days) resulted in 8–14% relative weight loss compared to control, lasting from day 15 to day 30.
pass	Pass: source measurement is preserved and the fail-closed exclusion reason is correct.	clintox_measurement_unit_manual_review.v1	nonclinical_in_vivo_toxicity	161790	01d4b625cbf25adb03d81fbb7e1db5a24d566e170e7ebf067c3163dbe7309abb	mortality_or_survival		30% survival	%	mortality_or_survival	30 survival	%		approved	animal_mortality_or_survival_fraction	clintox.nonclinical.mortality_fraction.v1	unknown	unknown	non_scalar_measurement	False	non_scalar_measurement	In hamsters, the greatest number of 8-week survivors (30%) occurred in the group pretreated with 25 mg/kg ICRF-192 prior to 25 mg/kg daunorubicin.
pass	Pass: source measurement is preserved and the fail-closed exclusion reason is correct.	clintox_measurement_unit_manual_review.v1	nonclinical_in_vivo_toxicity	134057	921e15dcd79cf2ea20ad1f1349feb00582586966713216d740bbfa8274e61118	animal_toxicity_finding				animal_toxicity_finding				evidence_only	unreviewed	clintox.unreviewed_measurement.v1	unknown	unknown	non_scalar_measurement	False	non_scalar_measurement	At 90 ppm, methyl bromide caused increased mortality, decreased body weight gain, and increased incidence of hemothorax, myocardial degeneration, and thrombi in the heart the incidence of neoplasms was unaffected.
pass	Pass: source measurement is preserved and the fail-closed exclusion reason is correct.	clintox_measurement_unit_manual_review.v1	nonclinical_in_vivo_toxicity	39884	981352f0ad0faed693c561c44c5ecb8973586106ddd0590642242dd4535d7821	LD100		14.2	gm/kg	ld100	14200	mg/kg	14200.0	approved	toxicology_benchmark_dose	clintox.nonclinical.benchmark_dose.v1	absolute	none	off_schema_controlled_value	False	off_schema_controlled_value	The table also reports an LD100 of 14.2 gm/kg methanol in rabbits, causing death in less than 24 hours (source: Munch and Schwartze).
pass	Pass: source measurement is preserved and the fail-closed exclusion reason is correct.	clintox_measurement_unit_manual_review.v1	nonclinical_in_vivo_toxicity	101048	a5dcb1f880964e5f3d35298c2295978caa0a7ece36967fd88b9fb07a8bd9fd45	LD10		>100	mg/kg/day	ld10	>100	mg/kg/d		approved	toxicology_benchmark_dose_rate	clintox.nonclinical.benchmark_dose_rate.v1	unknown	unknown	off_schema_controlled_value	False	off_schema_controlled_value	When LFM-A13 was administered daily via oral gavage in a suspension formulation for 7 or 28 consecutive days, it did not cause severe toxicity in Lewis rats (n = 10) that was associated with morbidity or mortality at a daily dose level of 100 mg/kg (Table 1). The LD10 was >100 mg/kg/day or 2.8 g/kg/treatment course.
pass	Pass: source measurement is preserved and the fail-closed exclusion reason is correct.	clintox_measurement_unit_manual_review.v1	nonclinical_in_vivo_toxicity	111196	06092ca735d5d608a859936c8fb6225b8be8e4dd91e636dc7423545f9a7bc0fe	NOEC		40	µg/L	noec	0.04	mg/L	0.04	approved	toxicology_benchmark_mass_concentration	clintox.nonclinical.benchmark_mass_concentration.v1	absolute	none	off_schema_controlled_value	False	off_schema_controlled_value	For butyl paraben (BTP) in Japanese medaka, the NOEC is listed as 40 µg/L in the lethal concentrations table.
pass	Pass: source measurement is preserved and the fail-closed exclusion reason is correct.	clintox_measurement_unit_manual_review.v1	nonclinical_in_vivo_toxicity	217629	b8f437b9366495eb0de63c913013e2c46b4a228b9ba7a0e04b6eedefd1b1b6ad	LOEC		12	µM	loec	1.2e-05	M	1.2e-05	approved	toxicology_benchmark_molar_concentration	clintox.nonclinical.benchmark_molar_concentration.v1	absolute	none	off_schema_controlled_value	False	off_schema_controlled_value	Developmental exposure of zebrafish larvae to TCEP resulted in behavioral changes on 6 dpf with a LOEC of 12 µM (Jarema et al., 2015).
pass	Pass: source measurement is preserved and the fail-closed exclusion reason is correct.	clintox_measurement_unit_manual_review.v1	nonclinical_in_vivo_toxicity	261366	e3bbabd28aa626115278909b4ce97cbc9354533c172336997f2798c3ab5dd0a7	NOAEC		50	ppm	noaec	50	ppm	50.0	approved	toxicology_benchmark_declared_fraction	clintox.nonclinical.benchmark_ppm_ppb.v1	absolute	none	off_schema_controlled_value	False	off_schema_controlled_value	From paragraph p:153: '...they are in quite good agreement with the NOAEC of 50 ppm (LOAEC 200 ppm) which was found in a chronic inhalation study (6 h/day, 5 days/week, 24 months) in rats and mice.' This provides a NOAEC of 50 ppm for vinyl acetate in a chronic inhalation study in rats and mice.
pass	Pass: source measurement is preserved and the fail-closed exclusion reason is correct.	clintox_measurement_unit_manual_review.v1	nonclinical_in_vivo_toxicity	135247	ba19e326b08d081231af9cca1a95ec2734fb05856cf089080b4aa42072deb2b6	carcinogenicity finding				carcinogenicity_finding				evidence_only	unreviewed	clintox.unreviewed_measurement.v1	unknown	unknown	off_schema_controlled_value	False	off_schema_controlled_value	Aflatoxin B1 is strongly hepatocarcinogenic for the rat, much less so for the hamster or the mouse.
pass	Pass: source measurement is preserved and the fail-closed exclusion reason is correct.	clintox_measurement_unit_manual_review.v1	nonclinical_in_vivo_toxicity	306220	5528cfef3b9b21241abbcea0d81c948edc569fb11600912984367617ab9a3559	mortality_or_survival		-20.6%	%	mortality_or_survival	-0.206	ratio	-0.20600000000000002	approved	animal_mortality_or_survival_fraction	clintox.nonclinical.mortality_fraction.v1	endpoint_defined_ratio	other_explicit	outside_bounded_0_100_domain	False	outside_bounded_0_100_domain	C57BL/6 mice (both sexes, 29 control, 57 treated) aged 1.5 months received melatonin 2.5 mg/mouse s.c. twice a week for 2.5 months and were observed until 22 months. Mean life span decreased by 20.6%.
pass	Pass: source measurement is preserved and the fail-closed exclusion reason is correct.	clintox_measurement_unit_manual_review.v1	nonclinical_in_vivo_toxicity	179061	705b82ee17025e317984f2c0b6f5b16c791415ba581b56c269302b94d830b292	LD50		-0.841	mg/kg	ld50	-0.841	mg/kg	-0.841	approved	toxicology_benchmark_dose	clintox.nonclinical.benchmark_dose.v1	absolute	none	outside_positive_domain	False	outside_positive_domain	THCV is within the rat IV (-0,841 mg/kg).
pass	Pass: source measurement is preserved and the fail-closed exclusion reason is correct.	clintox_measurement_unit_manual_review.v1	nonclinical_in_vivo_toxicity	142705	b0ce022aae7da55b79ccdc8662db24833a076b069e9ab49d3c6dacff1c2b2a7c	NOAEL		0.0	mg/L	noael	0	mg/L	0.0	approved	toxicology_benchmark_mass_concentration	clintox.nonclinical.benchmark_mass_concentration.v1	absolute	none	outside_positive_domain	False	outside_positive_domain	In a 20-d chronic test with Chironomus tentans (MacDonald et al. 2004), the NOAEC for survival was 0.0 mg PFOS/L, as given in Table 7.
pass	Pass: source measurement is preserved and the fail-closed exclusion reason is correct.	clintox_measurement_unit_manual_review.v1	nonclinical_in_vivo_toxicity	262837	89c50bbd6fc46f025d6307efe2da364255f0b920ab7492a11341e513469842ab	mortality_or_survival		approximately 20	g/kg body weight	mortality_or_survival	20	g/kg	20.0	evidence_only	unreviewed	clintox.unreviewed_measurement.v1	unknown	unknown	unreviewed_measurement_semantics	False	unreviewed_measurement_semantics	A lethal dose of diethylene glycol in rats is approximately 20 g/kg body weight (Wordley, 1947).
pass	Pass: source measurement is preserved and the fail-closed exclusion reason is correct.	clintox_measurement_unit_manual_review.v1	nonclinical_in_vivo_toxicity	286548	4595cabfdfb97364787a318330c350d6ea23e0346108a84a5d0ae39f2ea2c79b	body_weight_change		318 ± 24	g	body_weight_change	318 ± 24	g	318.0	approved	body_weight_absolute_change	clintox.nonclinical.body_weight_mass.v1	comparator_relative	baseline	valid	False	reference_scope_comparator_relative	In CBDL rats, low-dose rapamycin (0.5 mg/kg/d) significantly reduced body weight after 2 weeks (318 ± 24 g) compared to control (362 ± 23 g), p<0.05 (Table 2).
pass	Pass: source measurement is preserved and the fail-closed exclusion reason is correct.	clintox_measurement_unit_manual_review.v1	nonclinical_in_vivo_toxicity	160820	73d86117890ec2b5da85a43112a1c9c858f63966c0a7314b9fe67154aae33a88	body_weight_change		-23	%	body_weight_change	-0.23	ratio	-0.23	approved	body_weight_relative_change	clintox.nonclinical.body_weight_percent.v1	comparator_relative	baseline	valid	False	reference_scope_comparator_relative	Acvicin + cisplatin treatment in male C57BL6 mice resulted in a -23 ± 3% change in body weight on day 4 post-treatment (Table 1).
pass	Pass: source measurement is preserved and the fail-closed exclusion reason is correct.	clintox_measurement_unit_manual_review.v1	nonclinical_in_vivo_toxicity	178919	014c54e7cf1fdc989de5eed24845329e12d9377f034fc6c634c13d9a6e48137f	NOAEL		>1000	mg/kg	noael	>1000	mg/kg		approved	toxicology_benchmark_dose	clintox.nonclinical.benchmark_dose.v1	unknown	unknown	non_scalar_measurement	False	non_scalar_measurement	As no animal died in acute toxicological screening, nor were any adverse effects observed, it can be concluded that the NOAEL in mice following intravenous and oral application is above 200 and 1000 mg/kg, respectively.
pass	Pass: source measurement is preserved and the fail-closed exclusion reason is correct.	clintox_measurement_unit_manual_review.v1	nonclinical_in_vivo_toxicity	153935	2afe4875f76c11b14d87178678dc11b81b3adb5f6c3b9fa073111e0ffa267feb	NOEL		<300	mg/kg/d	noel	<300	mg/kg/d		approved	toxicology_benchmark_dose_rate	clintox.nonclinical.benchmark_dose_rate.v1	unknown	unknown	non_scalar_measurement	False	non_scalar_measurement	In a 60-day intramuscular injection study on unspecified breed cats, the NOEL was <300 mg/kg/d, with neurotoxicity and axonal lesions at 300 mg/kg/d.
pass	Pass: source measurement is preserved and the fail-closed exclusion reason is correct.	clintox_measurement_unit_manual_review.v1	nonclinical_in_vivo_toxicity	52158	3d8cb54569a6218e3594ec319bda6d870ddbe9ae6bac91464f4cd2fb16c2d2f2	LC50		<100 µg/L	µg/L	lc50	<100	µg/L		approved	toxicology_benchmark_mass_concentration	clintox.nonclinical.benchmark_mass_concentration.v1	unknown	unknown	non_scalar_measurement	False	non_scalar_measurement	The goby (Gobius minutus) had LC50 values <100 µg/L for pentachlorophenol (Adema and Vink, 1981).
pass	Pass: source measurement is preserved and the fail-closed exclusion reason is correct.	clintox_measurement_unit_manual_review.v1	nonclinical_in_vivo_toxicity	295314	3f8a9ef3f68b5c419e18cd9bba70679078950615b4d57d10e8e3c342c7a52bff	LOEL		50–60 µmol/dl	µmol/dl	loel	50–60	µmol/dL		approved	toxicology_benchmark_molar_concentration	clintox.nonclinical.benchmark_molar_concentration.v1	unknown	unknown	non_scalar_measurement	False	non_scalar_measurement	Stegink (1976) measured plasma amino acid levels after loading and reported that the threshold level required to produce neuronal necrosis under high osmotic load for glutamic acid is about 50–60 µmol/dl in the acutely sensitive neonatal mouse but must be over 1,000–2,000 µmol/dl in the neonatal primate.
pass	Pass: source measurement is preserved and the fail-closed exclusion reason is correct.	clintox_measurement_unit_manual_review.v1	nonclinical_in_vivo_toxicity	113707	717ff6b86224d3090c9c7c350f5cf25ac1db8660fa7b8a86c49e29de4747dc50	LC50		>10,000	ppm	lc50	>10,000	ppm		approved	toxicology_benchmark_declared_fraction	clintox.nonclinical.benchmark_ppm_ppb.v1	unknown	unknown	non_scalar_measurement	False	non_scalar_measurement	In Table 1, inhalation lethality data for rats (NRC, 2004) report a 4-h LC50 of >10,000 ppm.
pass	Pass: source measurement is preserved and the fail-closed exclusion reason is correct.	clintox_measurement_unit_manual_review.v1	nonclinical_in_vivo_toxicity	293279	2430b550f3dabee25ed33ecf8f7e3e0c40c80c606b846cba6ee58a6ef4f3155c	body_weight_change		24.4 g on day two (day one 25.1 g); then recovered to equal controls by day 11	g	body_weight_change	24.4 g on day two (day one 25.1 g); then recovered to equal controls by day 11	g		approved	body_weight_absolute_change	clintox.nonclinical.body_weight_mass.v1	unknown	unknown	non_scalar_measurement	False	non_scalar_measurement	In mice given CAPS at a concentration of 4.0 mg/ml in the drinking water for 30 days, there was a reduction in mean body weight from 25.1 g (day one) to 24.4 g (day two) but thereafter mean body weight increased, and from day 11 (26.1 g) to day 29 (27.0 g) the weights were equal to those of the control animals (control final 27.7 g).
pass	Pass: source measurement is preserved and the fail-closed exclusion reason is correct.	clintox_measurement_unit_manual_review.v1	nonclinical_in_vivo_toxicity	167561	b71c6324b8184c453edfe6957a629973f1065fa6b668c3c1a7fee87913f171b4	body_weight_change		39% lower (i.e., 61% of control)	%	body_weight_change	39 lower (i.e., 61% of control)	%		approved	body_weight_relative_change	clintox.nonclinical.body_weight_percent.v1	unknown	unknown	non_scalar_measurement	False	non_scalar_measurement	Exposure to ortho-phthalaldehyde resulted in dose-related reductions in final body weights relative to controls in both rats and mice. Similar effects on body weight were seen in mice, with reductions of up to 39% compared to controls in exposed males.
pass	Pass: source measurement is preserved and the fail-closed exclusion reason is correct.	clintox_measurement_unit_manual_review.v1	nonclinical_in_vivo_toxicity	117056	f304d9880efc1fbc871adadbe8175b012700799e1d090a09c1ebfdad9b382be6	mortality_or_survival		83.3% mortality	%	mortality_or_survival	83.3 mortality	%		approved	animal_mortality_or_survival_fraction	clintox.nonclinical.mortality_fraction.v1	unknown	unknown	non_scalar_measurement	False	non_scalar_measurement	The mortality percentages after 5 days were ... 83.3% (Sodium Bisulfite and benzoic acid group).
pass	Pass: source measurement is preserved and the fail-closed exclusion reason is correct.	clintox_measurement_unit_manual_review.v1	nonclinical_in_vivo_toxicity	239410	7e40e3027cb1e47d8849eb0c9304d471bca380d80a8033fc7fa998a9f9440d68	qualitative_toxicity_assessment				qualitative_toxicity_assessment				evidence_only	unreviewed	clintox.unreviewed_measurement.v1	unknown	unknown	non_scalar_measurement	False	non_scalar_measurement	For isoflucypram, a low acute risk to fish was also concluded for all representative uses (FOCUS Step 3) at Tier 2.
pass	Pass: source measurement is preserved and the fail-closed exclusion reason is correct.	clintox_measurement_unit_manual_review.v1	nonclinical_in_vivo_toxicity	116309	e0b17be2085e2ee11d470cca78b44fe230efc030523a2c28c454b15e9cb61972	LD10		570	µg/kg	ld10	0.57	mg/kg	0.57	approved	toxicology_benchmark_dose	clintox.nonclinical.benchmark_dose.v1	absolute	none	off_schema_controlled_value	False	off_schema_controlled_value	In the present study, the oral LD10 of AZA1 was estimated to be 570 µg/kg in mice (female NMRI, as per the table description for the same dose on p:93). Due to the low number of mice, this estimate is associated with high uncertainty.
pass	Pass: source measurement is preserved and the fail-closed exclusion reason is correct.	clintox_measurement_unit_manual_review.v1	nonclinical_in_vivo_toxicity	289383	9f7d3e92276e89c2a985cefafa6520785d5f007f013b6df210cd7f0688c1db5f	TD50		0.31	mg/kg-day	td50	0.31	mg/kg/d	0.31	approved	toxicology_benchmark_dose_rate	clintox.nonclinical.benchmark_dose_rate.v1	absolute	none	off_schema_controlled_value	False	off_schema_controlled_value	The minimum rodent TD50 is 0.31 mg/kg-day for adrenal tumors produced in male rats given reserpine in the diet.
pass	Pass: source measurement is preserved and the fail-closed exclusion reason is correct.	clintox_measurement_unit_manual_review.v1	nonclinical_in_vivo_toxicity	220260	4652aa7eb8b305c7294fdf9aed9596a2a7bd3a48def709bb8b0b2d8a63319e17	NOEC		2.08	mg/L	noec	2.08	mg/L	2.08	approved	toxicology_benchmark_mass_concentration	clintox.nonclinical.benchmark_mass_concentration.v1	absolute	none	off_schema_controlled_value	False	off_schema_controlled_value	In fish embryos exposed to salbutamol for 48 h, heart beat rate increased with concentration; a NOEC of 2.08 mg/L was derived from the two tests, with the control heart rate of 143 beats/min increasing to a fitted upper limit of 172 beats/min.
pass	Pass: source measurement is preserved and the fail-closed exclusion reason is correct.	clintox_measurement_unit_manual_review.v1	nonclinical_in_vivo_toxicity	291114	fa9e38ca534ce442ac9a882f68e16a34b0ff3184d9ee186b0e2fbd8a9ade19c2	LOAEC		1.1 µM	µM	loaec	1.1e-06	M	1.1e-06	approved	toxicology_benchmark_molar_concentration	clintox.nonclinical.benchmark_molar_concentration.v1	absolute	none	off_schema_controlled_value	False	off_schema_controlled_value	ABZ and ABZSO decreased the somites number and the total morphological score and increased the percentage of dysmorphogenesis dose-dependently (Table 1). The LOAECs were obtained at in vivo relevant concentrations and were as low as 1.1 and 9 µM respectively.
pass	Pass: source measurement is preserved and the fail-closed exclusion reason is correct.	clintox_measurement_unit_manual_review.v1	nonclinical_in_vivo_toxicity	125954	aa177c1234697db39e39a33d8ec74c9e446d3033c276ff3c29a20a21982498aa	NOAEC		<30	ppm	noaec	<30	ppm		approved	toxicology_benchmark_declared_fraction	clintox.nonclinical.benchmark_ppm_ppb.v1	unknown	unknown	off_schema_controlled_value	False	off_schema_controlled_value	In the rat inhalation study by Baeder and Hofmann (1991), a developmental toxicity NOAEC of <30 ppm was identified for chloroform. At 30 ppm, the number of fetuses with body weight < 3 grams was increased (26.9% vs 3.2% control), and reduced ossification was noted.
pass	Pass: source measurement is preserved and the fail-closed exclusion reason is correct.	clintox_measurement_unit_manual_review.v1	nonclinical_in_vivo_toxicity	158112	876179683eb5b8d4ed08de2a7e3469ec988e4155ea7254be7dd359aafcc84f1b	MTD (LD10)		6.7 (5.5 ÷ 7.4)	mg/kg	mtd_(ld10)	6.7 (5.5 ÷ 7.4)	mg/kg		evidence_only	unreviewed	clintox.unreviewed_measurement.v1	unknown	unknown	off_schema_controlled_value	False	off_schema_controlled_value	The MTD (LD10) for doxorubicin in male rats was 6.7 (5.5–7.4) mg/kg after single intravenous administration (Table 2).
pass	Pass: source measurement is preserved and the fail-closed exclusion reason is correct.	clintox_measurement_unit_manual_review.v1	nonclinical_in_vivo_toxicity	306218	e7e20c60d3c0b6a2711e56c3bf6e8d817cd6acd24439574f75541e616fb1c56c	mortality_or_survival		-13%	%	mortality_or_survival	-0.13	ratio	-0.13	approved	animal_mortality_or_survival_fraction	clintox.nonclinical.mortality_fraction.v1	endpoint_defined_ratio	other_explicit	outside_bounded_0_100_domain	False	outside_bounded_0_100_domain	C57BL/6 mice (both sexes, 25 control, 45 treated) starting at 1.5 months of age received melatonin at 2.5 mg/mouse s.c. twice a week for 5 months, and were observed until 22 months. Mean life span decreased by 13% in the melatonin group.
pass	Pass: source measurement is preserved and the fail-closed exclusion reason is correct.	clintox_measurement_unit_manual_review.v1	nonclinical_in_vivo_toxicity	152749	a775787a3c89843d5c2f751197f4c134806aedcc5c5ffa427aed9435b3be0499	NOEL		0	mg/kg	noel	0	mg/kg	0.0	approved	toxicology_benchmark_dose	clintox.nonclinical.benchmark_dose.v1	absolute	none	outside_positive_domain	False	outside_positive_domain	Hyaline droplets were present in the cytoplasm of proximal renal tubular epithelial cells of male rats in every exposed group. Thus the no-observed-effect level (NOEL) in males was 0 mg/kg.
pass	Pass: source measurement is preserved and the fail-closed exclusion reason is correct.	clintox_measurement_unit_manual_review.v1	nonclinical_in_vivo_toxicity	142707	e0de84fc3aa46d4715f2189c33b9fb571554601b49ac0eca9b20266ae87af9a6	NOAEL		0.0	mg/L	noael	0	mg/L	0.0	approved	toxicology_benchmark_mass_concentration	clintox.nonclinical.benchmark_mass_concentration.v1	absolute	none	outside_positive_domain	False	outside_positive_domain	In a 20-d chronic test with Chironomus tentans (MacDonald et al. 2004), the NOAEC for growth was 0.0 mg PFOS/L, as given in Table 7.
pass	Pass: source measurement is preserved and the fail-closed exclusion reason is correct.	clintox_measurement_unit_manual_review.v1	nonclinical_in_vivo_toxicity	165350	b0b28ebb64728bc99961795e4b978f0a2599f8e459c27981b525729be8634b74	animal_toxicity_finding		290.11 ± 13.94	x10^5 µm^2	animal_toxicity_finding	29011000 ± 1394000	µm^2	29011000.0	evidence_only	unreviewed	clintox.unreviewed_measurement.v1	unknown	unknown	unreviewed_measurement_semantics	False	unreviewed_measurement_semantics	In paragraph 65, the collagen deposition in TBT ovary rats was increased compared with control rats (CON: 213.40 ± 8.00; TBT: 290.11 ± 13.94 x 105 µm2, n=5, p≤0.001).
pass	Pass: endpoint, atomic measurement/unit conversion, reference semantics, and eligibility verified.	clintox_measurement_unit_manual_review.v1	general_cytotoxicity	129869	bb852da8736727af27e913858727686c61e087cbb3a171ee51ddd17d53668751	cell_death_percent		8.83	%	cell_death_percent	0.0883	ratio	0.0883	approved	cell_death_fraction	clintox.cytotoxicity.cell_death_percent.v1	endpoint_defined_ratio	other_explicit	valid	True		In NGM cells treated with 0.05 mM cinnamic acid for 6 hours, the frequency of apoptotic cells (early+late apoptosis) measured by activated-caspase 9 assay was 8.83%.
pass	Pass: endpoint, atomic measurement/unit conversion, reference semantics, and eligibility verified.	clintox_measurement_unit_manual_review.v1	general_cytotoxicity	578669	f205101319a45ed5be97d33f6dd9fca8992e3ece622793f076a65e893443f453	cell_death_percent		57	% day^-1	cell_death_percent	0.57	ratio/d	0.5700000000000001	approved	cell_death_fraction	clintox.cytotoxicity.cell_death_percent.v1	endpoint_defined_ratio	other_explicit	valid	True		Rates of cell loss in L929 monolayers apoptosis accounted for increases in the rate of cell loss from 0.24% day−1 in exponentially growing controls to an average 21 and 57% day−1 in cultures exposed to 1 and 10 µM VP-16, respectively (Table 1). Thus 10 µM VP-16 gave 57% day−1.
pass	Pass: endpoint, atomic measurement/unit conversion, reference semantics, and eligibility verified.	clintox_measurement_unit_manual_review.v1	general_cytotoxicity	791733	eaebb4d37940e1a917e037ea6c7bc259c9d0733d69a53a1078ed3c793e1b7b65	membrane_integrity		650	% of control	membrane_integrity	6.5	ratio to control	6.5	approved	membrane_integrity_control_response	clintox.cytotoxicity.membrane_control_percent.v1	standardized_control_ratio	assay_control	valid	True		In PC12 cells in N-5 medium, 500 µM 2-MeHli+ produced maximal LDH release of 650% of control at 24 h.
pass	Pass: endpoint, atomic measurement/unit conversion, reference semantics, and eligibility verified.	clintox_measurement_unit_manual_review.v1	general_cytotoxicity	452562	c704175cdeb0bb762d6410f493ed6a4dd606b305ca11de58fbdc6f1eb7bfaa81	IC50		0.5	µg/mL	ic50	-0.301029995664	log10(mg/L)	-0.3010299956639812	approved	cytotoxicity_potency_mass	clintox.cytotoxicity.potency_mass.v1	absolute	none	valid	True		Compound 18 (IC50 = 0.7 µg/mL) was almost equipotent to doxorubicin (IC50 = 0.5 µg/mL) against HCT-116.
pass	Pass: endpoint, atomic measurement/unit conversion, reference semantics, and eligibility verified.	clintox_measurement_unit_manual_review.v1	general_cytotoxicity	464497	2350a363179f007761d87b92afaffa8711aee251b06c38d90b6ae9ab898e9e06	EC50		70.34	µg/mL	ec50	70.34	mg/L	70.34	approved	cytotoxicity_potency_mass	clintox.cytotoxicity.potency_mass.v1	absolute	none	valid	True		Luteolin emerged as a particularly effective agent in reducing the viability of MCF-7 cells, with a half-maximal effective concentration (EC50) value of 70.34 µg/mL, as determined by the MTT assay.
pass	Pass: endpoint, atomic measurement/unit conversion, reference semantics, and eligibility verified.	clintox_measurement_unit_manual_review.v1	general_cytotoxicity	39311	cf9ff77b6d6c03e81a572b7e6799486c5c5d3ac44cc62596ed2fc3a0baeeda64	IC50		394.1	µM	ic50	0.0003941	M	0.0003941	approved	cytotoxicity_potency_molar	clintox.cytotoxicity.potency_molar.v1	absolute	none	valid	True		Carboplatin exhibited an IC50 of 394.1 µM (SD=0.04) in primary gingival fibroblast cells after 48 h of treatment.
pass	Pass: endpoint, atomic measurement/unit conversion, reference semantics, and eligibility verified.	clintox_measurement_unit_manual_review.v1	general_cytotoxicity	263982	00a6215cc803bd1270598e1b7eebd59d95eef1d34fa6d18d4f8d5e5bacf83c7e	IC50		49.35	µM	ic50	-4.30671284299	log10(M)	-4.306712842994345	approved	cytotoxicity_potency_molar	clintox.cytotoxicity.potency_molar.v1	absolute	none	valid	True		Compound 11a exhibited an IC50 of 49.35 µM against A549 cells after 48 h treatment by MTT assay, as reported in Table 1.
pass	Pass: endpoint, atomic measurement/unit conversion, reference semantics, and eligibility verified.	clintox_measurement_unit_manual_review.v1	general_cytotoxicity	228533	3d257a118ffcaa2bb1c844bf9afc89352a13f807c67f6b3b09f3a03c7a6bd4c8	viability_percent		30.5	%	viability_percent	0.305	ratio to control	0.305	approved	cytotoxicity_control_response_fraction	clintox.cytotoxicity.viability_control_percent.v1	standardized_control_ratio	assay_control	valid	True		In the cytotoxicity screening (Table 1), neuron-like SH-SY5Y cells were treated with compound 10 at 10 µM for 24 h. Cell viability measured by calcein AM assay was 30.5% ± 3.021 of DMSO control.
pass	Pass: endpoint, atomic measurement/unit conversion, reference semantics, and eligibility verified.	clintox_measurement_unit_manual_review.v1	general_cytotoxicity	65336	a54ba76ac4c89a7f2803740aabd69c4547c320577e9a1ed3ca67cfc5f74feed1	cell_death_percent		38	%	cell_death_percent	0.38	ratio	0.38	approved	cell_death_fraction	clintox.cytotoxicity.cell_death_percent.v1	endpoint_defined_ratio	other_explicit	valid	True		After 72 h treatment with 20 µM Met-ITC, MCF-7 cells showed 38.0 ± 0.7% early apoptotic cells by annexin V staining.
pass	Pass: endpoint, atomic measurement/unit conversion, reference semantics, and eligibility verified.	clintox_measurement_unit_manual_review.v1	general_cytotoxicity	578663	ae2d1c5805fabe95f1b6702a2b350f9a7038f8b0dd645c250b85fcda703aa6fc	cell_death_percent		57	% day^-1	cell_death_percent	0.57	ratio/d	0.5700000000000001	approved	cell_death_fraction	clintox.cytotoxicity.cell_death_percent.v1	endpoint_defined_ratio	other_explicit	valid	True		In L929 cells exposed to 10 µM VP-16, the fractional rate of total DNA radioactivity loss measured over the Day 1–4 interval increased to 57% day−1.
pass	Pass: endpoint, atomic measurement/unit conversion, reference semantics, and eligibility verified.	clintox_measurement_unit_manual_review.v1	general_cytotoxicity	659973	81b3d90532ec3ac7fdfd035f28766fc676077b1768039af9fb7af5b841ac74bf	membrane_integrity		123	% of control	membrane_integrity	1.23	ratio to control	1.23	approved	membrane_integrity_control_response	clintox.cytotoxicity.membrane_control_percent.v1	standardized_control_ratio	assay_control	valid	True		In HepG2 cells, treatment with 10 µg/ml CdO NPs resulted in LDH release to 123% over the control, as determined using the LDH-cytotoxicity colorimetric assay kit II (Fig. 7B).
pass	Pass: endpoint, atomic measurement/unit conversion, reference semantics, and eligibility verified.	clintox_measurement_unit_manual_review.v1	general_cytotoxicity	689863	955502b466048958e46c0bcf33bbbd015fc1a04091a9e4ddf5400a7fbdebed26	IC50		58.01	µg/mL	ic50	1.76350286547	log10(mg/L)	1.763502865467597	approved	cytotoxicity_potency_mass	clintox.cytotoxicity.potency_mass.v1	absolute	none	valid	True		Compound 25 showed an IC50 of 58.01 ± 3.9 µg/mL against PC3 cells in the in vitro antiproliferative assay.
pass	Pass: endpoint, atomic measurement/unit conversion, reference semantics, and eligibility verified.	clintox_measurement_unit_manual_review.v1	general_cytotoxicity	350824	29d8453373b40bddcafec3eca404fc150721a3db2040428b3757d612814b2754	other_icx_gix		1.8	ng/ml	other_icx_gix	0.0018	mg/L	0.0018	approved	cytotoxicity_potency_mass	clintox.cytotoxicity.potency_mass.v1	absolute	none	valid	True		In A2780 ovarian cancer cells, the IC60 concentration of triptolide at 48 h was 1.8 ng/ml, as stated for the treatment conditions used in the mitochondrial/cytosolic protein analysis.
pass	Pass: endpoint, atomic measurement/unit conversion, reference semantics, and eligibility verified.	clintox_measurement_unit_manual_review.v1	general_cytotoxicity	535981	38c71b4c8fa28ec087de1a46d245c62471d4f5eeeafeb0c44b42c8f416468e50	IC50		200	µM	ic50	0.0002	M	0.0002	approved	cytotoxicity_potency_molar	clintox.cytotoxicity.potency_molar.v1	absolute	none	valid	True		The cytotoxic effect of daidzein (DZ) was determined using the XTT method. IC50 concentrations of DZ were found to be 200 µM in both MIA PaCa-2 and HT-29 cells treated with DZ for 48 hours.
pass	Pass: endpoint, atomic measurement/unit conversion, reference semantics, and eligibility verified.	clintox_measurement_unit_manual_review.v1	general_cytotoxicity	76714	e28cf8c42bcab873bb2adc7ad333f2c5ee4cedb0e82619d8db1df329c1659313	IC50		2.8	µM	ic50	-5.55284196866	log10(M)	-5.552841968657781	approved	cytotoxicity_potency_molar	clintox.cytotoxicity.potency_molar.v1	absolute	none	valid	True		Compound 5d showed significant antitumor effect against A549 cancer cell line with an IC50 of 2.8 µM in the MTT assay.
pass	Pass: endpoint, atomic measurement/unit conversion, reference semantics, and eligibility verified.	clintox_measurement_unit_manual_review.v1	general_cytotoxicity	49201	acff14d4539e8e547d197aff3177a6f36adbba41427072b8a32af9e81e095c34	proliferation_inhibition_percent		73.88	%	proliferation_inhibition_percent	0.7388	ratio to control	0.7388	approved	cytotoxicity_control_response_fraction	clintox.cytotoxicity.viability_control_percent.v1	standardized_control_ratio	assay_control	valid	True		In the single-dose 100 µM screening, compound 15e showed 73.88 ± 4.08% cell growth inhibition on HCT116 cells after 48 h using the sulforhodamine B assay.
pass	Pass: endpoint, atomic measurement/unit conversion, reference semantics, and eligibility verified.	clintox_measurement_unit_manual_review.v1	general_cytotoxicity	114966	578f5b86963869076f0d29c2507b01a649dfd8d6d1ebe10df182fb2f28f9f035	cell_death_percent		7.81	%	cell_death_percent	0.0781	ratio	0.0781	approved	cell_death_fraction	clintox.cytotoxicity.cell_death_percent.v1	endpoint_defined_ratio	other_explicit	valid	True		Treatment with 20 µmol/L IVM for 24 h induced early apoptosis in 7.81% ± 0.63% of HeLa cells as measured by annexin V/PI flow cytometry.
pass	Pass: endpoint, atomic measurement/unit conversion, reference semantics, and eligibility verified.	clintox_measurement_unit_manual_review.v1	general_cytotoxicity	578667	866cdc1b5dcaf2ae8388c8af53dd7b160eb51342fc55e7c8efcf4edb50f47c08	cell_death_percent		0.24	% day^-1	cell_death_percent	0.0024	ratio/d	0.0024	approved	cell_death_fraction	clintox.cytotoxicity.cell_death_percent.v1	endpoint_defined_ratio	other_explicit	valid	True		Rates of cell loss in L929 monolayers apoptosis accounted for increases in the rate of cell loss from 0.24% day−1 in exponentially growing controls to an average 21 and 57% day−1 in cultures exposed to 1 and 10 µM VP-16, respectively (Table 1). This includes the control value of 0.24% day−1 from untreated L929 cells.
pass	Pass: endpoint, atomic measurement/unit conversion, reference semantics, and eligibility verified.	clintox_measurement_unit_manual_review.v1	general_cytotoxicity	114602	106fc3b8ef935b4f6f496e56c2d06f2125e02b256918c8a80cfa724b3e244871	membrane_integrity		210	% of control	membrane_integrity	2.1	ratio to control	2.1	approved	membrane_integrity_control_response	clintox.cytotoxicity.membrane_control_percent.v1	standardized_control_ratio	assay_control	valid	True		The heading states 'Only high concentrations of D-NMAPPD have significant cytotoxic effects on HaCaT and melanoma cells.' HaCaT keratinocytes and melanoma cells were treated with indicated concentrations. After 12 h of incubation, cytotoxicity was detected by LDH release. 50 µM D-NMAPPD increased the rate of LDH-release up to 210% of control in all investigated cells (applies to both cell types).
pass	Pass: endpoint, atomic measurement/unit conversion, reference semantics, and eligibility verified.	clintox_measurement_unit_manual_review.v1	general_cytotoxicity	425323	073bf3bd3f2b148944d9b1a87bd137e6bd0447f5501751b230c366769888809e	IC50		0.52	µg/mL	ic50	-0.283996656365	log10(mg/L)	-0.2839966563652008	approved	cytotoxicity_potency_mass	clintox.cytotoxicity.potency_mass.v1	absolute	none	valid	True		MTT assay on MCF7 breast cancer cells revealed an IC50 of 0.52 µg/mL for the positive control epirubicin HCl.
pass	Pass: endpoint, atomic measurement/unit conversion, reference semantics, and eligibility verified.	clintox_measurement_unit_manual_review.v1	general_cytotoxicity	284044	b9511e6137a8b8107bc163248bc185c77c0b7e23dbf91438252da67a207a99ec	IC50		30.15	µg/mL	ic50	30.15	mg/L	30.15	approved	cytotoxicity_potency_mass	clintox.cytotoxicity.potency_mass.v1	absolute	none	valid	True		MTT assays were performed after 24 h incubation (as described in Methods, paragraph 5). As shown in Figure 1B, BDDPM had a significant growth-inhibiting effect on HUVEC (IC50 = 30.15 µg/mL).
pass	Pass: endpoint, atomic measurement/unit conversion, reference semantics, and eligibility verified.	clintox_measurement_unit_manual_review.v1	general_cytotoxicity	719592	f8178ac2703c676c0149808671ed7226a45da2af732121a1fc583d8989f73bfe	IC50		0.8	µM	ic50	8e-07	M	8e-07	approved	cytotoxicity_potency_molar	clintox.cytotoxicity.potency_molar.v1	absolute	none	valid	True		In Table 4, compound 51 showed an IC50 of 0.8 µM against Suit-2 adherent cells (row 51).
pass	Pass: endpoint, atomic measurement/unit conversion, reference semantics, and eligibility verified.	clintox_measurement_unit_manual_review.v1	general_cytotoxicity	377243	7296ad78ff709b9a472bff8290ca78073e944de55f1c96504d4c643636fc7a39	IC50		0.006	µM	ic50	-8.22184874962	log10(M)	-8.221848749616356	approved	cytotoxicity_potency_molar	clintox.cytotoxicity.potency_molar.v1	absolute	none	valid	True		The IC50 of CA4 against HCT116 cells was 0.006 µM after 72 h treatment.
pass	Pass: endpoint, atomic measurement/unit conversion, reference semantics, and eligibility verified.	clintox_measurement_unit_manual_review.v1	general_cytotoxicity	528245	d3643fabd09db7a1c3fa2901b216f16050fc69d5944808a1068372f2d047f1b2	proliferation_inhibition_percent		38.3	%	proliferation_inhibition_percent	0.383	ratio to control	0.383	approved	cytotoxicity_control_response_fraction	clintox.cytotoxicity.viability_control_percent.v1	standardized_control_ratio	assay_control	valid	True		In A375-S2 cells pretreated with 0.2 µM CsA for 1 h then incubated with 15 µM evodiamine for 24 h (p:49), pre-incubation with CsA effectively rescued cell death from 51.2% for evodiamine alone to 38.3% in the presence of CsA (p:50).
pass	Pass: endpoint, atomic measurement/unit conversion, reference semantics, and eligibility verified.	clintox_measurement_unit_manual_review.v1	general_cytotoxicity	335778	b8e8c50940380bec1d5997a98a42318f0d5ddb97ec803c1ca815c1670160fbb9	cell_death_percent		20.6	%	cell_death_percent	0.206	ratio	0.20600000000000002	approved	cell_death_fraction	clintox.cytotoxicity.cell_death_percent.v1	endpoint_defined_ratio	other_explicit	valid	True		After 24 h of treatment with 50 µM cisplatin, annexin V/PI flow cytometry showed 20.6 ± 3.6% apoptotic MDA-MB-231 cells.
pass	Pass: endpoint, atomic measurement/unit conversion, reference semantics, and eligibility verified.	clintox_measurement_unit_manual_review.v1	general_cytotoxicity	578662	fea54eefd9696fc711c5dec8e7a3606c06726e9b8569c37c001950725ed4727b	cell_death_percent		21	% day^-1	cell_death_percent	0.21	ratio/d	0.21	approved	cell_death_fraction	clintox.cytotoxicity.cell_death_percent.v1	endpoint_defined_ratio	other_explicit	valid	True		In L929 cells exposed to 1 µM VP-16, the fractional rate of total DNA radioactivity loss measured over the Day 1–4 interval increased to 21% day−1.
pass	Pass: endpoint, atomic measurement/unit conversion, reference semantics, and eligibility verified.	clintox_measurement_unit_manual_review.v1	general_cytotoxicity	705927	abfd0fe7c46967f8d842288c4fa658682e39b82507fdf5c4d551119e43986660	membrane_integrity		206.66	% of control	membrane_integrity	2.0666	ratio to control	2.0666	approved	membrane_integrity_control_response	clintox.cytotoxicity.membrane_control_percent.v1	standardized_control_ratio	assay_control	valid	True		In HT22 cells, LDH release was markedly elevated to 206.66% of control (p < 0.05) after exposure to 5 mM glutamate alone for 24 h, as measured by LDH assay.
pass	Pass: endpoint, atomic measurement/unit conversion, reference semantics, and eligibility verified.	clintox_measurement_unit_manual_review.v1	general_cytotoxicity	642356	62ac9ac1343b6c358d30b711250bae2fdf686407fd01ac4a6120d20ccd313695	IC50		280	mg/mL	ic50	5.44715803134	log10(mg/L)	5.447158031342219	approved	cytotoxicity_potency_mass	clintox.cytotoxicity.potency_mass.v1	absolute	none	valid	True		The MTT assay was performed on HT-29 and MCF-7 cell lines after 24 and 72 h. The IC50 values of MTX were 31 and 280 mg/mL for HT-29 and MCF-7 cell lines after 72 h, respectively.
pass	Pass: endpoint, atomic measurement/unit conversion, reference semantics, and eligibility verified.	clintox_measurement_unit_manual_review.v1	general_cytotoxicity	485309	30f5da3c1235ff57fffd38701db865b27adfea70ac2da99a0b35c44c23c688b0	IC50		2	µg/ml	ic50	2	mg/L	2.0	approved	cytotoxicity_potency_mass	clintox.cytotoxicity.potency_mass.v1	absolute	none	valid	True		A dose-response study was performed to calculate the IC50 for MMC (mitomycin), yielding 2 µg/ml in QBC939 cells after 48 h exposure using the MTT assay.
pass	Pass: endpoint, atomic measurement/unit conversion, reference semantics, and eligibility verified.	clintox_measurement_unit_manual_review.v1	general_cytotoxicity	584222	1efe3330e583265db61f87d7fb97b89646d1e9f10fa66ce8447e98ef706aa1fd	TC50		17	µM	tc50	1.7e-05	M	1.7e-05	approved	cytotoxicity_potency_molar	clintox.cytotoxicity.potency_molar.v1	absolute	none	valid	True		Compound 1e had a CC50 of 17 ± 2.5 µM against HPLF cells (Table 1).
pass	Pass: endpoint, atomic measurement/unit conversion, reference semantics, and eligibility verified.	clintox_measurement_unit_manual_review.v1	general_cytotoxicity	825193	a7d9c525b7ba6b9a5dc6c14b8f8088dfa705f242e833d3d24a5b89dea772aff5	other_icx_gix		11	µM	other_icx_gix	-4.95860731484	log10(M)	-4.958607314841775	approved	cytotoxicity_potency_molar	clintox.cytotoxicity.potency_molar.v1	absolute	none	valid	True		In the CC50 assay, compound 5c exhibited a CC50 value of 11 µM against HL-60 cells, with duplicate determinations showing differences less than 5%.
pass	Pass: endpoint, atomic measurement/unit conversion, reference semantics, and eligibility verified.	clintox_measurement_unit_manual_review.v1	general_cytotoxicity	705881	ba449317440eb4ce8b89920bde49a3427b47c465e4a64b95912f68ab367f6657	proliferation_inhibition_percent		50	%	proliferation_inhibition_percent	0.5	ratio to control	0.5	approved	cytotoxicity_control_response_fraction	clintox.cytotoxicity.viability_control_percent.v1	standardized_control_ratio	assay_control	valid	True		In paragraph [p:50], the paper reports that quercetin induced growth inhibition of 50% in M14 cells after exposure to 40 µM quercetin for 12 hours.
pass	Pass: endpoint, atomic measurement/unit conversion, reference semantics, and eligibility verified.	clintox_measurement_unit_manual_review.v1	general_cytotoxicity	382104	374d478f546b3a662ff7cfcfc8176ca2d5312a7c8b7edb6b325bf29d40a8c82c	cell_death_percent		24	%	cell_death_percent	0.24	ratio	0.24	approved	cell_death_fraction	clintox.cytotoxicity.cell_death_percent.v1	endpoint_defined_ratio	other_explicit	valid	True		In the cell cycle distribution analysis by flow cytometry, treatment of FaDu cells with epothilone B (concentration not stated in this window) for 48 hr at 0 Gy resulted in a Sub-G1 fraction of 24.0 ± 8.7%.
pass	Pass: endpoint, atomic measurement/unit conversion, reference semantics, and eligibility verified.	clintox_measurement_unit_manual_review.v1	general_cytotoxicity	578668	5a65afd7a4eda2e270c61ab25caee4f791f1e3fe8aac68ffa36a79b38b9af2d0	cell_death_percent		21	% day^-1	cell_death_percent	0.21	ratio/d	0.21	approved	cell_death_fraction	clintox.cytotoxicity.cell_death_percent.v1	endpoint_defined_ratio	other_explicit	valid	True		Rates of cell loss in L929 monolayers apoptosis accounted for increases in the rate of cell loss from 0.24% day−1 in exponentially growing controls to an average 21 and 57% day−1 in cultures exposed to 1 and 10 µM VP-16, respectively (Table 1). Thus 1 µM VP-16 gave 21% day−1.
pass	Pass: endpoint, atomic measurement/unit conversion, reference semantics, and eligibility verified.	clintox_measurement_unit_manual_review.v1	general_cytotoxicity	665785	12c0bff18ff4a70785c86160ba6ab80f592e1803d75549ae1d48ec053e5b75a5	membrane_integrity		142	% of control	membrane_integrity	1.42	ratio to control	1.42	approved	membrane_integrity_control_response	clintox.cytotoxicity.membrane_control_percent.v1	standardized_control_ratio	assay_control	valid	True		When RH2-infected cells were treated with rapamycin for 24 h, cytotoxicity increased to 142% of the control (RH2 infection alone).
pass	Pass: endpoint, atomic measurement/unit conversion, reference semantics, and eligibility verified.	clintox_measurement_unit_manual_review.v1	general_cytotoxicity	159023	c10f95510b5e4a162362849505ac5eb6a81acdb054a64474601e70893b5eee94	IC50		3.58	µg/mL	ic50	0.553883026644	log10(mg/L)	0.5538830266438743	approved	cytotoxicity_potency_mass	clintox.cytotoxicity.potency_mass.v1	absolute	none	valid	True		Table 1 reports the IC50 values for doxorubicin (Dox) in MCF-7 cells at 48 h as 3.58 µg/mL.
pass	Pass: endpoint, atomic measurement/unit conversion, reference semantics, and eligibility verified.	clintox_measurement_unit_manual_review.v1	general_cytotoxicity	619638	fadecda44c1c3de45d501d1ce307c48952ac6ed4fd5f3897e8cf78b95345fe2d	IC50		1.12	µg/mL	ic50	1.12	mg/L	1.12	approved	cytotoxicity_potency_mass	clintox.cytotoxicity.potency_mass.v1	absolute	none	valid	True		The anti-proliferative effect of celastrol on Bel-7402 cells was assessed by MTT assay. The IC50 value was 1.12 µg/mL following 48 h of celastrol treatment.
pass	Pass: endpoint, atomic measurement/unit conversion, reference semantics, and eligibility verified.	clintox_measurement_unit_manual_review.v1	general_cytotoxicity	227119	63285b8aa3621230b89249b29874faba60e55d001c2262b1a8944f2e9bdd5cf6	IC50		8.82	µM	ic50	8.82e-06	M	8.82e-06	approved	cytotoxicity_potency_molar	clintox.cytotoxicity.potency_molar.v1	absolute	none	valid	True		In Table 1, positive control Gefitinib showed IC50 of 8.82±0.63 µM against MGC-803 cells after 72h treatment using MTT assay.
pass	Pass: endpoint, atomic measurement/unit conversion, reference semantics, and eligibility verified.	clintox_measurement_unit_manual_review.v1	general_cytotoxicity	379992	8b66e774bafb54713481806338517a1571e71dc1f8341b272373305d07f7f3d2	IC50		0.01	µM	ic50	-8	log10(M)	-8.0	approved	cytotoxicity_potency_molar	clintox.cytotoxicity.potency_molar.v1	absolute	none	valid	True		Hybrid 12a had a good cytotoxic activity against breast cancer cells MCF-7 with IC50 = 0.01 ± 0.04 µM for 48 h in vitro, as reported in the text and Table 2.
pass	Pass: endpoint, atomic measurement/unit conversion, reference semantics, and eligibility verified.	clintox_measurement_unit_manual_review.v1	general_cytotoxicity	660918	7deb7e00cf40fc5439a04bb0c01ccd0d8ce9a349ace0f42f0fb5d72c85ada44f	viability_percent		90	%	viability_percent	0.9	ratio to control	0.9	approved	cytotoxicity_control_response_fraction	clintox.cytotoxicity.viability_control_percent.v1	standardized_control_ratio	assay_control	valid	True		In the table, HL-60 cells that were HPS-adapted and transferred to FBS+human transferrin at passage 0 showed viability of 90 ± 2% after 72 h incubation with 0 µM DFO, as measured by trypan blue assay.
pass	Pass: source measurement is preserved and the fail-closed exclusion reason is correct.	clintox_measurement_unit_manual_review.v1	general_cytotoxicity	12100	70a8095a7caeb4bfc39bafbe23d58a469dd8d0a7287476804fd80a36b5d37762	cell_death_percent			%	cell_death_percent				approved	cell_death_fraction	clintox.cytotoxicity.cell_death_percent.v1	unknown	unknown	non_scalar_measurement	False	non_scalar_measurement	In primary mouse astroglial cell cultures treated for 24 hours with compound 12 at 50 and 100 µM, the MTT assay showed a low toxicity of approximately 20-30% cell death.
pass	Pass: source measurement is preserved and the fail-closed exclusion reason is correct.	clintox_measurement_unit_manual_review.v1	general_cytotoxicity	218334	77ee3f8627264b3d2c48309474f2810e07e0a2a4d669cf85954a195339f297ed	IC50			µg/mL	ic50				approved	cytotoxicity_potency_mass	clintox.cytotoxicity.potency_mass.v1	unknown	unknown	non_scalar_measurement	False	non_scalar_measurement	In Table 1, compound 4f had an IC50 of >100 µg/mL against MCF-7 cells after 24 h MTT assay.
pass	Pass: source measurement is preserved and the fail-closed exclusion reason is correct.	clintox_measurement_unit_manual_review.v1	general_cytotoxicity	626601	de7049914fd994e6ee08b585b61eb9fd41833f71f9435c76757282dd2b88eec2	IC50			M	ic50				approved	cytotoxicity_potency_molar	clintox.cytotoxicity.potency_molar.v1	unknown	unknown	non_scalar_measurement	False	non_scalar_measurement	Only one of four bone specimens studied was inhibited at the concentrations of MTX studied with LD50 between 5×10^-8 and 5×10^-7 M (continuous exposure, 7-9 days).
pass	Pass: source measurement is preserved and the fail-closed exclusion reason is correct.	clintox_measurement_unit_manual_review.v1	general_cytotoxicity	338082	c38aa9d962078b66ed7ac8bfe01d5edeec1676f5968a683eeaa26d7c38a4c3d4	proliferation_inhibition_percent			%	proliferation_inhibition_percent				approved	cytotoxicity_control_response_fraction	clintox.cytotoxicity.viability_control_percent.v1	unknown	unknown	non_scalar_measurement	False	non_scalar_measurement	The data also further confirmed that the cell growth inhibition by epothilones is about 60–70%, which is almost according to the similar portion with apoptotic cell death by epothilones.
pass	Pass: source measurement is preserved and the fail-closed exclusion reason is correct.	clintox_measurement_unit_manual_review.v1	general_cytotoxicity	252884	618274133dc7101dfd0495db4cedf22dcdcd8a3f2e463a37275fb14ac4c6970e	qualitative_cytotoxicity				qualitative_cytotoxicity				evidence_only	unreviewed	clintox.unreviewed_measurement.v1	unknown	unknown	non_scalar_measurement	False	non_scalar_measurement	Both GBC-SD and SGC-996 cell lines achieved peak apoptosis once they were treated with >50 µmol/L ursolic acid (UA) for 48 h, as determined by annexin V-FITC/PI staining and flow cytometry.
pass	Pass: source measurement is preserved and the fail-closed exclusion reason is correct.	clintox_measurement_unit_manual_review.v1	general_cytotoxicity	13264	92c739134ed54d418ac30344411aad6abd1f1eed169e90a36faaa72a7e4149a1	IC25		172.3	µg/ml	ic25	172.3	mg/L	172.3	approved	cytotoxicity_potency_mass	clintox.cytotoxicity.potency_mass.v1	absolute	none	off_schema_controlled_value	False	off_schema_controlled_value	The table provides IC25, IC50, and IC90 values for EPMC against CL-6 cells: IC25 = 172.3 µg/ml (95% CI: 120.6-188.2).
pass	Pass: source measurement is preserved and the fail-closed exclusion reason is correct.	clintox_measurement_unit_manual_review.v1	general_cytotoxicity	407410	c9b9f50af3a15e5ffe7a00c84532650e997ad72f2924a4defb499953e4d90fa0	IC80		100	nM	ic80	1e-07	M	1e-07	approved	cytotoxicity_potency_molar	clintox.cytotoxicity.potency_molar.v1	absolute	none	off_schema_controlled_value	False	off_schema_controlled_value	P-gp inhibition by verapamil increased paclitaxel cytotoxicity in SK-N-SH cells (100 nM became IC80).
pass	Pass: source measurement is preserved and the fail-closed exclusion reason is correct.	clintox_measurement_unit_manual_review.v1	general_cytotoxicity	538128	fcc169f8bfbc1868e2b67d7c0c3883fc9ea567e1c9503e4efa1f7b0550f7b393	LC50		0.0004	VRE/µl	lc50	0.0004	VRE/µL		evidence_only	unreviewed	clintox.unreviewed_measurement.v1	unknown	unknown	off_schema_controlled_value	False	off_schema_controlled_value	From Table 1: The LC50 for NIH SaPe4 cells derived from Sarcophaga peregrina was 0.0004 VRE/µl (95% CI 0.0001-0.0013). Cells were exposed to 5-6 venom concentrations for 24 h at 27°C and viability was assessed with trypan blue dye exclusion staining (see footnote a).
pass	Pass: source measurement is preserved and the fail-closed exclusion reason is correct.	clintox_measurement_unit_manual_review.v1	general_cytotoxicity	501729	72b224393758880830d34a6200150f332ccab076f153b08df7638013e8049bf9	cell_death_percent		-1.2	%	cell_death_percent	-0.012	ratio	-0.012	approved	cell_death_fraction	clintox.cytotoxicity.cell_death_percent.v1	endpoint_defined_ratio	other_explicit	outside_bounded_0_100_domain	False	outside_bounded_0_100_domain	According to Table 1, ME at 0.320 µM caused -1.20% cell death in HeLa cells, as measured by the MTT assay.
pass	Pass: source measurement is preserved and the fail-closed exclusion reason is correct.	clintox_measurement_unit_manual_review.v1	general_cytotoxicity	99219	12a26569b1bc1237289fed1c622d0d71699b752e6b9942b7c9ec69833ab716ba	viability_percent		-30	%	viability_percent	-0.3	ratio to control	-0.3	approved	cytotoxicity_control_response_fraction	clintox.cytotoxicity.viability_control_percent.v1	standardized_control_ratio	assay_control	outside_bounded_0_100_domain	False	outside_bounded_0_100_domain	Cell viability assay revealed that T47D cells treated with 10 µM cisplatin for 48 h showed a 30% reduction in cell viability (-30%) relative to control, as measured by Crystal Violet assay.
pass	Pass: source measurement is preserved and the fail-closed exclusion reason is correct.	clintox_measurement_unit_manual_review.v1	general_cytotoxicity	769153	7584c8f222502a41ab5cf1f9e109647e64c1c162c08d8139be89b678b9f4999a	IC50		0	mg/mL	ic50	0	mg/L	0.0	approved	cytotoxicity_potency_mass	clintox.cytotoxicity.potency_mass.v1	absolute	none	outside_positive_domain	False	outside_positive_domain	From Table 1, the IC50 of GB75 (5-FU)-PS1.0 against MCF-7 cells by NRU assay was 0 mg/mL in terms of 5-FU concentration.
pass	Pass: source measurement is preserved and the fail-closed exclusion reason is correct.	clintox_measurement_unit_manual_review.v1	general_cytotoxicity	339956	abd17ddf7f7cb62d8738ead832d58c4a664924da9272934b02ba97941f584dce	IC50		0	µM	ic50	0	M	0.0	approved	cytotoxicity_potency_molar	clintox.cytotoxicity.potency_molar.v1	absolute	none	outside_positive_domain	False	outside_positive_domain	For compound 4d, the IC50 value in SH-SY5Y cells was 0 µM after 48 hrs of treatment, as measured by a resazurin assay; data from three independent experiments performed in triplicate (mean ± SEM).
pass	Pass: supporting prose reports a censored value; the source row is preserved and excluded from assay transfer.	clintox_measurement_unit_manual_review.v1	general_cytotoxicity	41717	f5326753749c991e69d4d4ff6d281409dad762c4d393ff228bc7fb83ef77bae2	cell_death_percent		20	%	cell_death_percent	0.2	ratio	0.2	approved	cell_death_fraction	clintox.cytotoxicity.cell_death_percent.v1	endpoint_defined_ratio	other_explicit	support_reports_censored_value	False	support_reports_censored_value	In the toxicity counter assay using uninfected Vero E6 cells, ROC-325 showed less than 20% cytotoxicity at a test concentration of 30.0 µM.
pass	Pass: supporting prose reports a censored value; the source row is preserved and excluded from assay transfer.	clintox_measurement_unit_manual_review.v1	general_cytotoxicity	140125	bbddd76e7e1cc9f699cbc437a46f8fc168b57ad9adc7a0c71d6dbf9e88db5142	IC50		54	µg/ml	ic50	54	mg/L	54.0	approved	cytotoxicity_potency_mass	clintox.cytotoxicity.potency_mass.v1	absolute	none	support_reports_censored_value	False	support_reports_censored_value	In Caki-2 cells, L-DOX (doxorubicin in pH-sensitive liposomes) showed no toxicity with an IC50 much greater than 54 µg/ml at 72 h (Figure 5E).
pass	Pass: supporting prose reports a censored value; the source row is preserved and excluded from assay transfer.	clintox_measurement_unit_manual_review.v1	general_cytotoxicity	286602	f220e62631f0b4df3ffb0069d72e3bf08ce365a010de640f1b4a4d7e48509bfd	EC50		30	µM	ec50	3e-05	M	3e-05	approved	cytotoxicity_potency_molar	clintox.cytotoxicity.potency_molar.v1	absolute	none	support_reports_censored_value	False	support_reports_censored_value	In the SRB assay after 72 h treatment (p:22–23), compound 9 showed EC50 >30 µM against A375 cells.
pass	Pass: supporting prose reports a censored value; the source row is preserved and excluded from assay transfer.	clintox_measurement_unit_manual_review.v1	general_cytotoxicity	455114	c7765e241b5e1a406a3a93672c0fe87c290b92f43231fceaf71f03da70aac766	proliferation_inhibition_percent		20	%	proliferation_inhibition_percent	0.2	ratio to control	0.2	approved	cytotoxicity_control_response_fraction	clintox.cytotoxicity.viability_control_percent.v1	standardized_control_ratio	assay_control	support_reports_censored_value	False	support_reports_censored_value	In vitro cytostatic effects of D2O on 3T3 fibroblasts and four human digestive organ cancer cell lines were assessed by Trypan blue dye exclusion. At a low concentration of D2O (5%), D2O showed more than 20% inhibition in a 72 h culture for Panc-1.
pass	Pass: source measurement is preserved and the fail-closed exclusion reason is correct.	clintox_measurement_unit_manual_review.v1	general_cytotoxicity	665963	3dfa2b07250b44f18c7772e117ed6baf95ed032ed8a9937d575905f8d40a0d87	other_quantitative		24.1	%	other_quantitative	0.241	ratio	0.24100000000000002	evidence_only	unreviewed	clintox.unreviewed_measurement.v1	unknown	unknown	unreviewed_measurement_semantics	False	unreviewed_measurement_semantics	For 4-day treatment with 20 mM NH4Cl, the percentage of HT-29 cells in S phase was 24.1 ± 0.8% (n=4).
pass	Pass: implausible source literal is preserved and explicitly excluded from assay transfer.	clintox_measurement_unit_manual_review.v1	general_cytotoxicity	542837	3d36c91d507a5f24402d9fa791704ffbf92f10529369f3ec07b24bcf7742ca2a	IC50		6000000000000	nM	ic50	3.77815125038	log10(M)	3.778151250383644	approved	cytotoxicity_potency_molar	clintox.cytotoxicity.potency_molar.v1	absolute	none	valid	False	implausible_source_literal_concentration_scale	Table II reports the IC50 for ATRA alone in MCF-7 cells as 6×10^12 nM (6e12 nM), assessed by MTT assay after 96 h.
pass	Pass: source measurement is preserved and the fail-closed exclusion reason is correct.	clintox_measurement_unit_manual_review.v1	general_cytotoxicity	509432	05755465f980001a17bb3f6a51ede736f502c4e895e099a75b6b0f8befe503ff	cell_death_percent			%	cell_death_percent				approved	cell_death_fraction	clintox.cytotoxicity.cell_death_percent.v1	unknown	unknown	non_scalar_measurement	False	non_scalar_measurement	In MCF-7 cells, ICRP induced a slight cell death at 1.25 U/mL (less than 20% of the cells) after 24 h.
pass	Pass: source measurement is preserved and the fail-closed exclusion reason is correct.	clintox_measurement_unit_manual_review.v1	general_cytotoxicity	19831	82ffb0036cb49d215e88f40d00d9b86fc427e2f2a9bbd868b754a2aba1f41e19	IC50			µg/mL	ic50				approved	cytotoxicity_potency_mass	clintox.cytotoxicity.potency_mass.v1	unknown	unknown	non_scalar_measurement	False	non_scalar_measurement	Mangiferolic acid (MF) showed an IC50 ranging from 4.78 to 16.02 µg/mL in KATO-III gastric cancer cells, demonstrating in vitro cytotoxicity.
pass	Pass: source measurement is preserved and the fail-closed exclusion reason is correct.	clintox_measurement_unit_manual_review.v1	general_cytotoxicity	200164	0626dc5dc3c6fd09d6f2071ceb6240e54abe620a3010c8e6fc3724b2a38634bd	IC50			µM	ic50				approved	cytotoxicity_potency_molar	clintox.cytotoxicity.potency_molar.v1	unknown	unknown	non_scalar_measurement	False	non_scalar_measurement	In Table 1, compound 8d showed an IC50 >100 µM against MCF-7 cells as determined by the MTT assay.
pass	Pass: source measurement is preserved and the fail-closed exclusion reason is correct.	clintox_measurement_unit_manual_review.v1	general_cytotoxicity	606613	d535936d3967ac295d3720f79a094726bed9a66802de07b72a13d82a88eb80e7	viability_percent			%	viability_percent				approved	cytotoxicity_control_response_fraction	clintox.cytotoxicity.viability_control_percent.v1	unknown	unknown	non_scalar_measurement	False	non_scalar_measurement	In ARPE-19 cells, treatment with 300 µM H2O2 resulted in 40–50% survival in control cells (without RIPK3 knockdown), as stated in the comparison with the 80% survival upon RIPK3 knockdown.
pass	Pass: source measurement is preserved and the fail-closed exclusion reason is correct.	clintox_measurement_unit_manual_review.v1	general_cytotoxicity	740830	f5930c736bce4589f431fa8b2ce654f8746a486c89928ad7eeed6364139f1691	qualitative_cytotoxicity				qualitative_cytotoxicity				evidence_only	unreviewed	clintox.unreviewed_measurement.v1	unknown	unknown	non_scalar_measurement	False	non_scalar_measurement	Ub10 (PTP-inhibiting and pro-oxidant) remained non-toxic after a 24-h continuous exposure in U937 cells.
pass	Pass: source measurement is preserved and the fail-closed exclusion reason is correct.	clintox_measurement_unit_manual_review.v1	general_cytotoxicity	706364	79eae9e24d91b4e4a4781304ada3d8288fcad95036943865c9104eae499aed67	GI90		30	µg/mL	gi90	30	mg/L	30.0	approved	cytotoxicity_potency_mass	clintox.cytotoxicity.potency_mass.v1	absolute	none	off_schema_controlled_value	False	off_schema_controlled_value	Table 2 shows that for compound 6b, the GI90 against A431 is >30 µg/mL.
pass	Pass: source measurement is preserved and the fail-closed exclusion reason is correct.	clintox_measurement_unit_manual_review.v1	general_cytotoxicity	371114	ddf0061ab03833cf7312f66df6dde66d57efac1e3fff2b83d384cf76bb06040b	LC50		22	nM	lc50	2.2e-08	M	2.2e-08	approved	cytotoxicity_potency_molar	clintox.cytotoxicity.potency_molar.v1	absolute	none	off_schema_controlled_value	False	off_schema_controlled_value	1-Alaninechlamydocin (205) displayed predominant anti-proliferative and cytotoxic activities toward MIA PaCa-2 cells with GI50 and LC50 values of 5.3 and 22 nM, respectively.
pass	Pass: source measurement is preserved and the fail-closed exclusion reason is correct.	clintox_measurement_unit_manual_review.v1	general_cytotoxicity	462929	aab3420026570f6dd8b1eb8cfa4cb5d82c86cf0f0148943d422f926040f8a5d1	apoptosis_percent		18.9	%	apoptosis_percent	0.189	ratio	0.189	evidence_only	unreviewed	clintox.unreviewed_measurement.v1	unknown	unknown	off_schema_controlled_value	False	off_schema_controlled_value	In SW480 cells treated with 20 µM SSa and siRNA against caspase-2, the percentage of Hoechst 33342 positively stained apoptotic cells was 18.9 ± 2.3%.
pass	Pass: source measurement is preserved and the fail-closed exclusion reason is correct.	clintox_measurement_unit_manual_review.v1	general_cytotoxicity	803957	574810f3eb3de36f0123b167b56ad73c738e9e243ff06278ed2224922eb9827f	cell_death_percent		-6	%	cell_death_percent	-0.06	ratio	-0.06	approved	cell_death_fraction	clintox.cytotoxicity.cell_death_percent.v1	endpoint_defined_ratio	other_explicit	outside_bounded_0_100_domain	False	outside_bounded_0_100_domain	EDTA at 0.05 mM showed significant neuroprotection in striatum (–6%, p=0.035, n=6).
pass	Pass: source measurement is preserved and the fail-closed exclusion reason is correct.	clintox_measurement_unit_manual_review.v1	general_cytotoxicity	222722	c32f97b4a92ed1f673c4e1b811a156a3986b18a4d20491989e9eda176dd19c57	proliferation_inhibition_percent		-23.38	%	proliferation_inhibition_percent	-0.2338	ratio to control	-0.2338	approved	cytotoxicity_control_response_fraction	clintox.cytotoxicity.viability_control_percent.v1	standardized_control_ratio	assay_control	outside_bounded_0_100_domain	False	outside_bounded_0_100_domain	In the one-dose NCI 60 cell panel assay, compound 2a exhibited a growth percent of -23.38% against the A549/ATCC non-small cell lung cancer cell line after 48 hours of incubation.
pass	Pass: source measurement is preserved and the fail-closed exclusion reason is correct.	clintox_measurement_unit_manual_review.v1	general_cytotoxicity	769149	86ffd85b237ad856ef917051dadd0c61ede32534da88f6ab9866218f5160c3a1	IC50		0	mg/mL	ic50	0	mg/L	0.0	approved	cytotoxicity_potency_mass	clintox.cytotoxicity.potency_mass.v1	absolute	none	outside_positive_domain	False	outside_positive_domain	From Table 1, the IC50 of GB75 (5-FU)-PS1.0 against NIH 3T3 cells by NRU assay was 0 mg/mL in terms of 5-FU concentration.
pass	Pass: source measurement is preserved and the fail-closed exclusion reason is correct.	clintox_measurement_unit_manual_review.v1	general_cytotoxicity	511201	0d8540273ccc5aaa1405d477959e2d7249c9b3d114795ab8970fc0f0fdf1c4d4	GI50		-4.8	M	gi50	-4.8	M	-4.8	approved	cytotoxicity_potency_molar	clintox.cytotoxicity.potency_molar.v1	absolute	none	outside_positive_domain	False	outside_positive_domain	Compound 1c from the NCI 60 panel showed a log GI50 of -4.8 against the NCI-H522 non-small-cell lung cancer cell line.
pass	Pass: supporting prose reports a censored value; the source row is preserved and excluded from assay transfer.	clintox_measurement_unit_manual_review.v1	general_cytotoxicity	356400	19201b2e15549d197bd4569374f3d40ca2f596955c4d2da9a81494119a567769	cell_death_percent		75	%	cell_death_percent	0.75	ratio	0.75	approved	cell_death_fraction	clintox.cytotoxicity.cell_death_percent.v1	endpoint_defined_ratio	other_explicit	support_reports_censored_value	False	support_reports_censored_value	In the dose-dependent experiment, MCF-7 cells were incubated with various doses of cerivastatin for 72 h and cell survival was determined by MTT assay. Cerivastatin induced cell death at concentrations over 5 µM in a dose-dependent manner, and >75% of MCF-7 cells died at 80 µM.
pass	Pass: supporting prose reports a censored value; the source row is preserved and excluded from assay transfer.	clintox_measurement_unit_manual_review.v1	general_cytotoxicity	600740	fc85e307181078eec3db38442896581f0e145b70c02dfcfdf35410af5645bd59	other_icx_gix		4	µg/ml	other_icx_gix	4	mg/L	4.0	approved	cytotoxicity_potency_mass	clintox.cytotoxicity.potency_mass.v1	absolute	none	support_reports_censored_value	False	support_reports_censored_value	Compound 7 (n-Butylamine carboxyborane) was active in the murine L1210 lymphoid leukemia screen with an ED50 value less than 4 µg/ml.
pass	Pass: supporting prose reports a censored value; the source row is preserved and excluded from assay transfer.	clintox_measurement_unit_manual_review.v1	general_cytotoxicity	315562	be1a0b679f125416f68030c6d3915c3d17b996f22c8778fa1441201953a4de60	IC50		50	µM	ic50	5e-05	M	5e-05	approved	cytotoxicity_potency_molar	clintox.cytotoxicity.potency_molar.v1	absolute	none	support_reports_censored_value	False	support_reports_censored_value	Compound 3b showed an IC50 of >50 µM against K562 cells.
pass	Pass: supporting prose reports a censored value; the source row is preserved and excluded from assay transfer.	clintox_measurement_unit_manual_review.v1	general_cytotoxicity	598123	d4fb638f2b9a886c023666a9a18d52fd4352539f16ac3214e4b736d71b090e05	viability_percent		25	%	viability_percent	0.25	ratio to control	0.25	approved	cytotoxicity_control_response_fraction	clintox.cytotoxicity.viability_control_percent.v1	standardized_control_ratio	assay_control	support_reports_censored_value	False	support_reports_censored_value	Metformin at 10 mM reduced viability in MCF-7 cells after 48 h to less than 25% as measured by trypan blue counting.
pass	Pass: source measurement is preserved and the fail-closed exclusion reason is correct.	clintox_measurement_unit_manual_review.v1	general_cytotoxicity	759207	226d5483bd37854076d47ff84f2c2305aa0e4d92723ae6ed4d4f2dd08f70da4b	other_quantitative		10	fold	other_quantitative	10	fold	10.0	evidence_only	unreviewed	clintox.unreviewed_measurement.v1	unknown	unknown	unreviewed_measurement_semantics	False	unreviewed_measurement_semantics	The DNA fragmentation in Caco-2 cells treated with 22.6 µM fucoxanthin for 24 h was 10-fold higher than in the control.
pass	Pass: source measurement is preserved and the fail-closed exclusion reason is correct.	clintox_measurement_unit_manual_review.v1	general_cytotoxicity	308368	bd21cbd3d5d8a46629cc5458beea901c1d9aa841d19d7af0f8ed3ffe86ea41b3	cell_death_percent			%	cell_death_percent				approved	cell_death_fraction	clintox.cytotoxicity.cell_death_percent.v1	unknown	unknown	non_scalar_measurement	False	non_scalar_measurement	In the table of percentage haemolysis, compound 7 at 25 µM induced less than 1% haemolysis.
pass	Pass: source measurement is preserved and the fail-closed exclusion reason is correct.	clintox_measurement_unit_manual_review.v1	general_cytotoxicity	436181	e598568479980ea691285efaad1a93872a168945904a8193ec8ea2522e72bac9	IC50			ng/ml	ic50				approved	cytotoxicity_potency_mass	clintox.cytotoxicity.potency_mass.v1	unknown	unknown	non_scalar_measurement	False	non_scalar_measurement	The viability of SW114 cells was tested by MTT assay after exposure to triptolide for 48 h. The IC50 was shown to be 40–50 ng/ml.
pass	Pass: source measurement is preserved and the fail-closed exclusion reason is correct.	clintox_measurement_unit_manual_review.v1	general_cytotoxicity	653804	475e12e790c66384b03f0a97c3a3cc391cfe66f91459d040de23f91aaf8a70d1	other_icx_gix			µmol L^-1	other_icx_gix				approved	cytotoxicity_potency_molar	clintox.cytotoxicity.potency_molar.v1	unknown	unknown	non_scalar_measurement	False	non_scalar_measurement	Pyrazinamide has an MIC value of 406–812 µmol L−1 (50–100 µg/mL) against M. tuberculosis, as stated in paragraph 58 and Table 3.
pass	Pass: source measurement is preserved and the fail-closed exclusion reason is correct.	clintox_measurement_unit_manual_review.v1	general_cytotoxicity	27720	31c99e5b33c29e0d1868ac864d57f801eebcded63194d27bb62f41abc82575d5	viability_percent			%	viability_percent				approved	cytotoxicity_control_response_fraction	clintox.cytotoxicity.viability_control_percent.v1	unknown	unknown	non_scalar_measurement	False	non_scalar_measurement	Exposure of PC12 cells to 100 µM PDTC for 24 hours significantly decreased their viability to less than 70% as measured by the MTT extraction assay.
pass	Pass: source measurement is preserved and the fail-closed exclusion reason is correct.	clintox_measurement_unit_manual_review.v1	general_cytotoxicity	748314	05d8b877a414aa568e5b98000f27851b26459eb68e9bb95ab154568ca307960f	qualitative_cytotoxicity				qualitative_cytotoxicity				evidence_only	unreviewed	clintox.unreviewed_measurement.v1	unknown	unknown	non_scalar_measurement	False	non_scalar_measurement	In cervical cancer cells (SiHa and C33A) as well as in oral squamous carcinoma cells (HSC-3), physcion induced mixed forms of cell death: it mainly promoted necrotic cell death and to a minor extent caspase-3-independent apoptosis.
pass	Pass: endpoint, atomic measurement/unit conversion, reference semantics, and eligibility verified.	clintox_measurement_unit_manual_review.v1	off_target_ddi_exposure	989560	3489e73f9194e1e46e5875772cb2ce1786e5c7c48e9001258fc5ac043062a83b	biliary excretion	total biliary recovery	62	% of dose	biliary_excretion	0.62	ratio	0.62	approved	administered_dose_fraction	clintox.offtarget.administered_dose_fraction.v1	endpoint_defined_ratio	administered_dose	valid	True		Atsumi et al. recovered 62% of the irinotecan dose administered in rat bile.
pass	Pass: endpoint, atomic measurement/unit conversion, reference semantics, and eligibility verified.	clintox_measurement_unit_manual_review.v1	off_target_ddi_exposure	333221	c1ee080e5d80837b5f039b0aa6281b6bb66ef71e7e8417cd6089a2db1d62a589	AUC	dose-normalized AUC estimate (95% CI)	2.695 (2.315–3.075)	(mg·h/L)/(mg/kg)	auc	2.695	(mg·h/L)/(mg/kg)	2.695	approved	exposure_mass_auc	clintox.offtarget.auc_mass.v1	absolute	none	valid	True		From Table 4 (p:42), the dose-normalized AUC estimate for isoniazid in pediatric patients with TB only was 2.695 (95% CI 2.315–3.075) (mg·h/L)/(mg/kg). The P-values were 0.0002 vs healthy volunteers and 0.16 vs adult TB.
pass	Pass: endpoint, atomic measurement/unit conversion, reference semantics, and eligibility verified.	clintox_measurement_unit_manual_review.v1	off_target_ddi_exposure	173236	94272acdd0ba468d516c4e0541f79b4b84f54afa503678c08de0ab9558010be0	CYP2D6	dose/weight adjusted AUC0-∞	1613.63 (95% CI 1482.14–1758.55)	(ng h/ml)/(mg/kg)	cyp2d6	1613.63	(ng h/mL)/(mg/kg)	1613.63	approved	exposure_mass_auc	clintox.offtarget.auc_mass.v1	absolute	none	valid	True		Mirtazapine disposition evaluated as AUC0-∞ is influenced by CYP2D6 phenotype group (p=0.01). The mean (95% CI) dose/weight adjusted AUC0-∞ is 1613.63 (1482.14–1758.55) (ng h/ml)/(mg/kg) in intermediate metabolizers (IM).
pass	Pass: endpoint, atomic measurement/unit conversion, reference semantics, and eligibility verified.	clintox_measurement_unit_manual_review.v1	off_target_ddi_exposure	326984	029cf5b4d275272536238b49c03b1bb008d3fc24546825b4a313b4ce8cd9992c		AUC0→∞	2,619 ± 1,218 (1,492–4,628)	(ng/ml)·h	missing_endpoint	2619 ± 1218	(ng/mL)·h	2619.0	approved	exposure_mass_auc	clintox.offtarget.auc_mass.v1	absolute	none	valid	True		At site 2, for subjects with creatinine clearance <10 ml/min (not on hemodialysis), the mean AUC0→∞ on day 1 was 2,619 ± 1,218 (ng/ml)·h (range 1,492–4,628).
pass	Pass: endpoint, atomic measurement/unit conversion, reference semantics, and eligibility verified.	clintox_measurement_unit_manual_review.v1	off_target_ddi_exposure	968166	3da2d53d3309e22329b14c53ce26e314e6b6283da3313ac218b707bffafb03f7		AUC(0-13) of S-mephenytoin	1265 (856-1870)	d·ng/mL	missing_endpoint	1265	d·ng/mL	1265.0	approved	exposure_mass_auc	clintox.offtarget.auc_mass.v1	absolute	none	valid	True		For CYP2C19 PMs (n=6), geometric mean (95% CI) AUC(0-13) of S-mephenytoin was 1265 (856-1870) d·ng/mL on day 10 (induced state after 10 days of oral artemisinin).
pass	Pass: endpoint, atomic measurement/unit conversion, reference semantics, and eligibility verified.	clintox_measurement_unit_manual_review.v1	off_target_ddi_exposure	1184476	fd4886210456f0fa7fe8bbd9086398d3d41f620610fc767edbf0c208ca60512d	cumulative AUC (AUCT)	AUCT	0.26 (0.04–1.31)	g l-1 h	cumulative_auc_(auct)	0.26	g L^-1 h	0.26	approved	exposure_mass_auc	clintox.offtarget.auc_mass.v1	absolute	none	valid	True		In Study A (advanced cancer patients, dose range 100–850 mg twice daily), the cumulative AUC (AUCT) of tipifarnib was 0.26 (0.04–1.31) g·L−1·h (median and range).
pass	Pass: endpoint, atomic measurement/unit conversion, reference semantics, and eligibility verified.	clintox_measurement_unit_manual_review.v1	off_target_ddi_exposure	1140939	cd147339ede081d5ff55c172a2accee0db94df74babf429e7f60c1a551e05f23	CYP2C9	AUC	0.06 (0.05-0.07)	g·h/L	cyp2c9	0.06	g·h/L	0.06	approved	exposure_mass_auc	clintox.offtarget.auc_mass.v1	absolute	none	valid	True		For CYP2C9 genotype 2/*3, the AUC of R-ibuprofen is 0.06 (0.05-0.07) g·h/L as reported in Table summarizing nonparametric analysis of ibuprofen pharmacokinetics.
pass	Pass: endpoint, atomic measurement/unit conversion, reference semantics, and eligibility verified.	clintox_measurement_unit_manual_review.v1	off_target_ddi_exposure	617248	4c856a244b3670e9ab1a704d702e9a65f7dd3f574eb9e1617e4702a23242459f	rifapentine AUC0-24	AUC0-24	218 (142–251)	g·h/ml	rifapentine_auc0_24	218	g·h/mL	218.0	approved	exposure_mass_auc	clintox.offtarget.auc_mass.v1	absolute	none	valid	True		For the 5 mg/kg rifapentine cohort (n=5), the median (IQR) multiple-dose rifapentine AUC0-24 was 218 (142–251) g·h/ml, as shown in the pharmacokinetic table.
pass	Pass: endpoint, atomic measurement/unit conversion, reference semantics, and eligibility verified.	clintox_measurement_unit_manual_review.v1	off_target_ddi_exposure	966026	c0845fb49c7f550bf887629343bb6db72419bfda1ed8a9ef2faeff34c0156a2e	AUC	AUC0-12	903.9 (range 873.9–934.0)	h mg/L	auc	903.9	h mg/L	903.9	approved	exposure_mass_auc	clintox.offtarget.auc_mass.v1	absolute	none	valid	True		The mean MPAG Tmax after the second dose was 2.5 h (range 2–3), mean MPAG Cmax was 69.8 mg/L (range 68.6–71.0) and the mean MPAG AUC0−12 was 903.9 h mg/L (range 873.9–934.0).
pass	Pass: endpoint, atomic measurement/unit conversion, reference semantics, and eligibility verified.	clintox_measurement_unit_manual_review.v1	off_target_ddi_exposure	257132	169668477d50f7afdf3c7909acf5670d8adf8e2ed7f338ef1755d0fb0ff26d97	AUC0-∞	AUC0-∞	109 (78-140)	h ng ml^-1	auc0_∞	109	h ng mL^-1	109.0	approved	exposure_mass_auc	clintox.offtarget.auc_mass.v1	absolute	none	valid	True		In CYP2C19 ultrarapid metabolizers, the mean AUC0-∞ of tilidine was 109 (95% CI 78-140) h·ng mL−1 during placebo and 750 (461-1038) h·ng mL−1 during ritonavir (P=0.0156).
pass	Pass: endpoint, atomic measurement/unit conversion, reference semantics, and eligibility verified.	clintox_measurement_unit_manual_review.v1	off_target_ddi_exposure	371346	dacb64404542abf8d98a071729e1180fa411cde315088d9f883ddfa723f8c05a	AUC0-6	AUC0-6	2.18 (0.31-7.07)	h ng/mL	auc0_6	2.18	h ng/mL	2.18	approved	exposure_mass_auc	clintox.offtarget.auc_mass.v1	absolute	none	valid	True		After LRYGB, the geometric mean AUC0-6 of melatonin was 2.18 (0.31-7.07) h ng/mL (n=7), which was 27% (90% CI 19-41) of the before-surgery value.
pass	Pass: endpoint, atomic measurement/unit conversion, reference semantics, and eligibility verified.	clintox_measurement_unit_manual_review.v1	off_target_ddi_exposure	283675	1cfd6eadfd8db83c0be605e620a0ba1b904bf6ed3554b06be2aff55f12dacd7e	CYP3A4	AUC2-4	33.6 (26.3–42.8)	h pg mL−1	cyp3a4	33.6	h pg mL^-1	33.6	approved	exposure_mass_auc	clintox.offtarget.auc_mass.v1	absolute	none	valid	True		Under treatment with 300 mg/day St. John's wort for 14 days, midazolam AUC2-4 was 33.6 (26.3–42.8) h pg mL−1 and eCLmet was 1649 (1290–2104) mL min−1 (geometric mean, 95% CI) in 11 healthy volunteers.
pass	Pass: endpoint, atomic measurement/unit conversion, reference semantics, and eligibility verified.	clintox_measurement_unit_manual_review.v1	off_target_ddi_exposure	318524	617d17a9ca2480bf34ce1182a65ed298c8ea73260396017aa2558c1131df4be2	Edoxaban	AUC∞	1191 (95% CI 758-1871)	h pg/mL	edoxaban	1191	h pg/mL	1191.0	approved	exposure_mass_auc	clintox.offtarget.auc_mass.v1	absolute	none	valid	True		Plasma concentrations of edoxaban were significantly increased by coadministration of rifampicin and cobicistat. No significant change of any edoxaban pharmacokinetic parameter was observed during voriconazole (Table 2).
pass	Pass: endpoint, atomic measurement/unit conversion, reference semantics, and eligibility verified.	clintox_measurement_unit_manual_review.v1	off_target_ddi_exposure	28091	12f73c44a819e0f2cf135d92656c0ad0bbfdad36f2865d7cd9e40addb5ab9c58	rivaroxaban AUC(0-∞)	AUC(0-∞)	3883 (3467-4350)	h µg L^-1	rivaroxaban_auc(0_∞)	3883	h µg L^-1	3883.0	approved	exposure_mass_auc	clintox.offtarget.auc_mass.v1	absolute	none	valid	True		Table 1: Rivaroxaban + ciclosporin + fluconazole AUC(0-∞) = 3883 (3467-4350) h µg L−1; Rivaroxaban alone = 2088 (1789-2437) h µg L−1. P < 0.001.
pass	Pass: endpoint, atomic measurement/unit conversion, reference semantics, and eligibility verified.	clintox_measurement_unit_manual_review.v1	off_target_ddi_exposure	281510	a56015b586a0109425e65695b21ca0f7d5f6d689c1a1c798d09d763caa035289	AUC	geometric mean AUC	107.0 (87.8-140.4)	hours µg mL-1	auc	107	h µg mL^-1	107.0	approved	exposure_mass_auc	clintox.offtarget.auc_mass.v1	absolute	none	valid	True		Table for chloramphenicol pharmacokinetics: Treatment 5 (CAP alone) showed an AUC of 107.0 (87.8-140.4) hours µg mL-1, reported as geometric mean (range).
pass	Pass: endpoint, atomic measurement/unit conversion, reference semantics, and eligibility verified.	clintox_measurement_unit_manual_review.v1	off_target_ddi_exposure	784156	22a001e86688ac87cbe2ff9e798695df2797a57974ef36baf12dd2d7e9af89aa		Observed area under the curve (AUCobs)	278.5 (range 69.9–2256.4)	h µg/mL	missing_endpoint	278.5	h µg/mL	278.5	approved	exposure_mass_auc	clintox.offtarget.auc_mass.v1	absolute	none	valid	True		Table 1 provides the mean efavirenz pharmacokinetic parameters for 66 HIV-infected Ugandans on day 14: AUCobs 278.5 (range 69.9–2256.4) h µg/mL.
pass	Pass: endpoint, atomic measurement/unit conversion, reference semantics, and eligibility verified.	clintox_measurement_unit_manual_review.v1	off_target_ddi_exposure	270473	a71c0fb60fec0620fcfad77c047caa060c82b522873d30199f39cacb9304f143	AUC	AUC	18.56 (14.57–23.21) [7.39–45.32]	h × ng/ml	auc	18.56	h × ng/mL	18.56	approved	exposure_mass_auc	clintox.offtarget.auc_mass.v1	absolute	none	valid	True		In Table 2, for THC-OH AUC in the eGFR ≤ 30 and > 15 ml/min per 1.73 m2 group, the reported median was 18.56 h×ng/ml (interquartile range 14.57–23.21, range 7.39–45.32).
pass	Pass: endpoint, atomic measurement/unit conversion, reference semantics, and eligibility verified.	clintox_measurement_unit_manual_review.v1	off_target_ddi_exposure	947365	8a4b888b4505638a6c4d779ad18f0032fb5499176ad6d5e48d3e4e1034c666f6	AUC0-∞	AUC0-∞	6.315 (range 4.795-9.592)	hr × µg/ml	auc0_∞	6.315	h × µg/mL	6.315	approved	exposure_mass_auc	clintox.offtarget.auc_mass.v1	absolute	none	valid	True		From table of mean pharmacokinetic parameters of flunixin following single transdermal administration at 3.3 mg/kg in adult alpacas, the AUC0-∞ geometric mean is 6.315 hr×µg/ml with a range of 4.795-9.592 hr×µg/ml (n=8).
pass	Pass: endpoint, atomic measurement/unit conversion, reference semantics, and eligibility verified.	clintox_measurement_unit_manual_review.v1	off_target_ddi_exposure	1156529	da0bcbb1f79227f5c33264603fd597059233525747ab2f2c8b92106073fdcd57	serum AUC0-24	AUC0-24	33.86 (22.21–44.57)	hr*mg/L	serum_auc0_24	33.86	h*mg/L	33.86	approved	exposure_mass_auc	clintox.offtarget.auc_mass.v1	absolute	none	valid	True		Moxifloxacin (n=5) dose 400 mg: AUC0-24 33.86 (22.21–44.57) hr*mg/L.
pass	Pass: endpoint, atomic measurement/unit conversion, reference semantics, and eligibility verified.	clintox_measurement_unit_manual_review.v1	off_target_ddi_exposure	364791	a226d44dc9f5282ec50f2fb3b0771baec5d3dafe6af6da45135206df0fc3f18b	AUC0-last	AUC0-last	46.28 ± 19.80##	h*ng/mL	auc0_last	46.28 ± 19.8	h*ng/mL	46.28	approved	exposure_mass_auc	clintox.offtarget.auc_mass.v1	absolute	none	valid	True		In NASH rats, the AUC0-last of Simvastatin (SV) was 46.28 ± 19.80 h*ng/mL in the SV-alone group (NS), significantly lower (## p<0.01) compared to the HS group.
pass	Pass: endpoint, atomic measurement/unit conversion, reference semantics, and eligibility verified.	clintox_measurement_unit_manual_review.v1	off_target_ddi_exposure	335836	46e526c684dea2b52129101bc5b6401a2ca40bcd74664d9c9fa537af4bc593f9		AUC0-last	175 (98–312)	h*µg/L	missing_endpoint	175	h*µg/L	175.0	approved	exposure_mass_auc	clintox.offtarget.auc_mass.v1	absolute	none	valid	True		In the single dosage study (Table 2a, p:48), for EA-230 at 10 mg/kg (n=6), the PK parameters were: AUC0-last 175 (95% CI 98–312) h*µg/L, AUC0-inf 175 (98–312) h*µg/L, Cmax 1336 (95% CI 672–2656) µg/L, t1/2 0.04 (0.02–0.07) h, CL 57 (32–102) L/h/kg, Vd 3 (2–5) L/kg.
pass	Pass: endpoint, atomic measurement/unit conversion, reference semantics, and eligibility verified.	clintox_measurement_unit_manual_review.v1	off_target_ddi_exposure	715714	b59d00b27d0df4bbae0d4c257f27eb882d26dc26a8c9f492ed08bd34b1211b21	AUC	AUC	0.21 ± 0.1 (range 0.13–0.40) h*µg/mL	h*µg/mL	auc	0.21 ± 0.1	h*µg/mL	0.21	approved	exposure_mass_auc	clintox.offtarget.auc_mass.v1	absolute	none	valid	True		The AUC estimates for 4'-hydroxy-flurbiprofen were 0.21 ± 0.1 (range 0.13–0.40) h*µg/mL in pigs in the healthy phase.
pass	Pass: endpoint, atomic measurement/unit conversion, reference semantics, and eligibility verified.	clintox_measurement_unit_manual_review.v1	off_target_ddi_exposure	753530	db605cb57e30d782533d3c78908a014d46c5d8546e46ce1ebf8ecafacea93cfd	AUC	AUC(0-12)norm	0.164 (0.10-0.27)	h·kg·l-1	auc	0.164	h·kg·L^-1	0.164	approved	exposure_mass_auc	clintox.offtarget.auc_mass.v1	absolute	none	valid	True		Table 3 shows that after 300 mg repirinast, the geometric mean AUC(0-12)norm of BAY w 8199 was 0.164 h·kg·l-1 (1s-range 0.10-0.27).
pass	Pass: endpoint, atomic measurement/unit conversion, reference semantics, and eligibility verified.	clintox_measurement_unit_manual_review.v1	off_target_ddi_exposure	556293	06a71214ab8e309f03e3ab80de9dc503e146854d5a3066e49d40c2c4dbbdbc24	AUC	GM postpartum AUC0-12	52.8 (38.2-73.1)	h·mg/L	auc	52.8	h·mg/L	52.8	approved	exposure_mass_auc	clintox.offtarget.auc_mass.v1	absolute	none	valid	True		Darunavir (600/100 mg twice daily) postpartum AUC0-12: GM 52.8 (95% CI 38.2-73.1) h·mg/L (n=5).
pass	Pass: endpoint, atomic measurement/unit conversion, reference semantics, and eligibility verified.	clintox_measurement_unit_manual_review.v1	off_target_ddi_exposure	677972	9abae2f47b654dfe65caa6f142da587982f58ebb5eeda8748608fe25274c4fc7	AUC0→∞	AUC0→∞	236.2 ± 23.4*	h·ng/l	auc0→∞	236.2 ± 23.4	h·ng/L	236.2	approved	exposure_mass_auc	clintox.offtarget.auc_mass.v1	absolute	none	valid	True		Simvastatin AUC0→∞ after administration of simvastatin (0.25 mg/kg) following a 1-week quercetin-supplemented diet (10 mg/kg/day) was 236.2 ± 23.4* h·ng/l (P<0.05 versus simvastatin alone) in pig plasma.
pass	Pass: endpoint, atomic measurement/unit conversion, reference semantics, and eligibility verified.	clintox_measurement_unit_manual_review.v1	off_target_ddi_exposure	274230	93816fa0a58bd19c3583d4170704afa7fbf379bc6d949cb4e42749bcb62a1eff	Pharmacokinetic interaction with pyronaridine-artesunate	AUC0-last	34400 (19500-64000)	h·ng/mL	pharmacokinetic_interaction_with_pyronaridine_artesunate	34400	h·ng/mL	34400.0	approved	exposure_mass_auc	clintox.offtarget.auc_mass.v1	absolute	none	valid	True		In the table, for carboxyprimaquine (n=15), the median AUC0-last when administered in combination with pyronaridine-artesunate was 34400 (19500-64000) h·ng/mL, compared to 33000 (20400-49400) h·ng/mL when administered alone, with p=0.212.
pass	Pass: endpoint, atomic measurement/unit conversion, reference semantics, and eligibility verified.	clintox_measurement_unit_manual_review.v1	off_target_ddi_exposure	1166703	b316eb3c07a5d015dc9eb5ce13bc51d91677d27d85eb63506751b579c5b60a69	AUC0–∞	AUC0–∞	204.5 ± 72.6*	h·ng·mL-1	auc0_∞	204.5 ± 72.6	h·ng·mL^-1	204.5	approved	exposure_mass_auc	clintox.offtarget.auc_mass.v1	absolute	none	valid	True		In Abcc3 KO mice treated with a single oral dose of 10 mg/kg clopidogrel, the AUC0–∞ was 204.5 ± 72.6 h·ng·mL-1 (mean ± SD), significantly different from WT (*P < 0.05).
pass	Pass: endpoint, atomic measurement/unit conversion, reference semantics, and eligibility verified.	clintox_measurement_unit_manual_review.v1	off_target_ddi_exposure	999263	4f0a6af07ba4a788ca0910e78e910a54fbdff5ee2105c26e4a6f922d659e3f5a	AUC	geometric mean AUC (range)	137.1 (69.2-210.2)	h·µg ml^-1	auc	137.1	h·µg mL^-1	137.1	approved	exposure_mass_auc	clintox.offtarget.auc_mass.v1	absolute	none	valid	True		In study 2, the geometric mean (range) AUC for piroxicam (20 mg) when co-administered with ranitidine (150 mg bid) was 137.1 (69.2-210.2) h·µg ml−1. The mean ratio was 1.03 (0.98-1.08).
pass	Pass: endpoint, atomic measurement/unit conversion, reference semantics, and eligibility verified.	clintox_measurement_unit_manual_review.v1	off_target_ddi_exposure	944751	0a09cfc854cb3650b5437316888ac702ee468f58df87e5bb5288d01ee6f48ea9	AUCinf	AUCinf	1761 ± 390a	h·µg/l	aucinf	1761 ± 390	h·µg/L	1761.0	approved	exposure_mass_auc	clintox.offtarget.auc_mass.v1	absolute	none	valid	True		In patients with HCC and liver impairment receiving temsirolimus 10 mg IV weekly, the mean AUCinf of temsirolimus with sorafenib at steady state was 1761 ± 390 h·µg/l (P < 0.05 vs without sorafenib).
pass	Pass: endpoint, atomic measurement/unit conversion, reference semantics, and eligibility verified.	clintox_measurement_unit_manual_review.v1	off_target_ddi_exposure	429727	5fd72e2eccc9a505a5935d14e946766bb16f1b95d76ac4a39f704be8cc3c9560	AUC(0-∞)	AUC(0-∞)	60.7 (51.3-76.7)	h·µg/mL	auc(0_∞)	60.7	h·µg/mL	60.7	approved	exposure_mass_auc	clintox.offtarget.auc_mass.v1	absolute	none	valid	True		In a study in male monkeys (n=3/treatment), GSK2251052 (35 mg/kg IV) was administered alone or with a single oral dose of 4-MP (35 mg/kg). Pharmacokinetic parameters are shown. For GSK2251052 alone: AUC(0-∞)=60.7 (51.3-76.7) h·µg/mL, Cmax=46.0 (17.3-99.1) µg/mL, CL=0.60 (0.46-0.68) L/h/kg, Vss=3.04 (1.66-3.97) L/kg, MRT=4.9 (3.6-5.8) h, T1/2=5.4 (4.8-5.9) h, Tmax=0.92 (0.92-0.92) h. For GSK2251052 with 4-MP: AUC(0-∞)=161 (148-18) h·µg/mL, Cmax=68.6 (21.9-161) µg/mL, CL=0.22 (0.19-0.24) L/h/kg, Vss=2.53 (1.99-2.88) L/kg, MRT=11 (10-12) h, T1/2=9.2 (8.6-9.7) h, Tmax=0.92 (0.92-0.92) h. For M3 alone: AUC(0-t)=52.3 (42.8-67.0) h·µg/mL, Cmax=4.15 (3.49-4.54) µg/mL, Tmax=3.0 (3.0-3.0) h. For M3 with 4-MP: AUC(0-t)=11.0 (9.49-13.0) h·µg/mL, Cmax=0.36 (0.32-0.42) µg/mL, Tmax=9.0 (9.0-48) h.
pass	Pass: endpoint, atomic measurement/unit conversion, reference semantics, and eligibility verified.	clintox_measurement_unit_manual_review.v1	off_target_ddi_exposure	509340	39df381a1f4cbd885e2b5ec4b2c33321b61fa87e7ec4a399e999e3f6b6455326		AUC0-∞	41.4 (17.5-120)	h·µg·liter-1	missing_endpoint	41.4	h·µg·L^-1	41.4	approved	exposure_mass_auc	clintox.offtarget.auc_mass.v1	absolute	none	valid	True		After a single oral dose of 250 µg hypericin (as LI 160), the median AUC0-∞ was 41.4 (range 17.5-120) h·µg·liter-1 in healthy volunteers (n=12), as shown in Table 1.
pass	Pass: endpoint, atomic measurement/unit conversion, reference semantics, and eligibility verified.	clintox_measurement_unit_manual_review.v1	off_target_ddi_exposure	397803	5727f4411e975f518099f9e5ffacd7406112ce7587af1fe018c148f1a2798609		AUC0-inf	456 (365-568)	h·µg·mL-1	missing_endpoint	456	h·µg·mL^-1	456.0	approved	exposure_mass_auc	clintox.offtarget.auc_mass.v1	absolute	none	valid	True		Table 1 reports LR AUC0-inf for AL alone: geometric mean 456 (90% CI 365-568) h·µg·mL-1. The text states a 2.3-fold increase in AUC0-inf with LPV/r.
pass	Pass: endpoint, atomic measurement/unit conversion, reference semantics, and eligibility verified.	clintox_measurement_unit_manual_review.v1	off_target_ddi_exposure	384058	4ff2bda415ae66fa0f58eae59c1678345b40c41ea56aceccfcd241dc7bd11773	AUC	AUC	408 (317–500)	hour×ng/mL	auc	408	h×ng/mL	408.0	approved	exposure_mass_auc	clintox.offtarget.auc_mass.v1	absolute	none	valid	True		Table: 4 mg/kg PO olanzapine, DMO AUCt: LPS 1070 (697–1440), Controls 408 (317–500).
pass	Pass: endpoint, atomic measurement/unit conversion, reference semantics, and eligibility verified.	clintox_measurement_unit_manual_review.v1	off_target_ddi_exposure	1155121	4cf84004530a26c2872f784971da4a90865df90ef324c11d9275870bcb7ddc6b	AUC24	Geometric mean AUC24	20.5 (95% CI: 15.6 to 26.9)	h×µg/mL	auc24	20.5	h×µg/mL	20.5	approved	exposure_mass_auc	clintox.offtarget.auc_mass.v1	absolute	none	valid	True		Lapatinib geometric mean AUC24 alone was 20.5 h×µg/mL (95% CI: 15.6 to 26.9), as shown in Table 3.
pass	Pass: endpoint, atomic measurement/unit conversion, reference semantics, and eligibility verified.	clintox_measurement_unit_manual_review.v1	off_target_ddi_exposure	1223855	02c18c6c4ed66c187d0c69935a38211575152e4bdee88da985299fcf1464d3f7	AUC/Dose	AUC/Dose	14.2 ± 4.4 (range 9.7–20.3)	kg·h/mL	auc/dose	14.2 ± 4.4	kg·h/mL	14.2	approved	exposure_mass_auc	clintox.offtarget.auc_mass.v1	absolute	none	valid	True		In Table 1 (paragraph 34), GaM (gallium maltolate) showed mean ± SD AUC/Dose of 14.2 ± 4.4 kg·h/mL (range 9.7–20.3) after oral administration of 50 mg/kg once daily for 5 days to neonatal calves. The P value for the difference compared with GaN was 0.03.
pass	Pass: endpoint, atomic measurement/unit conversion, reference semantics, and eligibility verified.	clintox_measurement_unit_manual_review.v1	off_target_ddi_exposure	928134	d71cf4197a08904b0eb941a907bd2e29149e2791ac1d5341ca6b8d4feee18932	AUC (unbound)	AUC (unbound)	1.6 ± 0.8 (0.6-3.2)	mg l-1 h	auc_(unbound)	1.6 ± 0.8	mg L^-1 h	1.6	approved	exposure_mass_auc	clintox.offtarget.auc_mass.v1	absolute	none	valid	True		The mean unbound AUC for quinine during rifampicin pretreatment was 1.6 ± 0.8 mg l-1 h (range 0.6-3.2).
pass	Pass: endpoint, atomic measurement/unit conversion, reference semantics, and eligibility verified.	clintox_measurement_unit_manual_review.v1	off_target_ddi_exposure	897204	6d1c29f84ea8b9665932f92d5a6e2dca5e2c261e63cf6705f929f250b6276938	area under the concentration-time curve	AUC0-infinity	0.81 (0.61–1.44)	mg h L-1	area_under_the_concentration_time_curve	0.81	mg h L^-1	0.81	approved	exposure_mass_auc	clintox.offtarget.auc_mass.v1	absolute	none	valid	True		In carriers of 3 active CYP2D6 genes, desmethylmirtazapine AUC0–∞ was 0.81 mg h L−1 (range 0.61–1.44) after oral administration of 45 mg mirtazapine, as shown in Table 1.
pass	Pass: endpoint, atomic measurement/unit conversion, reference semantics, and eligibility verified.	clintox_measurement_unit_manual_review.v1	off_target_ddi_exposure	368690	cc8dc6006539ca30e68c176d4711dbd43b0c01a8c52a2598ae8e196defd3f583		AUC0-24	65 (22–241)	mg h/L	missing_endpoint	65	mg h/L	65.0	approved	exposure_mass_auc	clintox.offtarget.auc_mass.v1	absolute	none	valid	True		In Table 5 row 7, for ICU patients with Child–Pugh B receiving reduced caspofungin dose (70 mg loading, 35 mg daily), the AUC0-24 was 65 mg h/L (range 22–241).
pass	Pass: endpoint, atomic measurement/unit conversion, reference semantics, and eligibility verified.	clintox_measurement_unit_manual_review.v1	off_target_ddi_exposure	474576	2dba34b5950ec227592a62a52b49acc33fa97e0965228030f610e5576a5940ef	AUC0-48h	area under the curve from 0 to 48 h (AUC0-48h)	8.0 ± 1.8*	mg h/ml	auc0_48h	8 ± 1.8	mg h/mL	8.0	approved	exposure_mass_auc	clintox.offtarget.auc_mass.v1	absolute	none	valid	True		In rats, following a single oral dose of CsA (10 mg/kg) with probucol dosed simultaneously, the area under the whole blood CsA concentration-time curve from 0 to 48 h AUC0-48h was 8.0 ± 1.8 mg h/ml (n=8, mean ± S.E., *P < 0.05 vs. vehicle).
pass	Pass: endpoint, atomic measurement/unit conversion, reference semantics, and eligibility verified.	clintox_measurement_unit_manual_review.v1	off_target_ddi_exposure	1028886	37a5ae46876ec0b2c7c4a48768a0e7ef56a314d14b67e9625aa38f4b057508e0	AUC0-infinity	AUC0-infinity	34.1 (21.4-57.3)	mg min L-1	auc0_infinity	34.1	mg min L^-1	34.1	approved	exposure_mass_auc	clintox.offtarget.auc_mass.v1	absolute	none	valid	True		According to Table 1, the AUC0-infinity of R(-) mirtazapine in poor metabolizers (0 active CYP2D6 alleles) was 34.1 mg min L-1 (range 21.4-57.3).
pass	Pass: compound-qualified administered-dose unit remained unresolved and excluded; no exponent parsing.	clintox_measurement_unit_manual_review.v1	off_target_ddi_exposure	296083	21b3c0f3e1dbb276fe102fd34308d0faf6cdcd875b3fef6557a504dd508472f9	Ae0-24h	Ae0-24h	4.54 ± 1.46	% of DA-8159 dose	ae0_24h	4.54 ± 1.46	% of Da-8159 dose		evidence_only	unreviewed	clintox.unreviewed_measurement.v1	unknown	unknown	non_scalar_measurement	False	non_scalar_measurement	In rats, after i.v. administration of 30 mg/kg DA-8159 with simultaneous i.v. nitroglycerin 2.5 mg/kg, the Ae0-24h of DA-8159 was 4.54 ± 1.46% of the DA-8159 dose, compared to 8.34 ± 2.04% without nitroglycerin (P<0.001).
pass	Pass: compound-qualified administered-dose unit remained unresolved and excluded; no exponent parsing.	clintox_measurement_unit_manual_review.v1	off_target_ddi_exposure	361823	930f5ccb51aa8e72ff89c2e1b2a8efffacb0bf70dd353c5cf6a79169268a5c3f	Ae0–24 h	Ae0–24 h	0.878 ± 0.259	% of DA-8159 dose	ae0_24_h	0.878 ± 0.259	% of Da-8159 dose		evidence_only	unreviewed	clintox.unreviewed_measurement.v1	unknown	unknown	non_scalar_measurement	False	non_scalar_measurement	In Table 3 (paragraph 47), the Ae0–24 h of DA-8159 after single oral administration of DA-8159 (30 mg kg−1) without terazosin to rats was 0.878 ± 0.259% of DA-8159 dose.
pass	Pass: compound-qualified administered-dose unit remained unresolved and excluded; no exponent parsing.	clintox_measurement_unit_manual_review.v1	off_target_ddi_exposure	361824	020035bbb5e6bf59ebcf182636b60692dede6f93f7b10c1d84d1ccd6c60b1ca9	Ae0–24 h	Ae0–24 h	1.09 ± 0.480	% of DA-8159 dose	ae0_24_h	1.09 ± 0.480	% of Da-8159 dose		evidence_only	unreviewed	clintox.unreviewed_measurement.v1	unknown	unknown	non_scalar_measurement	False	non_scalar_measurement	In Table 3 (paragraph 47), the Ae0–24 h of DA-8159 after single oral administration of DA-8159 (30 mg kg−1) with simultaneous terazosin to rats was 1.09 ± 0.480% of DA-8159 dose.
pass	Pass: compound-qualified administered-dose unit remained unresolved and excluded; no exponent parsing.	clintox_measurement_unit_manual_review.v1	off_target_ddi_exposure	361825	c83f9ac9530de01dbe8c105de62e903bfcff0d7d956ef1650854c0c469d90434	GI24 h	GI24 h	2.10 ± 3.20	% of DA-8159 dose	gi24_h	2.10 ± 3.20	% of Da-8159 dose		evidence_only	unreviewed	clintox.unreviewed_measurement.v1	unknown	unknown	non_scalar_measurement	False	non_scalar_measurement	In Table 3 (paragraph 47), the GI24 h of DA-8159 after single oral administration of DA-8159 (30 mg kg−1) without terazosin to rats was 2.10 ± 3.20% of DA-8159 dose.
pass	Pass: compound-qualified administered-dose unit remained unresolved and excluded; no exponent parsing.	clintox_measurement_unit_manual_review.v1	off_target_ddi_exposure	361826	aa977c0b491931a4cffdb3d3aa1021f43ed7cdcf8f8c0330b75bd40fe2e4cf72	GI24 h	GI24 h	1.52 ± 0.956	% of DA-8159 dose	gi24_h	1.52 ± 0.956	% of Da-8159 dose		evidence_only	unreviewed	clintox.unreviewed_measurement.v1	unknown	unknown	non_scalar_measurement	False	non_scalar_measurement	In Table 3 (paragraph 47), the GI24 h of DA-8159 after single oral administration of DA-8159 (30 mg kg−1) with simultaneous terazosin to rats was 1.52 ± 0.956% of DA-8159 dose.
pass	Pass: compound-qualified administered-dose unit remained unresolved and excluded; no exponent parsing.	clintox_measurement_unit_manual_review.v1	off_target_ddi_exposure	361839	3ed8d0138a3ee18a514e23833de3a74f711318cb1e6b3550f5412fb569d13db9	Ae0–24 h	Ae0–24 h	0.176 ± 0.113	% of DA-8159 dose	ae0_24_h	0.176 ± 0.113	% of Da-8159 dose		evidence_only	unreviewed	clintox.unreviewed_measurement.v1	unknown	unknown	non_scalar_measurement	False	non_scalar_measurement	In Table 3 (paragraph 47), the Ae0–24 h of DA-8164 after single oral administration of DA-8159 (30 mg kg−1) without terazosin to rats was 0.176 ± 0.113% of DA-8159 dose.
pass	Pass: compound-qualified administered-dose unit remained unresolved and excluded; no exponent parsing.	clintox_measurement_unit_manual_review.v1	off_target_ddi_exposure	361840	c64c584b00291c39efbf841925dd84fabfc63e3996ac5635dd6e52f3a5e22e64	Ae0–24 h	Ae0–24 h	0.108 ± 0.0492	% of DA-8159 dose	ae0_24_h	0.108 ± 0.0492	% of Da-8159 dose		evidence_only	unreviewed	clintox.unreviewed_measurement.v1	unknown	unknown	non_scalar_measurement	False	non_scalar_measurement	In Table 3 (paragraph 47), the Ae0–24 h of DA-8164 after single oral administration of DA-8159 (30 mg kg−1) with simultaneous terazosin to rats was 0.108 ± 0.0492% of DA-8159 dose.
pass	Pass: compound-qualified administered-dose unit remained unresolved and excluded; no exponent parsing.	clintox_measurement_unit_manual_review.v1	off_target_ddi_exposure	361841	301242f84fa4d70ceff7ff8e1342e7711232aa8638db2a6a65b0b6203f6ff8ce	GI24 h	GI24 h	0.654 ± 0.286	% of DA-8159 dose	gi24_h	0.654 ± 0.286	% of Da-8159 dose		evidence_only	unreviewed	clintox.unreviewed_measurement.v1	unknown	unknown	non_scalar_measurement	False	non_scalar_measurement	In Table 3 (paragraph 47), the GI24 h of DA-8164 after single oral administration of DA-8159 (30 mg kg−1) without terazosin to rats was 0.654 ± 0.286% of DA-8159 dose.
pass	Pass: compound-qualified administered-dose unit remained unresolved and excluded; no exponent parsing.	clintox_measurement_unit_manual_review.v1	off_target_ddi_exposure	361842	d5f05b9003920037c642e1f6a7d6f7fc98d70ce46538407230a01319f0707c72	GI24 h	GI24 h	0.621 ± 0.258	% of DA-8159 dose	gi24_h	0.621 ± 0.258	% of Da-8159 dose		evidence_only	unreviewed	clintox.unreviewed_measurement.v1	unknown	unknown	non_scalar_measurement	False	non_scalar_measurement	In Table 3 (paragraph 47), the GI24 h of DA-8164 after single oral administration of DA-8159 (30 mg kg−1) with simultaneous terazosin to rats was 0.621 ± 0.258% of DA-8159 dose.
pass	Pass: compound-qualified administered-dose unit remained unresolved and excluded; no exponent parsing.	clintox_measurement_unit_manual_review.v1	off_target_ddi_exposure	361869	e6af8a1b207cd4e64ec8d6211ee5b08a054c9c437022e8649210087cbc56bb30	Ae0–24 h	Ae0–24 h	1.46 ± 0.735	% of DA-8159 dose	ae0_24_h	1.46 ± 0.735	% of Da-8159 dose		evidence_only	unreviewed	clintox.unreviewed_measurement.v1	unknown	unknown	non_scalar_measurement	False	non_scalar_measurement	In the second table (paragraph 54), the Ae0–24 h of DA-8159 after single oral administration of DA-8159 (30 mg kg−1) without terazosin pretreatment to rats was 1.46 ± 0.735% of DA-8159 dose.
pass	Pass: compound-qualified administered-dose unit remained unresolved and excluded; no exponent parsing.	clintox_measurement_unit_manual_review.v1	off_target_ddi_exposure	361870	85f7a7b4f7f8d2c140b66bdc48ec778cfc81e1c8d0e8ac29a54e61bff700804b	Ae0–24 h	Ae0–24 h	1.10 ± 1.07	% of DA-8159 dose	ae0_24_h	1.10 ± 1.07	% of Da-8159 dose		evidence_only	unreviewed	clintox.unreviewed_measurement.v1	unknown	unknown	non_scalar_measurement	False	non_scalar_measurement	In the second table (paragraph 54), the Ae0–24 h of DA-8159 after single oral administration of DA-8159 (30 mg kg−1) with daily terazosin pretreatment to rats was 1.10 ± 1.07% of DA-8159 dose.
pass	Pass: compound-qualified administered-dose unit remained unresolved and excluded; no exponent parsing.	clintox_measurement_unit_manual_review.v1	off_target_ddi_exposure	361871	bbb5bbc48aaf20a8ae0efdfb5e627fb150cb165c92f9dc878fdb4e17f94935bd	GI24 h	GI24 h	5.06 ± 5.14	% of DA-8159 dose	gi24_h	5.06 ± 5.14	% of Da-8159 dose		evidence_only	unreviewed	clintox.unreviewed_measurement.v1	unknown	unknown	non_scalar_measurement	False	non_scalar_measurement	In the second table (paragraph 54), the GI24 h of DA-8159 after single oral administration of DA-8159 (30 mg kg−1) without terazosin pretreatment to rats was 5.06 ± 5.14% of DA-8159 dose.
pass	Pass: compound-qualified administered-dose unit remained unresolved and excluded; no exponent parsing.	clintox_measurement_unit_manual_review.v1	off_target_ddi_exposure	361872	c3b0a913d8679ef523f5ba5346e88a56ce85261304e141291524b09d904b6e78	GI24 h	GI24 h	3.72 ± 3.52	% of DA-8159 dose	gi24_h	3.72 ± 3.52	% of Da-8159 dose		evidence_only	unreviewed	clintox.unreviewed_measurement.v1	unknown	unknown	non_scalar_measurement	False	non_scalar_measurement	In the second table (paragraph 54), the GI24 h of DA-8159 after single oral administration of DA-8159 (30 mg kg−1) with daily terazosin pretreatment to rats was 3.72 ± 3.52% of DA-8159 dose.
pass	Pass: compound-qualified administered-dose unit remained unresolved and excluded; no exponent parsing.	clintox_measurement_unit_manual_review.v1	off_target_ddi_exposure	361883	a6483ab7851b777bdad2f7564336b9224153980074cc9e73469530b9e131299c	Ae0–24 h	Ae0–24 h	0.0730 ± 0.0259	% of DA-8159 dose	ae0_24_h	0.0730 ± 0.0259	% of Da-8159 dose		evidence_only	unreviewed	clintox.unreviewed_measurement.v1	unknown	unknown	non_scalar_measurement	False	non_scalar_measurement	In the second table (paragraph 54), the Ae0–24 h of DA-8164 after single oral administration of DA-8159 (30 mg kg−1) without terazosin pretreatment to rats was 0.0730 ± 0.0259% of DA-8159 dose.
pass	Pass: compound-qualified administered-dose unit remained unresolved and excluded; no exponent parsing.	clintox_measurement_unit_manual_review.v1	off_target_ddi_exposure	361884	dfbf90dc9356dc2f45a4e88ce108b5cd48475c838df92ee2e3965ce4ad1bb823	Ae0–24 h	Ae0–24 h	0.0754 ± 0.0463	% of DA-8159 dose	ae0_24_h	0.0754 ± 0.0463	% of Da-8159 dose		evidence_only	unreviewed	clintox.unreviewed_measurement.v1	unknown	unknown	non_scalar_measurement	False	non_scalar_measurement	In the second table (paragraph 54), the Ae0–24 h of DA-8164 after single oral administration of DA-8159 (30 mg kg−1) with daily terazosin pretreatment to rats was 0.0754 ± 0.0463% of DA-8159 dose.
pass	Pass: compound-qualified administered-dose unit remained unresolved and excluded; no exponent parsing.	clintox_measurement_unit_manual_review.v1	off_target_ddi_exposure	361885	d55dc69b8c2f5ffe152b805dbd8097d49f8f1d6fa05b463579425dbf454a320c	GI24 h	GI24 h	0.539 ± 0.221	% of DA-8159 dose	gi24_h	0.539 ± 0.221	% of Da-8159 dose		evidence_only	unreviewed	clintox.unreviewed_measurement.v1	unknown	unknown	non_scalar_measurement	False	non_scalar_measurement	In the second table (paragraph 54), the GI24 h of DA-8164 after single oral administration of DA-8159 (30 mg kg−1) without terazosin pretreatment to rats was 0.539 ± 0.221% of DA-8159 dose.
pass	Pass: compound-qualified administered-dose unit remained unresolved and excluded; no exponent parsing.	clintox_measurement_unit_manual_review.v1	off_target_ddi_exposure	361886	c2daeb6025c07c6b463d6edaf480926f8b971fb50e3cb64b07cf92dbf936dcb8	GI24 h	GI24 h	0.458 ± 0.258	% of DA-8159 dose	gi24_h	0.458 ± 0.258	% of Da-8159 dose		evidence_only	unreviewed	clintox.unreviewed_measurement.v1	unknown	unknown	non_scalar_measurement	False	non_scalar_measurement	In the second table (paragraph 54), the GI24 h of DA-8164 after single oral administration of DA-8159 (30 mg kg−1) with daily terazosin pretreatment to rats was 0.458 ± 0.258% of DA-8159 dose.
pass	Pass: compound-qualified administered-dose unit remained unresolved and excluded; no exponent parsing.	clintox_measurement_unit_manual_review.v1	off_target_ddi_exposure	530359	13a60245c0c4ce5d9119cbadc517cfeb6b5b5f42c78e68936424c45fe678e14b	Ae0-24h (DA-8164)	Ae0-24h (total amount excreted in urine as unchanged DA-8164 from time zero to 24 h)	2.33 ± 1.02	% of oral dose of DA-8159	ae0_24h_(da_8164)	2.33 ± 1.02	% of oral dose of Da-8159		evidence_only	unreviewed	clintox.unreviewed_measurement.v1	unknown	unknown	non_scalar_measurement	False	non_scalar_measurement	Ae0-24 h (% of oral dose of DA-8159) for DA-8164: Control (n=7): 2.33 ± 1.02.
pass	Pass: compound-qualified administered-dose unit remained unresolved and excluded; no exponent parsing.	clintox_measurement_unit_manual_review.v1	off_target_ddi_exposure	530360	e6c622313f7e98857a57858918b78645af1de09f4a5ad84330d5cafc9fdbb66a	Ae0-24h (DA-8164)	Ae0-24h (total amount excreted in urine as unchanged DA-8164 from time zero to 24 h)	5.35 ± 2.50	% of oral dose of DA-8159	ae0_24h_(da_8164)	5.35 ± 2.50	% of oral dose of Da-8159		evidence_only	unreviewed	clintox.unreviewed_measurement.v1	unknown	unknown	non_scalar_measurement	False	non_scalar_measurement	Ae0-24 h (% of oral dose of DA-8159) for DA-8164: DMIS (n=8): 5.35 ± 2.50.
pass	Pass: compound-qualified administered-dose unit remained unresolved and excluded; no exponent parsing.	clintox_measurement_unit_manual_review.v1	off_target_ddi_exposure	530361	fb0597a409b09a91e9af7e9193146e484c6f3f767597f13b0d562906a2de08b7	GI24h (DA-8164)	GI24h (total amount remaining in gastrointestinal tract at 24 h as unchanged DA-8164)	BD	% of oral dose of DA-8159	gi24h_(da_8164)	BD	% of oral dose of Da-8159		evidence_only	unreviewed	clintox.unreviewed_measurement.v1	unknown	unknown	non_scalar_measurement	False	non_scalar_measurement	GI24 h (% of oral dose of DA-8159) for DA-8164: Control (n=7): BD.
pass	Pass: compound-qualified administered-dose unit remained unresolved and excluded; no exponent parsing.	clintox_measurement_unit_manual_review.v1	off_target_ddi_exposure	530362	dbb2e7156402f0b8f95dd55f57204d094000b7b8558a519d66f48e5b7328512d	GI24h (DA-8164)	GI24h (total amount remaining in gastrointestinal tract at 24 h as unchanged DA-8164)	BD	% of oral dose of DA-8159	gi24h_(da_8164)	BD	% of oral dose of Da-8159		evidence_only	unreviewed	clintox.unreviewed_measurement.v1	unknown	unknown	non_scalar_measurement	False	non_scalar_measurement	GI24 h (% of oral dose of DA-8159) for DA-8164: DMIS (n=8): BD.
pass	Pass: compound-qualified administered-dose unit remained unresolved and excluded; no exponent parsing.	clintox_measurement_unit_manual_review.v1	off_target_ddi_exposure	567225	3be2f08156c8b9f102e960a17dab5b4db2bce6f234a9430791737be3c9eb926f	urinary excretion	Ae0-24h	2.180 ± 0.681	% of dose of DA-8159	urinary_excretion	2.180 ± 0.681	% of dose of Da-8159		evidence_only	unreviewed	clintox.unreviewed_measurement.v1	unknown	unknown	non_scalar_measurement	False	non_scalar_measurement	From Table: DA-8159 Ae0-24 h (% of dose of DA-8159): Control 2.180 ± 0.681, PCM 3.51 ± 1.82.
pass	Pass: compound-qualified administered-dose unit remained unresolved and excluded; no exponent parsing.	clintox_measurement_unit_manual_review.v1	off_target_ddi_exposure	567226	7e00c7dacd85064b3edbe3a29c7c2d7b7c0861433f045146a2b1e4a88f77ff4d	urinary excretion	Ae0-24h	3.51 ± 1.82	% of dose of DA-8159	urinary_excretion	3.51 ± 1.82	% of dose of Da-8159		evidence_only	unreviewed	clintox.unreviewed_measurement.v1	unknown	unknown	non_scalar_measurement	False	non_scalar_measurement	From Table: DA-8159 Ae0-24 h (% of dose of DA-8159): Control 2.180 ± 0.681, PCM 3.51 ± 1.82.
pass	Pass: compound-qualified administered-dose unit remained unresolved and excluded; no exponent parsing.	clintox_measurement_unit_manual_review.v1	off_target_ddi_exposure	567227	2208f6428b2cf4b808404352b0a07554333c4407f761a2cd468629dc793613fe	gastrointestinal content	GI24h	1.42 ± 1.01	% of dose of DA-8159	gastrointestinal_content	1.42 ± 1.01	% of dose of Da-8159		evidence_only	unreviewed	clintox.unreviewed_measurement.v1	unknown	unknown	non_scalar_measurement	False	non_scalar_measurement	From Table: DA-8159 GI24 h (% of dose of DA-8159): Control 1.42 ± 1.01, PCM 1.84 ± 1.31.
pass	Pass: compound-qualified administered-dose unit remained unresolved and excluded; no exponent parsing.	clintox_measurement_unit_manual_review.v1	off_target_ddi_exposure	567228	305ad36388a1a9e28989faa8a915b2aceae4f3e4e3142b73ee3fbd793ea6c47c	gastrointestinal content	GI24h	1.84 ± 1.31	% of dose of DA-8159	gastrointestinal_content	1.84 ± 1.31	% of dose of Da-8159		evidence_only	unreviewed	clintox.unreviewed_measurement.v1	unknown	unknown	non_scalar_measurement	False	non_scalar_measurement	From Table: DA-8159 GI24 h (% of dose of DA-8159): Control 1.42 ± 1.01, PCM 1.84 ± 1.31.
pass	Pass: compound-qualified administered-dose unit remained unresolved and excluded; no exponent parsing.	clintox_measurement_unit_manual_review.v1	off_target_ddi_exposure	567239	c440d8a4d0b0ae1716c53d8844c10c58c57e6ef59b752f8b363d91e80bea14a2	urinary excretion	Ae0-24h	0.0559 ± 0.0287	% of dose of DA-8159	urinary_excretion	0.0559 ± 0.0287	% of dose of Da-8159		evidence_only	unreviewed	clintox.unreviewed_measurement.v1	unknown	unknown	non_scalar_measurement	False	non_scalar_measurement	From Table: DA-8164 Ae0-24 h (% of dose of DA-8159): Control 0.0559 ± 0.0287, PCM 0.0894 ± 0.4220.
pass	Pass: compound-qualified administered-dose unit remained unresolved and excluded; no exponent parsing.	clintox_measurement_unit_manual_review.v1	off_target_ddi_exposure	567240	aa1eda82ae952e111fe1b9daf21163739445df75f45c18980d8f6363817283c1	urinary excretion	Ae0-24h	0.0894 ± 0.4220	% of dose of DA-8159	urinary_excretion	0.0894 ± 0.4220	% of dose of Da-8159		evidence_only	unreviewed	clintox.unreviewed_measurement.v1	unknown	unknown	non_scalar_measurement	False	non_scalar_measurement	From Table: DA-8164 Ae0-24 h (% of dose of DA-8159): Control 0.0559 ± 0.0287, PCM 0.0894 ± 0.4220.
pass	Pass: compound-qualified administered-dose unit remained unresolved and excluded; no exponent parsing.	clintox_measurement_unit_manual_review.v1	off_target_ddi_exposure	567241	74109a454515a31e938a99e9e1ea74d287f9f24a40610672fe341e1cc465aa39	gastrointestinal content	GI24h	BD (below detection limit)	% of dose of DA-8159	gastrointestinal_content	BD (below detection limit)	% of dose of Da-8159		evidence_only	unreviewed	clintox.unreviewed_measurement.v1	unknown	unknown	non_scalar_measurement	False	non_scalar_measurement	From Table: DA-8164 GI24 h (% of dose of DA-8159): Control BD, PCM BD.
pass	Pass: source measurement is preserved and the fail-closed exclusion reason is correct.	clintox_measurement_unit_manual_review.v1	off_target_ddi_exposure	511255	be02e1237ff7236b859d5643ef5e75b7d86563fbfa636586a67e207196f7191f	Urinary excretion	Percent of dose excreted unchanged	3–4	% of dose	urinary_excretion	3–4	%		approved	administered_dose_fraction	clintox.offtarget.administered_dose_fraction.v1	unknown	unknown	non_scalar_measurement	False	non_scalar_measurement	Urinary excretion of unchanged (–)-F was 3–4% of dose after i.v. and oral administration.
pass	Pass: source measurement is preserved and the fail-closed exclusion reason is correct.	clintox_measurement_unit_manual_review.v1	off_target_ddi_exposure	841580	4d6c5da17042139c714e34e416966de98ff6f8e587e8226597888633be7eb3b2	CYP2C9	AUC_inf of (S)-warfarin	106 471 under HMR1766 vs 33 148 under placebo	h·µg/L	cyp2c9	106 471 under HMR1766 vs 33 148 under placebo	h·µg/L		approved	exposure_mass_auc	clintox.offtarget.auc_mass.v1	unknown	unknown	non_scalar_measurement	False	non_scalar_measurement	(S)-Warfarin AUC_inf and t1/2 were 106 471 h·µg/L and 82.92 hours versus 33 148 h·µg/L under HMR1766 and 31.72 hours under placebo, and these data demonstrate a CYP2C9-mediated pharmacokinetic interaction.
pass	Pass: source measurement is preserved and the fail-closed exclusion reason is correct.	clintox_measurement_unit_manual_review.v1	off_target_ddi_exposure	500141	32e7a5881240a0209d758e58b6b90bd1d13d63c5cc272ff95bd165439985d6c6		AUC	124 (25)	µmol min L^-1	missing_endpoint	124 (25)	µmol min L^-1		approved	exposure_molar_auc	clintox.offtarget.auc_molar.v1	unknown	unknown	non_scalar_measurement	False	non_scalar_measurement	Inogatran administered IP to rats (n=4) at 13 µmol kg−1 had an AUC of 124 (25) µmol min L−1.
pass	Pass: source measurement is preserved and the fail-closed exclusion reason is correct.	clintox_measurement_unit_manual_review.v1	off_target_ddi_exposure	548238	0581f5218e07d13ca04d9e866f21db994a2a0b250592f88841eb0567da380f14	oral bioavailability	oral bioavailability	low oral bioavailability		oral_bioavailability	low oral bioavailability			approved	oral_bioavailability_fraction	clintox.offtarget.bioavailability_fraction.v1	unknown	unknown	non_scalar_measurement	False	non_scalar_measurement	Preliminary data on oral dosing of tariquidar in human healthy volunteers have been reported, suggesting a low oral bioavailability of the compound.
pass	Pass: source measurement is preserved and the fail-closed exclusion reason is correct.	clintox_measurement_unit_manual_review.v1	off_target_ddi_exposure	713416	92ab1cf1363275a03863863e9fefd7f79a8674bc74a03d75d68c3b95cac79ed1	trabectedin systemic clearance	clearance	37.6 L/h with concomitant dexamethasone vs 31.5 L/h without (19.2% increase)	L/h	trabectedin_systemic_clearance	37.6 L/h with concomitant dexamethasone vs 31.5 L/h without (19.2% increase)	L/h		approved	clearance	clintox.offtarget.clearance.v1	unknown	unknown	non_scalar_measurement	False	non_scalar_measurement	In the final pharmacokinetic model, the typical value of the systemic clearance of trabectedin in patients who received concomitant dexamethasone (37.6 L/h) was 19.2% greater than the clearance without dexamethasone (31.5 L/h). The effect of dexamethasone on clearance (p=0.007) did not meet the predefined statistical significance criteria (α=0.005). Further evaluation revealed that the effect of dexamethasone on clearance was statistically significant for study 11 (p=0.0001), which included patients on a long duration of dexamethasone administration.
pass	Pass: source measurement is preserved and the fail-closed exclusion reason is correct.	clintox_measurement_unit_manual_review.v1	off_target_ddi_exposure	668194	85f6fdd2bd75000ff0925691985f7383622eedbf525e71b2331690d0afe403ed	CYP3A4	percent inhibition	approximately 30% decrease in 6β-hydroxytestosterone formation		cyp3a4	approximately 30% decrease in 6β-hydroxytestosterone formation			approved	assay_control_response_fraction	clintox.offtarget.control_response_percent.v1	unknown	unknown	non_scalar_measurement	False	non_scalar_measurement	Ketoconazole (KCZ, 1 µM), a reversible CYP3A inhibitor, significantly decreased the conversion of testosterone to 6β-hydroxytestosterone by approximately 30%.
pass	Pass: source measurement is preserved and the fail-closed exclusion reason is correct.	clintox_measurement_unit_manual_review.v1	off_target_ddi_exposure	982317	1d9f833166f69cab2e00a0b39631e42a919f9d2b40a31d3c9c450e681e4a5146	Cmax	percent reduction in mean Cmax	43% reduction in males (P = 0.0139), 59% reduction in females (P = 0.0051)		cmax	43% reduction in males (P = 0.0139), 59% reduction in females (P = 0.0051)			approved	ddi_comparator_relative_change	clintox.offtarget.ddi_comparator_percent.v1	unknown	unknown	non_scalar_measurement	False	non_scalar_measurement	U-89678 Cmax was reduced by 43% in males (P = 0.0139) and 59% in females (P = 0.0051) during phenobarbital treatment.
pass	Pass: source measurement is preserved and the fail-closed exclusion reason is correct.	clintox_measurement_unit_manual_review.v1	off_target_ddi_exposure	125560	7d0ade646327e67230e735500f967ac91dddae90ad2516960367db8430c12bc1		efflux ratio	2.7 (0.6)		missing_endpoint	2.7 (0.6)			approved	efflux_ratio	clintox.offtarget.efflux_ratio.v1	unknown	unknown	non_scalar_measurement	False	non_scalar_measurement	Olmutinib in the MDCK-MDR1 assay showed an efflux ratio of 2.7 (0.6).
pass	Pass: source measurement is preserved and the fail-closed exclusion reason is correct.	clintox_measurement_unit_manual_review.v1	off_target_ddi_exposure	1090117	3be98b3d13fd82cbd368b659c7952fb8cc5d99ac2856c336e8f8b6be83b6961f	CYP2C9	Vmax	62.1±6.9 pmol/min/nmol P450 (mean±S.D.)	pmol/min/nmol P450	cyp2c9	62.1±6.9 pmol/min/nmol P450 (mean±S.D.)	pmol/min/nmol P450		approved	enzyme_kinetic_rate	clintox.offtarget.enzyme_rate.v1	unknown	unknown	non_scalar_measurement	False	non_scalar_measurement	The Vmax value of CYP2C9.1 for S-warfarin 7-hydroxylation was 62.1±6.9 pmol/min/nmol P450 (mean±S.D.).
pass	Pass: source measurement is preserved and the fail-closed exclusion reason is correct.	clintox_measurement_unit_manual_review.v1	off_target_ddi_exposure	1004271	d29308dfd842b5885b2d2ca13b91c1381699d88c12566736268ba84f05c4fff1	Cmax	Cmax	1.4 to 1.8	µg/ml	cmax	1.4 to 1.8	µg/mL		approved	exposure_mass_concentration	clintox.offtarget.exposure_concentration_mass.v1	unknown	unknown	non_scalar_measurement	False	non_scalar_measurement	In the pharmacokinetic study, maximum ETO levels during continuous intravenous infusion ranged from 1.4 to 1.8 µg/ml (steady state). The mean ETO plasma decay curves after continuous infusion are shown in Fig. 2.
pass	Pass: source measurement is preserved and the fail-closed exclusion reason is correct.	clintox_measurement_unit_manual_review.v1	off_target_ddi_exposure	747992	da049e48f35b024193254a12f615c63cfeadd1cead6f240203e9165bd99fd6a9	remoxipride	Cmax	3.93 (1.00)	µmol·l^-1	remoxipride	3.93 (1.00)	µmol·L^-1		approved	exposure_molar_concentration	clintox.offtarget.exposure_concentration_molar.v1	unknown	unknown	non_scalar_measurement	False	non_scalar_measurement	In Table 1, the mean (SD) Cmax of remoxipride in healthy volunteers was 3.93 (1.00) µmol·l−1 following a single 100 mg oral dose of remoxipride alone.
pass	Pass: source measurement is preserved and the fail-closed exclusion reason is correct.	clintox_measurement_unit_manual_review.v1	off_target_ddi_exposure	425293	da18e69ce76f76a2164bdbc7ad9c5bb5882bf4ad1e01ba06cc95ad9c3630139d		clearance	39.85 ± 14.53 (CT+TT) vs 30.20 ± 6.53 (CC)	l/h/kg	missing_endpoint	39.85 ± 14.53 (CT+TT) vs 30.20 ± 6.53 (CC)	L/h/kg		approved	mass_normalized_clearance	clintox.offtarget.normalized_clearance.v1	unknown	unknown	non_scalar_measurement	False	non_scalar_measurement	In African-American patients with ABCB1 rs1128503, those with at least one T allele (CT+TT) had significantly higher CBZ clearance (39.85 ± 14.53 l/h/kg) compared to CC genotype (30.20 ± 6.53 l/h/kg), p=0.036.
pass	Pass: source measurement is preserved and the fail-closed exclusion reason is correct.	clintox_measurement_unit_manual_review.v1	clintox_base_v1	237312	26b3dafda21f0bdadbfe2c2f6d72f6b7643233bd6b4f92bc8f4f509313c34de1	human_clinical_toxicity				human_clinical_toxicity				evidence_only	unreviewed	clintox.unreviewed_measurement.v1	unknown	unknown	non_scalar_measurement	False	non_scalar_measurement	Currently 3 drugs have been approved by the US Food and Drug Administration (FDA) for fibromyalgia syndrome, namely duloxetine, milnacipran, and pregabalin.
pass	Pass: source measurement is preserved and the fail-closed exclusion reason is correct.	clintox_measurement_unit_manual_review.v1	clintox_base_v1	93485	c54a6df64211727bfcd43ed6b75cc9b1d19612a472a20cdffa41d62cba1b5c3d	human_clinical_toxicity		toxicity_absent		human_clinical_toxicity	0	binary_outcome_class	0.0	approved	controlled_categorical_outcome	clintox_human_toxicity_binary.v1	not_applicable	none	off_schema_controlled_value	False	off_schema_controlled_value	In this clinical trial, the sodium bicarbonate regimen in the saline + sodium bicarbonate recipients was well tolerated without any symptomatic case of hypokalemia, hypomagnesemia, hypocalcemia, hypernatremia, and metabolic alkalosis. The passage notes that sodium bicarbonate administration can generally result in complications such as over-alkalinization, paradoxical transient intracellular acidosis, decreased oxygen delivery to tissues, hypernatremia, hypokalemia, decreased ionized calcium, hyperosmolality, volume overload, hypoventilation, cardiac arrhythmia, and injection-site reactions.
pass	Pass: source measurement is preserved and the fail-closed exclusion reason is correct.	clintox_measurement_unit_manual_review.v1	clintox_base_v1	136772	81f6a62351e81ef638a7abc280a8ab3dd0bdb49f9270a94ad29bd4ed27a4dbe4	human_clinical_toxicity		hematologic_toxicity		human_clinical_toxicity	1	binary_outcome_class	1.0	approved	controlled_categorical_outcome	clintox_human_toxicity_binary.v1	not_applicable	none	off_schema_controlled_value	False	off_schema_controlled_value	The PLD/GEM regimen showed a favourable toxicity profile in comparison with epirubicin/docetaxel combinations: the profile of haematological toxicity was acceptable, with percentages of moderate/severe toxicity (moderate/severe neutropenia) lower than those reported by other authors, despite the use of G-CSF in a relatively low proportion of cases compared with trials that utilised prophylactic growth factor support.
pass	Pass: source measurement is preserved and the fail-closed exclusion reason is correct.	clintox_measurement_unit_manual_review.v1	clintox_base_v1	70800	af688875ed77dd6204ccc424e46f435623da970094bf7d269eb7716096cebf81	human_clinical_toxicity		hepatotoxicity; other		human_clinical_toxicity	hepatotoxicity; other			evidence_only	unreviewed	clintox.unreviewed_measurement.v1	unknown	unknown	off_schema_controlled_value	False	off_schema_controlled_value	In the phase II STS trial, the most common grade 3 or 4 biochemical abnormalities were transient ALT or AST increases, occurring in 48% and 32% of recipients of 3-weekly trabectedin 1.5 mg/m2 and 9% and 3% of recipients of once-weekly trabectedin 0.58 mg/m2. Grade 3/4 creatine kinase elevations occurred in 5% and 9% of patients respectively; significant liver function alterations causing jaundice or hepatic failure were rare (<1%).
pass	Pass: controlled categorical encoding and eligibility agree with the frozen vocabulary.	clintox_measurement_unit_manual_review.v1	clintox_base_v1	164696	301d65c4d98a8326d6885e67198f22ba46c33938cdc47559c3da38268a7d2f84	human_clinical_toxicity		toxicity_absent		human_clinical_toxicity	0	binary_outcome_class	0.0	approved	controlled_categorical_outcome	clintox_human_toxicity_binary.v1	not_applicable	none	valid	True		In phase II and III clinical trials, CVT-301 was generally safe and well tolerated.
pass	Pass: controlled categorical encoding and eligibility agree with the frozen vocabulary.	clintox_measurement_unit_manual_review.v1	clintox_base_v1	41612	cbed6bd1541b99b359980bebe35da93aaaf2af42771d482287d7d253b15178a4	human_clinical_toxicity		nephrotoxicity		human_clinical_toxicity	1	binary_outcome_class	1.0	approved	controlled_categorical_outcome	clintox_human_toxicity_binary.v1	not_applicable	none	valid	True		Acute MTX-induced nephrotoxicity was documented in two patients. A 9-year-old boy developed nephrotoxicity after four cycles of methotrexate 12 g/m2 with maximum serum creatinine 3.5 mg% (upper normal limit 1.1 mg%) and maximum serum methotrexate level (at 24 h) of 1.4 × 10−4 mol/l. An 11-year-old girl developed nephrotoxicity after two cycles of MTX 19.4 g/m2 with maximum serum creatinine 3.5 mg% and maximum serum MTX level (at 24 h) of 1.5 × 10−4 mol/l. Treatment in both cases consisted of hyperhydration and repeated doses of leucovorin; the girl was also treated with oral charcoal and intravenous thymidine. The same dose of MTX was continued without event in both cases, suggesting inadvertent protocol violation had been the cause of the renal insufficiency.
pass	Pass: source measurement is preserved and the fail-closed exclusion reason is correct.	clintox_measurement_unit_manual_review.v1	clintox_base_v1	258717	4033bb97ac1eb21a057f7d8fa65e632b053c37aeb3cca145e9fb41e33b80b93f	human_clinical_toxicity				human_clinical_toxicity				evidence_only	unreviewed	clintox.unreviewed_measurement.v1	unknown	unknown	non_scalar_measurement	False	non_scalar_measurement	Collectively, these trials (including the CASG studies evaluating 6 months of oral valganciclovir therapy for infants with symptomatic congenital CMV disease) led the FDA to modify the valganciclovir package insert to cite the dose used in the CASG studies.
pass	Pass: source measurement is preserved and the fail-closed exclusion reason is correct.	clintox_measurement_unit_manual_review.v1	clintox_base_v1	120796	9a03c3d057158c7c46522bfc81914a0afe5161b79cb2afd5e88e69ef7dba0bcc	human_clinical_toxicity		toxicity_absent		human_clinical_toxicity	0	binary_outcome_class	0.0	approved	controlled_categorical_outcome	clintox_human_toxicity_binary.v1	not_applicable	none	off_schema_controlled_value	False	off_schema_controlled_value	In a Phase 3 clinical trial comparing nab-paclitaxel 260 mg/m2 i.v. over 30 min without corticosteroid/antihistamine premedication (n=229) vs paclitaxel 175 mg/m2 i.v. over 3 h (n=225) in metastatic breast cancer, no severe hypersensitivity reactions occurred in the nab-paclitaxel group despite the shorter infusion time and absence of premedication. A separate report indicated that patients who previously had hypersensitivity reactions to Cremophor-formulated paclitaxel could be treated safely with nab-paclitaxel.
pass	Pass: source measurement is preserved and the fail-closed exclusion reason is correct.	clintox_measurement_unit_manual_review.v1	clintox_base_v1	46947	fe2ce20179b0019e4a91ed3be0e66316525ee1be645ef8fc9955128b77695ad8	human_clinical_toxicity		cardiotoxicity		human_clinical_toxicity	1	binary_outcome_class	1.0	approved	controlled_categorical_outcome	clintox_human_toxicity_binary.v1	not_applicable	none	off_schema_controlled_value	False	off_schema_controlled_value	In the table of QT-prolonging anti-cancer drugs, arsenic trioxide is reported to have an incidence of QTc >480-500 ms of 6-26% and a TdP incidence of 1% in patients receiving the drug, with management including halting the drug when QTc exceeds 500 ms.
pass	Pass: source measurement is preserved and the fail-closed exclusion reason is correct.	clintox_measurement_unit_manual_review.v1	clintox_base_v1	257146	92b78b6ada725ae7a5c24ce83d287fc4a2a8ea1664093737885b183fa1339418	human_clinical_toxicity		hypersensitivity		human_clinical_toxicity	hypersensitivity			evidence_only	unreviewed	clintox.unreviewed_measurement.v1	unknown	unknown	off_schema_controlled_value	False	off_schema_controlled_value	Hypersensitivity reactions may also occur with the nucleoside analogue abacavir. The reaction is idiosyncratic and immune-mediated, with features including fever, skin rash, and eosinophilia, and tends to resolve after withdrawal of the offending agent and typically recurs on rechallenge.
pass	Pass: controlled categorical encoding and eligibility agree with the frozen vocabulary.	clintox_measurement_unit_manual_review.v1	clintox_base_v1	54613	140982d1184b0fdb427524aa2098422926cb0030ea8207d1c692c71025ef16a9	human_clinical_toxicity		toxicity_absent		human_clinical_toxicity	0	binary_outcome_class	0.0	approved	controlled_categorical_outcome	clintox_human_toxicity_binary.v1	not_applicable	none	valid	True		In this feasibility study, 50 patients underwent dark-lumen MR colonography using gadoteridol (Prohance) 0.1 mmol/kg contrast injection followed by conventional colonoscopy. MRC and CC were successfully performed in all patients without any complications.
pass	Pass: controlled categorical encoding and eligibility agree with the frozen vocabulary.	clintox_measurement_unit_manual_review.v1	clintox_base_v1	47550	0c3591363b9a762f2439c4eb0f656ce55022e40744b110cc4f92bc7e66b6986d	human_clinical_toxicity		dermatologic_toxicity		human_clinical_toxicity	1	binary_outcome_class	1.0	approved	controlled_categorical_outcome	clintox_human_toxicity_binary.v1	not_applicable	none	valid	True		Our study showed that HLA-A*31:01 screening was associated with a significant reduction in the incidence of carbamazepine-induced cADRs; however, a 2.0% incidence of carbamazepine-induced cADRs still remained. In addition, 1 patient who tested positive for HLA-A*31:01 was prescribed carbamazepine and did not develop cADRs.
pass	Pass: source measurement is preserved and the fail-closed exclusion reason is correct.	clintox_measurement_unit_manual_review.v1	clintox_base_v1	117538	0c0a61e835afd516a250f7be7833e9e94a492aa4c8a250b5b07b75d8a44af417	human_clinical_toxicity				human_clinical_toxicity				evidence_only	unreviewed	clintox.unreviewed_measurement.v1	unknown	unknown	non_scalar_measurement	False	non_scalar_measurement	Three TKIs are currently approved. Application for a fourth, axitinib, has been submitted by Pfizer to both the FDA and European Medicines Agency (EMA) for use in second-line therapy.
pass	Pass: source measurement is preserved and the fail-closed exclusion reason is correct.	clintox_measurement_unit_manual_review.v1	clintox_base_v1	167939	86057779436caa28deb40a5718f4900f6643ebf8439a34ed393ed84bd170bc4d	human_clinical_toxicity		toxicity_absent		human_clinical_toxicity	0	binary_outcome_class	0.0	approved	controlled_categorical_outcome	clintox_human_toxicity_binary.v1	not_applicable	none	off_schema_controlled_value	False	off_schema_controlled_value	Preliminary concerns of fatal toxicity profile appear to be related more to the associated co-morbid conditions than the drug itself, as noted by their absence when used in patients with newly diagnosed APL without co-morbid conditions and in other malignant conditions. Ongoing concerns that are frequently voiced about potential long term toxicity are not based on significant data.
pass	Pass: source measurement is preserved and the fail-closed exclusion reason is correct.	clintox_measurement_unit_manual_review.v1	clintox_base_v1	125761	3e723049489640256886769bff00b2c69346c579b32698019fc5f6c244024f93	human_clinical_toxicity		general_adverse_events		human_clinical_toxicity	1	binary_outcome_class	1.0	approved	controlled_categorical_outcome	clintox_human_toxicity_binary.v1	not_applicable	none	off_schema_controlled_value	False	off_schema_controlled_value	Findings from the X-ACT trial show that the efficacy and safety benefits of capecitabine relative to 5-FU/LV extend to patients aged ≥70 years, a group often undertreated. The passage notes that renal impairment is more common in older patients and is associated with an increased risk of toxicity with bolus 5-FU/LV or capecitabine, so renal function should be checked before treatment, and capecitabine dose modifications have been defined for patients with renal impairment.
pass	Pass: source measurement is preserved and the fail-closed exclusion reason is correct.	clintox_measurement_unit_manual_review.v1	clintox_base_v1	146654	874e26e1df2ae7e764b195c5bee6e69b96d81efe1dbf24cd318cb8a0404727c9	human_clinical_toxicity		hepatotoxicity; hematologic_toxicity		human_clinical_toxicity	hepatotoxicity; hematologic_toxicity			evidence_only	unreviewed	clintox.unreviewed_measurement.v1	unknown	unknown	off_schema_controlled_value	False	off_schema_controlled_value	Grade 3-4 toxicities for trabectedin in 54 advanced sarcoma patients, reported per patient and per cycle: AST-ALT elevation in 17/54 (31%) patients and 24/208 (12%) cycles; neutropenia in 12/54 (22%) patients and 19/208 (9%) cycles; thrombocytopenia in 8/54 (15%) patients and 17/208 (8%) cycles. When split by dexamethasone premedication on day -1, group 1 (not premedicated) had AST-ALT elevation in 16/23 (70%) patients and 23/68 (34%) cycles, while group 2 (premedicated) had AST-ALT elevation in only 1/31 (3%) patients and 1/140 (<1%) cycles.
pass	Pass: controlled categorical encoding and eligibility agree with the frozen vocabulary.	clintox_measurement_unit_manual_review.v1	clintox_base_v1	137681	7dbf62595d1aa9df462637eca03b84b0d50d04da56aa23f2d27817691d4387cb	human_clinical_toxicity		toxicity_absent		human_clinical_toxicity	0	binary_outcome_class	0.0	approved	controlled_categorical_outcome	clintox_human_toxicity_binary.v1	not_applicable	none	valid	True		Regarding fentanyl, %SpO2 after fentanyl administration was not significantly different from placebo, and the fentanyl doses were chosen a priori based on safety considerations; examination of the data set suggested the chosen fentanyl doses were moderate.
pass	Pass: controlled categorical encoding and eligibility agree with the frozen vocabulary.	clintox_measurement_unit_manual_review.v1	clintox_base_v1	81510	0cf6c5e5ce6b6b9a8e1d5057c1d229e78981c82286ccf9d0abb634af822546bc	human_clinical_toxicity		hepatotoxicity		human_clinical_toxicity	1	binary_outcome_class	1.0	approved	controlled_categorical_outcome	clintox_human_toxicity_binary.v1	not_applicable	none	valid	True		A single dose of albendazole (400 mg) for empirical or seasonal use could cause acute liver toxicity in adult patients as well as in children; such liver toxicity may recur after each administration. In another rare instance, acute renal failure occurred after taking albendazole (800 mg daily for 2 days) to treat trichinosis. Albendazole is contraindicated during pregnancy in humans.
pass	Pass: source measurement is preserved and the fail-closed exclusion reason is correct.	clintox_measurement_unit_manual_review.v1	clintox_base_v1	20494	48e096bedd39d294377c17e926390c6ee3019bdb68d192ea91c3a4af6ffa2857	human_clinical_toxicity				human_clinical_toxicity				evidence_only	unreviewed	clintox.unreviewed_measurement.v1	unknown	unknown	non_scalar_measurement	False	non_scalar_measurement	Duloxetine is described as the most recent drug from the serotonin and norepinephrine reuptake inhibitors family approved with an indication in major depressive disorder (MDD).
pass	Pass: source measurement is preserved and the fail-closed exclusion reason is correct.	clintox_measurement_unit_manual_review.v1	clintox_base_v1	220981	37cb36a64045d37913eafe1f865652601c8d77a39f6849cb3f1f51d3a0ed0371	human_clinical_toxicity		toxicity_absent		human_clinical_toxicity	0	binary_outcome_class	0.0	approved	controlled_categorical_outcome	clintox_human_toxicity_binary.v1	not_applicable	none	off_schema_controlled_value	False	off_schema_controlled_value	A globo H-KLH conjugate vaccine plus QS-21 entered an initial clinical trial in patients with metastatic breast cancer. The vaccine was well-tolerated and demonstrated generation of IgM antibody titers in most patients.252
pass	Pass: source measurement is preserved and the fail-closed exclusion reason is correct.	clintox_measurement_unit_manual_review.v1	clintox_base_v1	202331	621560bd1b5f74ea0f66eeb670c4d38de4fff6706422fb913fb0718ead3e1e37	human_clinical_toxicity		dermatologic_toxicity		human_clinical_toxicity	1	binary_outcome_class	1.0	approved	controlled_categorical_outcome	clintox_human_toxicity_binary.v1	not_applicable	none	off_schema_controlled_value	False	off_schema_controlled_value	Only one (2.4%) of 42 penicillin skin test positive individuals had a rash with their first post penicillin skin test cephalosporin exposure, vs. three rashes (33%) out of nine penicillin skin test positive individuals after their first penicillin exposure (P = 0.003).
pass	Pass: source measurement is preserved and the fail-closed exclusion reason is correct.	clintox_measurement_unit_manual_review.v1	clintox_base_v1	309441	bd0d2984058fdbcfe003a4f7176fb0efd9154d21f6ecc561af578744c8ca5f56	human_clinical_toxicity		respiratory_system_toxicity		human_clinical_toxicity	respiratory_system_toxicity			evidence_only	unreviewed	clintox.unreviewed_measurement.v1	unknown	unknown	off_schema_controlled_value	False	off_schema_controlled_value	In the network meta-analysis, in terms of respiratory AEs, tivozanib (placebo vs OR 0.15, 95% CI 0.07-0.31) was one of the worst two agents, with all OR values versus other treatments statistically significant.
pass	Pass: controlled categorical encoding and eligibility agree with the frozen vocabulary.	clintox_measurement_unit_manual_review.v1	clintox_base_v1	172974	9e9c557180a4929d8f580c9d2e1ede888315ced43456fc9a4e5e68df03998ddb	human_clinical_toxicity		toxicity_absent		human_clinical_toxicity	0	binary_outcome_class	0.0	approved	controlled_categorical_outcome	clintox_human_toxicity_binary.v1	not_applicable	none	valid	True		Zotepine and sertraline were co-administered during the course; the possibility of RS induced by such polypharmacy could not be ruled out. However, the dosage of zotepine and sertraline remained unchanged for more than 1 year and were continuously prescribed after RS remitted without induction or recurrence of RS; their role in RS of this case was considered minimal.
pass	Pass: controlled categorical encoding and eligibility agree with the frozen vocabulary.	clintox_measurement_unit_manual_review.v1	clintox_base_v1	59428	fc5433658b1ce2d4d016b1d0e3a5aa7447c9b34b408f4758ba826a172b331b7f	human_clinical_toxicity		dermatologic_toxicity		human_clinical_toxicity	1	binary_outcome_class	1.0	approved	controlled_categorical_outcome	clintox_human_toxicity_binary.v1	not_applicable	none	valid	True		Based on all reports received, the estimated incidence of severe skin reactions with amifostine administration was 6–9 cases per 10,000 patients receiving radiation therapy and 0.8–1 case per 10,000 patients receiving chemotherapy. From surveillance spanning the initial FDA-type approval of amifostine for chemoprotection in 1994 through April 2002, a total of 35 cases of severe cutaneous toxicity were reported; the panel thought approximately 50% were possibly or probably associated with amifostine. Severe skin reactions reported included Stevens-Johnson syndrome (7 cases unadjusted, 2.5/10,000), toxic epidermal necrolysis (6 cases, 2.2/10,000), erythema multiforme (6 cases, 2.2/10,000), bullous eruption (1 case, 0.4/10,000), with 20 total unadjusted (7.2/10,000) and 11 adjusted (4.0/10,000) cases.
pass	Pass: source measurement is preserved and the fail-closed exclusion reason is correct.	clintox_measurement_unit_manual_review.v1	clintox_base_v1	289304	3076ec239482efd3f807010f6b0cfc0c0b1cbdbdfa92698f320b9ed4897d4424	human_clinical_toxicity				human_clinical_toxicity				evidence_only	unreviewed	clintox.unreviewed_measurement.v1	unknown	unknown	non_scalar_measurement	False	non_scalar_measurement	The figure depicts telavancin development and the Food and Drug Administration (FDA) approval timeline, with abbreviations covering complicated skin and skin-structure infection (cSSSI), hospital-acquired bacterial pneumonia (HABP), ventilator-associated bacterial pneumonia (VABP), and new drug application (NDA).
pass	Pass: source measurement is preserved and the fail-closed exclusion reason is correct.	clintox_measurement_unit_manual_review.v1	clintox_base_v1	258316	35ecc130c49230a5ef8c2a1667ad0f181f36b4bc22f482fc9842369513cf66a4	human_clinical_toxicity		toxicity_absent		human_clinical_toxicity	0	binary_outcome_class	0.0	approved	controlled_categorical_outcome	clintox_human_toxicity_binary.v1	not_applicable	none	off_schema_controlled_value	False	off_schema_controlled_value	The Expert Panel of the Flavor and Extract Manufacturers' Association (FEMA) of the United States concluded that the present exposure to estragole from spices, and estragole added as such, does not pose a significant cancer risk for humans, based on evidence of a nonlinear relationship between dose and metabolic activation and covalent binding of estragole to DNA and proteins.
pass	Pass: source measurement is preserved and the fail-closed exclusion reason is correct.	clintox_measurement_unit_manual_review.v1	clintox_base_v1	81263	1ba9ed735617756772c2c42f391109264c5a304c162372a73b6ba80b720c7157	human_clinical_toxicity		other		human_clinical_toxicity	1	binary_outcome_class	1.0	approved	controlled_categorical_outcome	clintox_human_toxicity_binary.v1	not_applicable	none	off_schema_controlled_value	False	off_schema_controlled_value	Aspirin binds irreversibly to COX-1 in platelets and has a more severe antiplatelet effect than other NSAIDs. Aspirin 325-650 mg given in the week before delivery, for prevention of thrombosis or treatment of headache, can increase the risk of bleeding in the neonate through this antiplatelet effect and is therefore contraindicated in the two weeks before term. Low doses (40-150 mg) given for SLE or prevention of pregnancy-induced hypertension appear to be safe.
pass	Pass: source measurement is preserved and the fail-closed exclusion reason is correct.	clintox_measurement_unit_manual_review.v1	clintox_base_v1	161814	deb016d5a47e46beaa272a70ad3def1df0cc5b812370824b4be933e15805abd8	human_clinical_toxicity		dermatologic_toxicity; gastrointestinal_toxicity		human_clinical_toxicity	dermatologic_toxicity; gastrointestinal_toxicity			evidence_only	unreviewed	clintox.unreviewed_measurement.v1	unknown	unknown	off_schema_controlled_value	False	off_schema_controlled_value	Maintenance therapy with bevacizumab plus erlotinib led to increased toxicity compared with bevacizumab alone, with grade 3-4 rash in 21% of patients and diarrhoea in 10% of patients, in patients with metastatic colorectal cancer following bevacizumab-based induction therapy. The increased toxicity did not appear to affect health-related quality of life.
pass	Pass: controlled categorical encoding and eligibility agree with the frozen vocabulary.	clintox_measurement_unit_manual_review.v1	clintox_base_v1	186834	a644d61399ba414868949fa7d0bd167001991e8b7eb03de6bd4f990637727e0e	human_clinical_toxicity		toxicity_absent		human_clinical_toxicity	0	binary_outcome_class	0.0	approved	controlled_categorical_outcome	clintox_human_toxicity_binary.v1	not_applicable	none	valid	True		Seralutinib was well tolerated with no new safety signals over the open-label extension (OLE) treatment period to date, with a median exposure of 96 weeks, in patients with pulmonary arterial hypertension. The authors concluded that tolerability was maintained with no new safety signals; a phase 3 study (PROSERA, NCT05934526) is underway.
pass	Pass: controlled categorical encoding and eligibility agree with the frozen vocabulary.	clintox_measurement_unit_manual_review.v1	clintox_base_v1	197204	40a7628fd468908de6a289ac3514467f1363c35f3a325a0ab84dea7f4ac7ba6c	human_clinical_toxicity		cardiotoxicity		human_clinical_toxicity	1	binary_outcome_class	1.0	approved	controlled_categorical_outcome	clintox_human_toxicity_binary.v1	not_applicable	none	valid	True		Two patients started on doxorubicin developed symptoms and signs of left ventricular failure, 6 and 14 months from drug discontinuation, after a cumulative dose of 562 and 580 mg/m2, respectively. In one patient a fall in the LVEF to 37% occurred. Both patients remained alive and improved on digitalis.
pass	Pass: source measurement is preserved and the fail-closed exclusion reason is correct.	clintox_measurement_unit_manual_review.v1	organ_specific_toxicity	159489	819f53fb6d3b3bbdf1c4d86c2956a637848fa6875416aefd84dfb194a126653f	right ventricular hypertrophy and dilation				right_ventricular_hypertrophy_and_dilation				evidence_only	unreviewed	clintox.unreviewed_measurement.v1	unknown	unknown	non_scalar_measurement	False	non_scalar_measurement	Semaxnib (20 mg/kg) in rats (Gr2) led to right ventricular hypertrophy and dilation as detected by echocardiography, confirming PAH.
pass	Pass: source measurement is preserved and the fail-closed exclusion reason is correct.	clintox_measurement_unit_manual_review.v1	organ_specific_toxicity	623102	6db04046767f84cc1ba98466e40a8c4607825d9ccd0cc66c949a7281948f7b50	phototoxic reaction		injury_observed		phototoxic_reaction	1	binary_outcome_class	1.0	approved	controlled_categorical_outcome	clintox_organ_injury_binary.v1	not_applicable	none	off_schema_controlled_value	False	off_schema_controlled_value	In the table, 8-Methoxypsoralen at 24 mg/kg with unfiltered sunlight resulted in phototoxic reaction in hairless mice.
pass	Pass: source measurement is preserved and the fail-closed exclusion reason is correct.	clintox_measurement_unit_manual_review.v1	organ_specific_toxicity	535676	6dfcbf63abbcc5522e97fbd0539b677343c49b5da96c196cb55e7dbb7bdbd369	intestinal ulcer		no_injury_observed		intestinal_ulcer	0	binary_outcome_class	0.0	approved	controlled_categorical_outcome	clintox_organ_injury_binary.v1	not_applicable	none	off_schema_controlled_value	False	off_schema_controlled_value	In the case of fenbufen, fasting after drug administration suppressed intestinal ulcer development in rats, indicating no ulcers under these conditions.
pass	Pass: source measurement is preserved and the fail-closed exclusion reason is correct.	clintox_measurement_unit_manual_review.v1	organ_specific_toxicity	153963	c6eecdfec71d9b35d88d7d1c01e59f963858f3a095753fd454e36bb67e41c03e	neurobehavioral effects		negative		neurobehavioral_effects	negative			evidence_only	unreviewed	clintox.unreviewed_measurement.v1	unknown	unknown	off_schema_controlled_value	False	off_schema_controlled_value	Under the same conditions, n-Decane caused no effects at 1.5 g/m3.
pass	Pass: controlled categorical encoding and eligibility agree with the frozen vocabulary.	clintox_measurement_unit_manual_review.v1	organ_specific_toxicity	48609	6eeaf5cd3065dafe83fa088b00fb35e5aa223fbf68c1fee67bcaa644233cb568	liver hypertrophy		injury_observed		liver_hypertrophy	1	binary_outcome_class	1.0	approved	controlled_categorical_outcome	clintox_organ_injury_binary.v1	not_applicable	none	valid	True		Three studies including Talsness et al. (2005), Blanco et al. (2012) and Zhao et al. (2021) showed developmental effects of BDE-99 including liver hypertrophy at doses from 0.06 mg/kg bw per day (single exposure) to 1 mg/kg bw per day (repeated exposure).
pass	Pass: controlled categorical encoding and eligibility agree with the frozen vocabulary.	clintox_measurement_unit_manual_review.v1	organ_specific_toxicity	59548	2583b448ddf7f7fd8b6b162fad6d85feb54ac37a9f3e05b05c0f760bc1aa2f4e	testicular weight		no_injury_observed		testicular_weight	0	binary_outcome_class	0.0	approved	controlled_categorical_outcome	clintox_organ_injury_binary.v1	not_applicable	none	valid	True		All reproductive parameters were unaffected by acrylonitrile toxicity, including testicular weight, across all dose levels tested (1.2, 2.4, 4.8, 9.6, 12.0 mg/kg/day).
pass	Pass: source measurement is preserved and the fail-closed exclusion reason is correct.	clintox_measurement_unit_manual_review.v1	organ_specific_toxicity	272386	8a2a97370cb93048523c6857e9715100a2e81574603c1d175779a092d553af8e	preserved tension–length and force–velocity slopes (no adverse effect on heterometric regulation)				preserved_tension_length_and_force_velocity_slopes_(no_adverse_effect_on_heterometric_regulation)				evidence_only	unreviewed	clintox.unreviewed_measurement.v1	unknown	unknown	non_scalar_measurement	False	non_scalar_measurement	The stability of the tension–length and force–velocity slopes in isolated cardiac muscles from intoxicated rats confirms that under moderate subchronic intoxication with CdO–NP and/or PbO–NP, the heterometric regulation of myocardial contractility is preserved.
pass	Pass: source measurement is preserved and the fail-closed exclusion reason is correct.	clintox_measurement_unit_manual_review.v1	organ_specific_toxicity	671512	23186202c0bde5ddf4956680806e382bf6e253621731d8d417f33ceb0858fabf	lethality		injury_observed		lethality	1	binary_outcome_class	1.0	approved	controlled_categorical_outcome	clintox_organ_injury_binary.v1	not_applicable	none	off_schema_controlled_value	False	off_schema_controlled_value	Anecdotal human data (ATSDR 2006) for HCN and experimental animal data reviewed by the American Industrial Hygiene Association (AIHA 2007) indicate that markedly higher (greater than 40-fold) concentrations may be required to induce lethality when HCN vapor exposure occurs percutaneously rather than by inhalation.
pass	Pass: source measurement is preserved and the fail-closed exclusion reason is correct.	clintox_measurement_unit_manual_review.v1	organ_specific_toxicity	53271	320568aa956a9ca9f3e499500a0d93be77a8e951c7afaa0ca78aadc2a0ba2427	cardiovascular toxicity		no_injury_observed		cardiovascular_toxicity	0	binary_outcome_class	0.0	approved	controlled_categorical_outcome	clintox_organ_injury_binary.v1	not_applicable	none	off_schema_controlled_value	False	off_schema_controlled_value	No significant effects on the cardiovascular, respiratory or gastrointestinal systems were noted in these studies (UCB, data on file).
pass	Pass: source measurement is preserved and the fail-closed exclusion reason is correct.	clintox_measurement_unit_manual_review.v1	organ_specific_toxicity	588549	210062e38b77644a05549259180bab568b6d408fe77ebe579f161d3495f11d21	eosinopenia		causes		eosinopenia	causes			evidence_only	unreviewed	clintox.unreviewed_measurement.v1	unknown	unknown	off_schema_controlled_value	False	off_schema_controlled_value	In adrenalectomized mice pretreated with epinephrine, a log dose-response relationship for decrease in circulating eosinophils was reported for cortisone acetate between 0.5 and 6 µg.
pass	Pass: controlled categorical encoding and eligibility agree with the frozen vocabulary.	clintox_measurement_unit_manual_review.v1	organ_specific_toxicity	437312	44c44407cfaab581cb3ac77af1a333dd12cf06fd9650d179ed09fc2a52767c47	cardiac hypotrophy and altered calcium handling		injury_observed		cardiac_hypotrophy_and_altered_calcium_handling	1	binary_outcome_class	1.0	approved	controlled_categorical_outcome	clintox_organ_injury_binary.v1	not_applicable	none	valid	True		Wistar rats were treated with PER (34.05 mg/kg b.w., oral) from postnatal day 6 to day 21. At 500 days of age, the rats showed significantly decreased heart surface area and significantly increased intracellular calcium influx in the heart, indicating cardiotoxicity.
pass	Pass: controlled categorical encoding and eligibility agree with the frozen vocabulary.	clintox_measurement_unit_manual_review.v1	organ_specific_toxicity	705450	d18d16bb35dcd8930c454298c16064f563a231760f44c974af03f4b2df861695	Ovary and uterus weights, estrus cycle		no_injury_observed		ovary_and_uterus_weights,_estrus_cycle	0	binary_outcome_class	0.0	approved	controlled_categorical_outcome	clintox_organ_injury_binary.v1	not_applicable	none	valid	True		In female rats, absolute and relative weights of ovary and uterus were found unchanged. The vaginal smears practiced in females revealed the oestrus phase in all groups.
pass	Pass: source measurement is preserved and the fail-closed exclusion reason is correct.	clintox_measurement_unit_manual_review.v1	organ_specific_toxicity	517596	9f834e3d7d267cefe6d97b6113cdec507c64604c98503d9498c85c897d352080	Nrf2 pathway protein expression				nrf2_pathway_protein_expression				evidence_only	unreviewed	clintox.unreviewed_measurement.v1	unknown	unknown	non_scalar_measurement	False	non_scalar_measurement	DEHP (di(2-ethylhexyl) phthalate) significantly inhibited the Nrf2 signaling pathway in kidney tissues of male Balb/c mice after 30 days of intraperitoneal treatment, as demonstrated by decreased expression levels of Nrf2 in both the cytosol and nucleus, and its downstream effectors HO-1 and GCLC compared to the control group (western blot, normalized to β-actin and Lamin B1).
pass	Pass: source measurement is preserved and the fail-closed exclusion reason is correct.	clintox_measurement_unit_manual_review.v1	organ_specific_toxicity	632572	7dece691c26da830c57bd57b1b5cd5b077f724ebbc1e9bc289f9074b7142f3ea	reduced serum nitrite/nitrate levels		injury_observed		reduced_serum_nitrite/nitrate_levels	1	binary_outcome_class	1.0	approved	controlled_categorical_outcome	clintox_organ_injury_binary.v1	not_applicable	none	off_schema_controlled_value	False	off_schema_controlled_value	SA administration (5 mg/kg body weight, p.o.) daily for 44 days induced EnDF, revealed by significant reduction in serum nitrite/nitrate levels.
pass	Pass: source measurement is preserved and the fail-closed exclusion reason is correct.	clintox_measurement_unit_manual_review.v1	organ_specific_toxicity	697353	f19a91922929b10ae871638e0b6dd33497577a4ee64d6301963b03933e31e8a9	dermal adverse effects		no_injury_observed		dermal_adverse_effects	0	binary_outcome_class	0.0	approved	controlled_categorical_outcome	clintox_organ_injury_binary.v1	not_applicable	none	off_schema_controlled_value	False	off_schema_controlled_value	In a study comparing skin antisepsis prior to catheter insertion using a combination of 0.1% octenidine with 30% propan-1-ol and 45% propan-2-ol, no adverse effects of octenidine were reported (reference [3]).
pass	Pass: source measurement is preserved and the fail-closed exclusion reason is correct.	clintox_measurement_unit_manual_review.v1	organ_specific_toxicity	655663	47b8a93ae59d574133a33aac0eb588d501338ac17e67bf38e63d4a1e7e70be0f	renal tubular injury (histopathology)		observed		renal_tubular_injury_(histopathology)	observed			evidence_only	unreviewed	clintox.unreviewed_measurement.v1	unknown	unknown	off_schema_controlled_value	False	off_schema_controlled_value	The degree of renal tubular injury in saline, CD4+CD25− T, and CD4+CD25+ Treg cell-treated groups was observed at 48 h after cisplatin administration. nu/nu Mice that received CD4+CD25+ Treg cells had less renal injury than did nu/nu mice that received saline. However, nu/nu mice that received CD4+CD25− T cells and nu/nu mice showed extensive renal injury at 48 h after cisplatin injection (Figure 3).
pass	Pass: controlled categorical encoding and eligibility agree with the frozen vocabulary.	clintox_measurement_unit_manual_review.v1	organ_specific_toxicity	222560	baab1fbf344bb0e3268b0dac0ee6ce7478ba5ce5cca3444c81d4eee838433dad	Leydig cell hyperplasia		injury_observed		leydig_cell_hyperplasia	1	binary_outcome_class	1.0	approved	controlled_categorical_outcome	clintox_organ_injury_binary.v1	not_applicable	none	valid	True		The left testes of the male offspring of the 2.5 mg/kg bw/d flutamide group seemed to have an increased number of Leydig cells. The authors note this is probably a secondary effect of treatment due to severely delayed puberty.
pass	Pass: controlled categorical encoding and eligibility agree with the frozen vocabulary.	clintox_measurement_unit_manual_review.v1	organ_specific_toxicity	440422	437208bce0924c2d53d78ff5ca8301618e316e3284be753801f928dd5c58d40e	drowsiness		no_injury_observed		drowsiness	0	binary_outcome_class	0.0	approved	controlled_categorical_outcome	clintox_organ_injury_binary.v1	not_applicable	none	valid	True		In RCTs of adjunctive therapy with TPM (Topiramate), drowsiness was reported in 0 out of 13 trials, indicating no drowsiness observed.
pass	Pass: source measurement is preserved and the fail-closed exclusion reason is correct.	clintox_measurement_unit_manual_review.v1	organ_specific_toxicity	235779	d8a657f55e9af30f2f350f46b387be8e495da1a90b5e18e0ec0836cdc10662c0	increased pulmonary artery pressure				increased_pulmonary_artery_pressure				evidence_only	unreviewed	clintox.unreviewed_measurement.v1	unknown	unknown	non_scalar_measurement	False	non_scalar_measurement	Jewitt et al. (1970) consider that the use of intravenous pentazocine, particularly in a dose of 60 mg, may be unsuitable in acute myocardial infarction. Although no evidence of clinical deterioration was noted, these workers showed that intravenous doses of 30 and 60 mg pentazocine both caused a significant increase in mean pulmonary artery pressure, and at the same time, an increase in mean aortic pressure.
pass	Pass: source measurement is preserved and the fail-closed exclusion reason is correct.	clintox_measurement_unit_manual_review.v1	organ_specific_toxicity	37891	aa581bedc7dc1880969772e17409b1a6b2b0c55dfd0de01ca92d8c511fd6c032	dermatitis and hyperkeratosis		injury_observed		dermatitis_and_hyperkeratosis	1	binary_outcome_class	1.0	approved	controlled_categorical_outcome	clintox_organ_injury_binary.v1	not_applicable	none	off_schema_controlled_value	False	off_schema_controlled_value	Workers exposed to substances that contain PAHs (e.g., coal tar) experienced chronic dermatitis and hyperkeratosis.
pass	Pass: source measurement is preserved and the fail-closed exclusion reason is correct.	clintox_measurement_unit_manual_review.v1	organ_specific_toxicity	180760	7667daf8a8535763e2319c33f093bac5ca981a1f758d4341a6519e0740ec2dbc	pancreatitis		no_injury_observed		pancreatitis	0	binary_outcome_class	0.0	approved	controlled_categorical_outcome	clintox_organ_injury_binary.v1	not_applicable	none	off_schema_controlled_value	False	off_schema_controlled_value	In one patient on 6-thioguanine (6-TG), amylase and lipase levels temporarily increased, but no pancreatitis developed and levels normalized without discontinuation of 6-TG. It is questionable whether this temporary enzyme elevation was caused by 6-TG, as in AZA- or 6-MP-treated patients it is considered an idiosyncratic reaction that does not resolve without drug withdrawal.
pass	Pass: source measurement is preserved and the fail-closed exclusion reason is correct.	clintox_measurement_unit_manual_review.v1	organ_specific_toxicity	125457	a63eed279f1a827aa08218bc9faecca2c7585cedefbb092f59ba6aa5877636d8	outer mitochondrial membrane damage leading to cytochrome c release		observed_effect		outer_mitochondrial_membrane_damage_leading_to_cytochrome_c_release	observed_effect			evidence_only	unreviewed	clintox.unreviewed_measurement.v1	unknown	unknown	off_schema_controlled_value	False	off_schema_controlled_value	Addition of cytochrome c caused a significantly higher increase in complex I-linked respiration in hiPSC-cardiomyocytes exposed to DOXO, indicating outer mitochondrial membrane damage and loss of cytochrome c from the intermembrane space.
pass	Pass: controlled categorical encoding and eligibility agree with the frozen vocabulary.	clintox_measurement_unit_manual_review.v1	organ_specific_toxicity	236389	cbb8ae16f6044264499ecc1e3eb035c051e1368ee7594b9790f72ad7aa5e5470	cardiotoxicity (reduced cytotoxic effects and preserved mitochondrial function)		injury_observed		cardiotoxicity_(reduced_cytotoxic_effects_and_preserved_mitochondrial_function)	1	binary_outcome_class	1.0	approved	controlled_categorical_outcome	clintox_organ_injury_binary.v1	not_applicable	none	valid	True		Our results show that the concurrent administration of ACE inhibitors with doxorubicin treatment not only ameliorates cytotoxic effects of doxorubicin but also prevents doxorubicin-induced free radical formation and preserves mitochondrial respiratory efficiency and cellular adenosine triphosphate (ATP) content.
pass	Pass: controlled categorical encoding and eligibility agree with the frozen vocabulary.	clintox_measurement_unit_manual_review.v1	organ_specific_toxicity	603034	8655ab9f75f2437f9e24e56ae77aa5d08a9ad79053c8f987ddb4a7d7a40cfd2d	neurotoxicity		no_injury_observed		neurotoxicity	0	binary_outcome_class	0.0	approved	controlled_categorical_outcome	clintox_organ_injury_binary.v1	not_applicable	none	valid	True		In male Sprague-Dawley rats treated with imidacloprid 22.5 mg/kg, thymol at 30 mg/kg reduced the release of inflammatory elements (NO, MPO) and downregulated caspase-3 in the brain, indicating protection against neurotoxicity (no neurotoxicity observed in the thymol-treated group).
pass	Pass: source measurement is preserved and the fail-closed exclusion reason is correct.	clintox_measurement_unit_manual_review.v1	organ_specific_toxicity	189382	d822f3769480ef13f91280957e25c5307902e8d00d3b0663faf5c2e379b5359f	DNA adduct formation (Hex-PdG)				dna_adduct_formation_(hex_pdg)				evidence_only	unreviewed	clintox.unreviewed_measurement.v1	unknown	unknown	non_scalar_measurement	False	non_scalar_measurement	Hex-PdG was quantifiable in forestomach DNA of all rats (n=5) exposed to a single dose of 200 mg/kg hexenal and sacrificed 1 day after dosing, as shown in Table 4. The limit of quantitation was 0.006 fmol/µg DNA. Actual concentrations are presented in Table 4 (not reproduced here).
pass	Pass: source measurement is preserved and the fail-closed exclusion reason is correct.	clintox_measurement_unit_manual_review.v1	organ_specific_toxicity	243437	6b4d52aa8d16b54c755424a52addc1acedcf3d8a04f881c62f7e5abc629dea3c	lacZ mutant frequency increase		injury_observed		lacz_mutant_frequency_increase	1	binary_outcome_class	1.0	approved	controlled_categorical_outcome	clintox_organ_injury_binary.v1	not_applicable	none	off_schema_controlled_value	False	off_schema_controlled_value	lacZ mutant frequency increased in a dose-dependent manner in the spleen of MutaMouse males exposed to 2.0, 6.2, or 20.0 mg/kg-bw per day DBC for 3 days.
pass	Pass: source measurement is preserved and the fail-closed exclusion reason is correct.	clintox_measurement_unit_manual_review.v1	organ_specific_toxicity	585312	9846c152ac1a048ea909a0a6761592493b1b90a2dec6f4ba3b5476284955763a	increased augmentation index		no_injury_observed		increased_augmentation_index	0	binary_outcome_class	0.0	approved	controlled_categorical_outcome	clintox_organ_injury_binary.v1	not_applicable	none	off_schema_controlled_value	False	off_schema_controlled_value	In a systematic review of 81 RCTs on vitamin D supplementation, no adverse effects on the augmentation index were observed in meta-analyses of 10 trials, with an average supplementation dose of ~75 µg/day.
pass	Pass: source measurement is preserved and the fail-closed exclusion reason is correct.	clintox_measurement_unit_manual_review.v1	organ_specific_toxicity	302190	ad7d6ca688ace6475cd6fd41a7a50c281a0401eed61eda4392efc3937db77989	seizures and EEG abnormalities		positive		seizures_and_eeg_abnormalities	positive			evidence_only	unreviewed	clintox.unreviewed_measurement.v1	unknown	unknown	off_schema_controlled_value	False	off_schema_controlled_value	Walker et al. injected PC (Pharmacodeine) into the cisterna magna of monkeys and reported the appearance of seizures and EEG abnormalities.
pass	Pass: controlled categorical encoding and eligibility agree with the frozen vocabulary.	clintox_measurement_unit_manual_review.v1	organ_specific_toxicity	516633	65678c916a59aaae92cedd8270f6fdb4351a2f688d6277d3d3d3a22e0d9db8cb	hypertension		injury_observed		hypertension	1	binary_outcome_class	1.0	approved	controlled_categorical_outcome	clintox_organ_injury_binary.v1	not_applicable	none	valid	True		In Lee et al. 2017 phase I study ARM#2 (durvalumab + cediranib) in recurrent/metastatic ovarian cancer patients, grade 3 TRAEs included fatigue and grade 4 hypertension. Daily cediranib was not tolerated due to recurrent grade 2 and non-dose limiting toxicity grade 3 and 4 TRAE.
pass	Pass: controlled categorical encoding and eligibility agree with the frozen vocabulary.	clintox_measurement_unit_manual_review.v1	organ_specific_toxicity	470012	22e6486f548fe2b383b35e990d38a3f3ca548f83b2cecc494c43924545e8f524	testicular histopathology		no_injury_observed		testicular_histopathology	0	binary_outcome_class	0.0	approved	controlled_categorical_outcome	clintox_organ_injury_binary.v1	not_applicable	none	valid	True		Hicks et al. demonstrated that 28-day continuous dietary exposure to basic sodium aluminium phosphate or aluminium hydroxide did not affect the testicular histopathology up to 302 mg Al/kg/day in Sprague-Dawley rats.
pass	Pass: source measurement is preserved and the fail-closed exclusion reason is correct.	clintox_measurement_unit_manual_review.v1	genotoxicity_carcinogenicity	282111	cfa3c81ca5e668b7f2f7ab4db8bc01905de4c5e4af19eabd002b3fc4499d48fc	colorectal cancer risk associated with a G:C>A:T activating KRAS mutation		equivocal		colorectal_cancer_risk_associated_with_a_g:c>a:t_activating_kras_mutation	equivocal			evidence_only	unreviewed	clintox.unreviewed_measurement.v1	unknown	unknown	non_scalar_measurement	False	non_scalar_measurement	For G:C>A:T activating KRAS mutations among men, there was a statistically non-significant positive association with acrylamide intake.
pass	Pass: source measurement is preserved and the fail-closed exclusion reason is correct.	clintox_measurement_unit_manual_review.v1	genotoxicity_carcinogenicity	399329	0b5bcdeff4e8348c58eea08c7376ce8025ffbaa631bcbb26144a27c044b0b1ff	DNA strand breaks		negative		dna_strand_breaks	0	binary_outcome_class	0.0	approved	controlled_categorical_outcome	clintox_genotoxicity_binary.v1	not_applicable	none	off_schema_controlled_value	False	off_schema_controlled_value	For control and thymidine-alone groups (Figure S1a–d), samples appeared nearly circular because there was no DNA damage. The quantitative comet parameters (tail length, % DNA in tail, tail moment) for thymidine-alone groups were similar to control, indicating no induction of DNA strand breaks.
pass	Pass: source measurement is preserved and the fail-closed exclusion reason is correct.	clintox_measurement_unit_manual_review.v1	genotoxicity_carcinogenicity	135375	32020fdec99a5dae0082c66862a1194d302f7668ab5a5f92f5b57cb024fb7015	genotoxicity		positive		genotoxicity	1	binary_outcome_class	1.0	approved	controlled_categorical_outcome	clintox_genotoxicity_binary.v1	not_applicable	none	off_schema_controlled_value	False	off_schema_controlled_value	Curcumin was reported [18] only to be genotoxic in the presence of apoptosis.
pass	Pass: source measurement is preserved and the fail-closed exclusion reason is correct.	clintox_measurement_unit_manual_review.v1	genotoxicity_carcinogenicity	377761	aa84f82da1da022f8f2e59f5fb739773929ddd802bebd067f43517d16b2dce39					missing_endpoint				evidence_only	unreviewed	clintox.unreviewed_measurement.v1	unknown	unknown	off_schema_controlled_value	False	off_schema_controlled_value	The change in CRP from baseline in the co-supplementation group was -2.74 ± 3.56 mg/dL, with a within-group P-value of <0.01 (paired t-test).
pass	Pass: controlled categorical encoding and eligibility agree with the frozen vocabulary.	clintox_measurement_unit_manual_review.v1	genotoxicity_carcinogenicity	82631	3439e501fd136a09e4263b8ceea9de35e8ae569a5e058c7e7ef366924c55efea	genotoxicity		negative		genotoxicity	0	binary_outcome_class	0.0	approved	controlled_categorical_outcome	clintox_genotoxicity_binary.v1	not_applicable	none	valid	True		Another nongenotoxic carcinogen, fumonisin B1, induces carcinogenesis via induction of apoptosis and necrosis leading to regenerative proliferation.
pass	Pass: controlled categorical encoding and eligibility agree with the frozen vocabulary.	clintox_measurement_unit_manual_review.v1	genotoxicity_carcinogenicity	486248	b5d8c1407e5bb3352ba75c4acc1ac8e4043d3a5408bef044ad0baf7e0cccaf56	DNA interaction (binding to deoxycytidine)		positive		dna_interaction_(binding_to_deoxycytidine)	1	binary_outcome_class	1.0	approved	controlled_categorical_outcome	clintox_genotoxicity_binary.v1	not_applicable	none	valid	True		In vivo and in vitro studies on INH interaction with macromolecules reveal that there is a greater interaction with RNA than with DNA and the site of interaction is cytidine and deoxycytidine, respectively. For DNA, the interaction occurs at deoxycytidine.
pass	Pass: source measurement is preserved and the fail-closed exclusion reason is correct.	clintox_measurement_unit_manual_review.v1	genotoxicity_carcinogenicity	160630	d0b19e3dc6fc37b3d15f32182e0e4cca9e0f2321e1f6926dd41aab0437f11a03	unstable chromosome frequency		equivocal		unstable_chromosome_frequency	equivocal			evidence_only	unreviewed	clintox.unreviewed_measurement.v1	unknown	unknown	non_scalar_measurement	False	non_scalar_measurement	In WT yeast (ChrVII RAD+), treatment with 2% dextrose and 0.7% D-glucosamine resulted in an unstable chromosome frequency (×10^-5) with median 7.6 (Q1-Q3: 5.2-10) and fold stabilization 0.79, which was not statistically significant.
pass	Pass: source measurement is preserved and the fail-closed exclusion reason is correct.	clintox_measurement_unit_manual_review.v1	genotoxicity_carcinogenicity	502048	06e31e6e87e5d9b45dc8d167969f7115638e8adf6f1ad4fa87f233f5584cf13c	skin tumor incidence		negative		skin_tumor_incidence	0	binary_outcome_class	0.0	approved	controlled_categorical_outcome	clintox_genotoxicity_binary.v1	not_applicable	none	off_schema_controlled_value	False	off_schema_controlled_value	In a long-term study, pre-application of ginger extract on the skin of SENCAR mice resulted in significant protection against tetradecanoyl phorbol acetate (TPA)-induced skin tumor incidence (Park and Pezzuto, 2002).
pass	Pass: source measurement is preserved and the fail-closed exclusion reason is correct.	clintox_measurement_unit_manual_review.v1	genotoxicity_carcinogenicity	511003	3e282dc627b956e6237028ddd7cdee0cf7e8854fd4fae195ab3725ee0284eb55			positive		missing_endpoint	1	binary_outcome_class	1.0	approved	controlled_categorical_outcome	clintox_genotoxicity_binary.v1	not_applicable	none	off_schema_controlled_value	False	off_schema_controlled_value	In colon cancer cell lines (including HCT-15 derived cells), MMR-proficient cells also exhibited γ-H2AX foci formation upon APC treatment, but with lower sensitivity than MMR-deficient cells.
pass	Pass: source measurement is preserved and the fail-closed exclusion reason is correct.	clintox_measurement_unit_manual_review.v1	genotoxicity_carcinogenicity	323872	f41fac382587595c637d2b3f28431191fc34327332d1117c285aadc17e5b0182	repair of bulky Cr-DNA adducts		not repaired		repair_of_bulky_cr_dna_adducts	not repaired			evidence_only	unreviewed	clintox.unreviewed_measurement.v1	unknown	unknown	off_schema_controlled_value	False	off_schema_controlled_value	These results indicate that the Cr(VI) induced bulky Cr-DNA adducts are not repaired during post-treatment incubation (p28).
pass	Pass: controlled categorical encoding and eligibility agree with the frozen vocabulary.	clintox_measurement_unit_manual_review.v1	genotoxicity_carcinogenicity	634533	fccb73408815604b1ccfc54b9a678d6ee24467707c0d301c0a90119e5d845f09	NF-κB mRNA expression		negative		nf_κb_mrna_expression	0	binary_outcome_class	0.0	approved	controlled_categorical_outcome	clintox_genotoxicity_binary.v1	not_applicable	none	valid	True		In Sprague-Dawley rats (n=10/group) that received plum beverage (1346 mg gallic acid equivalents/L) or control beverage ad libitum for ten weeks with subcutaneous injections of azoxymethane (15 mg/kg) at weeks 2 and 3, the results were accompanied by a downregulation of pro-inflammatory enzymes NF-κB, iNOS, COX-2 and VCAM-1 mRNA.
pass	Pass: controlled categorical encoding and eligibility agree with the frozen vocabulary.	clintox_measurement_unit_manual_review.v1	genotoxicity_carcinogenicity	519248	4cdd49de7b939f75274fd6fd47911b2919f31d21b5f00457957f28f6a80a127a	DNA strand breaks		positive		dna_strand_breaks	1	binary_outcome_class	1.0	approved	controlled_categorical_outcome	clintox_genotoxicity_binary.v1	not_applicable	none	valid	True		FA-A and FA-D cells accumulated DNA strand breaks to a normal extent after exposure to H2O2, indicating that H2O2 induced DNA strand breaks and the cells responded normally.
pass	Pass: source measurement is preserved and the fail-closed exclusion reason is correct.	clintox_measurement_unit_manual_review.v1	genotoxicity_carcinogenicity	571009	e7c03c8b27de2f4142e2b540370d0cdaf2164f7a9b9f7ae0aece4a48cf5ddefb	EROD activity and glutathione S-transferase (GST) activity		mixed		erod_activity_and_glutathione_s_transferase_(gst)_activity	mixed			evidence_only	unreviewed	clintox.unreviewed_measurement.v1	unknown	unknown	non_scalar_measurement	False	non_scalar_measurement	Lu et al. (2009) also observed bell-shaped dose-response in their study with Carassius auratus exposed to the PAH indeno[1,2,3-cd]pyrene via intraperitoneal injection at dosages of 0.1, 1, 2, 5 and 10 (or 8) mg/kg. The EROD activity resulted in a decreased fold-induction at the highest dosage of indeno[1,2,3-cd]pyrene (10 mg/kg), as well as glutathione S-transferase, which showed the same behavior.
pass	Pass: source measurement is preserved and the fail-closed exclusion reason is correct.	clintox_measurement_unit_manual_review.v1	genotoxicity_carcinogenicity	218745	5fe778c3d68a4c1892fb15e5cfd5c251ba25c97ff1c37a075e408dae4a3959ae	photo-toxicity		negative		photo_toxicity	0	binary_outcome_class	0.0	approved	controlled_categorical_outcome	clintox_genotoxicity_binary.v1	not_applicable	none	off_schema_controlled_value	False	off_schema_controlled_value	Hydroxyl-psoralens such as bergaptol are not photo-toxic.
pass	Pass: source measurement is preserved and the fail-closed exclusion reason is correct.	clintox_measurement_unit_manual_review.v1	genotoxicity_carcinogenicity	412371	94abd95546d8b1d50d92ae0feb07a3de8eb596b852a5372af9f8b9840e8a40ae	DNA adducts (spots 1 and 2) after inhibition of POR, CYP1A1/1A2, or CYP3A		positive		dna_adducts_(spots_1_and_2)_after_inhibition_of_por,_cyp1a1/1a2,_or_cyp3a	1	binary_outcome_class	1.0	approved	controlled_categorical_outcome	clintox_genotoxicity_binary.v1	not_applicable	none	off_schema_controlled_value	False	off_schema_controlled_value	α-Lipoic acid, a selective inhibitor of POR, decreased ellipticine–DNA adduct formation by 50–75% with hepatic microsomes from both strains, with greater extent in HRN. α-NF (CYP1A1/1A2 inhibitor) and ketoconazole (CYP3A inhibitor) decreased adduct levels to essentially equal extent in both strains.
pass	Pass: source measurement is preserved and the fail-closed exclusion reason is correct.	clintox_measurement_unit_manual_review.v1	genotoxicity_carcinogenicity	304623	9021ec6ca6050279ca0fec02e92235132a59757b4ccbc2025b7d5722265ca449	BMDU/BMDL ratio for RBCCD59−				bmdu/bmdl_ratio_for_rbccd59				evidence_only	unreviewed	clintox.unreviewed_measurement.v1	unknown	unknown	off_schema_controlled_value	False	off_schema_controlled_value	The BMDU/BMDL ratio for RBCCD59− on day 14 at CES0.5 was 12×10^2 for ENU.
pass	Pass: controlled categorical encoding and eligibility agree with the frozen vocabulary.	clintox_measurement_unit_manual_review.v1	genotoxicity_carcinogenicity	530146	0cba5920e3b9a0471ecfb1223c11421aa90589bf5b79afce30a5ab95bf88b716	unscheduled DNA synthesis (UDS)		negative		unscheduled_dna_synthesis_(uds)	0	binary_outcome_class	0.0	approved	controlled_categorical_outcome	clintox_genotoxicity_binary.v1	not_applicable	none	valid	True		Additional genotoxicity studies including the in-vivo dominant lethal test in mice (given 800 or 1200 mg/kg po) to exclude possible effects on germ cells and the in-vitro UDS test with primary rat hepatocytes (exposed to concentrations up to 400 mg/L), were negative.
pass	Pass: controlled categorical encoding and eligibility agree with the frozen vocabulary.	clintox_measurement_unit_manual_review.v1	genotoxicity_carcinogenicity	539489	21c17032ad88d67e36a60fb9c0cf4294fb152676073e688668e96d29dfa342a8	DNA damage (oxidative damage)		positive		dna_damage_(oxidative_damage)	1	binary_outcome_class	1.0	approved	controlled_categorical_outcome	clintox_genotoxicity_binary.v1	not_applicable	none	valid	True		In this study we proposed a model in which paraquat causes mitochondrial dysfunction and influences mitochondrial dynamics presumably through elevated ROS production leading to oxidative damage to DNA, and that DNA damage would induce CEP-1/EGL-1 mediated germline apoptosis.
pass	Pass: source measurement is preserved and the fail-closed exclusion reason is correct.	clintox_measurement_unit_manual_review.v1	genotoxicity_carcinogenicity	5733	6ec1ecd1075a62ef423a2923e936704171985305dcede4c76a2a1403cf589b58	sister chromatid exchange		equivocal		sister_chromatid_exchange	equivocal			evidence_only	unreviewed	clintox.unreviewed_measurement.v1	unknown	unknown	non_scalar_measurement	False	non_scalar_measurement	In a second experiment without S-9, they used 700 µg/ml TCE and extended harvest time to 30 h; the result was at best a borderline effect (9.06 vs. 7.6 SCEs per cell).
pass	Pass: source measurement is preserved and the fail-closed exclusion reason is correct.	clintox_measurement_unit_manual_review.v1	genotoxicity_carcinogenicity	553748	6694582b9398f306b2206d8d24ab120d758b9993391c8ef7cf2d0be9e3a8f4bb	MDA levels		negative		mda_levels	0	binary_outcome_class	0.0	approved	controlled_categorical_outcome	clintox_genotoxicity_binary.v1	not_applicable	none	off_schema_controlled_value	False	off_schema_controlled_value	In the same study, melatonin treatment decreased testicular MDA levels (p < 0.001).
pass	Pass: source measurement is preserved and the fail-closed exclusion reason is correct.	clintox_measurement_unit_manual_review.v1	genotoxicity_carcinogenicity	596469	218a2cc93e90b46a274594f24f17f6be6f54b415afddbf4ce98fb8f9ed73959e			positive		missing_endpoint	1	binary_outcome_class	1.0	approved	controlled_categorical_outcome	clintox_genotoxicity_binary.v1	not_applicable	none	off_schema_controlled_value	False	off_schema_controlled_value	In the V79/SCE test, 1,2,3-trichloropropane was reported as genotoxic with S9 (+ symbol) by Stolzenberg and Hine (1980).
pass	Pass: source measurement is preserved and the fail-closed exclusion reason is correct.	clintox_measurement_unit_manual_review.v1	genotoxicity_carcinogenicity	443753	97c12268e50fc39d43ea130ea142a2ceac76d17c333681114f4bd2750e8323b6	DNA double-strand breaks (DSBs) measured by neutral comet assay		increased		dna_double_strand_breaks_(dsbs)_measured_by_neutral_comet_assay	increased			evidence_only	unreviewed	clintox.unreviewed_measurement.v1	unknown	unknown	off_schema_controlled_value	False	off_schema_controlled_value	In U2OS cells, loss of BRD9 triggered an increase in DNA double-strand breaks (DSBs) as measured by neutral comet assay, with median tail moments significantly higher in BRD9 KO cells compared to WT cells; black bars indicate median from >100 cells, ****P<.0001.
pass	Pass: controlled categorical encoding and eligibility agree with the frozen vocabulary.	clintox_measurement_unit_manual_review.v1	genotoxicity_carcinogenicity	316277	93a164ed5f9b5e0ad771537cb68b2ff55ad4f9aeebda49c45d3fc75d0e170069	micronuclei		negative		micronuclei	0	binary_outcome_class	0.0	approved	controlled_categorical_outcome	clintox_genotoxicity_binary.v1	not_applicable	none	valid	True		PhIP exhibited only weak or negative genotoxicity in micronucleus assays in the bone marrow and peripheral blood cells using C57BL/6 mice [Tucker et al., 1989].
pass	Pass: controlled categorical encoding and eligibility agree with the frozen vocabulary.	clintox_measurement_unit_manual_review.v1	genotoxicity_carcinogenicity	14072	6db4e72df68d3075b085d4648082fc4c5651596feb6d6f1ed8b7ff5ccdbbfb06	DNA damage		positive		dna_damage	1	binary_outcome_class	1.0	approved	controlled_categorical_outcome	clintox_genotoxicity_binary.v1	not_applicable	none	valid	True		chloroacetic acid induced DNA damage in mammalian cells.
pass	Pass: source measurement is preserved and the fail-closed exclusion reason is correct.	clintox_measurement_unit_manual_review.v1	genotoxicity_carcinogenicity	397896	307ebb30ead433e5cfbea12b04ce1bdb6ead5a8ce5ac0d33c09a75ab1c6c0112	chromosomal aberrations		mixed		chromosomal_aberrations	mixed			evidence_only	unreviewed	clintox.unreviewed_measurement.v1	unknown	unknown	non_scalar_measurement	False	non_scalar_measurement	A systematic literature search yielded four studies encompassing 740 pregnancies. The rate of chromosomal aberrations ranged from 'none' (in three studies) up to 1.5%. Quality assessment of the evidence was defined as 'low'.
pass	Pass: source measurement is preserved and the fail-closed exclusion reason is correct.	clintox_measurement_unit_manual_review.v1	genotoxicity_carcinogenicity	126647	3162538fab4515a6cc14cc6d01d741d82813eca1cf10b69d82d4d983fa188fba			negative		missing_endpoint	0	binary_outcome_class	0.0	approved	controlled_categorical_outcome	clintox_genotoxicity_binary.v1	not_applicable	none	off_schema_controlled_value	False	off_schema_controlled_value	An additional advantage is that Smac mimetics do not induce DNA damage in order to initiate cell death, and seem to lack mutagenic activity.
pass	Pass: source measurement is preserved and the fail-closed exclusion reason is correct.	clintox_measurement_unit_manual_review.v1	genotoxicity_carcinogenicity	600458	300c73e3ad1fce126f6746908d6104d5daf7450ec349bcb3c50186c82117bf80	HU-DNA complex formation		positive		hu_dna_complex_formation	1	binary_outcome_class	1.0	approved	controlled_categorical_outcome	clintox_genotoxicity_binary.v1	not_applicable	none	off_schema_controlled_value	False	off_schema_controlled_value	Among the synthetised diarylethenes, 2 displayed inhibition of M. tuberculosis HU-DNA binding, with an IC90 value of 150 µM, as shown in Table 1. The compound inhibited HU-DNA complex formation.
pass	Pass: source measurement is preserved and the fail-closed exclusion reason is correct.	clintox_measurement_unit_manual_review.v1	genotoxicity_carcinogenicity	448469	de9f1b0d77a41757a479e2883e6a0fc34a0f276c06641dbcc46cdb65fd1c4662	5-HT2A receptor binding (Ki)				5_ht2a_receptor_binding_(ki)				evidence_only	unreviewed	clintox.unreviewed_measurement.v1	unknown	unknown	off_schema_controlled_value	False	off_schema_controlled_value	In the 5-HT2A receptor binding study using [3H]ketanserin, compound 1 (LSD) exhibited a Ki of 4.4 ± 0.2 nM (Table 2).
pass	Pass: controlled categorical encoding and eligibility agree with the frozen vocabulary.	clintox_measurement_unit_manual_review.v1	genotoxicity_carcinogenicity	261112	d4cb78bc7e465c21aae8d16f0a100f4a0e309f21ea7cb6b861bb715db990c76c	genotoxicity		negative		genotoxicity	0	binary_outcome_class	0.0	approved	controlled_categorical_outcome	clintox_genotoxicity_binary.v1	not_applicable	none	valid	True		Moreover, As genotoxicity was suppressed by selenite in human peripheral lymphocytes (10), which do not methylate As, suggesting also other mechanisms to be relevant.
pass	Pass: controlled categorical encoding and eligibility agree with the frozen vocabulary.	clintox_measurement_unit_manual_review.v1	genotoxicity_carcinogenicity	310395	96e0865cefc2e3b382729d0fdf9bfb8db1dd8b0b3ad91e40694859eb3c46c51a	canavanine resistance		positive		canavanine_resistance	1	binary_outcome_class	1.0	approved	controlled_categorical_outcome	clintox_genotoxicity_binary.v1	not_applicable	none	valid	True		In the complementation test, the G855S mutant (p[msh2-35]) gave a mean relative Canr frequency of 59.
pass	Pass: source measurement is preserved and the fail-closed exclusion reason is correct.	clintox_measurement_unit_manual_review.v1	cellular_stress	432263	e24fb0f09e4fa74edf18b7d8002d7dda31017ac160f96024ae82eba316bb9921					missing_endpoint				evidence_only	unreviewed	clintox.unreviewed_measurement.v1	unknown	unknown	non_scalar_measurement	False	non_scalar_measurement	Cells treated with CPT were positive to Annexin V-FITC but not to PI, indicating most cells were in early stage of apoptosis; additionally, CPT caused HeLa cells to become rounded and reduced adhesion, consistent with apoptosis.
pass	Pass: source measurement is preserved and the fail-closed exclusion reason is correct.	clintox_measurement_unit_manual_review.v1	cellular_stress	514244	c01bfeb2b3be01399cce49affedfe9c89d65b1eeab6aab59323e0364b1f747f1	maternal_body_weight_loss		induces_or_increases		maternal_body_weight_loss	1	signed_effect_direction	1.0	approved	controlled_categorical_outcome	clintox_cellular_stress_direction.v1	not_applicable	none	off_schema_controlled_value	False	off_schema_controlled_value	Clinical signs, body weight losses, and maternal deaths occurred in the groups given 300 mg/ kg bw/day d-methylphenidate and 600 mg/kg bw/day d,l-methylphenidate. Absolute and relative feed consumption were decreased in these dose groups and in the group given 50 mg/kg bw/day d-methylphenidate.
pass	Pass: source measurement is preserved and the fail-closed exclusion reason is correct.	clintox_measurement_unit_manual_review.v1	cellular_stress	491125	1322859511cf3635d9b8df104026b69caa0b6c4410888a8a402e22d0e03ec524	ferroptosis		no_effect		ferroptosis	0	signed_effect_direction	0.0	approved	controlled_categorical_outcome	clintox_cellular_stress_direction.v1	not_applicable	none	off_schema_controlled_value	False	off_schema_controlled_value	Stat1 Tyr701 dephosphorylation did not affect ferroptosis indicators, including protein expression of SLC7A11, GPX4, or iron levels in Crizotinib-treated AML12 cells.
pass	Pass: source measurement is preserved and the fail-closed exclusion reason is correct.	clintox_measurement_unit_manual_review.v1	cellular_stress	570332	559e8cb9a530b1b2c3f126e2897fdfde37766966cac5a7953eaedd3692e3651b	ferroptosis		reduces_or_protects		ferroptosis	-1	signed_effect_direction	-1.0	approved	controlled_categorical_outcome	clintox_cellular_stress_direction.v1	not_applicable	none	off_schema_controlled_value	False	off_schema_controlled_value	Overexpression of Metrnl has been proved to significantly reduce LPS‐induced ferroptosis [16].
pass	Pass: source measurement is preserved and the fail-closed exclusion reason is correct.	clintox_measurement_unit_manual_review.v1	cellular_stress	225876	f7821435e5760ecdf65b721bd887a0c733da9a77ec4b1ccc5c1c5cabe0dc97fe	stress_pathway_activation		suppression/inhibition		stress_pathway_activation	suppression/inhibition			evidence_only	unreviewed	clintox.unreviewed_measurement.v1	unknown	unknown	off_schema_controlled_value	False	off_schema_controlled_value	PRR11 knockout in GBM induces ferroptosis and enhances TMZ efficacy. Mechanistically, PRR11 has anti-ferroptotic properties and can induce glioma cell death by regulating cellular iron and lipid peroxidation.
pass	Pass: controlled categorical encoding and eligibility agree with the frozen vocabulary.	clintox_measurement_unit_manual_review.v1	cellular_stress	213704	cefe6f38ce58b1e20a95f2093a6d3235900f98098706c1753e7bba380ec8f892	mitochondrial_dysfunction		induces_or_increases		mitochondrial_dysfunction	1	signed_effect_direction	1.0	approved	controlled_categorical_outcome	clintox_cellular_stress_direction.v1	not_applicable	none	valid	True		In fresh isolated mitochondria, we found that the ΔΨm significantly decreased in a dose-dependent manner. Treatment with 100 µmol/L resveratrol led to a 69% and 66% reduction in red fluorescence intensity in BTT739 cells and T24 cells, respectively (Fig. 2b).
pass	Pass: controlled categorical encoding and eligibility agree with the frozen vocabulary.	clintox_measurement_unit_manual_review.v1	cellular_stress	112556	1068390fafd1eee593695394ebc8a081d32718f1cf664289b144d2fb36b9fa20	apoptosis		no_effect		apoptosis	0	signed_effect_direction	0.0	approved	controlled_categorical_outcome	clintox_cellular_stress_direction.v1	not_applicable	none	valid	True		We evaluated conjugate 8-induced HepG2 cell death pathways after incubation for 6, 24, and 48 h and found that only a minor fraction (<5%) of the cell population underwent apoptosis despite pronounced cell death at the studied conjugate 8 concentrations (26 µM).
pass	Pass: controlled categorical encoding and eligibility agree with the frozen vocabulary.	clintox_measurement_unit_manual_review.v1	cellular_stress	19261	4f4de901e5ed77006cd50127b37796521f77e7cb46425d68e7ec05024d408d25	stress_pathway_activation		reduces_or_protects		stress_pathway_activation	-1	signed_effect_direction	-1.0	approved	controlled_categorical_outcome	clintox_cellular_stress_direction.v1	not_applicable	none	valid	True		Resveratrol at 400 mg/kg in cadmium-treated birds: Mechanism: PINK1/Parkin-mediated mitophagy.
pass	Pass: source measurement is preserved and the fail-closed exclusion reason is correct.	clintox_measurement_unit_manual_review.v1	cellular_stress	112093	abca27f9753c4f7c172b5af3c5703b0f11aacaea10de3186ee7e81a31ef302a9	apoptosis		mixed_or_context_dependent		apoptosis	mixed_or_context_dependent			evidence_only	unreviewed	clintox.unreviewed_measurement.v1	unknown	unknown	non_scalar_measurement	False	non_scalar_measurement	Paragraph [p:43] notes that while most studies show C16:0 ceramides act pro-apoptotic, they can trigger anti-apoptotic signals in certain cell types. Thus, the effect of C16:0 ceramides on apoptosis is context-dependent.
pass	Pass: source measurement is preserved and the fail-closed exclusion reason is correct.	clintox_measurement_unit_manual_review.v1	cellular_stress	345169	a969d8e521803112dd55e067a958ba70540a5cda908abad8b5ec732efc3d4288	lipid peroxidation		induces_or_increases		lipid_peroxidation	1	signed_effect_direction	1.0	approved	controlled_categorical_outcome	clintox_cellular_stress_direction.v1	not_applicable	none	off_schema_controlled_value	False	off_schema_controlled_value	Mouse astrocytes were incubated with 1.0 mM ALA for 1–4 hr, leading to increased MDA levels (lipid peroxidation) compared to controls (P < 0.005). A relative index (MDA/accumulated ALA) was defined and was significantly higher for ALA-treated cells, indicating ALA-induced LPO.
pass	Pass: source measurement is preserved and the fail-closed exclusion reason is correct.	clintox_measurement_unit_manual_review.v1	cellular_stress	184252	84555fe422f7c885ddd6c3d18391131040dfc9ce690abcefba3004e097f56ca1	apoptosis		no_effect		apoptosis	0	signed_effect_direction	0.0	approved	controlled_categorical_outcome	clintox_cellular_stress_direction.v1	not_applicable	none	off_schema_controlled_value	False	off_schema_controlled_value	No activation of caspase-3-like enzymatic activity was detected up to 24 hr after treatment with 100 µM NOR3 by using a specific fluorogenic substrate, Ac-DEVD-MCA. Caspase-3-like activity tended to transiently decrease, but not significantly, over 0.5–3 hr.
pass	Pass: source measurement is preserved and the fail-closed exclusion reason is correct.	clintox_measurement_unit_manual_review.v1	cellular_stress	153574	6b398fc286125d6131a9286e8703d287413730619cc077e806dcb2b789497795	ferroptosis		reduces_or_protects		ferroptosis	-1	signed_effect_direction	-1.0	approved	controlled_categorical_outcome	clintox_cellular_stress_direction.v1	not_applicable	none	off_schema_controlled_value	False	off_schema_controlled_value	However, treatment with ferroptosisspecific inhibitors like ferrostatin-1 (Fer-1), α-tocopherol, or iron chelators such as deferoxamine (DFO) can prevent cell death and reduce inflammatory damage in the liver [81].
pass	Pass: source measurement is preserved and the fail-closed exclusion reason is correct.	clintox_measurement_unit_manual_review.v1	cellular_stress	141698	946091e752105729f1794eeeaa8c65968b2dac60d09d9d04fd22dfb1488013f3	apoptosis		induction/increase		apoptosis	induction/increase			evidence_only	unreviewed	clintox.unreviewed_measurement.v1	unknown	unknown	off_schema_controlled_value	False	off_schema_controlled_value	Additionally, NIV induced caspase-dependent apoptosis, decrease in mitochondrial membrane potential and mitochondrial ultrastructural changes. However, NIV-induced caspase activation, mitochondrial damage and apoptosis were partially alleviated by Z-VAD-FMK or NO scavenger hemoglobin.
pass	Pass: controlled categorical encoding and eligibility agree with the frozen vocabulary.	clintox_measurement_unit_manual_review.v1	cellular_stress	6284	dca4596d4c1769595b71e5a4e7fc8020ad5f70a41e72800bc1889730a7fb3d53	oxidative_stress		induces_or_increases		oxidative_stress	1	signed_effect_direction	1.0	approved	controlled_categorical_outcome	clintox_cellular_stress_direction.v1	not_applicable	none	valid	True		According to Table 1, pregnant ND-fed rats co-exposed through drinking water to 126 mg/kg BW/day 2,4-D from gestational day 14 to postnatal day 14 showed increased MDA levels and antioxidant enzyme activities in both dams and pups.
pass	Pass: controlled categorical encoding and eligibility agree with the frozen vocabulary.	clintox_measurement_unit_manual_review.v1	cellular_stress	367380	bf057e7eb26ef01572749640893be10c3470f2f874811f5dd91ab86b242f8424	ros_generation		no_effect		ros_generation	0	signed_effect_direction	0.0	approved	controlled_categorical_outcome	clintox_cellular_stress_direction.v1	not_applicable	none	valid	True		In primary human astrocytes (Astrocytes1 and Astrocyte2), TIMM44 shRNA failed to significantly alter ATP contents, ROS levels (CellROX intensity), Caspase-3 activity, or provoke apoptosis.
pass	Pass: controlled categorical encoding and eligibility agree with the frozen vocabulary.	clintox_measurement_unit_manual_review.v1	cellular_stress	186523	99d613222e94615d55ef6b1f10bf7f83a85fceff98dad846daa4a6c1be8c0035	mitochondrial_dysfunction		reduces_or_protects		mitochondrial_dysfunction	-1	signed_effect_direction	-1.0	approved	controlled_categorical_outcome	clintox_cellular_stress_direction.v1	not_applicable	none	valid	True		Polydatin treatment facilitated the activities of mitochondrial CS (p = 0.026), α-KGDH (p = 0.046), complex I (p = 0.017), and ATP synthase (p = 0.027) in the liver of piglets, and elevated ATP content (p = 0.045), NAD+ content (p = 0.005), and NAD+/NADH ratio (p = 0.047). Polydatin also ameliorated IUGR-induced decreases in mitochondrial ICDH (p = 0.013) and ETC complex IV activities (p = 0.008).
pass	Pass: source measurement is preserved and the fail-closed exclusion reason is correct.	clintox_measurement_unit_manual_review.v1	cellular_stress	324906	4a1c77176e3ac66c1d9dddc2a2fa62864098945eb1c33c00f912389f67566b4e	mitochondrial_dysfunction		mixed_or_context_dependent		mitochondrial_dysfunction	mixed_or_context_dependent			evidence_only	unreviewed	clintox.unreviewed_measurement.v1	unknown	unknown	non_scalar_measurement	False	non_scalar_measurement	Based on MTT test and Triple assay, our observations did suggest that resveratrol may act dose-dependently as either a stimulant at low doses or as an inhibitor at high doses... In the case of cells treated with resveratrol alone, lower concentrations of resveratrol caused stimulation of Leydig cells mitochondrial activity, in the lowest concentration (5 µM) without significant changes (*P* > 0.05), significant higher values (*P* < 0.01) was observed in the experimental group treated with dose 10 µM of resveratrol. On the contrary, higher doses of resveratrol caused inhibition of mitochondrial activity of cells after 24 h of cultivation with significant decline of values (*P* > 0.05) for experimental group supplemented with 25 µM, and significant lower values (*P* < 0.001) for concentration 50 µM, as well as for 100 µM of resveratrol after comparison with untreated control group.
pass	Pass: source measurement is preserved and the fail-closed exclusion reason is correct.	clintox_measurement_unit_manual_review.v1	cellular_stress	420283	3884bb0d4f2d7c38ca37b987c51ab7a42dfe476f808ff89c7020112bc2a77c23	pyroptosis		induces_or_increases		pyroptosis	1	signed_effect_direction	1.0	approved	controlled_categorical_outcome	clintox_cellular_stress_direction.v1	not_applicable	none	off_schema_controlled_value	False	off_schema_controlled_value	RSV infection of macrophages activates TLR2 and ROS production, with ROS having a critical role as a second signal for inflammasome activation. Pyroptosis requires ROS for NLRP3 inflammasome activation, triggering caspase-1 cleavage and gasdermin pore formation.
pass	Pass: source measurement is preserved and the fail-closed exclusion reason is correct.	clintox_measurement_unit_manual_review.v1	cellular_stress	274227	beb0cfbb6e00a573a6dcc1fba0c0b30c4d61160c00f53968485fef7eb0497497	membrane fluidity (protein regions)		no_effect		membrane_fluidity_(protein_regions)	0	signed_effect_direction	0.0	approved	controlled_categorical_outcome	clintox_cellular_stress_direction.v1	not_applicable	none	off_schema_controlled_value	False	off_schema_controlled_value	Table 2 shows HP fluorescence anisotropy values: Sham 0.259 ± 0.005, I-R 0.239 ± 0.005, I-R + 4′-chlorodiazepam 0.241 ± 0.006. The I-R value is significantly lower than sham (P<0.05), but the drug-treated value is not significantly different from I-R, indicating no effect on protein-region fluidity.
pass	Pass: source measurement is preserved and the fail-closed exclusion reason is correct.	clintox_measurement_unit_manual_review.v1	cellular_stress	304274	165f8884d1dbf54ea8cb4fdae767230b2f13ded09f0f509cf7c1bc9e3d56643f	hepatotoxicity		reduces_or_protects		hepatotoxicity	-1	signed_effect_direction	-1.0	approved	controlled_categorical_outcome	clintox_cellular_stress_direction.v1	not_applicable	none	off_schema_controlled_value	False	off_schema_controlled_value	In contrast to FB1, HFB1 did not trigger hepatotoxicity as indicated by lesion score, level of several biochemical analytes and expression of inflammatory cytokines. Similarly HFB1 did not alter the morphology and villus height of the different segments of the small intestine and slightly modified the mRNA level in the intestine and the mesenteric lymph nodes (increased 12p40 mRNA expression in the mid‐ and distal small intestine, increased IFN‐γ in the distal small intestine, decreased TNF‐α· and IL‐6 in the mesenteric lymph nodes). This low toxicity of HFB1 correlated with a weaker increased of the sphinganine/sphingosine ratio in the liver and in the plasma, when compared to FB1.
pass	Pass: source measurement is preserved and the fail-closed exclusion reason is correct.	clintox_measurement_unit_manual_review.v1	cellular_stress	461117	c9874cc695caa9c4f535743ec7aa22ae6b993cba069c7d31be533d7bd99685b6	necrosis		induction/increase		necrosis	induction/increase			evidence_only	unreviewed	clintox.unreviewed_measurement.v1	unknown	unknown	off_schema_controlled_value	False	off_schema_controlled_value	When hepatocytes were exposed to Br-A23187 in KRH containing 0.5 mM CaCl2, dose-dependent cell killing occurred (Fig. 1). The rate of cell killing was maximal with 10 µM or more of Br-A23187, and 50% loss of viability occurred after 40-50 min.
pass	Pass: controlled categorical encoding and eligibility agree with the frozen vocabulary.	clintox_measurement_unit_manual_review.v1	cellular_stress	505884	5c356fc5f8c7805fdff7a7d6405da4a2e9eab4ba4aaf8cd43e6a7380ac127e82	stress_pathway_activation		induces_or_increases		stress_pathway_activation	1	signed_effect_direction	1.0	approved	controlled_categorical_outcome	clintox_cellular_stress_direction.v1	not_applicable	none	valid	True		Piericidin A treatment (2 µM for 16 h) in HeLa cells activated the ATF4 transcription factor, which mediated ADM2 promoter induction in response to mitochondrial electron transfer chain inhibition (p45).
pass	Pass: controlled categorical encoding and eligibility agree with the frozen vocabulary.	clintox_measurement_unit_manual_review.v1	cellular_stress	46879	8eaf5f42d97b6a9a83d01fa3cdc46ec88bf94e3966a77db55b1e78fe842b1218	mitochondrial_dysfunction		no_effect		mitochondrial_dysfunction	0	signed_effect_direction	0.0	approved	controlled_categorical_outcome	clintox_cellular_stress_direction.v1	not_applicable	none	valid	True		In brain mitochondria, deprenyl (100 µM) did not show an inhibitory effect on the 6-OHDA (100 µM)-induced attenuation of Ca2+-induced mitochondrial swelling (p:52) nor did it reduce the 6-OHDA-induced alteration of mitochondrial membrane potential (p:53).
pass	Pass: controlled categorical encoding and eligibility agree with the frozen vocabulary.	clintox_measurement_unit_manual_review.v1	cellular_stress	170867	14646255a69d449d92f1488378dfe99428be1e6fb527eab31d728bb5b992d862	apoptosis		reduces_or_protects		apoptosis	-1	signed_effect_direction	-1.0	approved	controlled_categorical_outcome	clintox_cellular_stress_direction.v1	not_applicable	none	valid	True		Cadmium caused apoptosis in LLC-PK1 cell, which was partially suppressed by pretreatment with selenium.
pass	Pass: source measurement is preserved and the fail-closed exclusion reason is correct.	clintox_measurement_unit_manual_review.v1	cellular_stress	77292	0e001bd7fe045cb9dae8923b96c6d2db61e47333bfd21f7785ca2589ffcd08e8	oxidative_stress		mixed_or_context_dependent		oxidative_stress	mixed_or_context_dependent			evidence_only	unreviewed	clintox.unreviewed_measurement.v1	unknown	unknown	non_scalar_measurement	False	non_scalar_measurement	Under heavy oxidative stress, supplemented BC and other carotenoids are oxidatively degraded leading to the formation of high amounts of breakdown products with prooxidant properties. These are—as already mentioned above—shortened carbonyls, aldehydes, epoxides and others, which are very reactive and may exert harmful effects.
pass	Pass: source measurement is preserved and the fail-closed exclusion reason is correct.	clintox_measurement_unit_manual_review.v1	cellular_stress	394141	cdcc363c280e1fce91b7ee5fd0ecb8e7b29834bf1fedc639cccccc8fb6dd180d	autophagy		induces_or_increases		autophagy	1	signed_effect_direction	1.0	approved	controlled_categorical_outcome	clintox_cellular_stress_direction.v1	not_applicable	none	off_schema_controlled_value	False	off_schema_controlled_value	Lethal damage following Hyp-PDT comprises apoptosis, autophagy or necrosis, whose occurrence is largely dependent on the pharmacological distribution of Hyp, on tumor properties, on the applied protocol, on damage protection and even on the signalling network within the tumor cells.
pass	Pass: source measurement is preserved and the fail-closed exclusion reason is correct.	clintox_measurement_unit_manual_review.v1	cellular_stress	519959	46306980c7ee5a5e4037ee2a2985e4fb863fdef5d9f1e008ff5daad2a2d09526	serious_adverse_event		no_effect		serious_adverse_event	0	signed_effect_direction	0.0	approved	controlled_categorical_outcome	clintox_cellular_stress_direction.v1	not_applicable	none	off_schema_controlled_value	False	off_schema_controlled_value	In patients with T2DM and severe renal impairment, serious adverse events occurred in 43/206 (20.9%) with vildagliptin 50 mg qd, 15/65 (23.1%) with sitagliptin, and 20/97 (20.6%) with placebo.
pass	Pass: source measurement is preserved and the fail-closed exclusion reason is correct.	clintox_measurement_unit_manual_review.v1	cellular_stress	117427	fe198bdee0bf9157768d39fcb20ca757931cc790220cb84d3a32284948ca27b4	oxidative_stress		reduces_or_protects		oxidative_stress	-1	signed_effect_direction	-1.0	approved	controlled_categorical_outcome	clintox_cellular_stress_direction.v1	not_applicable	none	off_schema_controlled_value	False	off_schema_controlled_value	In the narrative on antioxidant therapy, it states: 'Common antioxidant treatments encompass SOD activators... which mitigate oxidative damage, enhance mitochondrial function, and prevent cardiac fibrosis and hypertrophy (125).'
pass	Pass: source measurement is preserved and the fail-closed exclusion reason is correct.	clintox_measurement_unit_manual_review.v1	cellular_stress	151231	3b62aff64ba12360e0f28ee06c5b4a055c2a21aab197978c1323484073c95562	bile_acid_stress		induction		bile_acid_stress	induction			evidence_only	unreviewed	clintox.unreviewed_measurement.v1	unknown	unknown	off_schema_controlled_value	False	off_schema_controlled_value	Realgar exposure significantly increased plasma total bile acid (TBA) concentrations in mice in a dose-dependent manner: 0.45 g/kg realgar caused about 1.87-fold increase, and 1.35 g/kg caused about 2.43-fold increase compared to control (Fig. 1I). This indicates induction of bile-acid stress.
pass	Pass: controlled categorical encoding and eligibility agree with the frozen vocabulary.	clintox_measurement_unit_manual_review.v1	cellular_stress	345209	7a261ee6f644671dcb98fd2c9f7ca3154e3f25f42cad9cb01170a6ce40f22ae3	mitochondrial_dysfunction		induces_or_increases		mitochondrial_dysfunction	1	signed_effect_direction	1.0	approved	controlled_categorical_outcome	clintox_cellular_stress_direction.v1	not_applicable	none	valid	True		The block of ER-mitochondria Ca2+ shuttling through the IP3Rs inhibitor Xestospongin B or by genetic IP3Rs deletion deeply impaired mitochondrial ATP synthesis, leading to an increased intracellular AMP/ATP ratio, AMPK activation, and a potent autophagy induction. This demonstrates that Xestospongin B causally induces mitochondrial dysfunction by impairing ATP production.
