canonical_smiles,label,n_extractions
COc1cc([N+](=O)[O-])ccc1N=NC(C(C)=O)C(=O)Nc1ccccc1OC,2.0429286092893664,1
CCCCCCCCC=CCCCCCCCC(=O)OCCOCC(OCCO)[C@H]1OCC(OCCO)[C@H]1OCCO,1.201843983338032,7
CCCCCCCCCc1ccc(OCCO)cc1,2.121246237993096,1
CCCCCCCCCCCCCC=CC(=O)O,2.405541006172343,1
C[C@@H]1C/C=C/C=C/C=C/C=C/[C@H](O[C@@H]2O[C@H](C)[C@@H](O)[C@H](N)[C@@H]2O)C[C@@H]2O[C@](O)(C[C@@H](O)C[C@H]3O[C@@H]3/C=C/C(=O)O1)C[C@H](O)[C@H]2C(=O)O,2.387137438170926,6
CC(C)NC(C)(C)C(C)C,2.54296874937482,2
CC[Sn](Cl)(Cl)Cl,3.104029358675686,1
[O-][As]([O-])[O-],3.476835161702805,6
CCOP(C)(=O)OCCN(C(C)C)C(C)C,1.9608718919331585,1
O=C(O)CN(CCN(CC(=O)O)CC(=O)O)CC(=O)O,2.143526308782968,3
O=C([O-])Cc1ccccc1Nc1c(Cl)cccc1Cl.[Na+],3.1485030120118203,5
Cc1nn(-c2ccccc2)c(Oc2ccc(-c3nc4cc(C(=O)O)ccc4[nH]3)cc2)c1[N+](=O)[O-],3.0563616436585206,1
O=C(Nc1cccc2c1C(=O)c1cccc(Cl)c1C2=O)c1cc2cc(F)ccc2[nH]1,2.707146262287585,1
Cc1cc(C)cc(C)c1,1.301735151413073,1
CCCCCCCCOC(=S)c1ccccc1,1.6277944535467324,2
O=C1[N-]S(=O)(=O)c2ccccc21.[Na+],1.1360225993970108,1
O=[V](=O)O[V](=O)=O,4.259792108897381,1
O,0.7344961827545515,3
[CH2]CCCC[C]=O,1.7365956742507378,3
COc1cc(/C=C/C(=O)O)ccc1OCc1cn(CC(=O)Nc2ccccc2C)nn1,2.2259193492977913,1
COc1cc(C=C2SC(=S)NC2=O)ccc1OS(=O)(=O)c1ccc(C)cc1,2.3274965016639624,1
O=C(Cl)C(=O)Cl,3.200460606733477,1
O=CC1=CCn2c(C(=O)c3ccccc3)ccc21,2.5403552852341895,1
C[C@H](CCC(=O)NCC(=O)O)[C@H]1CC[C@H]2[C@@H]3[C@H](O)C[C@@H]4C[C@H](O)CC[C@]4(C)[C@H]3C[C@H](O)[C@]12C,4.954299407925117,1
CCCCCCCC(=O)OCC(O)CO,1.6400698050784999,1
ClC(Cl)(Cl)Br,1.9487557712975527,2
CC(C)(C)N(NC(=O)c1ccc(Cl)cc1)C(=O)c1ccccc1,2.0647403333433902,1
NS(=O)(=O)[O-].NS(=O)(=O)[O-].O.O.O.O.[Ni+2],2.468502017881698,3
[Zr],1.5462952589309933,2
CCOP(=O)(OCC)SCn1c(=O)oc2cc(Cl)ccc21,4.002163592413414,1
CCOC(=O)c1cnn(CC(C)O)c1NC(=S)NC(=O)c1ccccc1F,2.206801653075691,1
[Cu],1.6746889497032809,13
Nc1nc2ncc(CNc3ccc(C(=O)N[C@@H](CCC(=O)O)C(=O)O)cc3)nc2c(=O)[nH]1,2.3438062687530836,1
CCCCCC([Na])(CC)CC.O=C(O)CC(C(=O)O)S(=O)(=O)O,2.1363221724741344,2
C[N+](C)(C)CC(=O)O,1.0310630949847668,1
O=C([O-])C(O)C(O)C(=O)[O-].O=C([O-])C(O)C(O)C(=O)[O-].[K+].[Sb+3],3.2827019047947563,2
CCCCOCC(C)OC(=O)C(C)Oc1cc(Cl)c(Cl)cc1Cl,2.5546068896521534,1
O=C(O)c1cc(O)cc(O)c1,1.6315593174628078,1
CC1C=[C-]C=C1.[C-]#[O+].[C-]#[O+].[C-]#[O+].[Mn],3.6062419926682248,7
[Ca+2].[OH-].[OH-],1.004075258138584,1
O=C1c2ccccc2C(=O)C1c1ccc2ccccc2n1,1.4366253297728067,1
C/C=C/C=C/C(=O)[O-].[K+],1.4777519711570184,3
c1ccc(-c2ccccc2)cc1.c1ccc(Oc2ccccc2)cc1,2.1166740780922177,2
CN1C(=O)CN=C(c2ccc(O)cc2)c2cc(Cl)ccc21,1.7792284114249566,1
CC1CCCO1,1.8744767756491627,1
[Mo],1.2636798982835478,2
CNC(C)C(=O)c1ccc(Cl)cc1,2.91198880660078,5
CNC(=O)O/N=C/C(C)(C)SC,4.441618644872544,4
O=c1c2cc(O)c(O)cc2oc2cc(O)c([C@@H]3O[C@H](CO)[C@@H](O)[C@H](O)[C@H]3O)c(O)c12,1.8762340798164505,1
CCCCCC/C=C/CCCCCCCCCC(=O)O,2.149939259285844,2
O=P([O-])([O-])OP(=O)([O-])OP(=O)([O-])[O-].[Na+].[Na+].[Na+].[Na+].[Na+],2.1891079706423255,3
CCCCCCCCCCCC[N+](C)(C)Cc1ccccc1.[Cl-],2.929412538983774,1
O=C1NC(C(=O)[O-])CS1,2.222781851879367,1
CC(=O)CCc1ccc(O)cc1.CC(=O)O,1.8681563019531633,1
C[N+](C)(C)CC(=O)[O-],1.0215379184966809,5
c1ccc([Pb](c2ccccc2)c2ccccc2)cc1,3.219786118527427,2
CC1(C)OC(=O)C(OCC2CC2)=C1c1ccc(S(C)(=O)=O)cc1,2.225837610362168,1
O=C(O)CCc1ccc(O)cc1,1.7251627377687688,1
C[C@H]1C/C=C/[C@H]2[C@@H]3O[C@]3(C)[C@@H](C)[C@H]3[C@H](Cc4ccccc4)NC(=O)[C@]32OC(=O)O/C=C/[C@@](C)(O)C1=O,4.73606536827838,5
O[Ni]O,1.502403064670284,6
CCOC(=O)C1=C[C@@H](OC(CC)CC)[C@H](NC(C)=O)[C@@H](N)C1,3.12365706458305,1
CCCCCCCCCCCC(=O)OCCOCC(OCCO)[C@H]1OCC(OCCO)[C@H]1OCCO,1.138448962201311,5
CC(C)(CO)CO,1.5085379349770118,2
C[C@H](N)C(=O)NCC(=O)N[C@@H](CO)C(=O)O,3.6688032352812003,1
CCOC(=O)C1=C[C@]2(CC)CCCN3CCc4c(n1c1ccccc41)[C@@H]32,2.845670930705642,1
COC(=O)[C@@H](N)CS,1.7692103070297582,1
[Li+].[O-]Cl,1.9572634976533627,2
Cc1cc[cH-]c1.[C-]#[O+].[C-]#[O+].[C-]#[O+].[Mn],3.639665748155175,2
CNC(C)Cc1ccc2c(c1)OCO2,2.7742271522406914,8
C=C(c1ccccc1)c1ccccc1,2.2152729332773937,1
N[C@@H](CCC(=O)[O-])C(=O)[O-].N[C@@H](CCC(=O)[O-])C(=O)[O-].[Ca+2].[Ca+2],1.4448005766167982,1
Nc1ccc([As](=O)(O)O)cc1,3.002118044233997,1
ClC=C[As](Cl)Cl,3.6176691010237896,3
COc1c(C)c2c(c(O)c1CC=C(C)CCC(=O)OCCN1CCOCC1)C(=O)OC2,2.9380200993077703,3
[CH3],0.4738120543178752,3
Cc1cc(OCCN2CCOCC2)nn1-c1ccc2ccccc2c1,2.5459034493411026,2
CNc1ccc(C)cc1C,2.3906461232963965,1
O=S(=O)([O-])[O-].[Fe+2],2.01131893051765,5
C[As](=O)(O)O,2.163311574933956,3
CCOP(C)(=O)SCCSCC,5.367315977943209,1
O=S1CCON=C1c1cc2ccccc2s1,1.840221538281602,1
Cl[Cu],2.8495027720842074,3
CC(C)=CCC/C(C)=C/CC/C(C)=C/CC/C=C(\C)CC/C=C(\C)CCC=C(C)C,1.6910826922420692,1
CC(=O)O[C@H]1C[C@@]2(C)[C@@H](C[C@@H](O)[C@H]3[C@@]4(C)CC[C@@H](O)[C@@H](C)[C@@H]4CC[C@@]32C)C1=C(CCC=C(C)C)C(=O)O,2.713254431051075,1
N[C@@H]1[C@@H](O)[C@H](O[C@@H]2O[C@H](CO)[C@@H](O)[C@H](O)[C@H]2N)[C@@H](CO)O[C@H]1O,1.832928953291554,1
CC(=O)c1ccc2c(c1)N(CCCN(C)C)c1ccccc1S2,3.3998932755044318,1
CCCCCc1cc(O)c2c(c1)OC(C)(C)[C@@H]1CCC(C)=C[C@@H]21,2.480544500331451,38
CCCCCCCCc1ccc(O)cc1,1.6518024416373769,1
N=C(N)NCCC[C@H](NC(=O)[C@@H]1CCCN1C(=O)[C@@H]1CSSC[C@H](N)C(=O)N[C@@H](Cc2ccc(O)cc2)C(=O)N[C@@H](Cc2ccccc2)C(=O)N[C@@H](CCC(N)=O)C(=O)N[C@@H](CC(N)=O)C(=O)N1)C(=O)NCC(N)=O,2.336160628127984,1
CC1=C[C@H](O)CC(C)(C)[C@H]1/C=C/C(C)=C/C=C/C(C)=C/C=C/C=C(C)/C=C/C=C(C)/C=C/C1=C(C)C[C@@H](O)CC1(C)C,2.152965254801278,1
CCCCCCCC/C=C\CCCCCCCC(=O)OC[C@H](COP(=O)(O)OC[C@H](N)C(=O)O)OC(=O)CCC(=O)O,3.8918697414150247,1
CC1(C)[C@@H](OC(=O)CCC(=O)O)CC[C@]2(C)[C@H]3C(=O)C=C4[C@@H]5C[C@@](C)(C(=O)O)CC[C@]5(C)CC[C@@]4(C)[C@]3(C)CC[C@@H]12,2.378060954643381,1
N#Cc1nn(-c2c(Cl)cc(C(F)(F)F)cc2Cl)c(N)c1S(=O)CF,3.616558879339741,1
O=C(O)c1cc(/N=N/c2ccc(S(=O)(=O)Nc3ccccn3)cc2)ccc1O,1.85324203274244,2
CC(=O)[O-].CC(=O)[O-].CC(=O)[O-].[Al+3],2.464774753600524,1
CC(=O)[O-].CCCC[Sn+](CCCC)CCCC,3.4191019399520703,1
COc1ccc(C2C(=O)Oc3c2ccc(O)c3O)cc1,1.583107858820831,1
C[C@H](CC(=O)[C@H](O)C(C)(C)O)[C@H]1C(=O)C[C@@]2(C)C3=CC[C@H]4C(C)(C)[C@@H](O[C@@H]5OC[C@@H](O)[C@H](O)[C@H]5O)CC[C@@]45C[C@@]35[C@@H](O)C[C@]12C,2.4810432765976365,1
CC[C@@H]([C@H](C)O)n1ncn(-c2ccc(N3CCN(c4ccc(OC[C@@H]5CO[C@@](Cn6cncn6)(c6ccc(F)cc6F)C5)cc4)CC3)cc2)c1=O,2.4142247515532125,1
C/C=C/C(=O)O,2.0898546678036016,1
O=C(/C=C/c1ccc(O)c(O)c1)O[C@@H]1C=C(C(=O)O)C[C@@H](O)[C@@H]1O,5.211171167301714,1
Cc1cccc(N)c1N,2.267424193158007,1
[Cl-].[Cl-].[Zn+2],2.5904150660447898,4
C1=CCCC=CCC1,1.653951793314683,1
O=C(c1ccccc1)c1ccc2n1CCC2C(=O)[O-].[NH3+]C(CO)(CO)CO,2.7446225132905617,1
COC(=O)C1=CO[C@@H](O[C@@H]2O[C@H](CO)[C@@H](O)[C@H](O)[C@H]2O)[C@@H]2[C@H](C)O[C@@H](O)C[C@H]12,1.8619134232796988,1
CC[Sn](C)C,4.103908740106132,1
CN1CCOC(c2ccccc2)c2ccccc2C1.Cl,3.260684481818394,2
CC(C)(C)NCC(O)c1cc(O)cc(O)c1,2.0974655544741556,1
CC(C)(OO)OO,0.6720697343482347,1
CCOC(=O)COc1ccc(NC(=O)COc2ccc(/C=C3\SC(=O)NC3=O)cc2)cc1,2.5802367026538735,1
O=C(O)CN(CC(=O)O)CC(=O)O.[Cu],2.4975183485071786,1
CC=C(C)C(=O)c1c(OC)c2c(c3c(-c4ccccc4)cc(=O)oc13)OC(C)(C)C=C2,2.221646842614345,1
c1cnc2c(O[Ga](Oc3cccc4cccnc34)Oc3cccc4cccnc34)cccc2c1,2.569884450381855,1
O=c1nc([O-])n(Cl)c(=O)n1Cl.[Na+],2.153389558967891,1
O=[N+]([O-])c1ccc(O)cc1C(F)(F)F,2.7141347865128456,1
NC(N)=[NH2+].O=C([O-])C1([N+](=O)[O-])N=NC=C1[N+](=O)[O-],2.559564185721923,2
COc1ccc(OC[C@@H]2CN(C)CC[C@H]2c2ccccc2)cc1.Cl,2.355275587007548,2
O=S(=O)([O-])c1cc(Nc2nc(Nc3ccccc3)nc(N3CCOCC3)n2)ccc1C=Cc1ccc(Nc2nc(Nc3ccccc3)nc(N3CCOCC3)n2)cc1S(=O)(=O)[O-].[Na+].[Na+],2.9962291003888115,1
COc1cc(/C=C/C(=O)O)ccc1OCc1cn(CC(=O)Nc2ccccc2)nn1,2.2205187422751513,1
FC12CC[N+](CCl)(CC1)[NH2+]C2.F[B-](F)(F)F.F[B-](F)(F)F,2.7431445961438428,1
O=[N+]([O-])[O-].[NH4+],1.5575576644487545,3
CCCCCCCCCCCCCCN1CCN(CCN2CCN(C(=O)N(CC)CC)CC2)C1=O,2.7592891552239784,2
CC(C)Cc1ccc([C@H](C)C(=O)O)cc1,1.8373463947073407,1
CC(C)(C)n1nc(-c2ccc(Cl)cc2)c2c(N)ncnc21,2.2584429138690463,2
CCOP(=O)(OCC)SCCSCC.CCOP(=S)(OCC)OCCSCC,4.838168792915244,9
Nc1ncnc2c1ncn2[C@@H]1O[C@H](C[C@@H](N)CC[C@H](N)C(=O)O)[C@@H](O)[C@H]1O,2.5150095155829253,1
CCCCCC(O)(O)CC,2.0189084443163274,1
C[C@]1(Cn2ccnn2)[C@H](C(=O)O)N2C(=O)C[C@H]2S1(=O)=O,1.7785795430161513,1
O=C(CN1C(=O)SC(=Cc2ccccc2Cl)C1=O)Nc1ccc(C(=O)NNC(=O)c2cccc(Cl)c2)cc1,2.305188184837092,1
O=C(O)CCCCO/N=C(/c1cccnc1)c1cccc(C(F)(F)F)c1,2.737917219840787,2
CC(=O)[O-].CC(=O)[O-].[Cd+2],2.840226696219347,1
c1ccc2c(c1)cc1ccc3cccc4ccc2c1c34,3.7029747867736607,1
OCCOCCN1CCN(C(c2ccccc2)c2ccc(Cl)cc2)CC1,2.7350802505922123,1
CCCCOCCOCCOCc1cc2c(cc1CCC)C2,1.6112926935437284,1
O=C(Cn1ccnc1)c1ccc2ccccc2c1,2.670985397299483,3
CN(C)c1ccc(/C=C/c2ccccc2)cc1,3.649955670119759,1
C[C@H]1[C@H](C)CC[C@]2(C)CC[C@]3(C)C(=CC[C@@H]4[C@@]5(C)CC[C@H](O)C(C)(C)[C@@H]5CC[C@]43C)[C@H]12,2.3194843306806168,1
CCCCCCCCCCCCCCCC[n+]1ccccc1.[Cl-],3.2304425346477554,8
[Au],2.2943934702305824,1
OC(CC[NH+]1CCCCC1)(c1ccccc1)C1CC2C=CC1C2.[Cl-],2.666430613682248,3
Cc1ccc([C@H]2C[C@H]3CC[C@@H]([C@H]2c2cc(-c4ccc(Cl)cc4)no2)N3C)cc1,3.3390426831309283,1
C/C(=C\c1ccccc1)CO,1.790651613994993,1
CC(=O)OC/C=C(\C)CCC=C(C)C,1.4914944650006703,1
Cl.Cl.Cl.Cl.Nc1ccc(N(CCO)CC(O)CN(CCO)c2ccc(N)cc2)cc1,2.3647594853316174,1
O=C([O-])CF,4.648121821881681,2
CCO[C@H]1O[C@@H]2O[C@@]3(C)CC[C@H]4[C@H](C)CC[C@@H]([C@H]1C)[C@@]24OO3,2.164204134078047,1
Oc1cccc(Br)c1Br,3.702266783451331,1
COc1cc(/C=C/C(=O)O)ccc1OCc1cn(CC(=O)Nc2ccc(F)cc2)nn1,2.233796373447867,1
C/N=C(\S)n1nc(-c2ccc(Cl)cc2)nc1N,5.950600114634147,1
Br.COc1ccc2c3c1O[C@H]1C[C@@H](O)C=C[C@@]31CCN(C)C2,3.691106257700929,1
CC(=O)[O-].CC(=O)[O-].[Pb+2],1.8434163942036101,8
O=[W](=O)([O-])[O-].[Na+].[Na+],2.1829684124065136,5
O=C(OC[C@@H]1OC(O)[C@](O)(COC(=O)c2cc(O)c(O)c(O)c2)[C@H]1O)c1cc(O)c(O)c(O)c1,1.9467205210961502,1
Cc1cccc(C(=O)Nc2nn[nH]n2)n1,2.3100408498298277,1
[Hg],3.587979518624752,15
CNC(=O)CSP(O)(=S)OC,2.805285011540148,1
O=C([O-])[C@H](O)[C@@H](O)[C@H](O)[C@H](O)CO.O=C([O-])[C@H](O)[C@@H](O)[C@H](O)[C@H](O)CO.[Cu+2],2.423906660164492,1
CC(C)[C@]12O[C@H]1[C@@H]1O[C@@]13[C@@]1(C)CCC4=C(COC4=O)[C@@H]1C[C@@H]1O[C@@]13C2=O,2.5631298075369675,1
COc1ccc(C2C(=O)Oc3c2ccc(OC)c3O)cc1,1.692619427208648,1
C=CCn1c(CSc2ccccc2[N+](=O)[O-])n[nH]c1=S,2.3207149104227174,1
CS(=O)(=O)[O-].C[n+]1ccccc1/C=N/O,1.520878251547754,1
CC(=O)OCOC(=O)CN(CC(=O)OCOC(C)=O)Cc1cc2c(cc1OC(C)=O)Oc1cc(OC(C)=O)c(CN(CC(=O)OCOC(C)=O)CC(=O)OCOC(C)=O)cc1C21OC(=O)c2ccccc21,1.836396150136065,1
N[N+](=O)[O-].N[N+](=O)[O-].[NH4+],2.2324554700701476,2
N#Cc1c(N(CC(=O)[O-])CC(=O)[O-])sc(C(=O)[O-])c1CC(=O)[O-].[Sr+2].[Sr+2],2.3839938591010696,1
CC(C=O)Cc1ccc2c(c1)OCO2,1.7323350185610926,2
O=C(O)COc1cc(Cl)c(Cl)c(Cl)c1Cl,3.2862003985555184,1
NC(=S)SCCSC(N)=S.O.O.O.O.[Zn],1.6630558720560091,1
CC[C@H](C)[C@H]1O[C@]2(CC[C@@H]1C)C[C@@H]1C[C@@H](C/C=C(\C)[C@@H](O[C@H]3C[C@H](OC)[C@@H](O[C@H]4C[C@H](OC)[C@@H](O)[C@H](C)O4)[C@H](C)O3)[C@@H](C)/C=C/C=C3\CO[C@@H]4[C@H](O)C(C)=C[C@@H](C(=O)O1)[C@]34O)O2.CO[C@H]1C[C@H](O[C@H]2[C@H](C)O[C@@H](O[C@@H]3/C(C)=C/C[C@@H]4C[C@@H](C[C@]5(CC[C@H](C)[C@@H](C(C)C)O5)O4)OC(=O)[C@@H]4C=C(C)[C@@H](O)[C@H]5OC/C(=C\C=C\[C@@H]3C)[C@]54O)C[C@@H]2OC)O[C@@H](C)[C@@H]1O,4.5406259954206,13
COc1ccc(/C=C/C(=O)OCCC(C)C)cc1,1.4127439643859243,1
CC[C@H](/C=C/[C@@H](C)[C@H]1CC[C@H]2[C@@H]3CC=C4C[C@@H](O)CC[C@]4(C)[C@H]3CC[C@]12C)C(C)C,3.4303778082255105,1
Cl[Mn]Cl,2.3810305520249857,4
COC(=O)c1ccc(O)cc1,1.8600498075671736,2
Cc1cc(Cl)ccc1/N=C/N(C)C,2.762283490697578,1
c1cnc(N2CCN(Cc3ccc4c(c3)OCO4)CC2)nc1,2.4834941438311016,1
COc1cc(O)c2c(=O)cc(C)oc2c1,2.3142823423591197,1
O=S([O-])S(=O)[O-].[Na+].[Na+],1.9408808154948987,1
Oc1cccc2cccnc12,2.0826687053036137,1
CCP(CC)CC.Cl[Au],3.64716004540347,1
CN(C)C(=S)S[Zn]SC(=S)N(C)C,2.3393577292161636,6
C=CCSS(=O)CC=C,1.6539598220521596,1
COc1cc2ncnc(Nc3cccc(Cl)c3)c2cc1OC,2.6719102946710933,1
COC(=O)/C=C/C(=O)O.[Ca],1.9809691067050812,1
O=c1ccc2ccc(O)cc2o1,2.2754024313670094,1
N#Cc1c(-c2nnc(S)n2-c2ccccc2)nn(-c2ccccc2)c1-c1ccccc1,3.5357018552474493,1
COc1cc(C=CC=O)ccc1O,2.259649940314695,3
COc1c(O)cc2oc3cc(O)c(CC=C(C)C)c(O)c3c(=O)c2c1CC=C(C)C,2.516367176160139,3
CS(=O)C(C)(C)/C=N/O,1.2674774414507493,1
O=C1OC(=O)c2c(Br)c(Br)c(Br)c(Br)c21,1.666238032479832,1
CN(C)CC(CN(C)C)OC(=O)COc1ccc(Cl)cc1.Cl.Cl,2.187728347970154,2
CC(C)=C1CC[C@@H](C)CC1=O,1.7845802084337592,1
CCCCCCCCCCCCCCCC(=O)O.CCCCCCCCCCCCCCCC(=O)O.Cc1ccc2c(c1)[C@H]1CN(C)CC[C@H]1N2,2.5762525725929577,2
CCCCCCCCCCCCCCCCCCOP(=O)([O-])OCC[N+](C)(C)C,2.8390884208979745,1
CNC1C(OC2OC(CO)C(N)C(O)C2O)OC2CC(N)C(OC3C(N)CC(N)C(O)C3O)OC2C1O,1.3170849104447373,1
CCN(CC)CC#CC(C)(C)OC(=O)C(O)(c1ccccc1)C1CCCCC1.Cl.O,2.296743877365791,14
Cc1ccnc2c1NC(=O)c1cccnc1N2C1CC1,2.823317698448872,1
CCCCCCCOP(=S)([S-])OCCCCCCC.CCCCCCCOP(=S)([S-])OCCCCCCC.[Zn+2],2.5763959140031565,1
O=C([O-])CN(CCN(CC(=O)O)CC(=O)O)CC(=O)[O-].[Na+].[Na+],1.9289128572484904,1
CN[C@@H](C)[C@@H](O)c1ccccc1,2.3985607375760782,3
[Cu+2],2.1468603227675676,4
Nc1nc(N)nc(-c2cc(Cl)ccc2Cl)n1,1.8769238781716098,1
CC(C)=CCCC(C)C=O,1.4478585414604104,1
[I-].[Na+],1.5382945196196722,3
O=C(O)CC[Ge+3].O=C(O)CC[Ge+3].[O-2].[O-2].[O-2],1.4756635098958153,2
CCC(O)(CCC(N)=O)c1ccccc1,2.040908945530947,1
O=C(c1ccccc1)c1ccc2n1CCC2O,2.9422240471838648,1
CN1CC(CC#N)C[C@@H]2c3cccc4[nH]cc(c34)C[C@H]21,3.3824427733532008,2
O=P([O-])([O-])OP(=O)([O-])OP(=O)([O-])[O-].[NH4+].[NH4+].[NH4+].[NH4+].[NH4+],1.7853070517518228,1
[Na+].[Na+].[Na+].[O-][As]([O-])[O-],3.670266222881679,23
Cc1ccc(-c2cc(C(F)(F)F)nn2-c2ccc(S(N)(=O)=O)cc2)cc1,2.280326780001409,1
COc1ccc(C2CC(c3ccc(F)cc3)=NN2C=O)cc1,2.484632329244388,1
Nc1ccc(N(CCO)CCO)cc1.O=S(=O)(O)O,3.077897947790965,1
C[N+](C)(C)CC(=O)O.[Cl-],1.1410936831056486,1
CN(C)[C@@H]1C(O)=C(C(N)=O)C(=O)[C@@]2(O)C(O)=C3C(=O)c4c(O)cccc4[C@@](C)(O)[C@H]3[C@H](O)[C@@H]12,1.9819308646530978,1
Cc1ncc(C[n+]2csc(CCO)c2C)c(N)n1,2.017632752595948,4
CCOP(=O)(OCC)OP(=S)(OCC)OCC,5.787116019654138,1
CCC(=O)O[C@](Cc1ccccc1)(c1ccccc1)[C@H](C)CN(C)C,3.216363131999151,4
CC[C@H](CC[C@@H](C)[C@H]1CC[C@H]2[C@@H]3CC=C4C[C@@H](O)CC[C@]4(C)[C@H]3CC[C@]12C)C(C)C,2.6658134068912975,5
CCc1ccc(CCOc2ccc(CC3SC(=O)NC3=O)cc2)nc1,2.510602278710735,1
CSCCCCN=C=S,2.5086509005230857,1
COc1ccc(CCNC(=O)C(C)c2ccc(-c3ccccc3)c(F)c2)cc1OC,2.601511454719897,1
CCCCCCCCCCCC(=O)OC[C@@H](O)[C@H]1OC[C@H](O)[C@H]1O,0.966496306083986,1
CN1CCN(CCCN2c3ccccc3Sc3ccc(C(F)(F)F)cc32)CC1,2.8082371711547274,2
CC[N+](CC)(CC(=O)Nc1c(C)cccc1C)Cc1ccccc1.O=C([O-])c1ccccc1,2.8631585444856897,1
O=S(=O)([O-])[O-].[Pd+2],2.102268584074448,1
C[C@@H]1O[C@@H](OC[C@H]2OC(O)[C@H](O)[C@@H](O)[C@@H]2O)[C@H](O)[C@H](O)[C@H]1O,1.8289934338190568,3
CN[C@@H](C)Cc1ccccc1.Cl,1.8885959846256908,1
[C-]#[O+].[C-]#[O+].[C-]#[O+].[Mn].[c-]1[c-][c-][cH-][c-]1,3.9586746252700467,3
Cc1ccc(N)cc1N,2.3161161170577316,3
COc1cc(/C=C/C(=O)O)ccc1OCc1cn(CC(=O)Nc2cccc(C)c2)nn1,2.225573573418138,1
CCCOC(=O)NCCCN(C)C,1.8123854314649495,3
CC[C@H](C)C(=O)O[C@H]1C[C@H](O)C=C2C=C[C@H](C)[C@H](CC[C@@H](O)C[C@@H](O)CC(=O)[O-])[C@H]21.[Na+],1.5706557795223217,1
[Cl-].[Cs+],1.8112604099573706,1
Cc1nc(-c2ccccn2)nc(N2CCN(CCO)CC2)c1Cl,2.9088299134553695,1
CC(=O)c1c(C)c2cnc(Nc3ccc(N4CCNCC4)cn3)nc2n(C2CCCC2)c1=O,3.083808402577923,1
CCCCC(C#N)c1ccccc1,2.5210253004479153,1
NS(=O)(=O)O,1.4875097834552078,1
CCC(CC)COC(=O)[C@H](C)N[P@](=O)(OC[C@H]1O[C@@](C#N)(c2ccc3c(N)ncnn23)[C@H](O)[C@@H]1O)Oc1ccccc1,3.348654552527324,3
CCN1CC(CCN2CCOCC2)C(c2ccccc2)(c2ccccc2)C1=O,3.2538017867017968,1
CCCCCC[C@@H](O)[C@@H]1C2=C(C[C@H]([C@H](O)[C@@H]3CC=CC(=O)O3)CC3=C(C(=O)OC3=O)[C@@H]1O)C(=O)OC2=O,3.099536863821845,6
[Cl-].[Cl-].[Cl-].[Cl-].[Cl-].[Nb+5],2.458510876667748,1
p12p3p1p23,2.2849138595817244,1
CCO[C@@H]1O[C@H](CO)[C@@H](OC(=O)/C=C/c2ccc(O)c(OC)c2)[C@H](O[C@@H]2O[C@@H](C)[C@H](O)[C@@H](O)[C@H]2O)[C@]1(O)c1ccc(O)c(OC)c1,2.1046006183286856,2
CNNC.Cl.Cl,3.1239234732112133,1
O=[N+]([O-])c1cccc(O)c1[N+](=O)[O-],3.7879490465685945,1
COc1ccc2cc3[n+](cc2c1OC)CCc1cc2c(cc1-3)OCO2,2.4196034121840064,1
C=CC(C)(CCC=C(C)C)OC(=O)CC,1.6239043739508667,1
[Ca+],1.0981865423587651,2
CC(=O)c1c(C)n([O-])c2ccccc2[n+]1=O,2.598515940307497,2
C[C@@H](NCCc1ccc(O)cc1)[C@@H](O)c1ccc(O)cc1,2.72603104383616,1
COc1cc(S(C)=O)ccc1-c1nc2ccncc2[nH]1,3.3280683646117497,1
O=S(=O)(O)c1ccccc1C=Cc1ccc(-c2ccc(C=Cc3ccccc3S(=O)(=O)O)cc2)cc1.[Na].[Na],3.3806668578365966,1
O=[As]/C=C/Cl,4.183019162073235,1
[Na+].[O-][Cl+][O-],2.8071462430091065,1
C=C1C(=O)O[C@@H]2C[C@@H](C)[C@@H]3C=CC(=O)[C@@]3(C)[C@@H](O)[C@H]12,3.348768702487033,1
CCCNCC(O)COc1ccccc1C(=O)CCc1ccccc1,2.6882303489506842,1
c1cc(N(CC2CO2)CC2CO2)ccc1OCC1CO1,2.4429811915267345,1
[Na+].[O-][I+3]([O-])([O-])[O-],2.6440678164926847,6
O=C(Nc1ccccc1-c1ccc(Cl)cc1)c1cccnc1Cl,1.9665411433841054,1
N=C1NCCN1Cc1ccc(Cl)nc1,2.8764405409110574,1
OC[C@H]1O[C@@H]2O[C@H]3[C@H](O)[C@@H](O)[C@@H](O[C@H]4[C@H](O)[C@@H](O)[C@@H](O[C@H]5[C@H](O)[C@@H](O)[C@@H](O[C@H]6[C@H](O)[C@@H](O)[C@@H](O[C@H]7[C@H](O)[C@@H](O)[C@@H](O[C@H]1[C@H](O)[C@H]2O)O[C@@H]7CO)O[C@@H]6CO)O[C@@H]5CO)O[C@@H]4CO)O[C@@H]3CO,1.9880440975720104,1
O=C([O-])CN(CCN(CC(=O)[O-])CC(=O)[O-])CC(=O)[O-].[Ca+2].[Na+].[Na+],1.5731850171849184,3
CCCCCCCCc1ccc(CCC(N)(CO)CO)cc1.Cl,2.8832689104458225,1
O=C([O-])CN(CC(=O)[O-])CC(=O)[O-].[Na+].[Na+].[Na+],2.1802900347835665,6
OC[C@H]1O[C@@H](O[C@H]2[C@H](O)[C@@H](O)[C@@H](O)O[C@@H]2CO)[C@H](O)[C@@H](O)[C@H]1O,1.6262824428634137,2
O=C(O)CCCN1CCC(O[C@@H](c2ccc(Cl)cc2)c2ccccn2)CC1.O=C(O)c1cccnc1,2.616350987384772,1
O=[N+]([O-])c1ccc(Oc2ccc(N=C=S)cc2)cc1,1.8905835796863832,1
O=C(O)CCCN1CCC(O[C@@H](c2ccc(Cl)cc2)c2ccccn2)CC1.O=C(O)c1ccccc1O,2.423626757376193,1
CCCCCCCCCCCCCCCCCCCCCCCC,1.5831821777795048,1
CC(C)[C@H](N)C(=O)O.C[As](=O)([O-])[O-].[Na+].[Na+],2.6697989249037084,1
CCOC(C)O,1.226805171795182,2
O=[N+]([O-])[O-].[Ag+],2.593633903659737,5
O=C1CCCCCCCCCCC(=O)OCCO1,1.764381178924265,3
Cl.Cl.N=C(NOCC(O)CN1CCCCC1)c1cccnc1,2.4652409442936993,1
CC(=O)O.CCCCC1(CC)OC(=O)c2ccccc21,2.1435581094757095,1
COc1cccc2c1C(=O)c1c(O)c3c(c(O)c1C2=O)C[C@@](O)(C(=O)CO)C[C@@H]3O[C@H]1C[C@H](N)[C@H](O)[C@H](C)O1,3.004926945503521,2
O=C(CCc1ccc(O)c(O)c1)NCCCNCCCCNCCCNC(=O)CCc1ccc(O)c(O)c1,2.823259420839423,1
O=C(Cn1cc(CN2C(=O)c3ccccc3C2=O)nn1)NCc1ccccc1,2.875510381112121,1
CC(=O)O.CC(=O)[O-].CC(=O)[O-].NC(=[NH2+])NCCCCCCCCNCCCCCCCCNC(N)=[NH2+],3.2157291774219834,1
CC1(C)[C@H](C=C(Br)Br)[C@@]1(C(=O)[O-])C(C#N)c1cccc(Oc2ccccc2)c1,3.763081866011205,1
[Na+].[Na+].[Na+].[Na+].[O-][Si]([O-])([O-])[O-],1.942697649399397,8
COC(CNC(N)=O)C[Hg]Cl,3.6450984423489903,2
Cl.Cl.Nc1ccc(N)cc1,3.0905195727792703,1
O=NN1CN(N=O)CN([N+](=O)[O-])C1,3.0071839147625097,3
CCCCc1c(O)ccc(O)c1C(C)(C)C,2.417575235499003,1
CCOC(=O)[C@H](CCc1ccccc1)N[C@@H](C)C(=O)N1[C@H](C(=O)O)C[C@@H]2CCC[C@@H]21,1.6196337743664748,1
COc1cc(/C=C/C(=O)O)ccc1OCc1cn(CC(=O)Nc2ccccc2Cl)nn1,2.2405776883783437,1
CCOc1nc(C(Cl)(Cl)Cl)ns1.CNC(=O)O/N=C/C(C)(C)SC.O=[N+]([O-])c1c(Cl)c(Cl)c(Cl)c(Cl)c1Cl,5.879779924999589,6
CCC/C=C\C=C/C(=O)N[C@@H](CC(N)=O)C(=O)NC(CC(N)=O)C(=O)N[C@@H](C(=O)N[C@H](CCCN)C(=O)N[C@@H](C(=O)N[C@@H](C(=O)N[C@@H](C(=O)N[C@H](C(=O)N[C@@H](Cc1ccccc1)C(=O)N[C@H](CCCN)C(=O)NC(C(=O)N[C@H](C(=O)NC(C(=O)NCC(=O)N[C@@H](CC(C)C)C(=O)N[C@H](C)C(=O)NC(C(=O)O)C1CCC(O)C(Cl)C1)C1CCC(O)CC1)[C@H](C)O)C1CCC(O)CC1)[C@H](C)O)C1CCC(O)CC1)C1CCC(O)CC1)[C@H](C)O)C1CCC(O)CC1,3.0519424126665284,1
O.O.O=[Al]O[Si](=O)O[Si](=O)O[Al]=O,0.23870100171163822,2
COCCCCC(=NOCCN)c1ccc(C(F)(F)F)cc1,2.2635903685649197,1
Cl.OC(CCCN1CCCCC1)(c1ccccc1)c1ccccc1,2.8399981350119834,1
COC(=O)Nc1nc2cc(C(=O)c3ccc(F)cc3)ccc2[nH]1,2.0877037949270494,2
COC(C)(C)CCCC(C)C/C=C/C(C)=C/C(=O)OC(C)C,0.9605519151125277,3
CCCC(=O)O[C@]1(C(=O)CCl)[C@@H](C)C[C@H]2[C@@H]3CCC4=CC(=O)C=C[C@]4(C)[C@@]3(F)C(=O)C[C@@]21C,1.9021733828658598,1
C[C@@]12Sc3cc([N+](=O)[O-])ccc3C1=C1C(=C3c4ccc([N+](=O)[O-])cc4S[C@]32C)C(F)(F)C(F)(F)C1(F)F.C[C@@]12Sc3cc([N+](=O)[O-])ccc3C1=C1C(=C3c4ccc([N+](=O)[O-])cc4S[C@]32C)C(F)(F)C(F)(F)C1(F)F,2.7692847973453802,1
CCN(CC)CC[C@H]1CC[C@@]2(C)C(=CC[C@@H]3[C@@H]2CC[C@]2(C)C(=O)CC[C@@H]32)C1,1.8711162192929183,2
B.CNC,2.9979484023030105,1
COC(C)(C)O,1.1159817303452284,5
CCc1cc(CC)c2sc3ccccc3c(=O)c2c1,2.314808414453774,1
O=NNC(=O)N(CCCl)CCCl,4.029489294366221,1
O=[As][O-].[Na+],3.500858726052004,7
CC(C)[C@H](C(=O)OC(C#N)c1cccc(Oc2ccccc2)c1)c1ccc(OC(F)F)cc1,3.7853962152260796,3
COc1cc(/C=C/C(=O)O)ccc1OCc1cn(CC(=O)Nc2cccc(Cl)c2)nn1,2.2402365300875062,1
CCCCCCCC[Sn+2]CCCCCCCC.O=C([O-])/C=C\C(=O)[O-],2.0088035518315435,2
[Bi],3.126980126487418,1
[C-]#N,3.609093935369001,3
COc1ccc(CCc2cc(OC)c(OC)c(OC)c2)cc1O,1.6710609990301712,1
COC(=O)c1ccc(C(=O)OC)cc1,1.4753045592385177,1
Cl[Ni]Cl,2.7903823557500576,7
[Ca+2].[Cl-].[Cl-],1.6833437545993952,5
CCSP(=S)(OC)OC,3.6562264772533704,3
COc1cc(/C=C/C(=O)O)cc(OC)c1O,2.2751118912657002,1
CCCC[P+](CCCC)(CCCC)CCCC.[I-],2.6250764500522505,1
Nc1c[nH]nn1,3.5267630247315145,1
CCOC(=O)c1cnn(CC(C)O)c1NC(=S)NC(=O)c1ccccc1,2.1865273729977983,1
N[C@@H](CCC(=O)O)C(=O)[O-].O.[Na+],1.012655872859412,2
O=c1oc2cc(O)ccc2c2ccc(O)cc12,4.9874383326599,1
CCCCCCCCCCCCCCCCCCCCCCCCCCCCCCC,1.2751330925255937,1
CCCC(C)C(=S)OC(=O)[C@@H](N)CSC,1.817114593879407,1
CCCCCCCCCCCCCC(=O)O,1.9837050413933282,2
CN1CC[C@@]2(C)c3cc(OC(=O)Nc4ccccc4)ccc3N(C)[C@@H]12.O=C(O)C(O)C(O)C(=O)O,4.29004262903279,1
I[Hg]I,4.05537641986339,1
[Dy],1.7194916714806205,1
C/C(=C/c1ccccc1)CN/N=C(\C)C(=O)O,2.5335085137261375,1
CC1NC(C(=O)O)CS1,1.7471242400727713,1
O=c1cc(-c2ccc(O)c(-c3c(O)cc(O)c4c(=O)cc(-c5ccc(O)cc5)oc34)c2)oc2cc(O)cc(O)c12,2.430126677385104,1
CC(C#N)C(C(=O)[O-])c1cncc(Cl)n1.[K+],2.4791432479786133,1
CC(C)=CCC[C@](C)(O)[C@@H]1CC=C(C)CC1,1.2009520664267437,3
[K+].[K+].[K+].[K+].[K+].[K+].[K+].[K+].[Nb+5].[Nb+5].[Nb+5].[Nb+5].[Nb+5].[Nb+5].[O-2].[O-2].[O-2].[O-2].[O-2].[O-2].[O-2].[O-2].[O-2].[O-2].[O-2].[O-2].[O-2].[O-2].[O-2].[O-2].[O-2].[O-2].[O-2],2.5926211911859727,1
O=C1C(O)=C([C@H]2CC[C@H](c3ccc(Cl)cc3)CC2)C(=O)c2ccccc21,2.3032185514747776,1
C=C1C(CCl)(CCl)C2(Cl)C(Cl)C(Cl)C1(Cl)C2(Cl)Cl,3.3842353116490687,17
CCCCCCCCCCCCOS(=O)(=O)Cc1ccccc1,2.2311241073797548,1
Oc1ccc(C(=S)Nc2cc(Cl)ccc2Cl)c(O)c1,2.8176777613390427,1
CNC(=O)CC(=O)O,1.4870656249266931,2
CCCCn1cc[n+](C)c1.F[B-](F)(F)F,2.752098408027665,1
On1ccccc1=S,5.248253396851402,2
COC(=O)N(OC)c1ccccc1COc1ccn(-c2ccc(Cl)cc2)n1,2.8969686847006395,1
Cc1ccc(C(=O)Nc2ccc(S(=O)(=O)[O-])c3cc(S(=O)(=O)[O-])cc(S(=O)(=O)[O-])c23)cc1NC(=O)c1cccc(NC(=O)Nc2cccc(C(=O)Nc3cc(C(=O)Nc4ccc(S(=O)(=O)[O-])c5cc(S(=O)(=O)[O-])cc(S(=O)(=O)[O-])c45)ccc3C)c2)c1,2.043903238697914,1
[Ni],3.3061883104585044,1
N#CC(=Cc1c[nH]nc1-c1ccccc1)c1nn(-c2ccccc2)c(N)c1C#N,1.8778445496001583,1
CC(C)=CCC/C(C)=C/COC(=O)C(C)C,1.6519444546378823,1
O=[Zr]([O-])[O-].[Ba+2],2.1451069021395055,2
C[C@@]1(CO)C[C@@H](O)C[C@@]2(C)[C@@H]3CC[C@](C)([C@@H](O)CO)C=C3CC[C@H]12,5.205466697044864,1
C[C@@H]1Cc2c(Cl)cc(C(=O)N[C@@H](Cc3ccccc3)C(=O)O)c(O)c2C(=O)O1,4.263762992691916,49
NCCCNCCCCNCCCN,2.527943373243384,3
O=C(O)c1cc(O)c2cccc(O)c2n1,2.0440020118847446,1
C=C1[C@@H](O)[C@@H]2O[C@]3(CC[C@H](/C=C/[C@@H](C)[C@@H]4CC(C)=C[C@@]5(O[C@H](C[C@@](C)(O)C(=O)O)CC[C@H]5O)O4)O3)CC[C@H]2O[C@@H]1[C@@H](O)C[C@H](C)[C@H]1O[C@@]2(CCCCO2)CC[C@H]1C,3.398758100308911,1
Cc1ccc(-c2nn(C(C)(C)C)c3ncnc(N)c23)cc1,2.5030365230074727,2
[Er],1.431000402950518,1
OC[P+](CO)(CO)CO.[Cl-],2.8297894728952757,1
CC(=O)c1c(C)c([N+](=O)[O-])c(C(C)(C)C)c([N+](=O)[O-])c1C,1.4688005917809548,2
C/C(=C\CO)CCC[C@H](C)CCC[C@H](C)CCCC(C)C,1.7240194450405406,5
CCNCC#CC(C)(C)OC(=O)C(O)(c1ccccc1)C1CCCCC1.Cl,2.7291592777469145,3
CN(C)C(=O)Oc1ccc[n+](C)c1.[Br-],3.6272577617073134,1
CCCCCC1C(=O)CCC1CC(=O)OC,1.6557452542854176,1
COc1ccc(CCN(C)CCC[C@@](C#N)(c2ccc(OC)c(OC)c2)C(C)C)cc1OC,3.6162472547690117,3
CC(N(C)C)N(C)C,2.637101232788531,2
O=C(Nc1ccc(O)c2c1C(=O)c1ccccc1C2=O)c1cc2cc(F)ccc2[nH]1,2.6999093250296173,1
CN1Cc2c(N)cccc2[C@H](c2ccccc2)C1,2.8761267396717076,3
Cl.O.O=C(O)C(O)(c1cccs1)c1cccs1,2.5875445164597703,3
O=C(CCC1CCN(Cc2ccccc2)CC1)c1ccc2c(c1)NCCCC2,3.052459525118841,1
C=C(C)COCC,2.6996686561879355,2
O=S(=O)([O-])c1ccc2c(c1)-c1nc-2nc2[n-]c(nc3nc(nc4[n-]c(n1)c1ccccc41)-c1ccc(S(=O)(=O)[O-])cc1-3)c1ccccc21.[Cu+2].[Na+].[Na+],2.1932214686268345,1
CCCCN(CCCC)C(=O)Cn1cc(CN2C(=O)c3ccccc3C2=O)nn1,2.900344184190964,1
O=C1C(O)=C(C2CCCCC2)C(=O)c2ccccc21,2.232659041602362,1
CC/C=C\C#N,2.657392137678617,2
[Mn+4].[O-2].[O-2],1.4126600095466852,2
CCCCCCCCOC(=O)CC(C(=O)OCCCCCCCC)S(=O)(=O)[O-].[Na+],2.369182644236468,1
[Ca+2].[Ca+2].[Ca+2].[Ca+2].[Ca+2].[O-][I+]([O-])([O-])([O-])([O-])[O-].[O-][I+]([O-])([O-])([O-])([O-])[O-],1.9609381307411007,1
O=C1CCC(=O)N1Br,2.1331121072614003,1
c1cc(SSc2ccncc2)ccn1,1.6440878609561933,2
[Na+].[O-]Cl,1.10839003904861,5
CC[C@H]1CN2CC[C@]3(C(=O)Nc4ccccc43)[C@@H]2C[C@@H]1C(=COC)C(=O)OC,3.0729858742044107,1
COc1ccccc1Oc1c(NS(=O)(=O)c2ccc(C(C)(C)C)cc2)nc(-c2ncccn2)nc1OCCO.O,2.76437440207349,1
CN(C)C(=N)NC(=N)N,2.111151572881174,1
C[C@H](CN1CCOCC1)C(C(=O)N1CCCC1)(c1ccccc1)c1ccccc1,3.7377627929914636,1
O=C(O)C(O)c1ccc(Cl)cc1Cl,2.3444689071262244,1
CC(=O)[O-].CC(=O)[O-].CC(=O)[O-].CC(=O)[O-].CC(=O)[O-].CC(=O)[O-].[U+6],3.462906432546908,2
CCCCCOC(=O)c1ccccc1O,1.8616926817754713,2
C#CCN[C@@H]1CCc2ccccc21,0.9282614581718094,1
CC(C)(C)CC(C)(C)c1ccc(OCCO)cc1,2.0975731085003657,5
CCCCCCCC[Sn]CCCCCCCC.O=CCCCCCCC=O.O=CCCCCCCC=O,2.8545510053486547,1
OCC1=C[C@H](N[C@H]2C[C@H](CO)[C@@H](O[C@@H]3O[C@H](CO)[C@@H](O)[C@H](O)[C@H]3O)[C@H](O)[C@H]2O)[C@H](O)[C@@H](O)[C@@H]1O,1.4566116534517746,1
COC(=O)C1=CO[C@@H](O[C@@H]2O[C@H](CO)[C@@H](O)[C@H](O)[C@H]2O)[C@H]2[C@@H]1C=C[C@@]21C=C([C@H](C)O)C(=O)O1,3.7746453083900864,1
O=[N+]([O-])c1cccnc1N1CCNCC1,2.7971248997690323,1
CCCCCCCCCCCCCCCC[N+](C)(C)C.[Br-],2.264979914105359,7
O=[N+]([O-])[O-].O=[N+]([O-])[O-].O=[N+]([O-])[O-].[Cr+3],3.094851012247811,2
O=C(O)[C@H]1/C(=C/CO)O[C@@H]2CC(=O)N21,1.123115219787962,1
CO/C=C(/C(=O)OC)c1ccccc1COc1cc(C(F)(F)F)nc(Nc2cccc(Cl)c2Cl)n1,2.056374138824442,1
CCCCCCC(C)(C)c1cc(O)c2c(c1)OC(C)(C)[C@@H]1CCC(=O)C[C@@H]21,2.571183401997288,1
O=NN1CCSCC1,2.2181020447815305,1
CCCCC(CC)COC(=O)c1ccccc1C(=O)[O-],2.2471128588075513,1
O=[N+]([O-])c1ccc(COCc2ccc([N+](=O)[O-])cc2[N+](=O)[O-])c([N+](=O)[O-])c1,3.2789293047753496,1
[Cl-].[Cl-].[O-]CCS(CC[O-])(CCO)CCSCCSCCO,3.2056838808110966,1
ClC1=C(Cl)C(Cl)(Cl)C(Cl)CC1,1.8546279922491173,1
C[C@H]1O[C@]2(CS1)CN1CCC2CC1.C[C@H]1O[C@]2(CS1)CN1CCC2CC1.Cl.Cl.O,3.629121392233124,1
O=C([O-])CS.[NH4+],1.5609024853254962,1
CC(N)Cc1ccc2c(c1)OCO2,2.952354054069168,1
S,2.65172422227936,42
Cc1ccc(O)cc1.Cc1cccc(O)c1.Cc1ccccc1O,3.195137274502351,3
O=C(Nc1ccc(/C=C/c2ccc(NC(=O)c3ccccc3)cc2S(=O)(=O)O)c(S(=O)(=O)O)c1)c1ccccc1,2.616268407549039,1
CNCC(=O)O,1.2298664896720266,2
O=S([O-])[O-].[Na+].[Na+],1.4442092714698922,2
CO[C@H]1/C=C/O[C@@]2(C)Oc3c(C)c(O)c4c(O)c(c(/C=N/N5CCN(C/C=C/c6ccccc6)CC5)c(O)c4c3C2=O)NC(=O)/C(C)=C\C=C\[C@H](C)[C@H](O)[C@@H](C)[C@@H](O)[C@@H](C)[C@H](OC(C)=O)[C@@H]1C,2.6044556808830874,1
F[Sn]F,2.9209305472908933,1
O=[W](=O)([O-])[O-],2.109057361519936,1
COc1cc2c(cc1NS(=O)(=O)c1ccc(Br)cc1C)n(C)c(=O)n2C,2.4361205396670322,4
CCOP(=O)(OCC)SCCN(CC)CC.O=C(O)C(=O)O,4.626888864587155,2
CC(C)[C@]12CC(=O)[C@H](C)[C@H]1C2,2.899218988402247,5
COc1cc(CC(CCC/C=C/C(C)C)C(N)=O)ccc1O,3.2955447045511814,3
c12c3c4c5c1c1c6c7c2c2c8c3c3c9c4c4c%10c5c5c1c1c6c6c%11c7c2c2c7c8c3c3c8c9c4c4c9c%10c5c5c1c1c6c6c%11c2c2c7c3c3c8c4c4c9c5c1c1c6c2c3c41,3.0795791669701305,7
C=C1CCC=C(C)CC[C@@H]2[C@@H]1CC2(C)C,1.8103895185306358,4
CCN(CC)CCNc1ccc(C)c2sc3ccccc3c(=O)c12,2.577864403001342,1
COc1cc([C@@H]2c3cc4c(cc3[C@@H](O[C@@H]3O[C@@H]5CO[C@@H](C)O[C@H]5[C@H](O)[C@H]3O)[C@H]3COC(=O)[C@H]23)OCO4)cc(OC)c1O,2.7070515859682427,4
CN(C)CCC=C1c2ccccc2C=Cc2ccccc21,2.811567121004501,4
C[C@H](N)Cc1ccccc1.C[C@H](N)Cc1ccccc1.O=S(=O)(O)O,3.5805609563383154,3
CC(=O)[O-].CC(=O)[O-].[Zn+2],2.36376349503624,3
C1=CC([Fe]C2C=CC=C2)C=C1.[Fe+2].c1cc[cH-]c1.c1cc[cH-]c1,2.3584370498699267,1
S=C=NCCc1ccccc1,2.045522553479708,1
c1ccc2c(c1)CCc1ccccc1C2N1CCCCC1,4.4937336712336124,10
O=[N+]([O-])[O-].O=[N+]([O-])[O-].O=[N+]([O-])[O-].O=[N+]([O-])[O-].[Zr+4],2.5995580233696214,2
c1ccc(B(c2ccccc2)c2ccccc2)cc1.c1ccncc1,2.877409202544994,1
CCC[Sn](CCC)CCC,3.322531145687775,1
C=C(C)C(=O)O.C=C(C)C(=O)O.C=C(C)C(=O)O.CCC(CO)(CO)CO,1.186727985461184,1
CCCCCCCCCCCC(=O)OCC(COP(=O)(O)O)OC(=O)CCCCCCCCCCC,3.3317810669640893,1
O=[N+]([O-])[O-].O=[N+]([O-])[O-].O=[N+]([O-])[O-].[Ho+3],2.068114092055767,1
CC(=O)[O-].c1ccc([Pb+](c2ccccc2)c2ccccc2)cc1,3.2989071961689036,3
C/C(=N\NC(=O)c1ccccc1Cl)c1ccc(NC(=O)c2cccnc2)cc1,2.019728067185222,1
COCCCNC(=N)N,1.6407430611577034,1
O=C([O-])[O-],1.3310511211122928,1
C[N+]1(C)C=CC(c2cc[nH+]cc2)=CC1.[Cl-].[Cl-],3.41360148552896,1
O=[N+]([O-])c1cccc([N+](=O)[O-])c1[N+](=O)[O-],2.882268122578157,2
CNC(=O)c1cc(Oc2ccc(NC(=O)Nc3ccc(Cl)c(C(F)(F)F)c3)cc2)ccn1,2.751895248627825,6
O=[Bi]Cl,1.0732716653165695,1
O=C(O)[C@H]1O[C@@H](Oc2cc3oc(-c4ccccc4)cc(=O)c3c(O)c2O)[C@H](O)[C@@H](O)[C@@H]1O,2.348659165104677,1
[Cd+2].[Cl-].[Cl-],3.3187224382941602,17
CN(C)CCN1C(=O)C2C3C=C(C(O)(c4ccccc4)c4ccccn4)C(C3=C(c3ccccc3)c3ccccn3)C2C1=O,4.464418003672034,1
ClC1=C(Cl)C2(Cl)C3C4CC(C5OC45)C3N1C2(Cl)Cl,3.71482501293874,1
Cc1cc(Cl)ccc1OCC(=O)[O-].[Na+],2.648561008648593,1
CC1=C(/C=C/C(C)=C/C=C/C(C)=C/C=C/C=C(C)/C=C/C=C(C)/C=C/C2=C(C)C[C@@H](O)CC2(C)C)C(C)(C)CCC1,2.3446963698457566,1
O=C(NC[C@H]1CN(c2ccc(N3CCOCC3=O)cc2)C(=O)O1)c1ccc(Cl)s1,4.338345913730902,1
O=C(C[C@H]1NCCC[C@@H]1O)Cn1cnc2cc(Br)c(Cl)cc2c1=O,4.14059916618388,1
Nc1ncnc2nc[nH]c12,2.516660711794435,4
N[C@@H](Cc1ccc(O)c(O)c1)C(=O)O,1.692824895672068,3
CC1(C)C(C=C(Cl)c2ccc(Cl)cc2)C1C(=O)OC(C#N)c1ccc(F)c(Oc2ccccc2)c1,3.763533378194771,2
[Al+3].[P-3],3.6839171577032994,20
O=C(Nc1ccccc1)N1CCCN(c2ccc(C(F)(F)F)cc2[N+](=O)[O-])CC1,2.953053068142858,1
Cl[Co]Cl.O.O.O.O.O.O,2.492218609657292,4
Cn1c(CNc2ccc(C(=N)N)cc2)nc2cc(C(=O)N(CCC(=O)O)c3ccccn3)ccc21,3.4974097805012834,1
CCc1cc(C(=CCl)OP(=O)([O-])[O-])c(Cl)c(CC)c1Cl,4.5683681583571865,1
CCN(CC)C([O-])=S,2.3969818658115805,1
CC(=O)Nc1ncnc(N2CCOCC2)n1,1.8071849881676574,1
CCOC(=O)Nc1ccc(Br)cc1,2.3268485885437613,2
C/C=C/C=C/C(=O)O,1.105680519112231,4
NC(=O)c1ccccc1,2.03290422798844,1
NNC(=O)/C=C\C(=O)O.OCCNCCO,2.000443308458264,1
Nc1ccc(C(=O)O)cc1,1.438187807154009,1
COc1cc(/C=C/C(=O)O)ccc1OCc1cn(CC(=O)Nc2ccc([N+](=O)[O-])cc2C)nn1,2.3165774689014658,1
[Ag+],2.5650382525538484,2
[Ca+2],1.6029060409371358,1
CCCC(C)(Oc1ccc(Cl)cc1)C(=O)[O-],2.021538033259586,1
CC(=O)N[C@@H](CS)C(=O)O,1.5094234540302711,6
C/C=C/c1ccc(OC)cc1,1.8507165695955452,6
Cl[Cd]Cl,3.3187224382941602,18
O=S(=O)([O-])[O-].[Na+].[Na+],1.6083517918341244,2
CCCC(O)CO.OCCCCCO,5.2148813790775606,1
Brc1ncc2[nH]c(Br)nc2n1,2.297771450368965,1
[Al+3].[OH-].[OH-].[OH-],2.0056205808307026,1
O=C([O-])/C=C\C(=O)[O-].[Na+].[Na+],1.6753009876452678,1
CC1=CC(O)N(CCCCNC(=O)/C=C/c2ccccc2)C1=O,5.128060403019872,1
C[C@]1(C(=O)O)Cc2c(Cl)cc(C(=O)C(=O)C[C@@H](N)c3ccccc3)c(O)c2C(=O)O1,4.292888118017242,1
CC1(C)S[C@@H]2[C@H](NC(=O)Cc3ccccc3)C(=O)N2[C@H]1C(=O)[O-],1.6198612794115266,1
[OH-].[Rb+],2.2427203109704488,1
Cl[Fe]Cl,2.3872695122988086,2
N#Cc1ccc2[nH]cc(CCCCN3CCN(c4ccc5oc(C(N)=O)cc5c4)CC3)c2c1,2.5767792735839485,1
S=P(Cl)(Cl)Cl,2.36883375429171,2
S=[Se]=S,3.015742337564541,1
CN1CCC(N(Cc2ccccc2)c2ccccc2)CC1.Cl,2.8381315155482523,2
CCCC(C#N)C(=O)O,5.672928690442722,1
CCOC(=O)[C@H](CCc1ccccc1)N[C@@H](C)C(=O)N1[C@H](C(=O)O)C[C@@H]2CCCC[C@@H]21,2.2360785413808943,2
COc1ccc2c3c1O[C@H]1C[C@@H](O)C=C[C@@]31CCN(C)C2,3.583363540267429,1
COC(=O)N[C@H](C(=O)N1CCC[C@@H]1c1ncc(C#CC#Cc2ccc(-c3cnc([C@H]4CCCN4C(=O)[C@@H](NC(=O)OC)C(C)C)[nH]3)cc2)[nH]1)C(C)C.Cl,2.4170057416824826,3
COP(=O)(OC)O/C(C)=C/C(=O)N(C)C,4.042779049298454,4
[Li+].[OH-],2.0570499547397283,1
O=S(=O)([O-])c1ccc(N=Nc2c(O)ccc3cc(S(=O)(=O)[O-])ccc23)cc1.[Na+].[Na+],1.8413861600469121,3
O=P([O-])([O-])[O-].O=P([O-])([O-])[O-].[Co+2].[Co+2].[Co+2],2.97664613142703,1
Oc1ccccc1OC(Cl)(Cl)Cl,1.87981050978197,1
CCCCCOC(=O)Nc1nc(=O)n([C@@H]2O[C@H](C)[C@@H](O)[C@H]2O)cc1F,2.7300963656207395,1
CC1OCC(Br)([N+](=O)[O-])CO1,3.0531284036916464,1
CC=C(C)C(=O)O[C@H]1[C@H](OC(C)=O)[C@]2(CO)[C@H](O)C[C@]3(C)C(=CC[C@@H]4[C@@]5(C)CC[C@H](O[C@@H]6O[C@H](C(=O)O)[C@@H](O[C@@H]7O[C@H](CO)[C@@H](O)[C@H](O)[C@H]7O)[C@H](O)[C@H]6O[C@@H]6O[C@H](CO)[C@@H](O)[C@H](O)[C@H]6O)[C@](C)(CO)[C@@H]5CC[C@]43C)[C@@H]2CC1(C)C,4.053565886379767,1
O=C1Cc2ccccc2C1=O,4.8323455016898915,1
CC1(C)C=C(CS(=O)(=O)O)c2cc(Cc3ccc4c(c3)C(CS(=O)(=O)O)=CC(C)(C)N4)ccc2N1,4.510760261025292,1
O=S(=O)([O-])[O-].[Tl+].[Tl+],4.394644124523133,4
CCCCCCCCCCCCCCCCCC,0.9311835604656284,1
COCc1cnc(C2=NC(C)(C(C)C)C(=O)N2)c(C(=O)O)c1,1.7858051628523608,1
CCc1ccc(OCCC(CC)CCC2OC2(C)CC)cc1,1.5804602257778342,2
CC(=O)O.CCCCCCCCCCCCNC(=N)N,2.458559291266963,7
Cc1cc(=O)c2c(o1)O[C@@]1(C)CC[C@@H]3[C@@]4(C)CC[C@H](O)C(C)(C)[C@@H]4CC[C@@]3(C)[C@@H]1C2,2.4134946498211547,2
Cc1ccc(N)c(Cl)c1,2.3348250204025636,1
Cc1c(I)cc2c(=O)n(-c3ccc(S(=O)(=O)Nc4ncccn4)cc3)cnc2c1I,2.801107649067557,1
CC/C(=C(\c1ccccc1)c1ccc(OCCN(C)C)cc1)c1ccccc1,2.286473690820293,2
NC(=S)NNC(=O)CC1C(=O)c2ccccc2C1=O,2.9484691620036703,1
CCOC(=O)c1c(CSc2ccccc2)n(C)c2cc(Br)c(O)c(CN(C)C)c12,2.2017829923883983,2
C1CCN2C[C@@H]3C[C@@H](CN4CCCC[C@@H]34)[C@H]2C1,2.736465064800462,1
CC(C)(C)c1cc(CCC(=O)O)cc(C(C)(C)C)c1O.CC(C)(C)c1cc(CCC(=O)O)cc(C(C)(C)C)c1O.CC(C)(C)c1cc(CCC(=O)O)cc(C(C)(C)C)c1O.CC(C)(C)c1cc(CCC(=O)O)cc(C(C)(C)C)c1O.OC[C@@H](O)[C@@H](O)CO.OC[C@@H](O)[C@@H](O)CO.OC[C@@H](O)[C@@H](O)CO.OC[C@@H](O)[C@@H](O)CO.OC[C@@H](O)[C@@H](O)CO,2.537609576130763,1
CCOP(=O)(SCC)c1ccccc1,3.4871742115454523,1
N=C(N)Nc1ccc(C(=O)Oc2ccc3cc(C(=N)N)ccc3c2)cc1,2.056502471076483,1
COc1ccc2cc([C@H](C)C(=O)O)ccc2c1,2.52037336332394,4
O=C1O[C@H]([C@@H](O)CO)C([O-])=C1O.[Na+],4.255504943976641,1
O=NO,2.4169454602282125,1
O=C1CC2(CCCC2)CC(=O)N1CCCCN1CCN(c2ncccn2)CC1,3.228286928424306,2
C=C(C)[C@H](O)CC[C@@H](C)[C@H]1CC[C@H]2[C@@H]3[C@H](O)C[C@@H]4C[C@H](O)CC[C@]4(C)[C@H]3C[C@H](O)[C@]12C,5.1610294201051055,1
O=C1c2c(O)cccc2Cc2cccc(O)c21,1.8472360751305446,2
Cl[Pd]Cl,2.9477424219938064,1
O=S(=O)([O-])OOS(=O)(=O)[O-].[NH4+].[NH4+],2.5501380163936282,4
O[C@]12C=C(c3nccc4c3[nH]c3ccccc34)[C@@H]3CCN(CCCC/C=C\CC1)C[C@@]31C[C@@H]3/C=C\CCCCN3[C@H]12,3.4383643227611125,1
CC1(C)C2CCC1(CS(=O)(=O)O)C(=O)C2,1.5708664896552507,1
NCCN.O=[N+]([O-])O.O=[N+]([O-])O,1.5185232734221636,1
C=C/C=C\CC1=C(C)[C@@H](OC(=O)[C@@H]2[C@@H](/C=C(\C)C(=O)OC)C2(C)C)CC1=O.C=C/C=C\CC1=C(C)[C@@H](OC(=O)[C@@H]2[C@@H](C=C(C)C)C2(C)C)CC1=O,2.5738225084847213,7
C[NH3+].c1ccccc1,2.644162759365265,1
C[C@]12C=CC(=O)C[C@@H]1CC[C@@H]1[C@@H]2CC[C@]2(C)[C@@H](O)CC[C@@H]12,2.8316530056275155,1
CCCCCC(O)CC,1.4543707434414448,3
CC1(C)[C@@H](O[C@H]2O[C@H](C(=O)O)[C@@H](O)[C@H](O)[C@H]2O[C@@H]2O[C@H](C(=O)O)[C@@H](O)[C@H](O)[C@H]2O)CC[C@]2(C)[C@H]3C(=O)C=C4[C@@H]5C[C@@](C)(C(=O)O)CC[C@]5(C)CC[C@@]4(C)[C@]3(C)CC[C@@H]12.N,2.0730069776529634,1
O.O.O.O.O.O.O.O=S(=O)([O-])[O-].[Co+2],2.563501170555329,1
COc1cc2nc(N3CCN(C(=O)C4CCCO4)CC3)nc(N)c2cc1OC,1.8100532056548402,5
COc1cc2c(c3oc4cccc(O)c4c(=O)c13)[C@@H]1C=CO[C@@H]1O2,3.298816842926568,16
C=C1C[C@H](C)[C@H]2[C@H]3Cc4ccc(O)cc4[C@@]2(CCN3CC2CCC2)C1.CS(=O)(=O)O,2.7620420323355677,2
O=S1OC[C@@H]2[C@H](CO1)C1(Cl)C(Cl)=C(Cl)C2(Cl)C1(Cl)Cl,3.479006224174822,2
O=S(=O)([O-])[O-].O=[V+2],2.560925576411542,1
COC(=O)[C@H]1[C@@H](OC(=O)c2ccccc2)C[C@@H]2CC[C@H]1N2C,3.033249132515066,1
O=S([O-])S(=O)(=O)[O-].[Na+].[Na+],2.1125519807947946,8
O=c1cccc2n1C[C@@H]1CNC[C@H]2C1,3.5574885005129513,4
COc1cc(/C=C/C(=O)O)ccc1O,1.9449042493464197,16
C[C@@H]1O[C@@H](O[C@H]2[C@H](OC(=O)[C@]34CCC(C)(C)C[C@H]3C3=CC[C@@H]5[C@@]6(C)CC[C@H](O[C@@H]7O[C@H](C(=O)O)[C@@H](O)[C@H](O[C@@H]8OC[C@@H](O)[C@H](O)[C@H]8O)[C@H]7O[C@@H]7O[C@H](CO)[C@H](O)[C@H](O)[C@H]7O)[C@@](C)(C=O)[C@@H]6CC[C@@]5(C)[C@]3(C)C[C@H]4O)O[C@H](C)[C@H](O)[C@@H]2O)[C@H](O)[C@H](O)[C@H]1O[C@@H]1OC[C@@H](O)[C@H](O[C@@H]2OC[C@](O)(CO)[C@H]2O)[C@H]1O,3.016890678523337,2
COc1ccc(-c2cc(=O)c3c(O)cc(O[C@@H]4O[C@H](CO)[C@@H](O)[C@H](O)[C@H]4O)cc3o2)cc1,2.624376941019936,3
O=C([O-])C(=O)O,1.551576851989814,1
Nc1ncnc2c1ncn2[C@@H]1O[C@H](COP(=O)(O)OP(=O)(O)O)[C@@H](O)[C@H]1O,3.486683177406628,1
CCOP(=O)(F)N=C(C)N(CC)CC,4.758489843118999,3
Cc1ccccccc[sH+]1.[Cl-],2.199278593473075,1
CC=C1C[C@@H](C)[C@](O)(CO)C(=O)OCC2=CC[N+]3([O-])CC[C@@H](OC1=O)[C@@H]23,3.8838955504370767,4
[O-][n+]1ccccc1[S-].[O-][n+]1ccccc1[S-].[Zn+2],3.5382430572218206,1
O=C(O)CCCC(=O)O,1.6816194352710125,1
Cc1ccc(S(=O)(=O)NC(=O)NC2CCCCC2)cc1N,2.1922983750190035,1
O=C(CSc1nc2ccccc2n2cnnc12)Nc1ccc(C(=O)Nc2ccccc2)cc1,2.510181112678903,1
Cc1cc(-c2ccc(N=Nc3c(S(=O)(=O)[O-])cc4cc(S(=O)(=O)[O-])cc(N)c4c3O)c(C)c2)ccc1N=Nc1c(S(=O)(=O)[O-])cc2cc(S(=O)(=O)[O-])cc(N)c2c1O.[Na+].[Na+].[Na+].[Na+],2.190251249077712,1
CC(C)=C1CC[C@H](C)[C@](C)(COc2ccc3ccc(=O)oc3c2)[C@H]1CCC(=O)O,3.1087854424301367,1
CCc1cc(Cl)c(OC)c(C(=O)NC[C@@H]2CCCN2CC)c1O,1.8882244736576168,1
Cc1c(C)c2c(c(C)c1OC(=O)CCC(=O)O)CC[C@@](C)(CCC[C@H](C)CCC[C@H](C)CCCC(C)C)O2,1.8798246922155775,2
O=C(O)c1ccc(-n2nc(-c3ccccc3O)nc2-c2ccccc2O)cc1,2.5721370934230428,3
CCOP(O)(=S)OCC.N#CC=NOc1ccccc1,1.5707063532938461,2
O=S(=O)(O)O,1.5055903909902053,2
CCCCn1cc[n+](C)c1.[Cl-],2.501868062432137,5
CC(=O)[O-].CC(=O)[O-].[Mn+2],1.6664025361068622,1
O=P([O-])([O-])OP(=O)([O-])[O-],2.462250712154086,1
O=C(O)C(F)(OC(F)(F)C(F)(F)C(F)(F)F)C(F)(F)F,2.275540372554802,4
[Fe+4].[NH-]CC(=O)[O-].[NH-]CC(=O)[O-],1.8580793746009103,1
NCCCCCCCCCCCCN,2.2584704201632677,1
O=C([O-])[O-].[Ba+2],2.232954208390812,2
O=C(C(F)(F)F)C(F)(F)F,2.9414068085717666,1
Nc1ccn(CCC(=O)N[C@@H](CCCC[NH3+])C(=O)[O-])c(=O)n1.Nc1ccn(CCC(=O)N[C@@H](CCCC[NH3+])C(=O)[O-])c(=O)n1,2.122169848638447,5
[Br-].c1ccc([P+](c2ccccc2)(c2ccccc2)c2ccccc2)cc1,3.405042989706219,1
CCCCN(CCCC)CCC(O)c1cc2c(Cl)cc(Cl)cc2c2cc(C(F)(F)F)ccc12,2.167866155719891,2
Cn1cnc2c1c(=O)n(CC(=O)Nc1ccc(C(=O)Nc3ccc(F)cc3)cc1)c(=O)n2C,2.3418734470765403,1
COc1cc2c(cc1O)C(c1ccc(OC)c(OC)c1)C(=O)O2,1.5681454344266577,1
CC(C)NCCCC1(C(N)=O)c2ccccc2-c2ccccc21,3.489149573406167,3
Nc1ccc(N)c2c(S(=O)(=O)O)cccc12,2.6323347501677756,3
COc1ccc(S(=O)(=O)Oc2ccc(C=C3SC(=S)NC3=O)cc2Br)cc1,2.462969826048346,1
C[C@H]1O[C@@H](O[C@H]2[C@@H](O)C[C@H](O[C@H]3[C@@H](O)C[C@H](O[C@H]4CC[C@@]5(C)[C@H](CC[C@@H]6[C@@H]5C[C@@H](O)[C@]5(C)[C@@H](C7=CC(=O)OC7)CC[C@]65O)C4)O[C@@H]3C)O[C@@H]2C)C[C@H](O)[C@@H]1O,5.943380753216508,2
CC(=O)[O-].CC(=O)[O-].[Ni+2],2.7033675419004712,9
CCCCNC(=O)OC#CCI,2.25019294364332,1
CC(=O)[O-].CC(=O)[O-].O.O.O=[U+2]=O,3.3178841842955906,1
ClC=CC[N+]12CN3CN(CN(C3)C1)C2.[Cl-],2.2090604866153494,9
O=C(C=Cc1ccccc1O)OC1CCC(NCc2ccccc2)CC1,2.0687373500170243,1
O=C(O)CC[Se][Se]CCC(=O)O,4.085022139122511,3
Cc1cccc(Nc2cc(Cl)nc(SCC(=O)NCCO)n2)c1C,1.8655469304871564,1
C=C(C)C(=O)OCC(C)C,1.137148860275356,2
C=CCC1(C(=O)[O-])Nc2ccccc2N1C(=O)OC(C)(C)C,4.203173218050775,1
C=CCc1ccc(O)c(OC)c1.CCC(=O)OCCc1ccccc1,1.9346950750822307,1
CCN(O)CC,1.745942902886155,1
O=C(CCl)c1ccc(Cl)cc1Cl,2.187882320252294,1
O.O.O.O.O.O.O.O.O.O.OB1O[B-]2(O)OB(O)O[B-](O)(O1)O2.[Na+].[Na+],1.967340971428365,8
CCC=CCC=CCC=CCCCCCCCC(=O)O,1.4223015517047637,1
C=C(C)[C@@H]1CC[C@@H](C)[C@@H]2CCC(C)=C[C@@H]21,1.8710568247003732,1
Cc1cc(/C=C/C#N)cc(C)c1Nc1ccnc(Nc2ccc(C#N)cc2)n1,2.5727625764782056,1
[Eu+3].[Eu+3].[O-2].[O-2].[O-2],4.847480114947017,1
C=C1CC[C@H]2O[C@]2(C)CC[C@@H]2[C@@H]1CC2(C)C,1.6441548759304556,1
COc1ccc(/C=C2\CCCC3C2=NNC3c2ccc(OC)cc2)cc1,2.3299478789794414,1
ClC1=C(Cl)[C@]2(Cl)[C@H]3[C@H]([C@@H]4C=C[C@H]3C4)[C@@]1(Cl)C2(Cl)Cl,3.871994445452091,15
N#Cc1nn(-c2c(Cl)cc(C(F)(F)F)cc2Cl)c(N)c1S(=O)C(F)(F)F,3.6538607353893724,3
CC(O)(P(=O)(O)O)P(=O)(O)O,2.186819340366629,7
CC(C)=CCc1cc(C2CC(=O)c3ccc(O)cc3O2)ccc1O,2.4355017526633937,1
Cc1ccc(C2=NN(C(N)=S)[C@H](c3ccc(Cl)cc3)C2)cc1,2.873885798730935,3
COc1cc(/C=C/C(=O)O)ccc1OCc1cn(CC(=O)Nc2cccc([N+](=O)[O-])c2)nn1,2.302191489795715,1
N#C[Se]Cc1ccccc1,3.195591941217194,1
CCCCCC=CCC=CCC=CCC=CCCCC(=O)NCCO,2.2399785499741123,1
Cc1ccc(OCCO)cc1,2.141001992694957,1
CC1=CCC2(C)CCC3(C)C(CCC4C5(C)CCC(O)C(C)(C)C5CCC43C)C2C1C,0.7850541179892097,1
CCNC(=O)/C=C/c1cccc(Br)c1,1.7579613808756136,1
CCC[Pb](Cl)(CCC)CCC,4.1444265174851544,1
N[C@@H](CC(=O)O)C(=O)O,1.4252178397845072,1
COc1ccccc1OCC1O[C-]=NC1=O,2.0206059089215667,2
CN(C)C/C=C(/c1ccc(Br)cc1)c1cccnc1,2.547131741773638,1
[C-]#N.[C-]#N.[C-]#N.[C-]#N.[C-]#N.[C-]#N.[Fe+3].[K+].[K+].[K+],2.313401843834749,1
COc1ccc2c(c1)C(c1cc(OC)c(OC)c(OC)c1)C(=O)O2,2.3041120576128007,1
[Ce+3].[Cl-].[Cl-].[Cl-],1.9446148439438047,1
N=C(N)NCC1COC2(CCCCC2)O1.N=C(N)NCC1COC2(CCCCC2)O1.O=S(=O)(O)O,2.357568289155486,3
O=C(c1ccccc1)c1ccc2n1CCC2,3.9410101323337674,1
CC=C1NC(=O)[C@H](Cc2ccccc2)NC(=O)[C@@H](C(C)C)NC(=O)[C@@H]([C@@H](C)CC)NC(=O)[C@H](NC(=O)[C@H](NC(=O)[C@H](CCCN)NC(=O)[C@H]2CCCN2C(=O)[C@H](NC(=O)[C@@H](NC(=O)[C@@H](NC(=O)[C@H](NC(=O)CCCC(C)C)C(C)C)[C@@H](C)O)C(C)C)C(C)C)[C@@H](C)CC)[C@@H](C)OC(=O)[C@H](C(C)C)NC1=O,3.17841867958318,1
OCCC(F)(F)C(F)(F)C(F)(F)C(F)(F)C(F)(F)C(F)(F)F,2.3181838230350307,2
C=Cc1ccc(O)c(OC)c1,1.7874373400616195,1
CCCCCCCCCCCCCCCCCOC(=O)c1ccccc1,5.0304063341487435,1
O=S(=O)(O)c1ccc2c(c1)-c1nc3nc(nc4[nH]c(nc5[nH]c(nc-2n1)c1cc(S(=O)(=O)O)ccc51)c1cc(S(=O)(=O)O)ccc41)-c1cc(S(=O)(=O)O)ccc1-3,2.258418671811178,2
C[n+]1ccc(-c2cc[n+](C)cc2)cc1.[Cl-].[Cl-],3.2341189132228267,13
Nc1ccccc1Cl,2.6975222074503344,1
COc1ccc2c(c1)OC(=O)C2c1ccc(OC)c(OC)c1,2.157423507867849,1
CCOC(C)(C)C,1.4258304241387991,2
CC=C1C[C@@H](C)[C@](O)(CO)C(=O)OCC2=CCN3CC[C@@H](OC1=O)[C@@H]23,4.001909812354961,2
O=[Ge]=O,1.4513631748332805,5
CC1(C)C(=CC=CC=CC=CC2=[N+](CCCCS(=O)(=O)[O-])c3ccc4ccccc4c3C2(C)C)N(CCCCS(=O)(=O)[O-])c2ccc3ccccc3c21.[Na+],2.5882610594922566,1
CC(C)Oc1ccccc1N(C)C(=O)[O-],3.2216478854045385,1
N[C@@H](CCC(=O)[O-])C(=O)[O-],0.9856180543430786,4
O=C(Nc1ccc(Cl)c(Cl)c1)c1ccccc1OCCc1nnn[nH]1,2.6746533550419094,1
O=S(=O)([O-])[O-].[Cu+2],2.5245628581780855,6
ClC(Cl)(c1ccccc1)C(Cl)(Cl)c1ccccc1,1.9031524123370032,1
[Ag],2.174890954657781,4
CCSCCOP(=S)(OC)OC.CCSCCSP(=O)(OC)OC,3.3208842804798526,3
O=P(O)(O)OC[C@H]1O[C@@H](n2cnc3c(O)ncnc32)[C@H](O)[C@@H]1O,1.3377187620574489,3
OCC(O)CO.OCC(O)CO,0.8259286383088136,5
CC(C)NC[C@H](O)c1ccc(O)c(O)c1,2.0929094040813974,2
CCOC(=O)c1cnn(CC(C)O)c1NC(=S)NC(=O)c1ccc(F)cc1,2.206801653075691,1
O=c1c2ccccc2nnn1CSP([O-])([O-])=S,4.282186920776108,1
Cl[Hg]Cl,3.8655617113653307,25
O=[N+]([O-])[O-].O=[N+]([O-])[O-].O=[N+]([O-])[O-].O=[N+]([O-])[O-].O=[N+]([O-])[O-].[Ce+4].[NH4+],2.60971037880638,2
[Mg+2].[Mg+2].[Mg+2].[O-2].[O-2].[O-2].[O-2].[O-2].[O-2].[O-2].[O-2].[O-2].[O-2].[OH-].[OH-].[Si+4].[Si+4].[Si+4].[Si+4],2.6151526486827645,1
O=C([O-])[O-].[Li+].[Li+],2.023487626544509,1
CC(=O)[C@H]1CC[C@H]2[C@@H]3C[C@H](C)C4=CC(=O)CC[C@]4(C)[C@H]3[C@@H](O)C[C@]12C,1.7378423734862376,1
CC(C(=O)NCCc1ccccc1)c1ccc(-c2ccccc2)c(F)c1,2.7475697127640877,1
CCCC[n+]1ccccc1.[Cl-],2.494334247462252,1
Cc1cc(C(S)c2nn(CN3CCOCC3)c(=S)o2)nc(N2CCOCC2)n1,2.4818028554387825,1
OO,1.5895546621358987,4
COc1ccc2c(OC)c3ccoc3nc2c1OC,2.2964658961669517,2
COc1cc(NC(C)CCCN)c2ncccc2c1.O=P(O)(O)O.O=P(O)(O)O,3.4103634906278746,1
COP(=O)(OC)Oc1ccc(S(C)=O)c(C)c1,3.9673388904773255,1
[P-3].[P-3].[Zn+2].[Zn+2].[Zn+2],3.804363268148635,19
CCc1cc(Br)ccc1OC(N)=O,2.3268485885437613,1
CNCCc1ccc(O)c(O)c1,2.5242870479101565,1
N=C(N)NC(=O)c1nc(Cl)c(N)nc1N,3.5792751424364564,1
O=C1NC(=O)[C@]2(c3ccc(Cl)cc3)C[C@H]12,2.1415340371690115,1
C=C(C)CCCC(C)=CCO,1.6319311184260052,3
O=C(Nc1cccc2c1C(=O)c1ccccc1C2=O)c1cc2cc(F)ccc2[nH]1,2.6816549771620912,1
O=S(=O)([O-])[O-].[Li+].[Li+],2.2537150090939457,1
O=P([O-])([O-])OP(=O)([O-])O.[Mg+2].[Na+],2.0915575398952306,3
CO[C@@H]1[C@@H](OC)[C@H](C)[C@@](O)(CC(=O)O)O[C@H]1[C@H](C)[C@H]1O[C@@]2(CC[C@@](C)([C@H]3CC[C@@](C)([C@@H]4O[C@@H]([C@H]5O[C@](C)(O)[C@H](C)C[C@@H]5C)C[C@@H]4O[C@@H]4C[C@H](OC)[C@@H](OC)[C@H](C)O4)O3)O2)C[C@H](O)[C@H]1C.N,5.137279269198406,3
CC(=O)c1cc(NC(CCCCCCCCC(=NNC(=N)N)Nc2cc(C(C)=NN)cc(C(C)=NN)c2)=NNC(=N)N)cc(C(C)=O)c1.N=[C]N.N=[C]N,2.8732799029690597,1
C[Si](C)(C)c1cccc(C(=O)C(F)(F)F)c1,2.9935314562073483,1
CN1CCc2cc(O)c(O)cc2C1Cc1ccc(O)c(O)c1,4.016661668447622,1
CCOC(=O)c1cnn(CC(O)CC)c1NC(=S)NC(=O)c1ccc(F)cc1,2.221978132371225,1
CCC(O)(Cl)Cl,5.9373563065947295,1
Brc1ccc(Oc2cc(Br)c(Br)cc2Br)c(Br)c1,1.988382872478379,4
C/C(=C\C(=O)NC(C)C)OP(=O)([O-])[O-],4.089412474797371,1
O=C1O[C@H]2[C@@H]3OC(=O)c4cc(O)c(O)c(O)c4-c4c(cc(O)c(O)c4O)C(=O)OC[C@H]2O[C@@H](OC(=O)c2cc(O)c(O)c(O)c2)[C@@H]3OC(=O)c2cc(O)c(O)c3c2[C@@H]2C1=CC(=O)[C@](O)(O3)C2(O)O,2.6779024643689784,6
O=[N+]([O-])[O-].[Ce].[NH4+],1.9625252022081452,1
O=C(O)c1ccccc1C(=O)O,1.8139131129740234,3
CC1C(C=O)=CNC=C1C=O,1.4804812440617554,1
CC[Sn](CC)CC,4.711590027495326,1
CC(=O)O[C@@H]1C[C@]2(O)[C@H](CC[C@]3(C)[C@@H](c4ccc(=O)oc4)CC[C@@]32O)[C@@]2(C)CC[C@H](O[C@@H]3O[C@H](CO)[C@@H](O)[C@H](O)[C@H]3O)C=C12,5.820634811794209,20
CN(C)[C@@H]1C(O)=C(C(N)=O)C(=O)[C@@]2(O)C(O)=C3C(=O)c4c(O)cccc4[C@@](C)(O)[C@H]3[C@H](O)[C@@H]12.Cl,1.8871808653991868,1
CCN(CC)C(C)=NP(=O)(F)OC,4.919489462808011,3
CC(C)(C)C(=O)Oc1ccc(S(=O)(=O)Nc2ccccc2C(=O)NCC(=O)O)cc1,1.7490690443275994,1
CC(=O)[O-].CC(=O)[O-].O=[U+2]=O,3.4128691687689545,1
O=S([O-])O,1.908870886946596,1
COc1cc(/C=C/C(=O)O)ccc1OCc1cn(CC(=O)Nc2ccc(Cl)cc2Cl)nn1,2.260659575519157,1
[Co],2.539909628155418,3
CCC1CCC(CCC(=O)O)C1.CCC1CCC(CCC(=O)O)CC1,2.072532960935721,1
N[C@@H](CCCCC(=O)O)C(=O)O,2.753535958999564,1
NC[C@@H]1O[C@H](O[C@H]2[C@@H](O)[C@H](O[C@@H]3[C@@H](O)[C@H](N)C[C@H](N)[C@H]3O[C@H]3O[C@H](CN)[C@@H](O)[C@H](O)[C@H]3N)O[C@@H]2CO)[C@H](N)[C@@H](O)[C@@H]1O,2.365096175029249,2
C=CCc1c(C)ccc(C(C)C)c1O,2.2881807612208576,1
Cl.N=C(N)NN=C(c1ccc(F)cc1)c1ccc(C(F)(F)F)cc1,3.3788817060786265,2
Cn1cnc2nc(N)[nH]c(=O)c21,2.786530591764649,1
O.O.O=[W](=O)([O-])[O-].[Na+].[Na+],2.2945798532606094,2
C[C@H]1[C@H](OC(=O)CCC(=O)O)O[C@@H]2O[C@@]3(C)CC[C@H]4[C@H](C)CC[C@@H]1[C@@]24OO3,3.039504506570749,1
N->[Pt](<-N)(Cl)Cl,4.062214493464552,5
[Mg+2].[Mg+2].[O-][Si]([O-])([O-])[O-],1.4492993990359522,1
Cc1cc(N=Nc2ccc(S(=O)(=O)[O-])cc2)c(N)cc1N.Nc1cc(N)c(N=Nc2ccc(S(=O)(=O)[O-])cc2)cc1N=Nc1ccc(S(=O)(=O)[O-])cc1.[Na+].[Na+].[Na+],2.025709755637608,1
CCCCCCCC/C=C\CCCCCCCCOCCO,0.892842837350531,1
O=C(O)C1=C[C@@H](O)[C@@H](O)[C@H](O)C1,2.2937704350143457,2
Cc1cc(Cl)c(N)cc1O.Cl,2.0399649986163335,1
Cc1nc(N2N=C(c3ccccc3)[NH2+]N2c2ccccc2)sc1C.[Br-],2.793440022072768,1
CC(C)(C)CC(C)(C)c1ccc(OCCOCC[N+](C)(C)Cc2ccccc2)cc1,3.021020665297246,6
CC(C)(C)C(O)/C=C/c1ccc2c(c1)OCO2,1.89264176586373,1
Cc1c(COC(=O)[C@@H]2[C@H](C=C(Cl)C(F)(F)F)C2(C)C)cccc1-c1ccccc1,3.8898327591318256,10
O=C(O)/C=C/c1ccccc1,1.6954297881891047,2
O=S(=O)([O-])c1cccc2ccccc12.[Na+],1.7823594529651494,5
CCCCCCCCCCCCc1[nH+]ccc2ccccc12.[Br-],3.216220996280716,1
C#Cc1cccc(Nc2ncnc3cc(OCCOC)c(OCCOC)cc23)c1,2.773912977869874,1
CCC(=O)C1C=C(C(C)C)CCC1C,1.748183557093511,1
N#C[C@H](O)c1ccccc1.OC[C@H]1O[C@@H](O)[C@H](O)[C@@H](O)[C@@H]1O,2.5514860398140145,1
CCCCCCCCCCCC[N+](C)(C)CC(=O)[O-],3.5824234976689815,2
N,0.6871721045947998,1
C[C@@H]1CCCCN1N=O,2.3296520757287933,2
CCOc1ccc(Cc2nc(C)cc3cc(OC)c(OC)cc23)cc1OC.O=P(O)(O)O,2.3521022801525375,3
[In],1.436760687279766,1
[CH](N[CH]c1ccccc1)c1ccccc1,2.4947443884165694,1
CCC(Cl)(Br)Br,2.8964049508322307,3
ClC1=C[C@@H](Cl)[C@H](Cl)[C@H](Cl)[C@H]1Cl,1.861399552964627,1
COc1ccc(C(=O)Nc2ccccc2CCC2CCCCN2C)cc1,3.814738255754752,2
O=C(CN1C(=O)SC(=Cc2ccc(Cl)cc2Cl)C1=O)Nc1ccc(C(=O)NNC(=O)c2ccccc2O)cc1,2.519743431703626,1
N[C@@H](CCC(=O)[O-])C(=O)[O-].N[C@@H](CCC(=O)[O-])C(=O)[O-].[Mg+2].[Mg+2],1.3568058412300972,1
CON=C(C(=O)N[C@@H]1C(=O)N2C(C(=O)[O-])=C(C[n+]3cccc4c3CCC4)CS[C@H]12)c1csc(N)n1.O=S(=O)(O)O,1.8841352104832296,2
CCCCCCCCCCCCCC[n+]1ccc(C)cc1.[Cl-],3.1152349591702952,4
COc1cc2c(ccc3c4cc(OC)c(OC)cc4c[n+](C)c23)cc1O,2.7383766868991386,1
O=S1(=O)OC(c2ccc(O)cc2)(c2ccc(O)cc2)c2ccccc21,6.118109116146112,3
C[C@@H]1O[C@@H](O[C@H]2[C@H](Oc3cc(O)c4c(c3)O[C@H](c3ccc(O)cc3)CC4=O)O[C@H](CO)[C@@H](O)[C@@H]2O)[C@H](O)[C@H](O)[C@H]1O,2.011256411341617,2
O=[As]([O-])([O-])[O-].O=[As]([O-])([O-])[O-].[Pb+2].[Pb+2].[Pb+2],2.6694004035159917,2
O=[Se](=O)([O-])[O-],4.951082405175245,1
[Re],1.2699960031986572,1
NC(=O)c1ncn([C@@H]2O[C@H](COP(=O)(O)OP(=O)(O)OP(=O)(O)O)[C@@H](O)[C@H]2O)n1,2.499761148206205,1
[Al+3],2.0144336306133046,3
F[Sn]F.[Na],2.9060412564393747,3
C=CCc1cc2c(c(OC)c1OC)OCO2,2.2499122153854842,1
C=CCC1=C(C)C(OC(=O)[C@@H]2[C@@H](C=C(C)C)C2(C)C)CC1=O,2.8759114164166775,6
CC(=O)C1c2cccc(O)c2C(=O)c2c(O)cccc21,2.8882393967172337,1
O=C1C(=C2Nc3ccc(S(=O)(=O)[O-])cc3C2=O)Nc2ccc(S(=O)(=O)[O-])cc21.[Na+].[Na+],2.3676912979646585,3
[I-].[K+],3.4207727710185907,1
C/C=C/C=C\CC/C=C/C(=O)NCC(C)C,1.7029001195936417,1
COc1cc2c(cc1OC)C(=O)C(CC1CCN(Cc3ccccc3)CC1)C2,4.06599418016356,4
CCCCCCCCCC(=O)[N+](C)(C)[O-],1.2467588276449901,1
COc1cc(C2C(=O)Oc3ccc(O)cc32)cc(OC)c1OC,1.5344395779347244,1
CCCC(=O)N1CCN(CC=Cc2ccccc2)CC1.Cl,2.6453444345825528,2
Sc1nc2ccccc2s1,1.857190019459702,4
c1ccc2c(c1)Nc1ccccc1S2,1.6004893515346508,1
C[n+]1ccc(-c2cc[n+](C)cc2)cc1.O.[Cl-].[Cl-],3.3392447429774887,1
CCn1cc(C(=O)O)c(=O)c2cc(F)c(N3CCN(C)CC3)cc21,2.1427061540576995,1
C[NH+](C)Cc1ccccc1.[Cl-],2.442305247458241,1
Nc1nc(/C(=C/CC(=O)O)C(=O)N[C@@H]2C(=O)N3C(C(=O)O)=CCS[C@H]23)cs1,1.9142722677037343,1
Cc1cc(O)c2c(c1)C(=O)c1cccc(O)c1C2=O,2.007305579394649,2
CCCNC1CC(=O)OC1C(O)C(=O)NC(CC(C)C)C1Cc2cccc(O)c2C(=O)O1,2.620369476077802,1
COc1ccc(C2C(=O)Oc3cc(OC)c(OC)cc32)cc1,2.1574235078678488,1
NCCNCCN.[Na],2.158910184874603,1
O=C(CCCCCCC(=O)Nc1ccccc1)NO,2.2180182582229815,1
[Fe+2].[Fe+2],2.2998262639318545,1
CC(C)(Cl)OC(C)(C)Cl,2.852954997518814,2
Cl.N=C(NN=Cc1ccc(Cl)cc1)NN=Cc1ccc(Cl)cc1,2.091867354960728,1
c1ccc2c(c1)c[nH+]c1ccccc12,2.0362425564889794,2
C=CC=CCC1=C(C)[C@@H](OC(=O)[C@@H]2[C@@H](C=C(C)C(=O)OC)C2(C)C)CC1=O,2.511951749576746,2
CCCCCCN(N=O)C(N)=O,2.4789201607213367,1
CCCCCCCC/C=C\CCCCCCCC(=O)O,1.5163533950843375,2
C=CC(=O)OCCCOC(=O)C=C,2.3551778601482583,1
CC(O)CCc1ccccc1,2.574670657362934,1
CC1(C)S[C@@H]2[C@H](NC(=O)[C@H](N)c3ccccc3)C(=O)N2[C@H]1C(=O)OC1OC(=O)c2ccccc21,2.080563358135896,1
O=S(=O)([O-])OOS(=O)(=O)[O-].[K+].[K+],2.527707023658729,3
O=c1cc(-c2ccc(O)c(O)c2)oc2cc(O[C@@H]3O[C@H](CO)[C@@H](O)[C@H](O)[C@H]3O)cc(O)c12,0.9355304897947054,2
CC(=O)N[C@H]1[C@H]([C@H](O)[C@H](O)CO)O[C@@](OC[C@H]2O[C@@H](O[C@@H]([C@H](O)[C@@H](O)C=O)[C@H](O)CO)[C@H](O)[C@@H](O)[C@H]2O)(C(=O)[O-])C[C@@H]1O.[Na+],1.5155658886170058,2
C=C1CC[C@H](O)CC1=CC=C1CCC[C@]2(C)[C@@H]([C@H](C)/C=C/[C@H](C)C(C)C)CC[C@@H]12,3.576736173654224,4
CN1CC[C@]23c4c5ccc(O)c4O[C@H]2C(=O)CC[C@@]3(O)[C@H]1C5,3.3329316306683396,1
CCSC#N,3.2500563612640723,1
O.O.O.O.O.O=S(=O)([O-])[O-].[Cu+2],2.974222157154103,2
CNc1ccccc1C(=O)OC,1.8427348138396662,2
[C-]#N.[K+],2.911140935182588,76
CCCC(NC(C)C(=O)OCC)C(C)=O,1.1869018737978516,1
O=C(O)CCCCCNC(=O)OCc1ccccc1,2.0905062837155812,1
CC(C)C1(C)N=C(c2ncc(CO[C@@H]3O[C@H](CO)[C@@H](O)[C@H](O)[C@H]3O)cc2C(=O)O)NC1=O,1.957557486381151,1
O=[N+]([O-])c1cc(Cl)ccc1Oc1ccc(Cl)cc1,2.0732569346652503,1
Oc1ccc(Cl)c(Cl)c1Cl,4.824161027958862,3
O=[N+]([O-])c1cc(N(CCO)CCO)ccc1NCCO,1.9604517499769822,1
CCOc1ccc(Cc2nc(C)cc3cc(OC)c(OC)cc23)cc1OC.Cl,2.3138027109692434,2
C/C=C/C(=O)Oc1c(C(C)CCCCCC)cc([N+](=O)[O-])cc1[N+](=O)[O-],2.5703499089878634,1
CCCCCCCCCCCCCCCC(=O)O,1.7401002719344596,2
NC(=S)Nc1ccc2ccccc2c1,3.0755083175543003,2
C=CCO/N=C(\CCC)C1=C(O)CC(C)(C)C(C(=O)OC)C1=O,2.5359971847099727,1
CC1(C)S[C@@H]2[C@H](NC(=O)C(C(=O)Oc3ccc4c(c3)CCC4)c3ccccc3)C(=O)N2[C@H]1C(=O)O,2.3931968952717906,1
Cc1cn([C@H]2C[C@H](N=[N+]=[N-])[C@@H](CO[P+](=O)O)O2)c(=O)[nH]c1=O,1.419291433818271,1
NC1CCCCC1.O=P1(N(CCCl)CCCl)NC(SCCS(=O)(=O)O)CCO1,2.6482090389456174,2
Cl[Sb](Cl)(Cl)(Cl)Cl,2.4284326316699145,1
O=C1C[C@@H]2OCC=C3CN4CC[C@]56c7ccccc7N1[C@H]5[C@H]2[C@H]3C[C@H]46.O=C1C[C@@H]2OCC=C3CN4CC[C@]56c7ccccc7N1[C@H]5[C@H]2[C@H]3C[C@H]46.O=S(=O)(O)O,5.1461877373811955,2
O=C(O)c1cc(O)c2c(c1)C(C1c3cc(C(=O)O)cc(O)c3C(=O)c3c(O[C@@H]4O[C@H](CO)[C@@H](O)[C@H](O)[C@H]4O)cccc31)c1cccc(O[C@@H]3O[C@H](CO)[C@@H](O)[C@H](O)[C@H]3O)c1C2=O,2.0604359942320913,4
COc1ccc(CCC(=O)c2c(O)cc(O[C@@H]3O[C@H](CO)[C@@H](O)[C@H](O)[C@H]3O[C@@H]3O[C@@H](C)[C@H](O)[C@@H](O)[C@H]3O)cc2O)cc1O,2.088193518132704,1
CC(C)CCBr,1.3902369882371652,1
O=C1OC2(c3ccc(O)cc3Oc3cc(O)ccc32)c2ccc(N=C=S)cc21.O=C1OC2(c3ccc(O)cc3Oc3cc(O)ccc32)c2ccc(N=C=S)cc21,5.063978663743862,1
COP(=S)([S-])OC,3.9922662494844827,1
Cc1ccc(-c2nc3ccc(C)cn3c2CC(=O)N(C)C)cc1,2.551940521000056,1
CCCCCCCCC(=O)O,1.9898040042321474,1
O=c1cc(OCCCOc2ccnc(SCc3ccc(F)cc3)n2)c2cc(F)ccc2o1,2.7843509768300168,1
COC(=O)OCc1ccccc1,1.842352151165084,1
CCCSP(=S)(OC)OC,4.2188196846433454,7
ClC1OC(Cl)C2C1C1(Cl)C(Cl)C(Cl)C2(Cl)C1(Cl)Cl,4.810791186843083,6
COc1ccc2cc3[n+](cc2c1OC)CCc1cc2c(cc1-3)OCO2.[Cl-],1.394241487477641,1
CC(=O)O[C@H]1C(=O)[C@@]2(C)[C@H]([C@H](OC(=O)c3ccccc3)[C@]3(O)C[C@H](OC(=O)[C@H](O)[C@@H](NC(=O)c4ccccc4)c4ccccc4)C(C)=C1C3(C)C)[C@]1(OC(C)=O)CO[C@@H]1C[C@@H]2O,3.5789910098052307,2
CCCNN=O,3.5648139595308566,1
CC[C@@H](CO)NCCN[C@@H](CC)CO,1.708238135042277,1
O=C(O)CC(O)C(=O)O,1.5833186298328448,4
O=C1O[C@H]([C@@H](O)CO)C([O-])=C1O.[Li+],1.4585293229593002,1
Nc1ncnc2c1ncn2Cc1c(F)cccc1Cl,2.831259747785615,2
CNC(=N[N+](=O)[O-])NCC1CCOC1,1.9255999783478641,4
COCCNCC1CCCN(C2Cc3ccccc3C2)C1.Cl.Cl,2.0407405740884923,7
CCCCc1nc(Cl)c(CO)n1Cc1ccc(-c2ccccc2-c2nn[nH]n2)cc1,3.2139818454277127,2
N[C@@H](CCC(=O)O)C(=O)O,0.9475931469313132,1
O=C(OCCOCCN1CCCCC1)N1c2ccccc2Sc2cccnc21,2.8533461498166908,1
[131I-],3.9708319303359256,3
Cc1cc(C)nc(NS(=O)(=O)c2ccc(-n3cnc4c(I)c(C)c(I)cc4c3=O)cc2)n1,2.6295347565725558,1
CN(C)[C@@H]1C(O)=C(C(N)=O)C(=O)[C@@]2(O)C(O)=C3C(=O)c4c(O)cccc4[C@@](C)(O)[C@H]3C[C@@H]12,1.9665719015465162,5
CN1[C@@H]2CC[C@H]1CC(OC(=O)C(CO)c1ccccc1)C2.CN1[C@@H]2CC[C@H]1CC(OC(=O)C(CO)c1ccccc1)C2.O=S(=O)(O)O,2.9861882153318153,3
O=C([O-])C(Cl)Cl,1.4547407149162896,2
CC(C)CCCCCCCC=CC(=O)O,1.392519044590609,1
CCC1(CC)C(=O)NC(=O)NC1=O,2.1683678240260544,1
CCCC[Sn](=O)CCCC,2.6971281700124328,1
COc1ccc(N)cc1[N+](=O)[O-],1.863425071542153,1
CCCCCCCCN=c1ccn(CCCCCCCCCCn2ccc(=NCCCCCCCC)cc2)cc1.Cl.Cl,2.8919846231762354,1
O=C1[C@H]2CC=CC[C@H]2C(=O)N1SC(Cl)(Cl)Cl,1.5237377981725175,1
Fc1ccc([C@@H]2CCNC[C@H]2COc2ccc3c(c2)OCO3)cc1,2.9448137561596304,3
O=[N+]([O-])[O-].O=[N+]([O-])[O-].O=[N+]([O-])[O-].[Nd+3],2.0795127625436107,1
O=c1ccc(=O)[nH][nH]1.OCCNCCO,1.9658419436231918,2
II,4.258377271210074,3
O=S(=O)([O-])[O-].[NH4+].[NH4+],1.5769695447334855,3
C1CCNC1.NC(=S)S,2.0335471037399313,2
C/C=C(\C)C(=O)O[C@H]1C[C@@H](OC(C)=O)[C@@]2(C(=O)OC)CO[C@H]3[C@@H](O)[C@@](C)([C@]45O[C@@]4(C)[C@H]4C[C@@H]5O[C@@H]5OC=C[C@@]54O)[C@H]4[C@]1(CO[C@]4(O)C(=O)OC)[C@@H]32,1.7438238241875292,1
CCCC(C)(C)Oc1ccccc1,1.928871150385961,1
O=[N+]([O-])[O-].O=[N+]([O-])[O-].O=[N+]([O-])[O-].[Ga+3],2.16475212113378,2
CC[C@H]1OC(=O)[C@H](C)[C@@H](O[C@H]2C[C@@](C)(OC)[C@@H](O)[C@H](C)O2)[C@H](C)C(O[C@@H]2O[C@H](C)C[C@H](N(C)C)[C@H]2O)[C@](C)(O)C[C@@H](C)C(=O)[C@H](C)[C@H]2OC(=O)O[C@@]21C.N[C@H](CC(=O)O)C(=O)O,2.2475766157433363,1
CC(=O)[O-].CCCC[Pb+](CCCC)CCCC,3.8073428972377696,2
CCOC(=O)Nc1ccc(Cl)cc1,2.239543194627114,2
CCC(C)C#CO,2.1168069159623437,1
N#CC(CCc1ccc(Cl)cc1)(Cn1cncn1)c1ccccc1,2.5377867330069344,3
CCN=C=NCCCN(C)C,1.9815026071409143,1
N#Cc1c(C(=O)NNC(=S)Nc2ccccc2)nn(-c2ccccc2)c1-c1ccccc1,3.1484995097859465,1
O=C([O-])c1cc(C(=O)[O-])cc(C(=O)[O-])c1.[Eu+3],1.8562224216381185,1
CCOC(=O)[C@H](Cc1ccccc1)NC(=O)c1cc(Cl)c2c(c1O)C(=O)O[C@H](C)C2,4.292932367078769,1
COc1c(N2C[C@@H]3CCCN[C@@H]3C2)c(F)cc2c(=O)c(C(=O)O)cn(C3CC3)c12,2.483044549076146,2
C/C=C/C(=O)Oc1ccccc1[N+](=O)[O-].CCCCCCCC.O=NO,2.532968467542548,4
O.O.O.O.O.O.O.O.O=P([O-])([O-])[O-].O=P([O-])([O-])[O-].[Co+2].[Co+2].[Co+2],2.9767122837310507,1
CCN(CC)C(=O)N1CCN(C)CC1,2.7029058448536456,1
CC(C)=C[C@@H]1C[C@H](C)[C@@H](COc2ccc3ccc(=O)oc3c2)[C@]1(C)CCC(=O)O,8.29939724024374,1
CO/C=C(/C(=O)OC)c1ccccc1Oc1cc(Oc2ccccc2C#N)ncn1,1.9067594299813075,2
NCP(=O)(O)O,1.420910604149735,2
COc1ccc2nc3cc(Cl)ccc3c(Nc3cc(CN4CCCC4)c(O)c(CN4CCCC4)c3)c2n1,2.60683176977596,1
C=CCC=CCC=CCCCCCCCc1cccc(O)c1,2.775930681249248,1
[Na+].[O-][Cl+2]([O-])[O-],1.5499836111596887,4
O=C(O)c1cc(O)c2c(c1)C(=O)c1cccc(O)c1C2=O,1.976537964434475,1
CC(CC(=O)[O-])C(=O)[O-],1.9211668495871121,2
CN(C)C1CSSSC1,2.6903182306290807,1
Cl[Hg][Hg]Cl,3.351801826618961,2
CCCCCCCCCCCCS,1.6072555236380879,1
CC1(C)CC[C@]2(C)CC[C@]3(C)C(=CC[C@@H]4[C@@]5(C)CC[C@H](O)C(C)(C)[C@@H]5CC[C@]43C)[C@@H]2C1,1.5414495671301165,2
N#C[Fe-4](C#N)(C#N)(C#N)(C#N)C#N,2.122119585331236,1
N#C[S-],2.0786687114335374,2
CC1(C)C2(Cl)C(Cl)C(Cl)C(Cl)(C(Cl)Cl)C1(Cl)C2Cl,3.3157751838022627,1
Cc1noc(NS(=O)(=O)c2ccc(-n3cnc4c(I)c(C)c(I)cc4c3=O)cc2)c1C,2.641181071582704,1
CCCCCCCCO,1.5126543840443023,2
O=C1CCCCCCCCCCCCCCCO1,1.7065710018363234,1
C/C1=C/CC(C)(C)/C=C/C/C(C)=C/CC1,2.164261482852398,1
COC(=O)[C@H](C)N(C(=O)Cc1ccccc1)c1c(C)cccc1C,2.6799193129479146,1
O=C([O-])CF.[Na+],4.602164209497939,20
C=C(C)[C@@H]1CCC(C)=C[C@H]1c1c(O)cc(CCCCC)cc1O,1.1967650998532593,4
CC(=O)[O-].CC(=O)[O-].CCCC[Pb+2]CCCC,4.051914035049988,3
C=CC(=O)OCC(C)OCC(C)OCC(C)OC(=O)C=C,1.6451201695360491,1
CNCC[C@H](Oc1ccc(C(F)(F)F)cc1)c1ccccc1,2.8362479712652773,2
Br[Al](Br)Br,2.222436470197456,1
C1=NOc2ccccc2-c2ccccc21,1.4154652696806305,1
COC(=O)N(C(=O)N1CO[C@@]2(C(=O)OC)Cc3cc(Cl)ccc3C2=N1)c1ccc(OC(F)(F)F)cc1,3.294366681394947,5
Cl/C=C\CCl,2.373111641702341,3
NO.O=S(=O)(O)O,2.381236002656608,1
c1ccc(NCNc2ccccc2)cc1,2.7569253413741563,1
CCCCCCC=CCCCCCCCC(=O)NCCO,2.394280906480327,5
[3H]c1cc([3H])c(=O)n2c1[C@H]1CNC[C@H](C1)C2,3.849055382149703,1
Cc1ccc2c(c1)c1c3n2CCNC3CCC1,1.9939460013572492,1
COCC(C)OCC(C)OC(C)CO,1.7703932890919503,1
Nc1cc([N+](=O)[O-])cc([N+](=O)[O-])c1O.[Na],3.30517933756404,1
OC[C@H]1O[C@@H](c2ccc(Cl)c(Cc3ccc(O[C@H]4CCOC4)cc3)c2)[C@H](O)[C@@H](O)[C@@H]1O,2.176973427934157,1
[Cu+2].[O-]c1cccc2cccnc12.[O-]c1cccc2cccnc12,1.87426216605494,1
CC12CCC(CC1=O)C2(C)C,1.6379024673468865,8
Cl[Cu]Cl,2.9824392311451478,4
Cl[As](Cl)Cl,3.1184732018224324,1
O=c1cc[nH]c(=S)[nH]1,1.9572239459375287,2
COc1cc(O)c2c(c1)OC(C)(C)CC2,2.3643570985280045,1
O=C(O)c1cc(C(=O)O)c2c(n1)C(=O)C(=O)c1cc(C(=O)O)[nH]c1-2.[Na].[Na].[Na],2.5755903366674793,2
[Be+2].[Cl-].[Cl-],2.968146155608089,2
O=Cc1cc([N+](=O)[O-])sn1,2.1308503801488836,1
N=C(N)N1CCc2ccccc2C1.N=C(N)N1CCc2ccccc2C1.O=S(=O)([O-])[O-].[H+].[H+],3.707327220641808,1
C[C@H]1C(=O)O[C@@H]2CCN3CC=C(COC(=O)[C@](C)(O)[C@]1(C)O)[C@H]23,3.635191326351123,12
CCN(CC)[N+](=O)[O-],2.0734693575130936,1
CCc1c(-c2ccccc2)c(=O)nc(C=Cc2ccc(OC)c(OC)c2)n1-c1ccc(CNS(N)(=O)=O)cc1,2.041041196426468,1
CC1(C)Cc2c(-c3ccccc3)c(-c3ccc(Cl)cc3)c(CC(=O)O)n2C1,2.4114045137915197,1
C=C1C(=O)NC(C)C(=O)NC(CC(C)C)C(=O)NC(C(=O)O)C(C)C(=O)NC(CCCN=C(N)N)C(=O)NC(C=CC(C)=CC(C)C(Cc2ccccc2)OC)C(C)C(=O)NC(C(=O)O)CCC(=O)N1C,6.997905567039566,1
O=C(/C=C/c1ccc(O)cc1)c1ccc(O)cc1O,1.8523732367886265,1
COc1ccc(NC(=O)CN2C(=O)S/C(=C\c3cc4cc(OC)ccc4[nH]c3=O)C2=O)cc1,2.5473336254174157,1
N[C@@H](CCC(=O)N[C@@H](CS)C(=O)NCC(=O)O)C(=O)O,2.037611827111775,1
N[C@@H](Cc1ccc(O)cc1)C(=O)O,1.4081647095582492,1
C=C1/C(=C\C=C2/CCC[C@]3(C)[C@@H]([C@H](C)/C=C/[C@H](C)C(C)C)CC[C@@H]23)C[C@@H](O)C[C@@H]1O,4.916620264646913,1
ClCCCCCl,1.5698254872434947,1
CCCC(=O)OCCS(=O)(=O)[O-].[Na+],1.7053982326116266,1
N#CC(C#N)=C(Cl)c1ccccc1,1.5047288213692829,1
Cc1nc(NN=C2CCc3cc(Br)ccc32)sc1N=Nc1cccc(Cl)c1,2.5221334742052486,2
CCCCCCCCCc1ccccc1O,2.1743328599522935,2
CN(C)c1ccc(C2CC(c3ccc(F)cc3)=NN2C=O)cc1,2.484624328415489,1
O=C([O-])c1ccc2ccccc2c1.O=C([O-])c1ccc2ccccc2c1.[Pb+2],2.0410372078670282,1
COc1ccc2cc(CC(=O)O)ccc2c1,2.697638451373968,1
Cc1c([N+](=O)[O-])cc(C(C)(C)C)c(O)c1[N+](=O)[O-],3.886733356385461,1
CC(C)C[C@H](N)C(=O)O,1.4188810685343576,1
CN(C)CCOc1ccc(/C(=C(/CCCl)c2ccccc2)c2ccccc2)cc1.O=C(O)CC(O)(CC(=O)O)C(=O)O,2.299646738665374,1
Cc1ccc(S(=O)(=O)O)cc1.O,2.3250136678991824,1
CC[C@H]1CCC[C@H](O[C@H]2CC[C@H](N(C)C)[C@@H](C)O2)[C@@H](C)C(=O)C2=C[C@@H]3[C@@H](C=C(C)[C@@H]4C[C@@H](O[C@@H]5O[C@@H](C)[C@H](OC)[C@@H](OC)[C@H]5OC)C[C@@H]34)[C@@H]2CC(=O)O1.CC[C@H]1CCC[C@H](O[C@H]2CC[C@H](N(C)C)[C@@H](C)O2)[C@@H](C)C(=O)C2=C[C@@H]3[C@@H](C=C[C@@H]4C[C@@H](O[C@@H]5O[C@@H](C)[C@H](OC)[C@@H](OC)[C@H]5OC)C[C@@H]34)[C@@H]2CC(=O)O1,2.5970242648258943,15
CCCCCCOCC(COCCCCCC)O[N+](=O)[O-],1.7859203586307912,1
CCCCSP(=S)(OC)OC,4.105912207211468,8
O=[N+]([O-])c1ccc(Oc2ccc([N+](=O)[O-])cc2-c2ccc(Cl)cc2Cl)c(-c2ccc(Cl)cc2Cl)c1,2.303868544079642,10
CC#C[C@]1(O)CC[C@H]2[C@@H]3CCC4=CC(=O)CCC4=C3[C@@H](c3ccc(NC)cc3)C[C@@]21C,2.1415302489164603,1
CN(C)CCC=C1c2ccccc2OCc2c1oc1ccccc21,2.827646741022463,1
Cc1ccccc1N=C(N)Nc1ccccc1C,2.6800126192228184,2
O=P([O-])([O-])[O-].[K+].[K+].[K+],1.4756179952957762,2
NC(=O)CCC(N)=O,1.5550327421549173,1
O=C(Oc1cccc(B(O)O)c1)c1c(Cl)cccc1Cl,2.752456494585333,1
NCCc1ccc(Cl)cc1,2.5900277449729767,1
O=[As]([O-])([O-])[O-],3.1427585221537235,5
CCCCCCCCCCCCCCCCCCOC(=O)CCc1cc(C(C)(C)C)c(O)c(C(C)(C)C)c1,1.984632038716434,1
COc1ccc(CCNC(=O)C(C)c2ccc(-c3ccccc3)c(F)c2)cc1,2.5577534945491798,1
COc1ccc(CCN2CC(=O)NC(=O)C2)cc1OC,2.444525690365374,1
O=[Zn],2.5303544707683017,1
COC(=O)C(c1ccccc1)C1CCCC[NH2+]1.[Cl-],2.88692882731424,1
O=[N+]([O-])c1cc([As](=O)(O)O)ccc1O,3.2296851444853023,2
COP(=O)(OC)C(OC(=O)COc1ccc(Cl)cc1Cl)c1ccco1,2.157046187063887,1
CCC(N)=O,1.1649176661009568,1
COc1cccc(OC)c1C(=O)N[C@@H]1C(=O)N2[C@@H]1SC(C)(C)[C@@H]2C(=O)O,1.9677010888657254,1
CC1=C(/C=C/C(C)=C/C=C/C(C)=C/C(=O)O)C(C)(C)CCC1,2.1767306486908966,1
C/C=C\c1cc(OC)c(OC)cc1OC,2.314278234184687,9
CNCC[C@@H](Oc1ccc(C(F)(F)F)cc1)c1ccccc1.Cl,2.883676506711701,1
CC(C)=CCC/C(C)=C/CO,1.6319311184260052,13
N#C/N=C1\SCCN1Cc1ccc(Cl)nc1,2.5964768233817765,3
CC(=O)[O-].CC(=O)[O-].[Co+2],2.546456804713421,1
COc1cc(-c2ccc(N=Nc3c(S(=O)(=O)[O-])cc4cc(S(=O)(=O)[O-])cc(N)c4c3O)c(OC)c2)ccc1N=Nc1c(S(=O)(=O)[O-])cc2cc(S(=O)(=O)[O-])cc(N)c2c1O.[Na+].[Na+].[Na+].[Na+],2.297900512948118,1
CC1(C)[C@@H]2CC[C@@]1(C)[C@H](OC(=O)CSC#N)C2,2.4037500491773134,1
CN(C)C1S[Fe]23(SC(=S->2)N(C)C)(SC(=S->3)N(C)C)<-S=1,2.163781396176722,2
C=CC=CCC1=C(C)[C@@H](OC(=O)[C@@H]2[C@@H](C=C(C)C)C2(C)C)CC1=O,2.7736111974638833,6
C[C@]12CC[C@H]3[C@@H](CCC4=CC(=O)CC[C@@]43C)[C@@H]1CC[C@@H]2O,2.159011940013846,1
COP(=S)(NC(C)C)Oc1ccccc1C(=O)OC(C)C,4.125528074073838,8
Oc1ccc2ccccc2n1,2.0826687053036137,1
O.O=C1OC2(c3ccccc31)c1cc(I)c(O)c(I)c1Oc1c2cc(I)c(O)c1I,2.0805417833192177,2
Cc1ccc2c(c1)C(=O)c1ccccc1C2=O,5.022545635562784,1
CCCCCCCCCCCCCCN(CC)C(C)(CO)CO.Cl,2.537940420620222,2
[CH2]C,1.4230122549758306,2
CC1=C[C@H]2O[C@@H]3[C@H](O)C[C@](C)([C@@]2(CO)[C@H](O)C1=O)[C@]31CO1,3.626661459358484,1
CNC(=O)/C=C(\C)OP(=O)(OC)OC,4.202498047513954,1
Cn1cnc([N+](=O)[O-])c1Sc1ncnc2nc[nH]c12,3.4984186439421823,5
O=Cc1ccc2ccccc2c1C=O,3.4523621225875103,1
Nc1ncnc2c1ncn2[C@@H]1O[C@H](CO[C@H]2[C@H](O)[C@@H](O)[C@@H](O[C@@H](C(=O)O)[C@H](O)[C@H](OP(=O)(O)O)[C@H](O)C(=O)O)O[C@@H]2CO)[C@@H](O)[C@H]1O,3.6155713247938626,1
C[N+]1(C)CCC(OC(=O)C(O)(c2ccccc2)C2CCCC2)C1,2.395813554123327,1
[Cl-].[Cl-].[Mg+2],1.531529095228455,2
OC[C@H]1O[C@@H](Oc2ccc(O)cc2)[C@H](O)[C@@H](O)[C@@H]1O,1.49470528256956,1
O=S(=O)(O)C(F)(F)C(F)(F)C(F)(F)C(F)(F)C(F)(F)C(F)(F)C(F)(F)C(F)(F)F,3.2994057112770183,1
C/C=C/C(=O)C1=C(C)CC(C)(C)CC1,1.4846432516046955,2
CC(O)CO.CCC(C)O.CCCCOCCO,1.467358193034653,2
COc1cc(/C=C/C(=O)CC(=O)/C=C/c2ccc(O)c(OC)c2)ccc1O,2.265271942500747,3
CNC(=O)O/N=C/C1(C)SCC(C)S1,5.316779101559695,1
Cl[Pt]Cl,2.9839464308038095,1
CN[C@@H](C)C(=O)N[C@H](C(=O)N1CCC[C@H]1C(=O)N[C@H]1c2ccccc2C[C@H]1OCC#CC#CCO[C@@H]1Cc2ccccc2[C@@H]1NC(=O)[C@@H]1CCCN1C(=O)[C@@H](NC(=O)[C@H](C)NC)C1CCCCC1)C1CCCCC1,2.6156635565587756,1
CC1=CC(=O)C=C[C@]2(C)[C@H]3C(=O)C=C(C)[C@@]4(Cc5c(c(C)c(C)oc5=O)O4)[C@]3(C)CC[C@@H]12,2.5393780386539078,1
Sc1ncnc2nc[nH]c12,2.600299924457346,1
CC(=O)[O-],0.8361726201100224,1
Cc1cc(=O)oc2cc(OCc3ccc(C(=O)NCCNC(=O)NCc4cccs4)cc3)ccc12,1.9926144826663448,2
CCN1C(=O)CC(c2cc3ccccc3[nH]2)C1=O,2.969340631943061,1
CCCCCCCC/C=C\CCCCCCCC(=O)OC(=O)CNC.[Na],1.7976564077262722,1
Cl[Bi](Cl)Cl,1.9758120905663121,1
O=C(Nc1ncc([N+](=O)[O-])s1)c1ccccc1,2.3174556633377166,1
O=C(O)CCCC[C@@H]1CCSS1,2.193992656659161,12
COc1ccc2c(c1)C(c1ccc(OC)c(OC)c1OC)C(=O)O2,2.2008925706977367,1
NNc1ccc([N+](=O)[O-])cc1[N+](=O)[O-],1.6966793115436303,8
CON=C(C(=O)N[C@@H]1C(=O)N2C(C(=O)[O-])=C(CSc3nc(C)c(CC(=O)[O-])s3)CS[C@H]12)c1csc(N)n1.[Na+].[Na+],1.4973768517105452,1
[C-]#N.[Na+],3.835631998974582,8
CC(=O)O[Sn](c1ccccc1)(c1ccccc1)c1ccccc1,3.2916545296425723,1
O=S(=O)([O-])C(F)(F)C(F)(F)C(F)(F)C(F)(F)C(F)(F)C(F)(F)C(F)(F)C(F)(F)F,3.298529510897031,6
ClC(Cl)=C(Cl)Cl.ClC(Cl)=C(Cl)Cl,1.9898986496181401,2
[O-2].[O-2].[O-2].[O-2].[O-2].[V+5].[V+5],3.325293657653813,1
CC(CN)CCCN,1.837349322203646,1
C#CCN(C)[C@H](C)Cc1ccccc1,2.7910626857122725,4
CC(=O)O[C@@H]1[C@@H](O)[C@H]2O[C@@H]3C=C(C)C(=O)[C@@H](O)[C@]3(CO)[C@]1(C)[C@@]21CO1,4.905985888612165,6
C[C@@H]1CCC[C@H](C)N1CCCC(O)(c1ccccc1)c1ccccn1.Cl.O,3.038178655364546,1
CC(=O)[O-].CC[Sn+](CC)CC,4.821089179864433,1
[K+].[O-][Br+2]([O-])[O-],2.716208838169165,8
CC(Cc1ccc(O)cc1)NCC(O)c1cc(O)cc(O)c1,2.042622758589883,1
Cc1c(C(=O)NCCO)[n+](=O)c2ccccc2n1[O-],2.201050820634852,3
CCN(CC)C(=S)OCc1ccc(Cl)cc1,2.297315975420225,1
CCc1cc(Cl)ccc1OC(N)=O,2.239543194627114,1
O[B-]1(O)OO[B-](O)(O)OO1.[Na+].[Na+],1.978002161018285,1
O=C(O)CCCCC(=O)O,1.8549571166492034,6
O=[Si]([O-])[O-].[Na+].[Na+],1.979374069964471,9
NNC(=O)CC1C(=O)c2ccccc2C1=O,2.2665037204415115,1
N#C[Fe-4](C#N)(C#N)(C#N)(C#N)C#N.[Na+].[Na+].[Na+].[Na+],2.1025380358856505,1
CCC(=O)O[C@H]1[C@H](O[C@@H]2[C@@H](C)[C@H](O[C@H]3C[C@@](C)(OC)[C@@H](O)[C@H](C)O3)[C@@H](C)C(=O)O[C@H](CC)[C@@](C)(O)[C@H](O)[C@@H](C)C(=O)[C@H](C)C[C@@]2(C)O)O[C@H](C)C[C@@H]1N(C)C.CCCCCCCCCCCCOS(=O)(=O)O,2.955879867149588,2
O=c1ccoc2ccccc12,2.479042223003234,1
CCc1cc([N+](=O)[O-])ccc1Sc1ccccc1.O=[PH](O)O,4.436605799720862,4
O=C(O)/C=C\C(=O)O.c1ccc2nc(N3CCNCC3)ccc2c1,2.9711229160745836,1
CN(C(=O)[O-])c1cccc2c1OC(C)(C)C2,4.365188368127098,4
CN(C)CCC[N+](C)(C)[O-],2.914628357287453,2
Cc1c2oc3c(C)ccc(C(=O)N[C@@H]4C(=O)N[C@H](C(C)C)C(=O)N5CCC[C@H]5C(=O)N(C)CC(=O)N(C)[C@@H](C(C)C)C(=O)O[C@@H]4C)c3nc-2c(C(=O)N[C@@H]2C(=O)N[C@H](C(C)C)C(=O)N3CCC[C@H]3C(=O)N(C)CC(=O)N(C)[C@@H](C(C)C)C(=O)O[C@@H]2C)c(N)c1=O,5.241462773447026,4
C=CC(C)(C)O,1.6285709399508943,4
CN(C)c1ccc(N=Nc2ccc(S(=O)(=O)[O-])cc2)cc1.[Na+],3.7368491544312086,3
N[C@@H](CS)C(=O)O,1.8069010449435798,5
Nc1nc2ncc(CNc3ccc(C(=O)O)cc3)nc2c(=O)[nH]1,2.3249322084997766,3
O=C1c2ccccc2CN2C(=O)c3ccccc3CN12,1.422070871334332,1
O=P([O-])([O-])[O-].[Al+3].[Na+],1.4145600507518088,1
O=C([O-])CCCCCCCNC(=O)c1ccccc1O.[Na+],1.2237525710346264,1
CC(C)CCC(C)C,0.7056052624769693,1
O=[NH+]C=C1C=CN(COCN2C=CC(=C[NH+]=O)C=C2)C=C1,2.4184625018864767,1
[O-2].[Zn+2],1.211595708143889,3
O=[Se]([O-])[O-].[Se+2],4.216782189372105,1
[Cl-].[Na+],1.2896112463483003,17
COc1cc(/C=C/C(=O)O)ccc1OCc1cn(CC(=O)Nc2ccc(Cl)cc2)nn1,2.240748368074745,1
[Al],1.8400095309250863,4
CCc1c([SH]=P([O-])([O-])[O-])ccc([N+](=O)[O-])c1CC,4.9856614475056436,1
CC.CC.CC.CC.CC,1.168503260674619,1
Cc1cnc(Nc2ccc(OCCN3CCCC3)cc2)nc1Nc1cccc(S(=O)(=O)NC(C)(C)C)c1,2.288539850670457,1
O=[Ti]=O,0.8231752499488723,9
C=CCSC[C@H](N)C(=O)O,1.199064615674639,2
O=S([O-])S(=O)[O-],1.7097108174744493,1
CC1(C)[C@@](C#N)(C=C(Cl)Cl)[C@]1(Cc1cccc(Oc2ccccc2)c1)C(=O)[O-],3.1064743871637672,1
CCCCCCCCCOC(=O)c1ccccc1C(=O)OCCCCCCCCC,1.667575389032061,1
O=C(Nc1ccc(-c2nn[nH]n2)cc1)c1ccc(-c2nn[nH]n2)cc1,1.5228548584269381,1
CCCC([O-])Cc1ccc2c(c1)OCO2,1.376103505804374,6
CC[C@H](C)[C@H](NC(=O)[C@H](C)NC(=O)[C@@H](N)CCC(N)=O)C(=O)O,2.916960330113637,1
CC(C)CC1NC(=O)C2CCCN2C1=O,2.3685492629172407,1
CN(C)CCCN1c2ccccc2CCc2ccccc21.Cl,2.705009329885751,1
CCCCCCC(O)CC=CCCCCCCCC(=O)OCCN(CCOC(=O)CCCCCCCC=CCC(O)CCCCCC)CCOC(=O)CCCCCCCC=CCC(O)CCCCCC,5.416091051942552,1
Cc1ccccc1N(C(C)C)C(C)C,2.737687787845972,1
CC(=O)O[C@H]1[C@H]2O[C@H]2C2=CC(=O)[C@]3(C[C@]2(C)[C@H]1C)O[C@]3(C)C=O,3.444914686615618,3
CCCCCCCCCC(=O)[O-].[Na+],1.720159303405957,1
O=c1c(O)c(-c2ccc(O)c(O)c2)oc2cc(O[C@@H]3O[C@H](CO)[C@@H](O)[C@H](O)[C@H]3O[C@@H]3O[C@H](CO)[C@@H](O)[C@H](O)[C@H]3O)cc(O)c12,2.3561832387791553,1
CN(C)C(=S)[S-].CN(C)C(=S)[S-].[Zn+2],2.3393577292161636,6
Nc1ncnc2c1ncn2C[C@@H](O)[C@@H](O)C(=O)O,1.7313967163275361,1
OC[C@H]1O[C@@H](O)[C@@H](O)[C@@H](O)C1O[C@@H]1O[C@H](CO)[C@@H](O[C@@H]2O[C@H](CO)[C@@H](O[C@@H]3O[C@H](CO)[C@@H](O)[C@H](O)[C@@H]3O)[C@H](O)[C@H]2O)[C@H](O)[C@@H]1O,2.3766935961224362,1
OCC[N+](CCO)(CCO)Cc1ccccc1.[Cl-],3.1975184193859603,1
COC(=O)[C@@]12Oc3ccc(-c4ccc5c(c4O)C(O)=C4C(=O)C[C@H](C)[C@@H](O)[C@]4(C(=O)OC)O5)c(O)c3C(O)=C1C(=O)C[C@H](C)[C@H]2O,4.410776394456677,2
NC(=O)c1cnccn1,2.1167213459976657,1
CC1(C)[C@@H](O[C@H]2O[C@H](C(=O)O)[C@@H](O)[C@H](O)[C@H]2O[C@@H]2O[C@H](C(=O)O)[C@@H](O)[C@H](O)[C@H]2O)CC[C@]2(C)[C@H]3C(=O)C=C4[C@@H]5C[C@@](C)(C(=O)O)CC[C@]5(C)CC[C@@]4(C)[C@]3(C)CC[C@@H]12,2.216399223382231,1
NC1CCCc2nc3ccccc3cc21,3.2878039203663363,1
C[NH2+]C(C)(C)C(=O)[O-],1.7677048828739665,1
C[C@H]1CCC/C=C/[C@@H]2C[C@H](O)C[C@H]2[C@H](O)/C=C/C(=O)O1,3.008389553677332,1
Cl,1.9201870093267333,2
Cn1c(-c2ccccc2)c(O)c(=O)c2ccccc21,2.6887811858504405,1
Clc1ccc(C(Cn2ccnc2)OCc2csc3c(Cl)cccc23)c(Cl)c1,1.7381649378898976,1
O=c1c(O[C@@H]2O[C@H](CO)[C@@H](O)[C@H](O)[C@H]2O)c(-c2ccc(O)c(O)c2)oc2cc(O)cc(O)c12,2.437402641037971,2
CC1=C2C(=CO[C@@H](C)[C@@H]2C)C(O)=C(C(=O)O)C1=O,3.699404081815337,3
COP(=S)(OC)OCC=[SH](=O)C(C)C,3.384211538519601,2
[F-].[Na+],2.74231159624974,23
c1ccc2c(c1)Oc1ccccc1[As]2O[As]1c2ccccc2Oc2ccccc21,4.09884525398054,1
[Y],1.9150702592544682,2
F[Co]F,2.8103624731624652,1
CCNP(=S)(OC)O/C(C)=C/C(=O)OC(C)C,3.3736443846064814,1
CN(C)C(=O)Oc1cccc([N+](C)(C)C)c1.[Br-],3.6886764528703155,2
COc1cc(O)cc2c1C(=O)C(O)(Cc1ccc(O)cc1)O2,2.0410795931642327,1
CC(=Nc1ccc(N=Cc2ccc(C=Nc3ccc(N=C(C)N(C)C)cc3)cc2)cc1)N(C)C,2.3544732182728647,3
O=c1ccn(O)c(-c2c(O)c(=O)ccn2O)c1O,2.416287610613794,1
C[Hg]N=C(N)NC#N,3.697082518269333,1
CCCCC(O)Cn1ncc(C(=O)OCC)c1NC(=S)NC(=O)c1cccc(F)c1,2.250827118110143,1
CC(=O)OC[C@]12CCC(C)=C[C@H]1O[C@@H]1[C@H](OC(C)=O)C[C@@H](OC(C)=O)[C@@]2(C)[C@@]12CO2,5.264072150631481,1
O=[PH]([O-])[O-],0.30091597839706097,1
N=C(N)N.O=[N+]([O-])O,2.157179722850988,2
CCCCCCCCCC(=O)O,1.6680028875997608,5
N#Cc1c(-c2nnc(NN)n2-c2ccccc2)nn(-c2ccccc2)c1-c1ccccc1,3.610468414447261,1
N->[Ag+]<-N.[F-],2.490628270306034,1
CC(CO)CC(C)c1ccccc1,1.6947879443525933,3
CC(C1=C(CCN(C)C)Cc2ccccc21)c1ccccn1.O=C(O)/C=C\C(=O)O,2.820032834175076,1
O=C1c2ccccc2C(=O)c2ccccc21,1.6195440947324595,1
Cl.O=C(O)CCP(CCC(=O)O)CCC(=O)O,-1.0867191283878244,1
[Na+].[O-]c1c(Cl)c(Cl)c(Cl)c(Cl)c1Cl,3.0531663461618175,6
COc1cc2c(cc1O)N=CC1CCC(O)N1C2=O,3.3468583293342347,1
O=C([O-])CS.[Na+],2.3548589142179024,1
[NH-]Cc1ccccc1O,1.785852809256237,1
CC1=CC(=O)C(C(C)C)=CC1=O,2.315399169751502,39
CC(=O)OC[C@]12C[C@H](OC(=O)CC(C)C)C(C)=C[C@H]1O[C@@H]1[C@H](O)[C@@H](OC(C)=O)[C@@]2(C)[C@]12CO2,5.046120449463093,36
O=C(O)/C=C\C(=O)O.O=C1Cc2cc3c(CCC4CCN(Cc5ccccc5)CC4)noc3cc2N1,4.068313108885046,1
O=C(CN1C(=O)SC(=Cc2ccc(Cl)cc2Cl)C1=O)Nc1ccc(C(=O)Nc2cccc(Cl)c2)cc1,2.477931987386346,1
CC[C@@H](C(N)=O)N1CCCC1=O,1.987952126040366,1
N#Cc1ccc(C(c2ccc(C#N)cc2)n2cncn2)cc1,3.0528664549182563,1
C[C@]12CC[C@@H]3c4ccc(O)cc4CC[C@H]3[C@@H]1CC[C@@H]2O,1.657036720520182,1
Cc1c2c(nn1C)CCCC2N,1.950943457901535,1
O=[N+]([O-])[O-].O=[N+]([O-])[O-].O=[N+]([O-])[O-].[Al+3],1.69692360060588,1
O=c1[nH]c(=O)c2ccccc2[nH]1,2.2754131450320254,1
O=c1cc(O)c1=O,3.3723852714857823,24
CC(C)=CCC[C@](C)(O)[C@H]1CC[C@]2(C)[C@@H]1[C@H](O)C[C@@H]1[C@@]3(C)CC[C@H](O[C@@H]4O[C@H](CO)[C@@H](O)[C@H](O)[C@H]4O[C@@H]4O[C@H](CO)[C@@H](O)[C@H](O)[C@H]4O)C(C)(C)[C@@H]3CC[C@]12C,2.99179350056753,3
COc1ccc(-c2c3n(c4c(=O)oc5cc(O)c(OC)cc5c24)CCc2c-3cc(OC)c(OC)c2OC)cc1O,0.16384207548249252,1
O=P([O-])([O-])OP(=O)([O-])[O-].[K+].[K+].[K+].[K+],2.0192648789083587,5
O=C([O-])CCl.[Na+],2.5503737897515633,2
[O-]Cl,1.7819833352516428,1
S=C([S-])NCCNC(=S)[S-].[Zn+2],1.7101591013673993,5
CC(O)Oc1ccccc1,2.0400306395338452,1
O=C1NC(=S)SC1=Cc1ccc(OS(=O)(=O)c2ccc3ccccc3c2)cc1,2.542120000424393,1
[Br-].c1cc[n+]2c(c1)-c1cccc[n+]1CC2,2.6814813489961358,1
CCCCCCCCCCCC(=O)O[Sn](CCCCCCCC)(CCCCCCCC)OC(=O)CCCCCCCCCCC,2.06188886880204,1
C[C@H]1CCCC(=O)CCC/C=C/c2cc(O)cc(O)c2C(=O)O1,1.461538088152448,10
O=S(=O)([O-])[O-].[K+].[K+],1.4216512819277476,2
O=N[O-].[Na+],2.5835451138790235,8
CS(=O)(=O)OCCCCOS(C)(=O)=O,4.245346955678336,1
CCCCCCCCCCCCOS(=O)(=O)c1ccccc1.[Na],2.443066693918016,2
C=C1C[C@@]23CC[C@H]4[C@@](C)(CCC[C@@]4(C)C(=O)O[C@@H]4O[C@H](CO)[C@@H](O)[C@H](O)[C@H]4O)[C@@H]2CC[C@]1(O[C@@H]1O[C@H](CO)[C@@H](O)[C@H](O)[C@H]1O[C@@H]1O[C@H](CO)[C@@H](O)[C@H](O)[C@H]1O)C3,1.9919172836082675,3
CC1CCN(CCCC(=O)c2ccc(F)cc2)CC1,2.9020292773939595,2
CCCC[N+]1(C)CCCC1.[Cl-],2.5093711713670515,1
CN1C(C)(C)CCCC1(C)C,2.519031648457016,1
CC(C)(O/N=C/c1ccc(Cl)cc1)C(=O)O,2.5381318902283025,1
NCC(=O)O.NCC(=O)O.[Fe+2].[Fe+2],1.9708514221400417,1
CN1CCCC1CCOC(=O)C(C)(c1ccccc1)c1ccccc1,3.4351548566377703,1
Cc1sc2ccccc2c1CC1=NCCN1,2.3209691354785735,1
O=S(=O)(O)CC(S)CS,3.7129129673969565,2
O=S(=O)([O-])[O-].[Cd+2],2.8718959511664988,2
CCCCCCCCCCOS(=O)(=O)[O-].[Na+],2.12549127525351,1
CC[C@@H](C(=O)O)[C@@H]1O[C@@H]([C@@H](C)[C@H](O)[C@H](C)C(=O)[C@H](CC)[C@H]2O[C@]3(C=C[C@@H](O)[C@]4(CC[C@@](C)([C@H]5CC[C@](O)(CC)[C@H](C)O5)O4)O3)[C@H](C)C[C@@H]2C)[C@@H](C)C[C@@H]1C,4.559400552117941,1
CCOC(=O)OCC,1.3821714766955862,1
CCOC(=O)/C=C\C(=O)OCC,1.7588614487621772,1
Cc1ccc(O)cc1.Cc1cccc(O)c1,2.0318203034830984,5
Cc1ccc(S(=O)(=O)[O-])cc1,3.1418327516731375,2
O=C([O-])C1=NN(c2ccc(S(=O)(=O)[O-])cc2)C(=O)C1/N=N/c1ccc(S(=O)(=O)[O-])cc1.[Na+].[Na+].[Na+],1.795745363874594,4
CCC(=O)O.N#CC#N,3.178560466785167,5
O.O.O.O.O.O=S(=O)([O-])[O-].O=[V+2],2.7519815278219366,3
N#Cc1c(-c2nnc(S)o2)nn(-c2ccccc2)c1-c1ccccc1,3.0290227984191658,1
O=[AsH]1c2ccccc2Oc2ccccc21,3.8131204323277927,2
CC(=O)OC[C@]12CCC(C)=C[C@H]1O[C@@H]1[C@H](O)C[C@@H](OC(C)=O)[C@@]2(C)[C@@]12CO2,4.716959888193296,3
C[n+]1ccccc1C=NO.[I-],2.74283007225013,1
COc1ccc2c(c1)[C@]13CCCC[C@@H]1[C@H](C2)N(C)CC3,3.118463340129308,2
CCC[14C](=O)[O-],1.3477701472546624,2
[Mn],1.8514525447034722,14
O=[N+]([O-])[O-].O=[N+]([O-])[O-].[Co+2],2.4228330013405794,3
C=CCC1(C(C)CCC)C(=O)NC(=O)NC1=O,3.3278823269265096,1
Cl.ClCCN(CCCl)CCCl,4.681728224856785,6
CC(C)C[C@H](NC(=O)CNC(=O)[C@H](Cc1ccc(O)cc1)NC(=O)[C@H](CO)NC(=O)[C@H](Cc1c[nH]c2ccccc12)NC(=O)C(Cc1cnc[nH]1)NC(=O)C(N)CCC(=O)O)C(=O)N[C@H](CCCN=C(N)N)C(=O)N1CCC[C@@H]1C(=O)NCC(N)=O,4.778269217694726,1
O=P([O-])([O-])O.[Na+].[Na+],1.0405613472048376,1
NC(=O)CN1CCCC1=O,1.4045832778088148,1
CO[C@@]12[C-](COC(N)=O)C3=C(C(=O)C(C)=C(N)C3=O)N1C[C@@H]1N[C@@H]12,2.427000131386055,1
CC[C@@H]1NC(=O)[C@@H]2C(Cl)C(Cl)CN2C(=O)[C@H](CO)NC(=O)C[C@H](c2ccccc2)N[C@@H](CO)C(=O)NC1=O,5.058764520722857,1
CN(C)c1ccc(C(=C2C=CC(=[N+](C)C)C=C2)c2ccc(N(C)C)cc2)cc1.[Cl-],2.797735097369326,10
C=CC,0.925116047373391,1
CCCCCCBr,2.1291882048627744,1
O=C([O-])c1snc(Cl)c1Cl.[K+],2.293951528501532,1
C[C@H]1C(=O)CC[C@@H]2[C@]1(C)CC[C@H]1[C@@]2(C)CC[C@@]2(C)[C@@H]3CC(C)(C)CC[C@]3(C=O)CC[C@]12C,2.204822182100193,1
ClC(=C(Cl)c1cccc(Cl)c1Cl)c1ccccc1,2.5579854170793213,1
O=[Hg],4.080363891042825,1
CC(C)=CCC/C(C)=C/CC/C(C)=C/CC/C(C)=C/CC/C(C)=C/CC/C(C)=C/CC/C(C)=C/CC1=C(C)C(=O)c2ccccc2C1=O,2.511225407802116,1
COC[C@H]1OC(=O)c2coc3c2[C@@]1(C)C1=C(C3=O)[C@@H]2CCC(=O)[C@@]2(C)C[C@H]1OC(C)=O,5.029826978306067,1
Cl.NNc1ccccc1,2.886025460533474,1
C=CCc1ccc(O)c(C)c1,1.9107914677215243,1
C[C@@H]1O[C@@H](O[C@H]2[C@H](OC(=O)[C@]34CCC(C)(C)C[C@H]3C3=CC[C@@H]5[C@@]6(C)C[C@H](O)[C@H](O[C@@H]7O[C@H](CO)[C@@H](O)[C@H](O)[C@H]7O)C(CO)(CO)[C@@H]6CC[C@@]5(C)[C@]3(C)C[C@H]4O)OC[C@H](O)[C@@H]2O)[C@H](O)[C@H](O)[C@H]1O[C@@H]1OC[C@@H](O)[C@H](O[C@@H]2OC[C@](O)(CO)[C@H]2O)[C@H]1O,3.185164851718173,1
c1ccc([Se][Se]c2ccccc2)cc1,3.000183701116001,3
C[n+]1cc2c3c(ccc2c2ccc4cc5c(cc4c21)OCO5)OCO3.[Cl-],2.3460130289792627,3
O=C1NC(c2ccc(OC(F)F)cc2)Nc2ccccc21,2.015276731376712,1
O=S=O,1.6475891630011246,2
O=C1C[C@@H]2OCC=C3CN4CC[C@]56c7ccccc7N1[C@H]5[C@H]2[C@H]3C[C@H]46,4.697684687001152,12
ClP(Cl)Cl,2.3974122177051296,1
CCCCCCCCCCCCCC(=O)OC,2.535052988224686,2
CC(=O)Nc1ccc(C(=O)N/N=C(\C)c2ccc(NC(=O)c3cccnc3)cc2)cc1,1.787228154994151,1
CC(CCO)CC(C)(C)C,1.7974120707981567,1
CN1CCN(C[C@H]2C(=O)Nc3ccccc3S[C@H]2c2ccccc2)CC1.Cl,2.661876117660529,3
Nc1c(Oc2ccccc2)cc(O)c2c1C(=O)c1ccccc1C2=O,1.8212868238587139,1
O=C(O)CCP(CCC(=O)O)CCC(=O)O,1.8541966951600273,1
Oc1ccc([C@H]2COc3cc(O)ccc3C2)cc1,4.66514131558111,3
CC[C@H](C)[C@@H]1NC(=O)C(C(C)=O)C1=O,3.0546908890952675,8
O=C=[Fe],0.4464077085571989,1
[F-],2.4036466199462754,3
CCOP(=O)(NC(=O)Nc1ccccc1NC(=O)NS(=O)(=O)c1ccc(C)cc1)OCC,3.676667613924317,1
O=C(O)c1cc(Br)ccc1O,1.494510952191468,1
[Cl-].[Cl-].[Cl-].[Cl-].[Cl-].[Cl-].c1ccccc1,3.4596083789981007,2
CC(C)N(CC[SH]=P(C)(O)O)C(C)C,5.583283360370602,1
O=P(O)(NCCCl)NCCCl,1.7929894363531784,1
O[C@@H]1CCN2Cc3ccccc3N=C12,2.4685088682536716,1
O=C(/C=C/c1ccc(O)c(O)c1)O[C@@H]1C[C@](O)(C(=O)O)C[C@@H](OC(=O)/C=C/c2ccc(O)c(O)c2)[C@H]1O,2.379786787391089,3
C=C1C2CCC(C2)[C@]1(C)CC/C=C(\C)CO,1.7633412836496642,1
[Ce+4].[O-2].[O-2],3.2789092717095367,2
O=C1CCC[C@@H]2[C@H]3C[C@@H](CN12)[C@@H]1CCCCN1C3,2.1739458153578655,15
CN1CCOC(c2ccccc2)c2ccccc2C1,3.1532923351954856,5
CCCc1nc2cc([N+](=O)[O-])ccc2n1Cc1cccc2c1ccn2-c1ccccc1C(=O)O,2.247046967015813,1
[Br-].[K+],2.0755542603981176,2
CCCCC(=O)O,1.8477980865934271,1
CC(C)=CCC/C(C)=C/C(=O)O,1.6577172098945612,1
Nc1ncnc2c1ncn2[C@@H]1O[C@H](CSCC[C@H](N)C(=O)O)[C@@H](O)[C@H]1O,2.797456610987341,1
CC(=O)OCC[N+](C)(C)C,1.7670370684388486,1
O=C(O)c1cc(O)c(O)c(O)c1,1.9297253783780048,3
OC[C@H]1O[C@@](CO)(O[C@H]2O[C@H](CO)[C@@H](O)[C@H](O)[C@H]2O)[C@@H](O)[C@@H]1O,1.0572818381396432,15
O=C(O)c1ccc(C(=O)O)cc1,2.1673748499245593,1
CCCC(O)Cn1ncc(C(=O)OCC)c1NC(=S)NC(=O)c1cccc(F)c1,2.236642126040229,1
CCCNC(=N)C(OCC)c1ccccc1.Cl,2.685280250962588,1
CS(C)=O.O,0.8215858031593211,1
O=C(Cn1cc(CN2C(=O)c3ccccc3C2=O)nn1)N1CCOCC1,2.8516912040540796,1
CC[Sn](C)CC,4.340999022531442,1
O=C([O-])C[NH+](CC[NH+](CC(=O)[O-])CC(=O)[O-])CC(=O)[O-].[Na+].[Na+],2.2255780475100218,3
COc1cc([C@@H]2c3cc4c(cc3[C@H](O)[C@H]3COC(=O)[C@H]23)OCO4)cc(OC)c1OC,2.9184602223539082,1
CC(=O)c1c(C(C)=O)c(-c2ccccc2)c2c(c1C(C)=O)N(c1ccccc1)C(=O)C2=O,2.9298683156514733,2
CN1CCN(CC/C=C2/c3ccccc3Sc3ccc(S(=O)(=O)N(C)C)cc32)CC1,3.9066660492531637,1
CNNCc1ccc(C(=O)NC(C)C)cc1,2.198861228055744,3
O=C1c2c(O)cc(O)cc2O[C@@H](c2ccc(O)c(O)c2)[C@@H]1O,5.128935734224806,1
CO[C@@H]1[C@@H](OC(N)=O)[C@@H](O)[C@H](Oc2ccc3c(O)c(NC(=O)c4ccc(O)c(CC=C(C)C)c4)c(=O)oc3c2C)OC1(C)C,2.243131633494843,1
O=N[O-].[K+],2.628914874179493,1
CC(C)=CCC/C(C)=C/CC/C(=C/CC/C(C)=C/CO)CO,1.4756924437541192,1
O=[W](=O)=O,2.3402867882306415,1
CC(C)[C@H](C(=O)O[C@H](C#N)c1cccc(Oc2ccccc2)c1)c1ccc(Cl)cc1,3.6836348961864056,2
CCC(C)C(C(=O)OC1CC[N+](C)(C)CC1)c1ccccc1,2.6201988241873653,1
CCCCCCCCCCCCC[N+](C)(C)Cc1ccccc1,3.1229922705445694,1
CCN(CC)c1ccc(C(=C2C=CC(=[N+](CC)CC)C=C2)c2cc(O)c(S(=O)(=O)[O-])cc2S(=O)(=O)[O-])cc1.CCN(CC)c1ccc(C(=C2C=CC(=[N+](CC)CC)C=C2)c2cc(O)c(S(=O)(=O)[O-])cc2S(=O)(=O)[O-])cc1.[Ca+2],2.0642520249082015,1
[Co+2].[Co+3].[Co+3].[O-2].[O-2].[O-2].[O-2],1.816744792220394,1
[Al+3].[Al+3].[O-2].[O-2].[O-2],1.0084340862357561,1
O=C(CC(=O)Nc1ccccc1)NCc1ccccc1,1.5681887755135686,1
COc1ccc(N2CCNCC2)cc1,3.0797734730796553,1
O=[Os](=O)(=O)=O,4.259091928632214,2
C=C1/C(=C\C=C2/CCC[C@]3(C)[C@@H]([C@H](C)CCCC(C)(C)O)CC[C@@H]23)C[C@@H](O)C[C@@H]1O,5.489433448252851,2
NC(=O)c1cc[n+](C/C=C/C[n+]2ccc(CN=O)cc2)cc1,2.7734113342955204,1
O=[N+]([O-])NC1=NCCN1Cc1ccc(Cl)nc1,2.784421987697797,1
[Pt+4],5.290208294420983,1
CC1=C(O)c2c(cc(O)c3c2O[C@H](C)[C@@]3(C)C/C=C(/C)C2(C)CCCC2C)C(=O)C1=O,3.841874336388248,1
CC(=O)Nc1ccc2cc(S(=O)(=O)[O-])c(/N=N/c3ccc(S(=O)(=O)CCOS(=O)(=O)[O-])cc3)c(O)c2c1.[Na+].[Na+],2.0917000119501497,1
CC(C)I,2.1164876859892927,1
[Fe+2].c1cc[cH-]c1.c1cc[cH-]c1,2.1490207274040536,2
CC(C)[C@@H](C)C=C[C@@H](C)[C@H]1CC[C@H]2[C@@H]3CC=C4C[C@@H](O)CC[C@]4(C)[C@H]3CC[C@]12C,2.72442426369284,1
CC(C)(CO)[C@@H](O)C(=O)NCCC(=O)O,1.3409138506326022,2
CCCCOC(=O)c1ccccc1C(=O)Oc1ccc2ccccc2c1,1.6752491783857875,1
CC#Cc1ccccc1OC(C)=O,1.8431056489127617,1
C=C1C(=O)N[C@H](C)C(=O)N[C@@H](CC(C)C)C(=O)N[C@@H](C(=O)O)[C@H](C)C(=O)N[C@@H](CCCNC(=N)N)C(=O)N[C@@H](/C=C/C(C)=C/[C@H](C)[C@H](Cc2ccccc2)OC)[C@H](C)C(=O)N[C@@H](C(=O)O)CCC(=O)N1C,5.298935562703547,1
CC[Sn](Cl)Cl,4.385564569793937,1
CC1=C(/C=C/C(C)=C/C=C/C(C)=C/C=C/C=C(C)/C=C/C=C(C)/C=C/C2=C(C)C[C@@H](O)CC2(C)C)C(C)(C)C[C@H](O)C1,4.75502524612924,1
CC(C)CCCCCOC(=O)CS[Sn](Cc1ccccc1)(Cc1ccccc1)SCC(=O)OCCCCCC(C)C,2.5945343451858736,1
CC1=C(O)C(=O)C=C2C1=CC=C1[C@@]2(C)CC[C@@]2(C)[C@@H]3C[C@](C)(C(=O)O)CC[C@]3(C)CC[C@]12C,1.539866147156415,1
O=C(Nc1ccccc1)C(=NNc1ccccc1)NN=C1CCc2cc(Br)ccc21,2.2515700927978806,2
O=C([O-])[O-].[Tl+].[Tl+],4.309235680026436,1
CCCC(O)Cn1ncc(C(=O)OCC)c1NC(=S)NC(=O)c1ccccc1F,2.236642126040229,1
Nc1ccc(S(=O)(=O)[N-]c2nccs2)cc1.[Na+],2.4984765942495506,3
O.Oc1cc(O)c2c(c1)O[C@H](c1ccc(O)c(O)c1)[C@@H](O)C2,1.909170206212841,1
CCCCCN(CCC12CC3CC(CC(C3)C1)C2)C(=O)NCCCc1ccncc1,2.4432998988633283,2
CC=C(C)C(=O)O[C@@H]1CCN2CC=C(COC(=O)[C@@](O)([C@H](C)O)C(C)(C)O)[C@H]12,2.884972409768403,1
Cl.NO,2.5586273326716427,1
O=c1c2ccccc2c(=O)c2c1ccc1c2[nH]c2c3c(=O)c4ccccc4c(=O)c3c3[nH]c4c(ccc5c(=O)c6ccccc6c(=O)c54)c3c12,2.1116750990587962,1
CC#C[C@]1(O)CC[C@H]2[C@@H]3CCC4=CC(=O)CCC4=C3[C@@H](c3ccc(N(C)C)cc3)C[C@@]21C,2.155947061663272,1
CCN(C(=S)[S-])c1ccccc1.CCN(C(=S)[S-])c1ccccc1.[Zn+2],2.9181687930043396,1
CC(CN1c2ccccc2Sc2ccccc21)[N+](C)(C)C,2.748391091047485,2
O=[Si]=O,1.2790717548281303,7
C=C(c1ccccc1OCc1cccc(Cl)c1)n1ccnc1.Cl,2.1426959923523228,1
CO[C@H]1C[C@@H](C[C@H]2O[C@@](O)([C@H](C)C(=O)O)[C@H](C)[C@H](OC)[C@@]2(C)O[C@H]2CC[C@@H](OC)[C@H](C)O2)O[C@]2(O[C@@](C)([C@@H]3CC[C@H]([C@H]4CC[C@H]([C@H]5O[C@](C)(O)[C@H](C)C[C@@H]5C)O4)O3)[C@H](OC)[C@H]2C)[C@@H]1C,4.961500826061723,1
NCCc1ccccc1,2.110313846065339,1
[Rh+3],1.898497345010742,1
CN1CCN(CCCN2c3ccccc3Sc3ccc(S(=O)(=O)N(C)C)cc32)CC1,2.77489829616458,1
Cc1cc(C2CCCCC2)n([O-])c(=O)c1.[NH3+]CCO,2.0316423782335113,3
C=CS(=O)(=O)F,3.3428528140961484,1
C=C1C=COC1=O,1.4888224620140378,2
Cc1cc(OC(C)(N)O)ccc1[N+](=O)[O-],2.3267556125852424,1
CO/C=C(/C(=O)OC)c1ccccc1COc1cc(-c2ccc(Cl)cc2)nn1C,2.61109103503732,6
CC1=C(N2CCCC2)C(=O)C(C)O1,0.9572120764794345,1
O.O.O.O.O.O.O.O.O.O=[N+]([O-])[O-].O=[N+]([O-])[O-].O=[N+]([O-])[O-].[Al+3],2.014034799490002,1
COc1nc(N)nc2c1ncn2[C@H]1CC[C@@H](CO)O1,2.247601789842079,1
O=C(O)CI,3.1690209664635005,1
CCOC(=O)C(C)(CCl)Oc1ccccc1,2.4119455015760143,1
O=C(C(Cl)c1ccccc1)C(Cl)c1ccccc1,3.4846555117940143,6
CCOc1c(OC)cc2c3c1Oc1cc4c(cc1OC)CCN(C)[C@H]4Cc1ccc(cc1)Oc1cc(ccc1OC)C[C@@H]3N(C)CC2,2.8039955527186797,1
O=C(CN1C(=O)SC(=Cc2ccc(Cl)cc2Cl)C1=O)Nc1ccc(C(=O)NNC(=O)c2cccc(Cl)c2)cc1,2.4823093906428695,1
CN(C)c1ccc(N=O)cc1,3.6084132677415983,1
CCOP(C)(=O)SCCN(C(C)C)C(C)C,6.347939551531959,7
CCCCCCCCCCCC(=O)[O-].CCCCCCCCCCCC(=O)[O-].CCCC[Sn+2]CCCC,3.5573841315018875,3
CCCCCCCCN(N=O)C(N)=O,2.1576510109172937,1
[Cl],1.2072303098483537,3
C/C=C/C[C@@H](C)[C@@H](O)[C@H]1C(=O)N[C@@H](CC)C(=O)N(C)CC(=O)N(C)[C@@H](CC(C)C)C(=O)N[C@@H](C(C)C)C(=O)N(C)[C@@H](CC(C)C)C(=O)N[C@@H](C)C(=O)N[C@H](C)C(=O)N(C)[C@@H](CC(C)C)C(=O)N(C)[C@@H](CC(C)C)C(=O)N(C)[C@@H](C(C)C)C(=O)N1C,2.909872123467324,4
CC(CO)Cc1ccc(C(C)C)cc1,1.585013796722258,1
CCCBr,1.788850399125966,1
CC(=O)[O-].CC(=O)[O-].CCCC[Sn+2]CCCC,3.5079189733241987,1
CC1=C(CO)C(=O)O[C@@H]([C@@H](C)[C@H]2CC[C@H]3[C@@H]4C[C@H]5O[C@]56[C@@H](O)C=CC(=O)[C@]6(C)[C@H]4CC[C@]23C)C1,2.846582657220095,1
CCCCC[C@H](O)/C=C/[C@H]1[C@H](O)CC(=O)[C@@H]1CC=CCCCC(=O)O,1.9311733390098054,1
CCC#CC[C@H](C)[C@H](O)C#C[C@@H]1[C@H]2CC(=CCOCC(=O)O)C[C@H]2C[C@H]1O,4.57342514892513,1
C[N+]1(C)[C@@H]2CC[C@H]1CC(OC(=O)C(CO)c1ccccc1)C2.O=[N+]([O-])[O-],2.3401140332445083,2
[Li],1.1212627409964027,1
CCCCOC(=O)CC(O)C(=O)OCCCC,1.8197608698213656,1
CN(C)CCN(Cc1cccs1)c1ccccn1.Cl,3.1729748991995663,1
O=P([O-])([O-])[O-],1.4594530014472635,1
COc1ccc(CCO)c(N)c1N.O=S(=O)(O)O,2.724590728682046,4
N#C[Fe-3](C#N)(C#N)(C#N)(C#N)C#N.[K+].[K+].[K+],1.8492197945180666,6
C=C(C)[C@H]1CC=C(C)C(=O)C1,1.9618868006431986,3
O=c1c2cc(F)ccc2nc(-n2cncn2)n1-c1ccc(Cl)cc1Cl,3.526175370463415,1
O=C(CS)O[14CH2]C(O)CO,2.9902723485208718,5
CCn1cc(C(=O)O)c(=O)c2cc(F)c(-n3cccc3)cc21,1.7785694193488153,1
C[C@H]1CCCC(=O)CCCCCc2cc(O)cc(O)c2C(=O)O1,1.5056721747975796,1
Cc1ccc(S(=O)(=O)NCl)cc1,2.342350890677088,1
CC1CCN(C(=O)Cn2cc(CN3C(=O)c4ccccc4C3=O)nn2)CC1,2.866179786181577,1
CCN(CC)c1ccc2c(-c3ccccc3C(=O)O)c3ccc(=[N+](CC)CC)cc-3oc2c1.[Cl-],2.981383642081278,1
CCN1CCC(OC(=O)C(C)(c2ccccc2)c2ccccc2)CC1,3.8692613203493984,1
Cn1c(=O)c2c(ncn2CC(O)CN2CCN(CCCSc3ccccc3)CC2)n(C)c1=O,2.3522882065528017,1
Cc1c(C(=O)O)cc(C(=O)O)cc1C(=O)O,1.6516036127752867,2
CC[C@H](C)[C@H](N)C1=N[C@H](C(=O)N[C@@H](CC(C)C)C(=O)N[C@H](CCC(=O)O)C(=O)N[C@H](C(=O)N[C@H]2CCCCNC(=O)[C@H](CC(N)=O)NC(=O)[C@@H](CC(=O)O)NC(=O)[C@H](Cc3c[nH]cn3)NC(=O)[C@@H](Cc3ccccc3)NC(=O)[C@H]([C@@H](C)CC)NC(=O)[C@@H](CCCN)NC2=O)[C@@H](C)CC)CS1,3.654688552437541,2
O=[Mo](=O)([O-])[O-].[Na+].[Na+],2.978736589126987,2
O=P(Cl)(Cl)Cl,2.605849203854926,1
C=C(CCOC(C)=O)c1ccccc1,1.8021151898884897,2
[Pt],2.2902082944209834,1
CCCCCCCCCCCCCCCCCC(=O)O,2.0649995930323906,2
CNC(=O)Oc1ccc2ccccc2c1,2.6047119317276204,5
COc1ccc2c(c1)C(O)(CCCN(C)C)c1ccccc1S2,2.884340829468124,1
C[C@H](N)Cc1ccccc1,3.2279188257986964,9
CC(=O)N[C@@H](CC(C)C)C(=O)N[C@@H](CC(C)C)C(=O)N[C@H](C=O)CCCNC(=N)N,2.45389090493776,1
c1ccc2cc3ccccc3cc2c1,0.046870571163390995,1
O=S(=O)([O-])[O-].[Zn+2],1.9253288340125,4
C[N+](C)(C)CCCCCC[N+](C)(C)C,1.8824805199849854,2
COc1ncnc(NS(=O)(=O)c2ccc(N)cc2)c1OC,1.569058604849856,1
NCC(=O)OCO.[Na],1.78527219647735,1
O=S(=O)([O-])[O-].O=S(=O)([O-])[O-].O=S(=O)([O-])[O-].[La+3].[La+3],2.1295679080944314,1
CCCN(CCC)C(=S)OCC,1.8706654911467897,1
COc1ccc(/C=C/C(=O)O)cc1O,1.3905908245909315,3
O=CN(O)CCCP(=O)(O)O,1.202401378698772,2
CCN1C[C@]2(COC)[C@H](O)C[C@H](OC)[C@]34C1[C@H]([C@H](OC)[C@H]23)[C@]1(OC(C)=O)[C@H]2[C@@H](OC(=O)c3ccccc3)[C@](O)(C[C@H]24)[C@@H](OC)[C@@H]1O,5.492244465997969,6
CCCC[O-].CCCC[O-].CCCC[O-].CCCC[O-].[Ti+4],2.0374635066898845,1
COC(=O)/C=C\C(=O)OC,1.9978313116778563,2
CCCCCCCCCCCCCCC,1.783874548359944,1
CC(=O)[O-].[Na+],1.3662191829957009,3
Cc1c(Cl)c(C(=O)N(c2ccccc2)c2ccccc2)nn1-c1ccccc1C(=O)N1Cc2ccccc2C[C@H]1CN,2.760497875226527,1
Cl[Al](Cl)Cl.O.O.O.O.O.O,2.274363324796695,1
C/C=C/C(=O)C1=C(C)CCCC1(C)C,1.821585803159321,1
CC(C)[C@@](O)(C(=O)OCC1=CCN2CC[C@@H](O)[C@@H]12)[C@H](C)O,2.923448832854562,2
N#Cc1c(C(=O)NN)nn(-c2ccccc2)c1-c1ccccc1,2.960626253648779,1
NCCCCNCCCN,2.3839648906787247,5
O=C(O)/C=C\C(=O)O.O=C1CSC2(CCN(CC3COc4ccccc4O3)CC2)N1,1.8996076290622281,1
CCCCC/C=C\C/C=C\CCCCCCCC(=O)N(CCO)CCO,2.0656577017717517,1
NC(=O)NCO.O=CC=O,1.6520938993702443,1
NCCCCCN,1.3104001442779567,1
O=C(NC(=O)c1c(F)cccc1F)Nc1cc(Cl)c(OC(F)(F)C(F)C(F)(F)F)cc1Cl,2.4075200687471523,1
O=C1OC(c2ccc(O)cc2)(c2ccc(O)cc2)c2ccccc21,2.5608667876429014,1
C[C@H]1C(=O)CC[C@@H]2[C@]1(C)CC[C@H]1[C@@]2(C)CC[C@@]2(C)[C@@H]3CC(C)(C)CC[C@]3(C)CC[C@]12C,2.1908194641732037,1
COc1ccc2c(c1)CC[C@@H]1[C@@H]2CC[C@]2(C)[C@@H](O)CC[C@@H]12,2.1559657632464195,1
CCCCCCCCCCCCNC(=N)N,3.2704229903049082,1
CCCCCCCCCCCCOCCO,2.0358611379321863,2
Cl[Sn]Cl,2.432779231148249,6
CC(=O)CC(c1ccccc1)c1c([O-])c2ccccc2oc1=O.[Na+],3.3826130380250863,2
[Ca+2].[Ca+2].[O-][Si]([O-])([O-])[O-],1.704650056844665,2
CCOC(=O)[C@H](CCc1ccccc1)N[C@@H](C)C(=O)N1CCC[C@H]1C(=O)O,2.10251585323138,1
CC(C)CNC(c1ccccc1)(c1ccccc1)c1ccccc1,3.002706753815664,1
C[n+]1ccccc1/C=N/O,4.101403983813519,3
O[As](O)O,3.4873901773942206,1
CNC(=S)[S-].[Na+],2.457999575770589,3
O=C(O)c1cc(C(=O)O)cc(C(=O)O)c1,1.582148105113515,1
CCC(C)OC(=O)N1CCCCC1CCO,1.6843888084507657,1
OB(O)c1ccccc1,2.216885977680941,4
O=[N+]([O-])O[Pb]O[N+](=O)[O-],2.0200016262753056,1
CCCC/C=C/C=O,1.9359411110030833,1
CCC1OCCN1C1(CC)OCCN1C1(CC)NCCO1,1.87421356237462,1
CSCC[C@H](N)C(=O)N[C@H]([C]=O)C(C)C,1.6770805039466858,1
O=P([O-])([O-])OP(=O)(O)O.[Na+].[Na+],2.0909572061251023,1
CCCCCCCCCCCCCCCCBr,2.007668135823151,1
CCCC(=O)OC(F)C(F)(F)F,2.174064424956479,1
CC(C(=O)[O-])C(O)(CC(=O)[O-])C(=O)[O-],1.6698756998020379,5
O=S(=O)([O-])[O-].[Ni+2],2.6777641349451202,7
CC[NH+](CC)CC(=O)Nc1c(C)cccc1C.[Cl-],2.936541845507465,2
CSc1ccc(O)c(NC(=S)c2ccc(O)cc2O)c1,2.629702716369133,1
C[N+]([O-])=NCO,2.5232742556586913,1
C[C@@H]1C(=O)C[C@@H](C(C)(C)O)O[C@@H]2C[C@@]3(C)[C@@H]4CC=C5[C@@H](C=C(O)C(=O)C5(C)C)[C@]4(C)C(=O)C[C@]3(C)[C@@H]12,3.6991093743823527,3
[O-][n+]1ccccc1S,2.2718689283874665,1
COc1cc(C(=O)OCCN2CCN(CCCN3c4ccccc4Sc4ccc(Cl)cc43)CC2)cc(OC)c1OC.O=C(O)/C=C/C(=O)O.O=C(O)/C=C/C(=O)O,2.8734062666156577,2
O.O.O.O.O.O=[N+]([O-])[O-].O=[N+]([O-])[O-].O=[N+]([O-])[O-].[Bi+3],2.079205420599534,1
C[C@@H]1O[C@@H](O[C@@H]2[C@@H](O)[C@H](OCCc3ccc(O)c(O)c3)O[C@H](CO)[C@H]2OC(=O)/C=C/c2ccc(O)c(O)c2)[C@H](O)[C@H](O)[C@H]1O,2.0966264129931504,1
[Nd],1.7197530198840831,1
Br.CN(C)CCOc1c(Cl)cccc1Cl,2.6658540290038784,1
[Na],1.0191162904470732,3
C[N+](C)(C)CCO.[Cl-],1.6134873795052367,4
CCOP(=S)(OCC)OCC,3.4309593556896036,2
NC(C(=O)O)c1cc(O)no1,3.091757609304956,1
CCCCOC(=O)Cl,2.0131648705011,1
c1ccc2c(c1)ccc1ccccc12,2.405892513805059,1
O=C(O)c1cccc2nc3ccccc3nc12,2.8506745827999023,2
N#CC(Br)(Br)C(N)=O,3.067611659149567,1
Nc1ncc2ncn([C@@H]3O[C@@H]([C@@H](NC(=O)[C@@H]4CCC[C@@H]4N)C(=O)O)C[C@@](O)([C@@H](O)CO)[C@@H]3O)c2n1,4.394007527773161,3
Br.Br.[NH-]C(=O)c1cc[n+](CCCN2C=CC(=CN=O)C=C2)cc1,2.894820014023722,1
NC(=S)SCCSC(N)=S.[Mn],1.7280744449129894,1
COc1cccc(C23CN(C)CC2CC3(OC)OC)c1,4.142020096199679,1
CO[C@H]1/C=C/O[C@@]2(C)Oc3c(C)c(=O)c4c(O)c(c5[nH]c6ccccc6nc5c4c3C2=O)NC(=O)/C(C)=C\C=C\[C@H](C)[C@H](O)[C@@H](C)[C@@H](O)[C@@H](C)[C@H](OC(C)=O)[C@@H]1C,2.5932168181194255,1
CCCOC(C(=O)OC1CCN(C)CC1)(c1ccccc1)c1ccccc1.Cl,2.5872162932828324,6
COC(=O)c1cccc(CCNCCc2ccccc2)c1.Cl,2.6298606504530424,1
COC(=O)C1=C(C)NC(C)=C(C(=O)OCCc2ccc(N3CCN(C(c4ccccc4)c4ccccc4)CC3)cc2)C1c1cccc([N+](=O)[O-])c1,3.2448638495011597,2
CC(O)C1Sc2ccccc2N(CCCN(C)C)C1c1ccccc1,2.6490121827099866,1
C=CC(C)(C)C12CC3C(=O)N/C(=C/c4cnc[nH]4)C(=O)N3C1Nc1ccccc12,4.693384741184309,1
F[Ni]F,2.4940153747571436,3
Cc1ccc(C)n1Nc1ccc(N2CCOCC2)nn1.Cl,2.138900297163926,1
O=P1([O-])OP(=O)([O-])OP(=O)([O-])O1.[Na+].[Na+].[Na+],1.4602494756906492,4
CCOC(=O)c1ccc(O)cc1,1.5870998453353757,1
C[C@H](CCC(=O)O)[C@H]1CC[C@H]2[C@@H]3[C@H](O)C[C@@H]4C[C@H](O)CC[C@]4(C)[C@H]3CC[C@]12C,1.797562015704485,1
O=C[O-].O=C[O-].[Ca+2],1.6765667898015382,1
O=[V]([O-])([O-])[O-].[Na+].[Na+].[Na+],3.7046987193555503,1
COc1cc(OC)c(C(=O)/C=C/c2cccc([N+](=O)[O-])c2)c(O)c1OC,2.686068410835364,2
N#C[Fe-3](C#N)(C#N)(C#N)(C#N)C#N,2.122119585331236,1
CCC(C)c1cccc(OC(=O)N(C)Sc2ccccc2)c1,3.220612015734411,2
CCCCCCCCCCCCOP(=O)([O-])[O-].[K+].[K+],1.513882551601311,1
[I-].[Rb+],1.6542608028374386,1
Cl[Pd]Cl.O.O,2.550953610218068,1
O.O.O.O.O.O.O=S(=O)([O-])[O-].[Ni+2],2.860992801762325,3
CCOC(=O)c1ccc(OCC)cc1,1.9786861427403926,1
N#C[O-].[Na+],1.6368688652439356,2
CCN(CC)CCN1C(=O)CN=C(c2ccccc2F)c2cc(Cl)ccc21.Cl.Cl,2.5729093023560554,1
NC(=O)/C(=C/c1ccc([N+](=O)[O-])o1)c1ccco1,2.218700019322228,1
[Cl-].[Cl-].[Cl-].[La+3],1.7663862871954477,1
O=C(O)C(Cl)c1ccc(C2CCCCC2)c(Cl)c1,3.00331840470192,4
COc1ccc2cc3[n+](cc2c1OC)CCc1cc2c(cc1-3)OCO2.O=S(=O)([O-])[O-],2.635915815675599,1
O=[Cr](=O)([O-])O[Cr](=O)(=O)[O-].[Na+].[Na+],3.214123288349909,2
CCCCCCOc1nsnc1C1=CCCN(C)C1,3.4493626747610717,1
COc1cc(C(C)O)ccc1O,1.8807072948573733,2
CC(c1ccc(O)cc1)(c1ccc(O)cc1)c1ccc(O)cc1,1.7872634741087965,1
CC(=O)/C=C/C1=C(C)CCCC1(C)C,1.7667879031083027,3
CCCCC(C)(O)C/C=C/[C@H]1[C@H](O)CC(=O)[C@@H]1CCCCCCCO,3.9597046143296755,1
CCC(C)S,1.2411689345670043,1
CCCOC(=O)c1ccc(O)cc1.COC(=O)c1ccc(O)cc1,2.199379001845024,1
Nc1nc(N)nc(N)n1.O=c1[nH]c(=O)[nH]c(=O)[nH]1,1.862809222123742,3
[U],3.319725020731481,1
CC(=O)C[C@H](c1ccccc1)c1c(O)c2ccccc2oc1=O,3.7255920149486315,19
CC(C)(C)NC(=O)Cn1cc(CN2C(=O)c3ccccc3C2=O)nn1,2.8342566200146853,1
CC(C)N.O=C(O)CNCP(=O)(O)O,1.497839125982901,10
O=C(OCC1CO1)C1CCCCC1C(=O)OCC1CO1,2.440951855551479,1
CCCc1cc(O)c2c(c1)OC(C)(C)[C@@H]1CCC(C)=C[C@@H]21,1.2006000141997284,4
N#C[Fe-2](C#N)(C#N)(C#N)(C#N)N=O.[Na+].[Na+],3.6495322189359083,19
O=CN1N=C(c2ccc(F)cc2)CC1c1ccccc1O,2.4846346756302053,1
CCN(CC)C(=O)N[C@H]1C[C@@H]2c3cccc4[nH]cc(c34)C[C@H]2N(C)C1,2.943248400709407,1
Cc1ccc(S(=O)(=O)NNC(=O)COC(=O)c2ccccc2Nc2cccc(C(F)(F)F)c2)cc1,2.404397493310221,1
O=C(O)CC(O)C(O)CO,1.075087140902534,2
O=C([O-])[O-].[Co+2],2.574272323304648,1
O=P([O-])([O-])F.[Na+].[Na+],2.4023337965496645,2
Oc1cc(O)c2c(c1)oc1cc3cc(O)c(O)cc3[o+]c12,1.979380311505103,1
CNC(=O)C(C)(C(C)C)C(C)C,2.5252551519683397,2
CCCCOC(=O)[C@@H](C)Oc1ccc(Oc2ccc(C(F)(F)F)cn2)cc1,2.2825835978359392,1
N[C@@H](Cc1ccc(N(CCCl)CCCl)cc1)C(=O)O,4.443198958982489,1
CNC1(C)C2CCC(C2)C1(C)C,2.990489446836259,1
CC[Sn](Cl)(CC)CC,4.467995416739198,2
CCCCCCCN(N=O)C(N)=O,2.3973443273685984,1
CCCCCCCCCCCCOCCOCCO,2.137425327294097,1
CCc1c(C)[nH]c2c1C(=O)[C@@H]1CN(C)CC[C@H]1C2,3.0491369373975075,1
C=C1C(=O)C23CC1C[C@H](OC(C)=O)C2C1(C)C[C@H](O)[C@H](OC(C)=O)C(C)(C)C1C(OC(C)=O)[C@@H]3OC(C)=O,2.928690029709434,1
CC(CO)([N+](=O)[O-])[N+](=O)[O-],3.2898610324305895,2
Cl.O=P1(c2ccccc2)CCNCC1,2.489795412698742,1
CC(C)NCN1CCc2cc(CO)c([N+](=O)[O-])cc2C1,3.3184968762587097,2
CC[C@H](C)[C@H]1O[C@]2(CC[C@@H]1C)C[C@@H]1C[C@@H](C/C=C(\C)[C@@H](O[C@H]3C[C@H](OC)[C@@H](O[C@H]4C[C@H](OC)[C@@H](O)[C@H](C)O4)[C@H](C)O3)[C@@H](C)/C=C/C=C3\CO[C@@H]4[C@H](O)C(C)=C[C@@H](C(=O)O1)[C@]34O)O2,4.351782691158365,2
O=C([O-])[C@H](O)[C@@H](O)[C@H](O)[C@H](O)CO.O=C([O-])[C@H](O)[C@@H](O)[C@H](O)[C@H](O)CO.[Fe+2],1.9867123578108004,1
CCCCCCCC[Sn](Cl)(Cl)CCCCCCCC,1.6897422581243533,2
CCCCn1cc[n+](C)c1,2.500211166580179,2
Fc1ccc(C(c2ccc(F)cc2)N2CCN(C/C=C/c3ccccc3)CC2)cc1,3.112768226538843,1
O=S(=O)([O-])[O-].OC[P+](CO)(CO)CO.OC[P+](CO)(CO)CO,3.1464306527300576,1
C[NH+](C)CCCN1c2ccccc2CCc2ccccc21.[Cl-],2.8106932672013127,1
O=N[O-],2.6980955721810203,4
CCCCCCCC[Sn]CCCCCCCC.O=C(CS)OCCOC(=O)CS,2.8001505706172267,1
COc1ccc(C2C(=O)Oc3ccc(OC)cc32)cc1,2.1137570025695642,1
Cc1cc(C#N)cc(C)c1Oc1nc(Nc2ccc(C#N)cc2)nc(N)c1Br,3.3782253289117095,1
C=C(C)C(=O)OCC1CO1.CC(C)(c1ccc(O)cc1)c1ccc(O)cc1,5.267693741699652,1
O=c1[nH]c2ccccc2n1CCN1CCN(c2cccc(C(F)(F)F)c2)CC1,2.0067364417944686,1
CC(Cc1ccc(C(C)(C)C)cc1)CN1C[C@@H](C)O[C@@H](C)C1,1.946723667581237,1
CCCCCC[C@@H](O)C/C=C\CCCCCCCC(=O)OCC,1.8149411135594047,2
CCCC(O)Cl.CCCC(O)Cl.O,2.8942255752412724,1
CCCCCC(O)/C=C/C=O,2.193750533339446,1
O=C(O)c1ccc(O)cc1,1.8392328626224366,1
CC(=O)OC[C@H]1O[C@](O)(C(=O)C(C)c2ccc3c(c2)Cc2cccnc2O3)[C@H](OC(C)=O)[C@@H](OC(C)=O)[C@@H]1OC(C)=O,3.8448474274652256,1
C#CC(OC(=O)C1C(C=C(C)C)C1(C)C)/C(C)=C/CC,1.8168714134687758,2
C=Cc1cccc(C=C)c1,1.4480596464452855,1
CC1(C)c2nc(-c3ccc(F)cc3)c(Nc3ccc(F)cc3)n2CCN1C(=O)CN,2.4833467081397615,1
C[C@H](/C=C/[C@H](C)[C@H](C)C(=O)O)[C@H]1CC[C@H]2C3=CC(=O)[C@@]45O[C@@H]4[C@H](O)[C@@H]4O[C@@H]4[C@]5(C)[C@]34CC[C@]12CO4,4.153894634539006,1
CC(=O)OCC(CCn1cnc2cnc(N)nc21)COC(C)=O,1.9766047699420342,1
[14CH2]=[14C]([14CH3])C#N,2.5626955956822126,1
Cc1cc(C2CCCCC2)n(O)c(=O)c1.NCCO,1.9515916734732581,1
CC(=C[C@@H](C)C(=O)c1ccc(N(C)C)cc1)/C=C/C(=O)NO,2.2252719399865137,1
C[As](=O)([O-])O.[Na+],1.9541138105253872,5
CCOc1ccc(C=C2NCCc3cc(OCC)c(OCC)cc32)cc1OCC,2.866959761331327,1
[Cl-].[NH4+],1.5108048917204806,1
CCNC1=NC(Cl)N(N)C(C(C)C)=N1,1.8607451539354352,1
CC(C)N1CCN(c2ccc(OC[C@@H]3CO[C@@](Cn4cncn4)(c4ccc(Cl)cc4Cl)O3)cc2)CC1,2.495847853990322,3
COC(C)COC(C)CO,1.4718840601919254,1
ClCC(CCl)(CCl)CCl,2.278419626485763,1
N#Cc1c(N)nc(NC2CC2)nc1N,2.531045318563939,1
FC(Cl)(Cl)Cl,2.6366405545909366,2
C=CC(=O)OCCCOCC(COCCCOC(=O)C=C)OCCCO,2.017068137141987,1
O=[N+]([O-])c1ccc2c(c1)CS(=O)(=O)O2,1.6052727556882451,1
O=C(c1ccccc1)c1ccc2n1CC(O)C2O,2.3860742730112614,1
COc1ccc(CC2c3cc(O)c(OC)cc3CCN2C)cc1O,5.156746437311579,1
O=S(=O)([O-])O.O=S(=O)([O-])O.O=[Zr].[Na+].[Na+],2.180925569285519,3
COc1cc([C@H]2Oc3c(O)cc(CCCO)cc3[C@@H]2CO)ccc1O[C@@H]1O[C@@H](C)[C@H](O)[C@@H](O)[C@H]1O,2.1570241236400163,10
CC(=O)Oc1cc(O[C@H](C)CCCc2ccccc2)cc2c1[C@@H]1C[C@H](O)CC[C@H]1[C@H](C)N2,2.9625390849065276,1
O=S(=O)(O)CCNC(CO)(CO)CO,2.707104408157871,1
[Cr],1.204086574103126,1
[Gd],1.6525226097670314,1
O=CN1N=C(c2ccc(F)cc2)CC1c1ccccc1Cl,2.4846487222049194,1
NC(=O)c1ncn([C@@H]2O[C@H](CO)[C@@H](O)[C@H]2O)n1,1.7094320250355455,2
O=C1CCCCCCCCCCCN1,1.9278195876724666,2
CCCCCCCCCCCOCC(C)OCCCCCCCCCCC,2.505928521991445,1
CCc1nn(C)c(C(=O)NCc2ccc(Oc3ccc(C)cc3)cc2)c1Cl,3.202855072937787,4
C[Sn](C)C,4.260113807840735,1
CCCCCCCCCCCCCCCC(=O)OC(CCCl)OC(=O)CCCCCCCCCCCCCCC,2.5184917587965527,3
C[Pb](C)(C)C,3.389040613770631,4
Cc1cc(Cl)ccc1O,0.9110357912764231,1
CC(=O)C1=C2C(CCC1C)C2(C)C,1.759728751285608,1
CCCCC(CC)COS(=O)(=O)[O-].[Na+],1.4417269221558735,1
O=P([O-])(O)O.[Na+],1.466310521744461,1
O=C1c2cc3c(c(O)c2C(=O)c2c(O)ccc(O)c21)[C@]1(O)C[C@H](O)O[C@@H]1O3,2.093754283383057,1
CC[C@H](C)C(=O)O[C@H]1C[C@@H](C)C=C2C=C[C@H](C)[C@H](CC[C@@H]3C[C@@H](O)CC(=O)O3)[C@H]21,1.9079989805860338,1
O=C(NC1CCN(Cc2ccccc2)CC1)c1ccc(F)cc1,2.526211394084494,1
CC1(C)Cc2cccc(O)c2O1.COC(N)=O,4.264946712360997,1
OC[C@H]1O[C@H](O[C@H]2O[C@H](CO)[C@@H](O)[C@H](O)[C@H]2O)[C@H](O)[C@@H](O)[C@@H]1O,1.871645261177731,1
COC(=O)N/N=C/c1c[n+]([O-])c2ccccc2[n+]1[O-],2.4892551683692603,1
N#Cc1ccc(C2N=C(Nc3nc4ccccc4s3)NC(=O)C2C#N)cc1,2.5710248327006124,1
O=C(Oc1ccccc1C(=O)O)c1ccccc1O,2.1109750177611675,1
CC(=O)N[C@H]1[C@H]([C@H](O)[C@H](O)CO)O[C@@](O[C@H]2[C@@H](O)[C@@H](CO)O[C@@H](O[C@H]3[C@H](O)[C@@H](O)[C@H](O)O[C@@H]3CO)[C@@H]2O)(C(=O)O)C[C@@H]1O,1.5007529560649395,2
[3H]c1ccc(N(CCN(C)C)Cc2ccc(OC)cc2)nc1,3.9021828263781657,1
CCOC(C)O.[14CH3][14CH2]O,1.4186464149623137,2
Cc1cc(CCCCCOc2c(Cl)cc(C3=NCCO3)cc2Cl)on1,1.9814505009862957,1
CCOC(=O)Cc1nc(-c2ccc(Cl)cc2)oc1-c1ccco1,2.2197874813315606,1
NC(N)=O.OO,0.6113458247311621,1
COc1cc(/C=C/C(=O)/C=C(O)/C=C/c2ccc(O[C@@H]3O[C@H](CO)[C@@H](O)[C@H](O)[C@H]3O)c(OC)c2)ccc1O[C@@H]1O[C@H](CO)[C@@H](O)[C@H](O)[C@H]1O,2.535053606018365,1
CCCCB(CCCC)CCCC,2.209300495159705,1
COc1cccc(C2CC(c3ccc(F)cc3)=NN2C=O)c1,2.484632329244388,1
S=C=Nc1ccccc1,3.140741549704253,4
C=C(C)[C@@H]1CC=C(CO)CC1,1.8603009223718772,3
CO[AsH2]=O,1.7933772043898433,1
CC(CC(=O)O)CC(=O)O,3.9945133311137644,1
CN(C)C(=O)Oc1ccc[n+](C)c1,3.3551041563908317,4
[O-][Cl+][O-],2.807799093652034,1
c1ccc2nc(-c3nnn[nH]3)ccc2c1,2.394924550354893,1
c1csc(C2(N3CCCCC3)CCCCC2)c1,2.7841844205990363,1
N#C[C@H](O[C@@H]1O[C@H](C(=O)O)[C@@H](O)[C@H](O)[C@H]1O)c1ccccc1,2.6290264500678324,4
CN1C[C@@H]2C[C@H]1CN2c1cc2c(cc1F)c(=O)c(C(=O)O)cn2C1CC1,2.252106324878513,1
CC(=O)C(NC(=O)C(C)C(O)C(C)NC(=O)C(NC(=O)c1nc(C(CC(N)=O)NCC(N)C(N)=O)nc(N)c1C)C(O[C@@H]1O[C@@H](CO)[C@@H](O)[C@H](O)[C@]1(C)O[C@@H]1OC(CO)[C@H](O)[C@](O)(C(N)=O)[C@H]1O)c1cnc[nH]1)C(=O)NCCC1=NC(c2nc(C(N)=O)cs2)CS1,3.3104275244355374,2
C=CCOC(O)CC,2.356635703221306,1
NC(=O)OCC(COC(N)=O)c1ccccc1,1.6780501448231,1
C/C=C/C=O,2.4654510144680266,3
CN1CCC(OC(=O)C(C)(c2ccccc2)c2ccccc2)CC1,3.341585610506393,1
COc1cc(C=O)ccc1O.COc1cc(C=O)ccc1O,1.8836343191766578,1
CCCC[Sn]CCCC,3.3672496643139658,1
CCCCCCCCCC[N+](C)(C)CCCCCCCCCC.[Cl-],3.14051044189194,7
CC1(C)C(=O)[C@]2(C)CC[C@H]1C2,1.6372148631915933,2
CN(C)c1ccc(C(=C2C=CC(=[N+](C)C)C=C2)c2ccccc2)cc1.CN(C)c1ccc(C(=C2C=CC(=[N+](C)C)C=C2)c2ccccc2)cc1.O=C(O)C(=O)O.O=C([O-])C(=O)O.O=C([O-])C(=O)O,3.522298202860344,2
CCCCCCCCCCCCCCCCCCCCC,1.7195570042713468,1
C=CCCC(=O)C1=CCCC(C)(C)C1,1.4052897006621685,1
O=C1OC2(c3ccc(O)cc3Oc3cc(O)ccc32)c2ccccc21,1.694110821924375,3
COc1ccc(/C=C2\CCCN=C2c2cccnc2)c(OC)c1,2.7023361902640004,1
CC(CCc1ccccc1)NCC(O)c1ccc(O)c(C(N)=O)c1,2.215389021962985,1
CC1(C)S[C@@H]2[C@H](NC(=O)C3(N)CCCCC3)C(=O)N2[C@H]1C(=O)O,1.8334677681384455,1
O=[N+]([O-])/N=C1\NCCN1Cc1ccc(Cl)nc1,2.7544587643203537,2
OC[C@H]1O[C@@H]2O[C@H]3[C@H](O)[C@@H](O)[C@@H](O[C@H]4[C@H](O)[C@@H](O)[C@@H](O[C@H]5[C@H](O)[C@@H](O)[C@@H](O[C@H]6[C@H](O)[C@@H](O)[C@@H](O[C@H]7[C@H](O)[C@@H](O)[C@@H](O[C@H]8[C@H](O)[C@@H](O)[C@@H](O[C@H]1[C@H](O)[C@H]2O)O[C@@H]8CO)O[C@@H]7CO)O[C@@H]6CO)O[C@@H]5CO)O[C@@H]4CO)O[C@@H]3CO,1.7808330379389439,5
NCCc1ccc(O)c(O)c1,1.7380468690269275,1
Oc1cccc(O)c1O,1.9868096171445013,1
C[C@@H]1Cc2c(Cl)cc(C(=O)O)c(O)c2C(=O)O1,4.108296043169031,1
[SiH3]Cl,2.2499177444604226,2
O=C1OC2(c3ccccc31)c1cc(I)c(O)c(I)c1Oc1c2cc(I)c(O)c1I,2.6573339044479805,2
O=C(N[C@H](CO)[C@H](O)c1ccc([N+](=O)[O-])cc1)C(Cl)Cl,2.6687094073164297,3
O=C(Nc1cccc(C(F)(F)F)c1)c1cc(Cl)ccc1OCCc1nnn[nH]1,2.915685752750594,1
CCC/C=C/COC(=O)c1ccccc1O,1.6965476822628598,1
CC1=CC(=O)C=C[C@]2(C)[C@H]3[C@@H](O)C=C(C)[C@@]4(Cc5c(c(C)c(C)oc5=O)O4)[C@]3(C)CC[C@@H]12,4.941061998548722,1
CCCCCCCNC(=O)Oc1ccc2c(c1)[C@]1(C)CCN(C)[C@@H]1N2C,4.193987971091741,1
C=COOOCCCCCCCCCCCC.O=S(=O)([O-])[O-].[Na+].[Na+],2.3269859603965792,2
[Ca],1.3151043110069094,1
CC(C)NCC(O)c1ccc(NS(C)(=O)=O)cc1,1.8973401757447257,1
Sc1cnn[nH]1,2.36669755382528,1
O=S([O-])S(=O)(=O)[O-].[K+].[K+],2.091715795884395,3
CCN[C@H]1C[C@H](C)S(=O)(=O)c2sc(S(N)(=O)=O)cc21,2.226264725281295,1
C[C@H]1[C@H](C)CC[C@]2(C(=O)O)CC[C@]3(C)C(=CC[C@@H]4[C@@]5(C)CC[C@H](O)C(C)(C)[C@@H]5CC[C@]43C)[C@H]12,1.4777978838806867,1
COc1ccc2c(=O)oc3c(OC)cc(CCN(C)C)c4c(=O)oc1c2c34.Cl,3.608348428586517,3
OC[C@@H](O)[C@@H](O)[C@H](O)[C@@H](O)CO,1.0407600125898218,2
O=C([O-])CCCO,1.8257253071783657,1
[Cl-].[K+],1.4454545145397752,3
C[C@@H]1O[C@@H](O[C@H]2[C@H](O[C@H]3CC[C@@]4(C)[C@@H](CC[C@]5(C)[C@@H]4CC=C4[C@@H]6CC(C)(C)CC[C@]6(C(=O)O)CC[C@]45C)[C@]3(C)CO)OC[C@H](O)[C@@H]2O)[C@H](O)[C@H](O[C@@H]2O[C@H](CO)[C@@H](O[C@@H]3O[C@H](CO)[C@@H](O)[C@H](O)[C@H]3O)[C@H](O)[C@H]2O)[C@H]1O,3.9274318411698954,1
CC(=O)[C@H](O)[C@@H](O)[C@H](O)[C@H](O)CO.CCCCCCCC/C=C\CCCCCCCC(=O)O.CCCCCCCC/C=C\CCCCCCCC(=O)O.CCCCCCCC/C=C\CCCCCCCC(=O)O,2.336454313472667,1
NC(N)=NCCN1CCCCCCC1,2.2973533743572347,1
CN1CC[C@H](c2c(O)cc(O)c3c(=O)cc(/C=C/c4c(Cl)cccc4Cl)oc23)[C@H](O)C1,2.6649511358022724,1
[Mg],0.4772106065319113,1
N[C@@H](COP(=O)(O)O)C(=O)O,2.1533973659310828,1
Cn1c(=O)c2c(ncn2CCN2CCN(c3ccccc3Cl)CC2)n(C)c1=O,2.152293731386006,2
O=[N+]([O-])c1ccc(N2CCCN(C(=S)Nc3ccc(F)cc3Br)CC2)nc1,2.9743195970202403,1
O=C([O-])CC(O)(CC(=O)[O-])C(=O)[O-].[Na+].[Na+].[Na+],1.583720774734763,1
O=[Sn]=O,3.5870745811449805,1
O=[N+]([O-])[O-].[Na+],1.4193797556109526,5
O=C1Nc2ccc(Cl)cc2C(c2ccccc2)=NC1O,1.758484954237554,1
Cc1cc(C(C)C)ccc1O,2.2682456298122466,1
Clc1ccc(-c2csc(NN=C3CCc4cc(Br)ccc43)n2)cc1,2.718061618841372,2
CCCCCCc1c(CC)c(CC)cc(C(=O)[O-])c1C(=O)[O-],1.0063034187975006,1
C=C1C[C@@]23CC[C@H]4[C@@](C)(CCC[C@@]4(C)C(=O)O)[C@@H]2CC[C@]1(O)C3,1.3665501635172133,2
CCC(CC)(N=O)C(N)=O,2.137697648729397,1
Cc1ccc(-c2c(Cl)ncn2-c2ccc(S(C)(=O)=O)cn2)cc1,1.8423932866598505,1
CCN1C[C@]2(COC)[C@H](O)C[C@H](OC)[C@]34C1[C@H]([C@H](OC)[C@H]23)[C@]1(O)[C@H]2[C@@H](O)[C@](O)(C[C@H]24)[C@@H](OC)[C@@H]1O,2.0965633076576573,1
O=Cc1ccc2n1CC=C2C(=O)O,2.1691819741330143,1
COc1cc(/C=C/C(=O)O)ccc1OCc1cn(CC(=O)Nc2ccc(C)cc2)nn1,2.225573573418138,1
O=C([O-])C(F)(F)C(F)(F)C(F)(F)C(F)(F)C(F)(F)C(F)(F)C(F)(F)F,2.9365810384396545,9
CCCCCCCCCCCC[NH+](C)C.[Cl-],2.8876412470342587,2
CCCOS(=O)(=O)CCCS(=O)(=O)O,1.2011432931862824,3
CCc1c2c(nc3ccc(OC(=O)N4CCC(NCCCCC(=O)O)CC4)cc13)-c1cc3c(c(=O)n1C2)COC(=O)[C@]3(O)CC,2.6703742627045712,2
CC(=O)[O-].CC(=O)[O-].[Ca+2],1.567669362491395,1
COc1ccc(O)c([N+](=O)[O-])c1[N+](=O)[O-],3.203903024488486,1
C#CC(C)(O)CCC=C(C)C,1.691158523271524,3
CSC(C)=NOC(=O)NSNC(=O)ON=C(C)SC,3.7636608860014538,1
C=CC(=C)CCC=C(C)C,1.435328255138936,1
C1N2CN3CN1CN(C2)C3,2.393900604555704,3
O=C1NS(=O)(=O)c2ccccc21.[Na],1.0837934011194958,3
O=C(O)c1ccc2c(c1)C(=O)OC2=O,1.854641850945105,1
CCCCC(O)Cn1ncc(C(=O)OCC)c1NC(=S)NC(=O)c1ccc(F)cc1,2.250827118110143,1
CCOP(=S)(OCC)O/C(C)=C/C(=O)OC,4.337610651533966,3
C=C(C)C(Cc1c(OC)ccc(C(=O)/C=C/c2ccc(O)cc2)c1O)OO,2.0004704264426203,1
C=C(C)C(=O)OCCCO,1.1096568757858152,1
COC(=O)C(C(=O)OC)C1CCS(=O)(=O)C1,1.416141031168329,4
O=CCCC[14CH]=O,3.026341664541868,1
CC(O)COC(C)(C)C,1.5447847780288946,1
CC1(C)NC(=O)[C@H](CCCCCC(=O)C2CO2)NC(=O)[C@H]2CCCN2C(=O)[C@H](Cc2ccccc2)NC1=O,3.572289781491275,2
COc1ccc(C2C(=O)Oc3cc(OC)c(O)cc32)cc1,1.692619427208648,1
COC(=O)C1=CO[C@@H](O[C@@H]2O[C@H](CO)[C@@H](O)[C@H](O)[C@H]2O)[C@@H]2C(CO)=CC[C@H]12,2.4335745750819524,3
CCOC(=O)c1cnn(CC(O)CC)c1NC(=S)NC(=O)c1ccccc1F,2.221978132371225,1
Fc1ccc([C@@]2(Cn3cncn3)O[C@@H]2c2ccccc2Cl)cc1,1.918872064953347,2
CN(CCO)c1nc(Nc2ccccc2)nc(Nc2ccc(/C=C/c3ccc(Nc4nc(Nc5ccccc5)nc(N(C)CCO)n4)cc3S(=O)(=O)[O-])c(S(=O)(=O)[O-])c2)n1.[Na+].[Na+],3.1391046233641333,1
CCCC(O)Cn1ncc(C(=O)OCC)c1NC(=S)NC(=O)c1ccccc1,2.2177438522383626,1
CC(Cl)(CCl)OP(=O)(OC(C)(Cl)CCl)OC(C)(Cl)CCl,5.078081048407366,1
CC(C)[O-].CC(C)[O-].CC(C)[O-].CC(C)[O-].[Ti+4],1.5941545488988926,1
Oc1ccc(C(=S)Nc2ccccc2Cl)c(O)c1,2.522229272538146,1
O[C@H](CS)[C@H](O)CS,2.586182074189073,2
[Al]#P,3.6839171577032994,2
Cc1cc(Br)c2c(c1NC(=O)c1cc3cc(F)ccc3[nH]1)C(=O)c1ccccc1C2=O,2.769760571157915,1
O=S(=O)([O-])[O-].O=S(=O)([O-])[O-].O=S(=O)([O-])[O-].[Ga+3].[Ga+3],2.33004324737606,1
C/C=C/c1cc2c(o1)C(=O)[C@](C)(OC(=O)c1c(C)cc(O)cc1O)[C@H](O)C2,2.792826933267999,1
COc1ccc([C@@H]2CC(=O)c3c(O)cc(O)cc3O2)cc1O,2.514270554255463,1
CCCCCCCCCCCCCC(=O)NCCC[N+](C)(C)Cc1ccccc1.[Cl-],2.5634098837413446,2
CCc1ccccc1NC(=O)Oc1ccc2c(c1)[C@]1(C)CC[N@@+](C)([O-])[C@@H]1N2C.Cl,4.808197464332116,1
[Se],2.8974071396615804,5
CCCC[N+](CCCC)(CCCC)CCCC.[I-],2.2686144218156237,1
COc1ccc2c(c1)OC(=O)C2c1cc(OC)c(OC)c(OC)c1,2.2008925706977367,1
[K+].[O-][I+3]([O-])([O-])[O-],2.511623233252009,6
CC(N)Cc1ccccc1.O=S(=O)(O)O,3.3820189041946307,3
CC(=O)O.CC(=O)O.[Cr],1.86194972525373,1
C=C(C)[C@@H]1CCC(C)=C[C@H]1c1c(O)cc(CCCCC)cc1O.CCCCCc1cc(O)c2c(c1)OC(C)(C)[C@@H]1CCC(C)=C[C@@H]21,2.895517848302269,1
O[Sn](c1ccccc1)(c1ccccc1)c1ccccc1,3.331712552864238,14
CC[N+]1(CCOC(=O)C(O)(c2ccccc2)c2ccccc2)CCCCC1.[Br-],1.951293993456909,2
COC(C)(C)OC(C)=O,1.1908618575915049,2
C=C1[C@@H]2CCC3[C@@]4(C)CC(OC5OC(CO)C(OS(=O)(=O)O)C(OS(=O)(=O)O)C5OC(=O)CC(C)C)CC(C(=O)[O-])(C(=O)[O-])C4CC[C@@]3(C2)[C@@H]1O.[K+].[K+],3.3838179296947173,1
O=[N+]([O-])[O-].O=[N+]([O-])[O-].[Cu+2],2.299998477267224,1
CCO[C@@H](Cc1ccc(OCCc2ccc(OS(C)(=O)=O)cc2)cc1)C(=O)O,2.0548597910380755,2
Cc1cccc(C)c1NC(=O)C(C)N,2.2047122096879552,1
CC(C(=O)NCCc1cccc(Cl)c1)c1ccc(-c2ccccc2)c(F)c1,2.9881956406713943,1
CC(O)CO.CCCCO.OCCO,1.0130541335555332,1
[N-]=[N+]=[N-].[Na+],3.3816230822549236,4
Cc1cc(N)ccc1N.O=S(=O)(O)O,3.343002793356879,4
CCOC(=O)c1cnn(CC(O)CC)c1NC(=S)NC(=O)c1cccc(F)c1,2.221978132371225,1
O=C(NCc1ccc([N+](=O)[O-])cc1[N+](=O)[O-])c1ccccc1Cl,3.094591458166249,1
CCc1cc(CC)c2oc(C(=O)O)cc(=O)c2c1O,2.5156437258473936,1
CC[C@H](C)[C@H]1O[C@]2(C=C[C@@H]1C)C[C@@H]1C[C@@H](C/C=C(\C)[C@@H](O[C@H]3C[C@H](OC)[C@@H](O[C@H]4C[C@H](OC)[C@@H](NC)[C@H](C)O4)[C@H](C)O3)[C@@H](C)/C=C/C=C3\CO[C@@H]4[C@H](O)C(C)=C[C@@H](C(=O)O1)[C@]34O)O2.O=C(O)c1ccccc1,4.08711686656726,8
O=c1oc2ccccc2c(O)c1C(c1ccc(Cl)c(Cl)c1)c1c(O)c2ccccc2oc1=O,2.0030456235568876,2
COc1cc(/C=C/C(=O)O[C@H](C(=O)[O-])[C@](O)(Cc2ccc(O)cc2)C(=O)[O-])cc(OC)c1O,3.186005570471495,1
[O-][NH+]1c2ccccc2[As](O[As]2c3ccccc3Nc3ccccc32)c2ccccc21,3.7937937496061673,1
O=C(O)Cc1nc(-c2ccc(F)cc2)oc1-c1ccsc1,2.180862460747655,1
[Br-].[Br-].c1cc[n+]2c(c1)-c1cccc[n+]1CC2,3.1135396038851804,5
CC(=O)[C@H]1CC[C@H]2[C@@H]3CCC4=CC(=O)CC[C@]4(C)[C@H]3CC[C@]12C,1.7986078352942125,1
CC(C)(C)C(O)C(Oc1ccc(-c2ccccc2)cc1)n1cncn1,2.0096607425027835,1
CN(C)CCC(O)(P(=O)(O)O)P(=O)(O)O,2.1084049510607503,1
Oc1ccc2c(c1)[C@@]13CCCC[C@@]1(O)[C@@H](C2)N(CC1CCC1)CC3,2.693655338969065,1
Cl[Ce](Cl)Cl,1.9446148439438047,1
O=C[C@H](O)[C@@H](O)[C@H](O)[C@H](O)CO,0.8440290246835294,8
O=S(=O)([O-])c1cc(-n2nc3ccc4ccccc4c3n2)ccc1/C=C/c1ccccc1.[Na+],2.7496078242185513,1
CC(C)(O)CC[C@@H](O)[C@](C)(O)[C@H]1CC[C@@]2(O)C3=CC(=O)[C@@H]4C[C@@H](O)[C@@H](O)C[C@]4(C)[C@H]3CC[C@]12C,3.123949913955124,2
O=NCNCc1ccccc1,3.9213424867052877,1
CCCCCCOC[n+]1ccn(C)c1.F[B-](F)(F)F,2.3073523699537994,1
CC(C)(C)NN.Cl,2.2629018006958637,2
N#Cc1nn(-c2c(Cl)cc(C(F)(F)F)cc2Cl)c(N)c1[S@+]([O-])C(F)(F)F,3.6538607353893724,27
[Mn+2],1.5637815859674504,1
CCCCCCCCCCCCOS(=O)(=O)[O-].[Na+],2.3500568043043004,17
C1CO1.CC1CO1,1.0369632504493373,3
CCB(CC)CC,2.620149350177625,1
CC[C@H](C)[C@H]1O[C@]2(C=C[C@@H]1C)C[C@@H]1C[C@@H](C/C=C(\C)[C@@H](O[C@H]3C[C@H](OC)[C@@H](O[C@H]4C[C@H](OC)[C@@H](O)[C@H](C)O4)[C@H](C)O3)[C@@H](C)/C=C/C=C3\CO[C@@H]4[C@H](O)C(C)=C[C@@H](C(=O)O1)[C@]34O)O2.CO[C@H]1C[C@H](O[C@H]2[C@H](C)O[C@@H](O[C@@H]3/C(C)=C/C[C@@H]4C[C@@H](C[C@]5(C=C[C@H](C)[C@@H](C(C)C)O5)O4)OC(=O)[C@@H]4C=C(C)[C@@H](O)[C@H]5OC/C(=C\C=C\[C@@H]3C)[C@]54O)C[C@@H]2OC)O[C@@H](C)[C@@H]1O,5.2178899077587,12
O=C([O-])[O-].[K+].[K+],1.8686790063481928,1
CCC(=O)N1[C@H](C)CN(C/C=C/c2ccccc2)C[C@@H]1C,2.4558579486791023,8
C=C1CC[C@H](O)C/C1=C/C=C1\CCC[C@]2(C)[C@@H]([C@H](C)CCCC(C)C)CC[C@@H]12,3.492048902266463,2
Cc1cc(NS(=O)(=O)c2ccc(-n3cnc4c(I)c(C)c(I)cc4c3=O)cc2)no1,2.644405091756162,1
CCCC/C=C\CCCCCCOC(C)=O,1.226723672594575,1
C[As](C)(=O)[O-].[Na+],1.9481240119630416,6
O1[As]2O[As]3O[As]1O[As](O2)O3,3.988867690511483,12
CCCCOC(COC(=O)c1ccccc1C(=O)[O-])OCCCC,1.6038554946303307,1
C1=CC(c2ccc(C3CC=CCC3)cc2)CCC1,1.3666642346191757,2
CN(C)C(=O)Cn1cc(CN2C(=O)c3ccccc3C2=O)nn1,2.797013955199037,1
N[C@@H](CCC(=O)O)C(=O)[O-].[NH4+],1.444417977337575,1
N#Cc1c(-c2nnc(Nc3ccccc3)s2)nn(-c2ccccc2)c1-c1ccccc1,3.2572693648080215,1
c1ccc2cc3cc4c(cc3cc2c1)sc1c2cc3cc5ccccc5cc3cc2sc41,2.148631044086627,2
C[C@H]1[C@H](C)CC[C@]2(C(=O)O)CC[C@]3(C)C(=CC[C@@H]4[C@@]5(C)C[C@@H](O)[C@H](O)[C@@](C)(CO)[C@@H]5CC[C@]43C)[C@H]12,2.503791571714698,1
C[N+](C)(C)CCO,1.486276254219994,1
Cl[Fe]Cl.O.O.O.O,2.6452278959999282,1
N#Cc1ccc(C2N=C3SCC=C(N)N3C(=O)C2C#N)cc1,2.6453576958798157,1
CN1CC2CC1C[C@H](OC(=O)C(C)(c1ccccc1)c1ccccc1)C2,3.28766008420674,1
CCOc1ccc2c(C)cc(=O)oc2c1,2.125417473914066,1
CP(=O)([O-])CCC(N)C(=O)O.[NH4+],2.071187810474901,7
C[C@]12CCC(=O)C=C1[C@@H]1C[C@@H]1[C@@H]1[C@@H]2CC[C@@]2(C)[C@H]1CC[C@@]2(O)CCC(=O)[O-].[K+],2.3648207256926157,2
CC(C)(C)[O-].[Na+],2.150237070341306,1
CN1CCC(OC(=O)C(C)(c2ccccc2)c2ccccc2)C1,3.360843049980757,1
CN[C@H]1CC[C@@H](c2ccc(Cl)c(Cl)c2)c2ccccc21,3.1990406095928927,2
Cl.O=C1CC2(CCCC2)CC(=O)N1CCCCN1CCN(c2ncccn2)CC1,2.813709657588364,9
O=P1([O-])OP(=O)([O-])OP(=O)([O-])OP(=O)([O-])OP(=O)([O-])OP(=O)([O-])O1.[Na+].[Na+].[Na+].[Na+].[Na+].[Na+],2.3536160457449946,5
CC(C)OC(=O)CCCCC(=O)OC(C)C,4.0612714853434175,1
CC(=O)Oc1ccccc1C(=O)Nc1ncc([N+](=O)[O-])s1,2.2834242048452027,1
O=C1CC(=O)NC(=O)N1,1.397895932834703,1
CCOP(=S)(OCC)O/N=C(/C#N)c1ccccc1,2.0160212278908234,1
CC(C)(C)c1ccc(O)c(C(C)(C)C)c1,2.0135302776549695,3
COc1cc([C@H]2Oc3cc([C@H]4Oc5cc(O)cc(O)c5C(=O)[C@@H]4O)ccc3O[C@@H]2CO)ccc1O,1.6834442089934476,3
CCN(CC)C(=NP(C)(=O)F)N(CC)CC,3.6527564853535237,3
C1CCC2=NCCCN2CC1,2.5312536139677326,2
CCCCCCCCCCCCN(CCC(=O)[O-])CCC(=O)O.[Na+],1.0503352741945413,1
O=C1C=CCCCCCCCCCCCCC1,1.3736456350882342,1
[O-][N+]1=c2ccccc2=[As]c2ccccc21,3.491064523283142,1
CCN(CC)C(=O)Cn1cc(CN2C(=O)c3ccccc3C2=O)nn1,2.8342566200146853,1
ClNc1ccccc1,1.935500457367226,1
COc1cc(/C=C/C(=O)O)ccc1OCc1cn(CC(=O)Nc2ccccc2[N+](=O)[O-])nn1,2.3033455059270955,1
[149Tb],1.6288944493827882,1
CCC[S-](CCC)P([O-])(=S)OCC,3.595560740170038,1
Oc1ccc(-c2[o+]c3c(Cl)c(O)c(Cl)c(O)c3c(Cl)c2O)cc1O,2.905970486317821,1
Nc1ccc(N(CCO)CCO)cc1,2.871205738547459,1
C=C(C)[C@H]1Cc2c(ccc3c2O[C@@H]2COc4cc(OC)c(OC)cc4[C@@H]2C3=O)O1,3.475388300828639,23
CCCCc1cc([N+](=O)[O-])cc(CCCC)c1O,2.724146160187277,2
CC/C=C\CCO,1.0668765349003675,2
O=C(O)/C=C/c1ccc(O)cc1,1.7604224834232123,3
[CH2]Cc1ccccc1,2.2089372207914693,1
[2H]C([2H])([2H])C([2H])([2H])OP(=S)(OC([2H])([2H])C([2H])([2H])[2H])SCCSCC,5.15301261091926,1
[Cl-].[Cl-].c1cc[n+]2c(c1)-c1cccc[n+]1CC2,3.043180188534021,1
CC1(OO)C=C(C(C)(C)C)C(=O)C(C(C)(C)C)=C1,2.138374124429129,1
C=CC(C)(CCC=C(C)C)OC(=O)c1ccccc1,1.7132569524982508,1
N#C/C=C/C#N,2.771932499131376,1
Cc1ccc(C(C)C)c(O)c1.Cc1ccc(C(C)C)cc1O,2.4865345686623828,1
CCC1(c2ccccc2)C(=O)N=C([O-])NC1=O.[Na+],2.986578735368337,13
C=CCSSSCC=C,3.5522958040711625,1
O=C([O-])COc1ccc(Cl)cc1Cl.[Na+],2.5621695744282604,1
CCc1nn(C)c(C(=O)NCc2ccc(Oc3ccc(C(=O)O)cc3)cc2)c1Cl,4.304218860960793,2
Br.CCN1C[C@]2(OC(=O)c3ccccc3NC(C)=O)CC[C@H](OC)[C@@]34[C@@H]2C[C@@H]([C@@H]13)[C@@]1(O)C[C@H](OC)[C@H]2C[C@@H]4[C@]1(O)[C@H]2OC,4.522197672066859,1
c1ccc2sccc2c1,2.0273916791273567,1
Cc1cn([C@H]2C[C@H](O)[C@@H](COP(=O)(O)O)O2)c(=O)[nH]c1=O,1.797319557924372,1
COc1cc([C@@H]2c3cc4c(cc3C[C@H]3COC(=O)[C@@H]32)OCO4)cc(OC)c1OC,1.5211500746010032,1
CC(C)[C@@H]1NC(=O)[C@H](C)OC(=O)[C@@H](C(C)C)NC(=O)[C@@H](C(C)C)OC(=O)[C@H](C(C)C)NC(=O)[C@H](C)OC(=O)[C@@H](C(C)C)NC(=O)[C@@H](C(C)C)OC(=O)[C@H](C(C)C)NC(=O)[C@H](C)OC(=O)[C@@H](C(C)C)NC(=O)[C@@H](C(C)C)OC1=O,5.443786173112622,1
CCCCCCCCCCOC(=O)CCCCC(=O)OCCCCCCCCCC,2.1182209611268363,1
Clc1ccc(C(c2ccc(Cl)cc2)C(Cl)(Cl)Cl)cc1.Clc1ccc(C(c2ccccc2Cl)C(Cl)(Cl)Cl)cc1,3.3613800408618904,7
CCC(C)C1(CC)C(=O)NC(=O)NC1=O,3.2282019269481443,1
O=S(=O)([O-])[O-].[Co+2],2.347625200788319,4
COC1=C(OC)C(=O)C(CC=C(C)CCC=C(C)CCC=C(C)CCC=C(C)CCC=C(C)CCC=C(C)CCC=C(C)CCC=C(C)C)=C(C)C1=O,2.937330985295368,1
CCOC(=O)c1cnn(CC(C)O)c1NC(=S)NC(=O)c1cccc(F)c1,2.206801653075691,1
CCCCCCCCCCCCCCCCOCCOCCOCCOCCOCCOCCOCCOCCOCCOCCOCCOCCOCCOCCOCCOCCOCCOCCOCCOCCO,2.4954813340530215,3
Cc1ccc2c(c1)[C@@]13CCCC[C@H]1[C@@H](C2)N(C)CC3.O=P(O)(O)O,2.6672187615817835,2
Cc1ccccc1C,1.469691135397981,5
CCCC(CCC)C(=O)[O-].[Na+],2.0374959646480164,6
CCOC(=O)C(=O)Nc1cccccc1=O,2.0704198867225454,1
[I],2.9908206703613995,2
CC(=O)OCCOCCO,0.7591054008285556,1
ON=C(O)c1ccccc1,1.961066552434347,1
CC(=O)N(O)CCC[C@@H]1NC(=O)CNC(=O)CNC(=O)CNC(=O)[C@H](CCCN(O)C(C)=O)NC(=O)[C@H](CCCN(O)C(C)=O)NC1=O,1.6011674487595329,1
O=C([O-])c1cc(C(=O)[O-])c2c(n1)C(=O)C(=O)c1cc(C(=O)[O-])[nH]c1-2.[H+].[Na+].[Na+],2.0060449191415715,3
CC(=O)[O-].[K+],1.4799715430849492,2
B,2.3327995804181016,1
O=P(O)(O)OC(CO)CO,1.5367427261256283,1
O=C([O-])O.[Na+],1.1933101305151963,5
CC1(C)[C@H](C(=O)OCc2coc(Cc3ccccc3)c2)[C@@H]1C=C1CCSC1=O,2.6482323363836184,2
CCCC[Sn](CCCC)CCCC,3.3493862343889753,6
C[C@@H]1CN(CCCn2c3ccccc3c3ccccc32)C[C@H](C)N1,2.5495304612262863,1
Cc1cccc(C)c1NC(=O)[C@]1(C)CCCC2(C)C3=C(CCC21)CC(C(C)C)CC3,1.6102789236870403,1
CCOC(=O)c1cnn(CC(O)CC)c1NC(=S)NC(=O)c1ccccc1,2.202416026862618,1
O=S(=O)([O-])c1cc(O)ccc1O.O=S(=O)([O-])c1cc(O)ccc1O.[Ca+2],1.7118342396872945,2
CCCCCCCCCCCCCCCC(=O)OC,1.3207917332803558,2
O=C(COC(=O)c1ccccc1Nc1cccc(C(F)(F)F)c1)NNS(=O)(=O)c1ccccc1,2.392224599035209,1
CCOC(=O)C[C@H](SP(=S)(OC)OC)C(=O)OCC,1.51899271584818,2
OB(O)O,1.253401222941673,23
C=CC1=C(C(=O)O)N2C(=O)C(NC(=O)C(=NOCC(=O)O)c3csc(N)n3)C2SC1.O.O.O,4.705438613835684,1
O=C(COc1ccc(Cl)c(Cl)c1)NCCN1CCOCC1,2.6534928236358266,1
CN(C)c1ccc(C(=C2C=CC(=[N+](C)C)C=C2)c2ccccc2)cc1.[Cl-],3.1228649723614943,5
COc1ccc(CCN(C)CCCC2(c3ccc(OC)c(OC)c3)S(=O)(=O)CCCS2(=O)=O)cc1OC,2.488856392807819,1
O=C(O)C(Br)Br,2.098345784370573,3
CO/N=C1\CN(c2nc3c(cc2F)c(=O)c(C(=O)O)cn3C2CC2)CC1CN,2.386261465497505,1
CN1CCCC1=O.CN1CCCC1=O,1.679200148111463,1
C[C@@H](O)[C@H](N)C(=O)[O-].C[C@@H](O)[C@H](N)C(=O)[O-].[Zn+2],2.0131233095416308,4
CCCCCCCCCCCCOS(N)(=O)=O.[Na],2.3500929456912485,1
CCC/C=C/C=O,2.011864807770298,12
CC(C)CC(=O)C1C(=O)c2ccccc2C1=O,3.3622241586034702,1
CC(C)(CO)Cc1ccccc1,1.9210338638251594,3
FC(F)(F)c1ccnc(NCCNC(=S)NCc2ccco2)n1,3.5725874891220597,1
CC[Pb](CC)(CC)CC,4.358128239232491,10
NC(=S)NN=Cc1ccc([N+](=O)[O-])cc1,3.651752764006117,1
Clc1ccc(COC(Cn2ccnc2)c2ccc(Cl)cc2Cl)c(Cl)c1,2.705549608147602,2
O=C([O-])c1ccccc1.[Na+],1.6655866415361058,6
CCCCCc1cc(O)c2c(c1)OC(C)(C)[C@@H]1CCC(C)C[C@@H]21,2.50035313118875,2
CC(C)=CCC/C(C)=C/C=O,1.4898617941176089,2
CC(C)SP(=O)([O-])[O-],2.935025694201045,2
CN1CCC2CC1C[C@@H](OC(=O)C(C)(c1ccccc1)c1ccccc1)C2,3.241191305860761,1
CN1CCCC(COC(=O)C(C)(c2ccccc2)c2ccccc2)C1,3.4896060010641308,1
OCCOC[C@H]1O[C@H](OCCO)[C@H](OCCO)[C@@H](OCCO)[C@@H]1OCCO.OC[C@H]1O[C@H](O)[C@H](O)[C@@H](O)[C@@H]1O,2.0792388489028286,1
CN1CCCCC1COC(=O)C(C)(c1ccccc1)c1ccccc1,3.106622236144003,1
CCCC(O)Cn1ncc(C(=O)OCC)c1NC(=S)NC(=O)c1ccc(F)cc1,2.236642126040229,1
OC(c1ccc(F)cc1)C(Cl)(Cl)Cl,2.325786856560778,1
COc1ccc(C2C(=O)Oc3cc(OC)c(OC)cc32)cc1OC,2.17851179082038,1
CC/C=C\C1=C(CC2=NC(C)(C)C(=O)O2)CCCC1,2.3380661836981416,1
C[S+](C)C.O=C([O-])CNCP(=O)(O)O,2.104894357558022,2
O=C(/C=C/c1ccc(O)c(O)c1)OC[C@H]1O[C@@H](OCCc2ccc(O)c(O)c2)[C@H](O)[C@@H](O)[C@@H]1O,1.9347617673360413,1
O=Cc1c2ccccc2nc2ccccc12,3.4133668314092986,1
C#C[C@]1(O)CC[C@H]2[C@@H]3CCc4cc(O)ccc4[C@H]3CC[C@@]21C,2.3927116053229556,2
Cl[Al](Cl)Cl,1.5650570827869812,8
Cc1oc(=O)oc1CN1CCN(c2cc3c(cc2F)c(=O)c(C(=O)O)c2n3C(C)S2)CC1,1.96517440972428,4
NC(N)=[Se],3.3909951273963195,1
N=C(NCCCCCCNC(=N)NC(=N)Nc1ccc(Cl)cc1)NC(=N)Nc1ccc(Cl)cc1.O=C(O)[C@H](O)[C@@H](O)[C@H](O)[C@H](O)CO.O=C(O)[C@H](O)[C@@H](O)[C@H](O)[C@H](O)CO,2.4760428666499408,1
CC(COCCO)OCCO,0.8651277793527883,1
CCCC[C@](C#N)(Cn1cncn1)c1ccc(Cl)cc1,2.211371762447284,1
COc1cc(CNC(=O)CCCC/C=C/C(C)C)ccc1O,3.308803369834698,30
CC(C)(C)Nc1ccccc1,2.7577817796245303,2
NC(=O)c1ccc[n+](-c2ccccc2)c1,1.7928562420990666,1
c1ccc(C(c2ccccc2)(c2ccccc2)n2ccnc2)cc1,2.5888317255942073,1
C=C[C@@]12CN(C)[C@H]3C[C@]14C(=Nc1ccccc14)[C@@H]1C[C@@H]2[C@@H]3CO1,3.009180262745255,1
O=C([O-])C(F)(F)C(F)(F)C(F)(F)C(F)(F)C(F)(F)C(F)(F)C(F)(F)F.[NH4+],2.90217922595135,10
O=C1c2cc(Cl)c(Cl)cc2C(=O)N1CCc1ccccn1,1.7857397618756505,1
O=C([O-])c1ccccc1O.[Na+],2.532304324428472,4
CC(=O)OC[C@]12CCC(C)=C[C@H]1O[C@@H]1[C@H](O)[C@@H](OC(C)=O)[C@@]2(C)[C@@]12CO2,4.700644457728946,5
CC(C)(C)c1ccccc1OCC1CO1,1.6661076384460713,1
c1ccc2c(c1)CN1CCNC1=N2,2.2843530176334013,1
CCCCCCN=C(N)N=C(N)N,1.5688468176027852,1
C[N+]1(C)C2CCC1CC(OC(=O)C(O)c1ccccc1)C2.[Br-],2.334276186498781,2
O=C1CC(c2ccccc2)c2ccc3ccccc3c2N1,2.1356652501290845,2
C[C@@H](O)C(=O)[O-],1.2965189385403635,2
O=C[C@H](O)[C@@H](O)[C@@H](O)CO,0.875437488935153,1
CC1(C)[C@@H](O)CC[C@]2(C)[C@H]3C(=O)C=C4[C@@H]5C[C@@](C)(C(=O)O)CC[C@]5(C)CC[C@@]4(C)[C@]3(C)CC[C@@H]12,2.8874088273206904,7
Cc1ccc(N)c(C)c1.Cc1cccc(N)c1C,2.7151548147629065,1
CS(=O)C(C)(C)C#N,1.5158738437116788,1
CC1(C)Cc2cccc(CNC(=O)[O-])c2O1,4.643941969079928,1
C[Si]1(C)O[Si](C)(c2ccccc2)O[Si](C)(C)O[Si](C)(c2ccccc2)O1,1.7489752473749176,1
C=C1CC/C=C(\C)CCC(C2=CC[C@H](C(C)(C)O)OC2)C[C@H]1O,3.418969088783993,1
N#C[Fe-3](C#N)(C#N)(C#N)(C#N)(C#N)[N+](=O)[O-].[Na+].[Na+].[Na+],3.6705966950350346,5
CCCCCCCC/C=C\CCCCCCCC(N)=O,1.5488451870765978,2
FC(F)(F)c1cccc([Se][Se]c2ccccc2)c1,3.210715145735568,3
Cl[Nb](Cl)(Cl)(Cl)Cl,2.458510876667748,1
OCC1OC(OCC2OC(O)C(O)C(O)C2O)C(O)C(O)C1O,1.2791305877559993,1
Cl[Cu]Cl.O.O,2.6758588485761425,1
CC(=O)Nc1cc[c]cc1,1.5835485309227826,1
O=C1NS(=O)(=O)c2ccccc21,1.5343726078704911,4
CCOc1ccc(Sc2nc3ccccc3n2CCN(CC)CC)cc1.Cl,3.246792849072457,1
Cc1c(I)cc2c(=O)n(-c3ccc(S(=O)(=O)NC(=O)c4ccccc4)cc3)cnc2c1I,2.7317175352427125,1
COc1ccc(O)cc1C(C)(C)C,1.913445364306913,1
CN1[C@@H]2C[C@@H](OC(=O)[C@H](CO)c3ccccc3)C[C@H]1[C@@H]1O[C@@H]12,2.3781517314641887,1
Nc1ccccc1C[N+](=O)[O-],2.42336862736293,1
C[C@@H]1CCC[C@H](C)N1CCCC(O)(c1ccccc1)c1ccccn1,4.271873683119638,1
COc1c(Cl)cc2c(c1OC)N(C)[C@@H]1N3C(=O)[C@@]4(C)SS[C@@]3(C(=O)N4C)[C@H](O)[C@]21O,4.42046918570094,3
Nc1ccc(O)c(N)c1,2.7137109944860165,1
C=CCc1cc(C)c(O)c(OC)c1,2.179469438702509,8
NCC(=O)[O-].NCC(=O)[O-].[Fe+2],1.8623933598423315,1
CC1(C)[C@](Cc2cccc(Oc3ccccc3)c2)(C(=O)[O-])[C@]1(C#N)/C=C(\Cl)C(F)(F)F,3.9039112673658893,1
N#CNC(=N)N.[NH4+],4.69105172393439,1
O=[N+]([O-])[N+](=O)[O-],2.891953023396022,1
Cl.NN,2.728524980035102,1
CCCC(OCC1CO1)OCC1CO1,2.1566694176289296,3
CC(=O)C(C)O,1.2460354804456464,2
O=C(O)C1N=C(c2ccccc2)c2cc(Cl)ccc2NC1=O,2.5256940458739,2
CC(C)NC(=O)Cn1cc(CN2C(=O)c3ccccc3C2=O)nn1,2.8160343806630315,1
COC1CC(=C(c2cccs2)c2cccs2)C[N+](C)(C)C1.[Br-],2.4510410946440686,2
CCOP(=S)(OCC)Oc1cc(C(F)(F)F)nn1-c1ccccc1,2.891293731582033,1
CC(C)(Oc1ccc(Cl)cc1)C(=O)Nc1nnn[nH]1,2.1073687912132946,1
CC(N)(Cc1cccc(O)c1)C(=O)O,3.5581260993082555,1
c1ccc(CSSCc2ccccc2)cc1,1.814148903655163,1
Nc1nc(C(=NO)C(=O)N[C@@H]2C(=O)N3C(C(=O)O)=C(C=C4CCN([C@@H]5CCNC5)C4=O)CS[C@H]23)ns1,1.8249227196692845,1
NC(=O)c1ccc[n+]([C@@H]2O[C@H](COP(=O)(O)OP(=O)(O)OC[C@H]3O[C@@H](n4cnc5c(N)ncnc54)[C@H](OP(=O)(O)O)[C@@H]3O)[C@@H](O)[C@H]2O)c1,2.28075167538211,1
O=C([O-])CN1CCN(CC(=O)[O-])CCN(CC(=O)O)CCN(CC(=O)[O-])CC1.[Gd+3],2.446106697827124,1
CCCCC(CC)C(=O)[O-].CCCCC(CC)C(=O)[O-].[Sn+2],2.0761079829903406,1
CN1C[C@H](CC(N)=O)C[C@@H]2c3cccc4[nH]cc(c34)C[C@H]21.O=C(O)[C@H](O)[C@@H](O)C(=O)O.O=C(O)[C@H](O)[C@@H](O)C(=O)O,2.7660758407046506,1
O=C(CN1CCn2nnc(-c3nc(-c4ccsc4)no3)c2C1=O)Nc1ccc(Cl)cc1,2.181735953387627,1
CC(=O)OC(C)CC(C)(C)c1ccccc1,1.3926732986613843,2
CN(Cc1cnc2nc(N)nc(N)c2n1)c1ccc(C(=O)N[C@@H](CCC(=O)O)C(=O)O)cc1,3.5271494723089516,8
CCCCC(CC)COC(=O)CC(C(=O)OCC(CC)CCCC)S(=O)(=O)[O-].[Na+],2.369182644236468,1
CN(C)c1ccccc1C=O,2.474778442576163,2
CC(C)(Cc1ccccc1)OC=O,1.949953248133617,1
O=S(=O)(O)CCS,-0.500309863282054,1
[Si],0.9488028088926823,1
N#Cc1c(-c2nnc(S)n2N)nn(-c2ccccc2)c1-c1ccccc1,3.4713811364647738,1
CC[SH]=C([O-])N1CCCCCC1,2.435791977859239,2
CO[C@H]1C[C@H](O[C@H]2[C@H](C)O[C@@H](O[C@@H]3C(C)=CC[C@@H]4C[C@@H](C[C@]5(CC[C@H](C)[C@@H](C(C)C)O5)O4)OC(=O)[C@@H]4C=C(C)[C@@H](O)[C@H]5OCC(=C/C=C/[C@@H]3C)[C@]54O)C[C@@H]2OC)O[C@@H](C)[C@@H]1O,4.46243280018765,1
O.O=[Si]([O-])[O-].[Ca+2],1.5961959236812193,1
FP(F)OCCOP(F)F,2.9956176469912563,1
[Na+].[Na+].[Na+].[Na+].[Na+].[Na+].[Na+].[Na+].[Na+].[Na+].[Na+].[Na+].[O-]B([O-])[O-].[O-]B([O-])[O-].[O-]B([O-])[O-].[O-]B([O-])[O-],2.033298548075983,2
Cl[Fe](Cl)Cl,2.5568490460659326,5
CSc1ccc(-c2cc(C(=O)O)nn2C2CCCCC2)cc1,2.563256053810294,1
CN[C@@]1(C)[C@@H]2CC[C@@H](C2)C1(C)C.Cl,3.218501829873927,1
O=C(NNCS(=O)(=O)[O-])c1ccncc1.O=C(NNCS(=O)(=O)[O-])c1ccncc1.[Ca+2],1.4987281069397689,4
CCCCCCCCCCCC(=O)OC(=O)CNC.[Na],1.7699545244609527,5
[Eu+3],2.8051637594862417,1
[Pr],1.604867606368916,1
O=P(O)(O)O,3.290733291448306,12
O=S(=O)(O)c1ccc2c(N=Nc3ccc(S(=O)(=O)O)c4ccccc34)c(O)c(S(=O)(=O)O)cc2c1,1.9530642963289346,1
O=C1C[C@@H]2OCC=C3CN4CC[C@]56c7ccccc7N1[C@H]5[C@H]2[C@H]3C[C@H]46.O=[N+]([O-])O,4.685540591682216,2
Cc1cccc(C)c1NC1=NCCCS1.Cl,3.233507142683741,1
Oc1cc(O)c2cc(O)c(-c3ccc(O)c(O)c3)[o+]c2c1,1.5038586312463071,2
CC[C@@H](C)Nc1cc(C(=O)N[C@H]2C[C@H]3CC[C@@H](C2)N3c2ccc(C(=O)C3CC3)cn2)c(C)cc1C(N)=O,2.8328945316655525,1
CCCCCCCCCCCCCCCCCC[N+](C)(C)CCCCCCCCCCCCCCCCCC.[Cl-],1.6837050670435918,1
CS(=O)(=O)O.N=C(N)c1ccc2cc(OC(=O)c3ccc(NC4=NCCN4)cc3)ccc2c1,2.050138678445224,6
CCOC(=O)/C=C(\C)OP(=S)(OCC)OCC,3.973586546586872,5
CN1CCN(c2c(F)cc3c(=O)c(C(=O)O)cn4c3c2SCC4)CC1,2.8104681113068906,2
CCCC[Sn],1.8930103077140228,2
O.O.O.O.O.O.O.O.O.O=[N+]([O-])[O-].O=[N+]([O-])[O-].O=[N+]([O-])[O-].[Cr+3],3.3204746811618757,2
CC1=C(C=O)CCC(C)(C)C1,2.0363921814275585,1
C=C(OP(=O)(O)O)C(=O)[O-],1.046711022284005,1
O=C(O[C@@H]1Cc2c(O)cc(O)cc2O[C@@H]1c1cc(O)c(O)c(O)c1)c1cc(O)c(O)c(O)c1,3.360190927304678,9
COc1ccc(-c2ccc3cc(C(=O)O)ccc3c2)cc1C12CC3CC(CC(C3)C1)C2,1.9164844796948435,2
COCC(C)OCC(C)O,1.4544383402216905,2
Nc1ccc2cc(S(=O)(=O)[O-])cc(O)c2c1N=Nc1ccc(-c2ccc(N=Nc3ccc(O)c(C(=O)[O-])c3)cc2)cc1.[Na+].[Na+],1.4473975473790066,1
CN1CCC(=C2c3ccccc3CCc3sccc32)CC1.O=C(O)CC(O)C(=O)O,2.4569103316035377,1
[Mg+2].[Mg+2].[Mg+2].[P-3].[P-3],4.080674793570294,1
O=C([O-])[O-].[Ca+2],1.221499461923623,2
Cl[Hg],3.804789401621904,5
[Cl-].[Cl-].[Mn+2],2.7018925053799294,1
CN(C(=O)[O-])c1cccc2c1OC(C)(C)O2,3.3690595379692745,1
CCOc1ccccc1CNCC(=O)N(CC(=O)N(CC(N)=O)Cc1ccccc1C)Cc1ccc(C(C)(C)C)cc1,2.9128670578471785,1
Oc1cccc(Cl)c1Cl,2.4487676039174384,1
CC=C(C)C(=O)O[C@H]1CCN2CC=C(COC(=O)[C@@](O)([C@@H](C)OC)C(C)(C)O)[C@H]12,3.5729718773898154,1
CCCCCN(CCCOC)C(=O)C(CCC(=O)O)NC(=O)c1ccc(Cl)c(Cl)c1,2.403993024447526,1
CCN(CC)c1ccc(C(=C2C=CC(=[N+](CC)CC)C=C2)c2ccc(N(CC)CC)cc2)cc1.[Cl-],3.078036841408889,4
CN(C(N)=S)c1ccccc1,4.919729046005669,1
CC(C)=CCC/C(C)=C/CO.COc1cc(/C=C/C(=O)OC(=O)C(O)CC(=O)OC/C=C(\C)CCC=C(C)C)cc(OC)c1O,2.602593914138722,1
[C-]#N.[C-]#N.[Zn+2],3.3373705075005544,1
CC(C)Oc1ccccc1.N=C(N)N,2.026973214585754,2
Cn1c(=O)c2c(ncn2CCCN2CCN(CCCSc3ccccc3)CC2)n(C)c1=O,2.455431142610351,1
CCN1CCN(C(=O)N[C@@H](C(=O)N[C@@H]2C(=O)N3[C@@H]2SC(C)(C)[C@@H]3C(=O)O)c2ccccc2)C(=O)C1=O,2.0149940563209916,1
O=[Mo](=O)([O-])[O-],3.199624856327694,1
COc1cc(OC)nc(Oc2cccc(Oc3nc(OC)cc(OC)n3)c2C(=O)O)n1,2.116480969329319,2
CCC(CO)(CO)CO.O=P(O)(O)O,4.872373595642026,2
O=C([O-])CN(CC(=O)[O-])CC(=O)O.[Na+].[Na+],2.2069053151317957,1
ClCc1ccc(Oc2ccccc2)cc1,2.2520336053142613,1
Clc1ccc(COC(Cn2ccnc2)c2ccc(Cl)cc2Cl)cc1,2.756934319423489,3
CC(C)CP(=O)(O)O,1.3038789971173133,5
CCP(CC)CC.[Au],3.6008585237168136,1
O=C(CO)[C@H](O)[C@H](O)[C@H](O)CO,1.0515287479908344,10
CCCCCCCCC#CCCCCCCCCCC,2.0055299298033007,1
CC(=O)C(Cl)Cl,2.2776263168886883,1
O=[Cr](=O)([O-])[O-].[Pb+2],2.5094606021060906,1
C[N+](C)(C)CCCl.[Cl-],2.490534694552575,6
OC/C=C/c1ccccc1,1.8266513185159265,1
CCCCCCCCCCC(CO)CCCCCCCC,1.8570400928893145,1
O=NCCNCCO,1.1973209984801798,2
COc1ccc(COC=O)cc1,1.9665459737415214,2
Cl.NC12CC3CC(CC(C3)C1)C2,2.1679864794124195,5
CCCCCCC/C=C/CCCCCCCCC(=O)O,2.149939259285844,1
CC(C(=O)[O-])c1cccc(Oc2ccccc2)c1.[Na+],2.400835557788651,1
CCCCCCCCCCCCOC[C@H](O)COS(=O)([O-])=S.[Na+],2.3180312114018236,2
CNCC(=O)[O-].[Na+],1.3802104985684513,2
C[C@H](N)C(=O)N[C@@H](CCC(N)=O)C(=O)O,2.0358798102309468,1
Cc1ccc(N)cc1Cl,2.334825020402563,5
CP(=O)(O)CC[C@H](N)C(=O)O,1.979701680758712,4
C[Hg]Cl,4.18232471633979,6
COc1cccc(C=NNC(N)=S)c1,2.6217452710264006,1
C=C(CC=CC=C(C)C=O)CCCCCC,1.7559495815267847,4
S=c1cccc[nH]1.[Zn],1.9205539994620935,3
C=C(C)[C@H]1CC=C(C)CC1,1.4534343414661584,10
CC(C(=O)OC1CN2CCC1CC2)(c1ccccc1)c1ccccc1,3.280605041469748,1
O=C(NC(=O)c1c(F)cccc1F)Nc1cc(Cl)c(F)c(Cl)c1F,1.8820826191979814,1
C[N+](C)(C)CCOC(=O)C(O)(c1ccccc1)C1CC2C=CC1C2.[Br-],2.3344029535040045,1
CC1=C2C(=O)[C@H]3[C@@H](CC=C4C[C@@H](O)CC[C@@]43C)[C@@H]2CC[C@]12O[C@@H]1C[C@H](C)CN[C@H]1[C@H]2C,4.166616886759371,1
C[N+](C)(C)CCOP(=O)([O-])OP(=O)(O)OC[C@H]1O[C@@H](n2ccc(N)nc2=O)[C@H](O)[C@@H]1O,1.7856207504538362,4
Nc1ccn([C@@H]2O[C@H](CO)[C@@H](O)C2(F)F)c(=O)n1,2.7213158806058995,2
CCCCCC(CC)OS(=O)(=O)[O-].[Na+],1.8608562298978493,1
CCCCOc1cc(C(=O)NCCN(CC)CC)c2ccccc2n1,3.328403400534899,4
COc1cc2c3cc1Oc1cc(ccc1O)C[C@@H]1c4c(cc(OC)c(O)c4Oc4ccc(cc4)C[C@@H]3N(C)CC2)CC[N+]1(C)C,2.4841168275426586,1
C=C1NC(=O)c2csc(n2)[C@H]([C@@H](C)O)NC(=O)[C@H](C)NC(=O)[C@H]([C@@H](C)CC)NC(=O)[C@H](CCCNC(=N)N)NC(=O)CNC(=O)[C@H](CCCNC(=N)N)NC(=O)[C@H]([C@@H](C)O)NC(=O)[C@H](CCCNC(=N)N)NC(=O)[C@H]([C@@H](C)CC)NC(=O)[C@H]([C@@H](C)O)NC(=O)[C@H](Cc2c[nH]c3ccccc23)NC(=O)c2ccc(-c3nc(C(=O)OC)cs3)nc2-c2csc1n2,4.748561231484366,1
O=C(CN1C(=O)SC(=Cc2ccccc2Cl)C1=O)Nc1ccc(C(=O)NNC(=O)c2ccccc2O)cc1,2.1818278237936286,1
CCCC[Sn](Cl)(CCCC)CCCC,3.1852381261408,4
O=C1c2cc(Cl)c(Cl)cc2C(=O)N1c1ncccn1,1.8416371797482296,1
[Cl-].[Cl-].[Cl-].[Cr+3],1.927790174074036,3
c1ccc([C@@H]2CN3C(=N2)Sc2ccccc23)cc1,3.330107533541156,1
Cc1c(C)c(C(=O)O)c(O)c(C)c1O,1.8777300821094869,1
Cc1ccc(C(C)C)c(O)c1C(C)C,2.375498782179627,1
C=CC(C)(O)CCC=C(C)CC,1.5270624990089399,1
O[C@@H]1C=C[C@H]2[C@@H]1[C@@]1(Cl)C(Cl)=C(Cl)[C@]2(Cl)C1(Cl)Cl,2.0060073611836384,1
O[C@@H](c1cc(C(F)(F)F)nc2c(C(F)(F)F)cccc12)[C@H]1CCCCN1,2.63337203701138,3
CC1=C[C@H]2O[C@@H]3[C@H](O)[C@@H](O)[C@](C)([C@@]2(CO)[C@H](O)C1=O)[C@@]31CO1,4.204562403528585,6
COc1ccc(CCN2CCC(Nc3nc4ccccc4n3Cc3ccc(F)cc3)CC2)cc1,2.5697490994138166,3
CC(=O)OCC1C(OC(=O)CC(C)C)C(C)=CC2OC3C(O)C(OC(C)=O)C(C)(C21)C31CO1,5.191755528650505,1
CNC(=O)O/N=C1\[C@@H](Cl)[C@@H]2C[C@H](C#N)[C@H]1C2,3.9852971096153733,1
O=Cc1ccccc1C=O,2.9646758825222,2
CCC(=O)O[C@](Cc1ccccc1)(c1ccccc1)[C@H](C)CN(C)C.[Cl-].[H+],3.128515160556767,2
[Na+].[Na+].[Na+].[O-]B([O-])[O-],1.5561294958629748,4
OC[C@@H](O)[C@H](O)[C@@H](O)CO,0.9442144358804541,1
N#CC(O[C@@H]1O[C@H](CO[C@@H]2O[C@H](CO)[C@@H](O)[C@H](O)[C@H]2O)[C@@H](O)[C@H](O)[C@H]1O)c1ccccc1,2.715843870580787,5
CCCCCC/C=C/C=O,1.4478585414604104,1
CN(C)C=O.CN(C)C=O,1.842698371367038,1
COc1nc(C)ccc1CN1CC1C#N,2.228838624335975,1
CCC1(C(C)C=C(C)C)C(=O)NC(=O)NC1=O,4.024917831485329,1
CN1C(=O)CN=C(C2=CCCCC2)c2cc(Cl)ccc21,2.1595341085987956,1
N=C(N)c1ccc(OCCCCCCOc2ccc(C(=N)N)cc2)cc1.O=S(=O)(O)CCO.O=S(=O)(O)CCO,2.907927047930254,3
CCN(CC)C(=O)N1CCN(C)CC1.Cl,2.2325891943325438,1
CCCCCCCCCCCCCCCCCCCC,1.6024179572828467,1
CCC(O)c1ccccc1,1.7362179665678066,3
O[C@@H]([C@H](O)[C@H](O)CBr)[C@H](O)CBr,2.146080091433265,1
O=[N+]([O-])c1cc(C(F)(F)F)c(Cl)c([N+](=O)[O-])c1Nc1ncc(C(F)(F)F)cc1Cl,2.0547559463818676,2
O=S(=O)([O-])c1cc(S(=O)(=O)[O-])c2c(N=Nc3ccc(S(=O)(=O)[O-])c4ccccc34)c(O)ccc2c1.[Na+].[Na+].[Na+],1.878294104623361,1
O=C1C[C@@H](c2ccc(O)cc2)Oc2cc(O)cc(O)c21,2.1339474638866163,2
CN1CC(=O)NC1=N,2.1450543775741746,1
O=[Cr](=O)([O-])Cl.c1cc[nH+]cc1,2.032530120278537,2
[N]=c1cccco1,3.730519266829672,1
O=[N+]([O-])[O-].O=[N+]([O-])[O-].[Pb+2],2.1679183000796654,1
CCCCCCCCCCCCCC[P+](CCCC)(CCCC)CCCC.[Cl-],2.637782244562028,1
c1ccc(-c2ccc(-c3ccccc3)cc2)cc1,1.3623127953265102,1
[O-2].[O-2].[Ti+4],0.8231752499488723,3
O=[Mn](=O)(=O)[O-].[K+],2.161318538483906,2
ClP(Cl)(Cl)(Cl)Cl,2.4990181340064646,1
O=S(=O)([O-])OOS(=O)(=O)[O-].[K+].[NH4+].[Na+],2.583714325296496,1
Cl[Fe](Cl)Cl.O.O.O.O.O.O,2.778623891539317,3
CCCCCC(CC)OC(=O)c1ccccc1C(=O)[O-],2.2518238594827285,2
O=C([O-])CN(CC(=O)[O-])CC(=O)[O-].[Na+].[Zn+2],1.1721743379253566,1
[12C],2.2279228973285496,1
C[C@@H]1COc2c(N3CCN(C)CC3)c(F)cc3c(=O)c(C(=O)O)cn1c23,2.013887656754956,2
CC(CCO)CCc1ccccc1,1.8893626091022875,7
CC(C)CC(C)(C)C,2.358817776252313,1
O=C(O)CNCP(=O)(O)O.O=C(O)CNCP(=O)(O)O,1.7809162274249752,1
O=C(O)/C=C\Cl,2.522232251289306,1
O=C(CNc1ccc(Cl)cc1Cl)NC1C=Cc2ccc(S(=O)(=O)Nc3ccc(Cl)cc3Cl)cc2C1=O,2.688194310043553,1
[Ce],1.6024196863313223,1
C=C(C)C(=O)OCCCCCCCCCCCC,1.0448537012475452,1
CCCCCCCCCCCCCCCC(=O)OC/C=C(C)/C=C/C=C(C)/C=C/C1=C(C)CCCC1(C)C,1.8218785767229413,1
CCCCCCCCCCCCCCCCCC(=O)OCC(O)CO,1.212142792008883,1
