canonical_smiles,label,source,n_extractions
S=C=Nc1ccc(Br)cc1,2.729,tdc,
Brc1ccccc1,1.765,tdc,
C=CC(=O)OCCOc1ccccc1,1.569,tdc,
C=CC=NNc1ccccc1,2.32,tdc,
C=Cc1ccccc1,1.319,tdc,
C=CCOC(=O)c1ccccc1C(=O)OCC=C,2.505,tdc,
C=CCOC(=O)Cc1ccccc1,2.4330000000000003,tdc,
C=COC(=O)c1ccccc1,1.659,tdc,
c1ccccc1,1.3730000000000002,tdc,
C=C(C)C(=O)Nc1ccc(Cl)c(Cl)c1,2.107,tdc,
C=C(C)c1ccccc1,1.382,tdc,
CC(=O)c1ccc(C)cc1,1.982,tdc,
CC(=O)c1ccc(C(O)C(CO)NC(=O)C(Cl)Cl)cc1,2.465,tdc,
CC(=O)c1ccc(N)cc1,2.55,tdc,
CC(=O)c1ccc(O)cc1O,1.73,tdc,
CC(=O)c1cccc([N+](=O)[O-])c1,1.706,tdc,
CC(=O)c1cccc(N)c1,1.859,tdc,
CC(=O)c1ccccc1,2.169,tdc,
CC(=O)c1ccccc1Cl,1.929,tdc,
CC(=O)c1ccccc1[N+](=O)[O-],2.014,tdc,
CC(=O)CC(=O)Nc1ccccc1,1.581,tdc,
CC(=O)CCc1ccc(O)cc1,2.095,tdc,
CC(=O)CCc1ccc(OC(C)=O)cc1,1.832,tdc,
CC(=O)CCc1ccccc1,1.666,tdc,
CC(=O)CNC(C)(C)Cc1ccc(Cl)cc1,2.982,tdc,
CC(=O)NC(=O)c1ccccc1O,1.952,tdc,
CC(=O)Nc1ccc(C)c(NS(=O)(=O)C(F)(F)F)c1,2.06,tdc,
CC(=O)Nc1ccc(C(=O)CCl)cc1,1.993,tdc,
CC(=O)Nc1ccc(O)cc1,1.7990000000000002,tdc,
CC(=O)Nc1ccccc1,2.228,tdc,
CC(=O)OC(c1ccccc1)C(Cl)(Cl)Cl,1.595,tdc,
CC(=O)Oc1c(C(C)(C)C)cc([N+](=O)[O-])c(C)c1[N+](=O)[O-],3.848,tdc,
CC(=O)Oc1c([N+](=O)[O-])cc([N+](=O)[O-])cc1C(C)(C)C,3.658,tdc,
CC(=O)Oc1ccccc1C(N)=O,1.998,tdc,
CC(=O)Oc1ccccc1C=CC(=O)O,1.816,tdc,
CC(=O)Oc1ccc(C)cc1,1.898,tdc,
CC(=O)Oc1ccccc1,1.922,tdc,
CC(=O)OCc1ccccc1,1.78,tdc,
CC(=O)OCCc1ccccc1,1.651,tdc,
CC(=S)Nc1ccccc1,1.759,tdc,
C#CC(C)N(C)C(=O)Nc1ccc(Cl)cc1,2.121,tdc,
CC(C)(C)c1cc([N+](=O)[O-])cc(C(C)(C)C)c1O,3.002,tdc,
CC(C)(C)c1cc([N+](=O)[O-])cc([N+](=O)[O-])c1O,3.588,tdc,
CC(C)(C)c1ccc(O)c(O)c1,1.77,tdc,
CC(C)(C)c1ccc(C(=O)O)cc1,2.406,tdc,
CC(C)(C)c1ccc(O)cc1,1.707,tdc,
CC(C)(C)NCC(O)c1ccc(O)c(CO)c1,2.559,tdc,
CC(C)(C)OOC(=O)c1ccccc1,2.283,tdc,
CC(C)(N)Cc1ccc(Cl)cc1,2.866,tdc,
C#CC(C)(C)NC(=O)c1cc(Cl)cc(Cl)c1,1.659,tdc,
CC(C)(O)c1ccccc1,2.02,tdc,
CC(C)(O)CC(C)(O)c1ccc(Cl)cc1,2.302,tdc,
CC(C)(O)Cc1ccccc1,2.07,tdc,
CC(C)(Oc1ccc(Cl)cc1)C(=O)O,2.379,tdc,
CC(C)(OO)c1ccccc1,2.6,tdc,
CC(C)=CCOC(=O)c1ccccc1O,1.809,tdc,
CC(C)=CCOC(=O)c1ccccc1,1.607,tdc,
CC(C)C(=O)N(C)C(=O)Oc1cccc(C(C)C)c1,2.62,tdc,
Cc1ccc(OC(=O)C(C)C)cc1,1.649,tdc,
CC(C)C(=O)OCc1ccccc1,1.796,tdc,
Cc1ccc(C(C)C)cc1O,2.268,tdc,
CC(C)c1cccc(OC(=O)N(C)N=O)c1,2.745,tdc,
CC(=O)Oc1cc(C(C)C)c(OCCN(C)C)cc1C,2.522,tdc,
Cc1ccc(C(C)C)cc1,1.4509999999999998,tdc,
Cc1ccc(C(C)C)c(O)c1,2.185,tdc,
CC(C)c1ccc(C#N)cc1,1.571,tdc,
CC(C)c1ccc(C=O)cc1,2.028,tdc,
CC(C)c1ccc(CC=O)cc1,1.597,tdc,
CC(C)c1ccc(CCO)cc1,1.96,tdc,
CC(C)c1ccc(CO)cc1,2.168,tdc,
CC(C)c1ccc(NC(=O)N(C)C)cc1,2.053,tdc,
CC(C)c1cccc(C(C)C)c1N,1.743,tdc,
CC(C)c1cccc(OC(=O)N(C)C)c1,3.112,tdc,
CC(C)c1ccccc1,1.934,tdc,
CC(C)c1ccccc1N,2.059,tdc,
CC(C)Cc1ccc(C(C)C(=O)O)cc1,2.511,tdc,
CC(C)CCOC(=O)c1ccccc1,1.482,tdc,
CC(C)COC(=O)c1ccccc1C(=O)OCC(C)C,1.268,tdc,
CC(C)COC(=O)c1ccccc1O,2.095,tdc,
CC(C)N(C(=O)CCl)c1ccccc1,2.474,tdc,
CC(C)NCC(O)c1cc(O)cc(O)c1,1.797,tdc,
CC(C)NCC(O)c1ccc(O)c(O)c1,2.775,tdc,
CC(C)NCC(O)COc1ccc(CC(N)=O)cc1,1.948,tdc,
CC(=O)Nc1ccc(OCC(O)CNC(C)C)cc1,1.887,tdc,
CC(C)NNC(=O)COc1ccc(Cl)cc1,2.645,tdc,
CC(C)NP(O)(=S)Oc1cc(Cl)c(Cl)cc1Cl,4.033,tdc,
CC(C)OC(=O)c1ccccc1,1.644,tdc,
CC(C)OC(=O)COc1ccc(Cl)cc1Cl,2.846,tdc,
CC(=O)ON(C(=O)OC(C)C)c1ccccc1,1.844,tdc,
CC(C)OC(=O)Nc1cccc(Cl)c1,2.251,tdc,
CC(C)OC(=O)Nc1ccccc1,2.253,tdc,
CC(C)OP(=O)(OC(C)C)SCc1ccccc1,2.77,tdc,
CC(C)OP(=S)(CCl)Sc1ccc(Br)cc1,4.194,tdc,
Cc1ccc(SP(=S)(CCl)OC(C)C)cc1,3.16,tdc,
CC(C)OP(=S)(CCl)Sc1ccc(Cl)cc1,4.084,tdc,
CC(C)OP(=S)(CCl)Sc1ccc(F)cc1,3.884,tdc,
CC(C)OP(=S)(OC(C)C)SCCNS(=O)(=O)c1ccccc1,3.1660000000000004,tdc,
CC(C)OP(C)(=S)Oc1cc(Cl)c(Br)cc1Cl,3.714,tdc,
CC(C=O)=Cc1ccccc1,1.853,tdc,
Cc1ccc(C(C)C=O)cc1,1.6269999999999998,tdc,
CC(C=O)c1ccccc1,1.681,tdc,
CC(C=O)Cc1ccc(C(C)(C)C)cc1,1.742,tdc,
CC(C=O)Cc1ccc(C(C)C)cc1,1.6980000000000002,tdc,
CC(Cc1ccccc1)NN,3.645,tdc,
CC(Cc1ccccc1)OC(N)=O,2.212,tdc,
CC(Cl)(Cl)C(=O)OCCOc1cc(Cl)c(Cl)cc1Cl,2.564,tdc,
CC(Cl)COP(=O)(OCC(C)Cl)Oc1ccc([N+](=O)[O-])cc1,3.333,tdc,
CC(=Cc1ccccc1)CO,1.791,tdc,
CC(=O)OCC(C)c1ccccc1,1.618,tdc,
CC(COc1ccc(C(C)(C)C)cc1)OS(=O)OCCCl,1.934,tdc,
CC(c1ccccc1)N(C)C,2.551,tdc,
CC(N)(Cc1ccc(O)c(O)c1)C(=O)O,1.626,tdc,
CC(N)C(O)c1cccc(O)c1,2.843,tdc,
CC(N)c1ccccc1,2.11,tdc,
CC(N)Cc1ccccc1,3.654,tdc,
CC(O)c1cccc(N)c1,1.646,tdc,
CC(O)c1ccccc1,2.485,tdc,
CC(O)CNC(C)(C)Cc1ccc(Cl)cc1,3.207,tdc,
C#CC(C)OC(=O)Nc1cccc(Cl)c1,1.952,tdc,
Cc1cc(Cl)ccc1OC(C)C(=O)O,2.519,tdc,
CC(Oc1cc(Cl)c(Cl)cc1Cl)C(=O)O,2.6180000000000003,tdc,
CC(Oc1ccc(Cl)cc1Cl)C(=O)O,2.468,tdc,
CC(O[N+](=O)[O-])c1ccc([N+](=O)[O-])cc1,1.996,tdc,
CC=Cc1ccccc1,1.516,tdc,
Cc1ccc(O)cc1C,2.225,tdc,
Cc1ccc([N+](=O)[O-])cc1[N+](=O)[O-],2.832,tdc,
Cc1ccc([N+](=O)[O-])cc1S(=O)(=O)Cl,1.499,tdc,
Cc1c(C(N)=O)cc([N+](=O)[O-])cc1[N+](=O)[O-],2.574,tdc,
Cc1c([N+](=O)[O-])cc([N+](=O)[O-])cc1[N+](=O)[O-],2.456,tdc,
Cc1ccccc1C(=O)O,2.532,tdc,
Cc1ccccc1S(N)(=O)=O,1.546,tdc,
Cc1c([N+](=O)[O-])cccc1[N+](=O)[O-],3.012,tdc,
Cc1cc(S(=O)(=O)O)c(N)cc1Cl,1.256,tdc,
Cc1cc(O)ccc1Cl,1.892,tdc,
Cc1ccccc1N,2.204,tdc,
Cc1c(N)cccc1Cl,2.392,tdc,
Cc1cc([N+](=O)[O-])cc([N+](=O)[O-])c1O,4.297,tdc,
Cc1cccc(C(=O)O)c1O,2.5340000000000003,tdc,
Cc1ccc(N)cc1O,1.534,tdc,
Cc1ccccc1O,2.951,tdc,
Cc1cc(Cl)ccc1OCC(=O)O,2.457,tdc,
Cc1ccccc1OCC(O)COC(N)=O,2.331,tdc,
Cc1cc(Cl)ccc1OCCCC(=O)O,2.527,tdc,
Cc1cc(C(C)(C)C)c(O)c(C(C)(C)C)c1,2.394,tdc,
Cc1ccc(O)c([N+](=O)[O-])c1,1.659,tdc,
Cc1cc([N+](=O)[O-])cc([N+](=O)[O-])c1,2.926,tdc,
Cc1cccc([N+](=O)[O-])c1,2.107,tdc,
Cc1cc([N+](=O)[O-])ccc1S(=O)(=O)NCCO,1.765,tdc,
Cc1cc(C)c(C)c(C)c1,1.415,tdc,
Cc1ccc(C)c(C)c1,1.381,tdc,
Cc1cc(C)c(C)cc1C,1.283,tdc,
Cc1cc(C)c(N)c(C)c1,2.26,tdc,
Cc1ccc(N)c(C)c1,2.414,tdc,
Cc1ccc(O)c(C)c1,1.582,tdc,
Cc1cccc(C)c1,1.327,tdc,
Cc1cc(Cl)ccc1N,2.127,tdc,
Cc1ccc(C)c(N)c1,1.97,tdc,
Cc1cc(C)cc(N)c1,2.234,tdc,
Cc1cccc(N)c1,2.377,tdc,
Cc1cc(N)ccc1N,3.0780000000000003,tdc,
Cc1cc(N)ccc1S(=O)(=O)NCCO,1.413,tdc,
Cc1ccc(C)c(O)c1,2.44,tdc,
Cc1cc(C)cc(O)c1,2.303,tdc,
Cc1cc(O)cc(C)c1Cl,1.612,tdc,
Cc1cc(O)cc(O)c1,2.168,tdc,
Cc1cccc(O)c1,2.65,tdc,
Cc1cc(O)ccc1[N+](=O)[O-],1.541,tdc,
Cc1ccc(C)c(OCCCC(C)(C)C(=O)O)c1,1.719,tdc,
Cc1ccc([N+](=O)[O-])c([N+](=O)[O-])c1,2.354,tdc,
Cc1ccc(S(=O)(=O)O)c(N)c1,1.344,tdc,
Cc1ccc(C)c(C)c1C,1.321,tdc,
Cc1ccc(C)c(CCNC(N)=O)c1,1.922,tdc,
Cc1ccc(C)cc1,1.327,tdc,
Cc1ccc(C(C)(C)C)cc1,1.916,tdc,
Cc1ccc(C(=O)O)cc1,2.532,tdc,
Cc1ccc([N+](=O)[O-])cc1,1.845,tdc,
Cc1ccc(S(=O)(=O)OCCCl)cc1,2.673,tdc,
Cc1ccc(S(=O)(=O)O)cc1,1.842,tdc,
Cc1ccc(N=C=O)cc1N=C=O,1.4780000000000002,tdc,
Cc1ccc([N+](=O)[O-])cc1S(=O)(=O)O,1.767,tdc,
Cc1ccc(Cl)cc1,1.78,tdc,
Cc1ccc(Cl)cc1Cl,1.544,tdc,
Cc1ccc(Cl)cc1N,2.485,tdc,
Cc1ccc(N)cc1,2.213,tdc,
Cc1ccc(N)cc1Br,3.014,tdc,
Cc1ccc(N)cc1C,2.174,tdc,
Cc1ccc(O)cc1,2.718,tdc,
Cc1cccc([N+](=O)[O-])c1[N+](=O)[O-],2.301,tdc,
Cc1cccc(C)c1CCNC(N)=O,2.108,tdc,
Cc1cccc(C)c1N,2.1590000000000003,tdc,
Cc1cccc(C)c1O,2.616,tdc,
Cc1cccc(N)c1C,2.114,tdc,
Cc1cccc(NC(N)=O)c1,2.053,tdc,
Cc1ccccc1,1.265,tdc,
Cc1ccccc1[N+](=O)[O-],2.187,tdc,
Cc1ccccc1NCCO,1.837,tdc,
Cc1ccccc1OCC(COC(O)C(Cl)(Cl)Cl)OC(O)C(Cl)(Cl)Cl,2.734,tdc,
Cc1ccccc1OCC(O)CO,2.465,tdc,
C=C(CC)C(=O)c1ccc(OCC(=O)O)c(Cl)c1Cl,2.482,tdc,
CCC(=O)c1ccc(N)cc1,2.926,tdc,
CCC(=O)c1ccccc1,1.475,tdc,
CCC(=O)Nc1ccc(Cl)c(Cl)c1,2.774,tdc,
CCC(=O)OC(C)c1ccccc1,1.535,tdc,
CCC(=O)OCC=Cc1ccccc1,1.7480000000000002,tdc,
CCC(C(=O)O)c1ccc(CC(C)C)cc1,2.139,tdc,
CCC(C)(C)c1cc(O)c(C(C)(C)CC)cc1O,2.0980000000000003,tdc,
CCC(C)(C)c1ccc(Cl)c(OC(=O)NC)c1,3.533,tdc,
CCC(C)(C)c1ccc(O)cc1,1.953,tdc,
CCC(C)(C)c1ccc(OP(=O)(NC)OC)c(Cl)c1,2.786,tdc,
CCC(C)(O)CCc1ccccc1,1.781,tdc,
CCC(C)c1cc([N+](=O)[O-])cc([N+](=O)[O-])c1O,3.983,tdc,
CCC(C)c1cc([N+](=O)[O-])cc([N+](=O)[O-])c1OC(=O)C=C(C)C,3.745,tdc,
CCC(C)c1cc([N+](=O)[O-])cc([N+](=O)[O-])c1OC(=O)OC(C)C,3.743,tdc,
CCC(C)c1cc([N+](=O)[O-])cc([N+](=O)[O-])c1OC(=O)SC,3.196,tdc,
CCC(C)c1cc([N+](=O)[O-])cc([N+](=O)[O-])c1OC(C)=O,3.672,tdc,
CCC(C)c1ccc(Cl)c(OC(=O)NC)c1,3.684,tdc,
CCC(C)c1cccc(OC(=O)NC)c1,4.317,tdc,
CCC(C)c1cc(OC(=O)NC)ccc1C,3.801,tdc,
CCC(C)c1ccccc1,1.778,tdc,
CCC(C)c1ccccc1OC(=O)NC,2.772,tdc,
CCC(C)N(C(=O)SCc1ccccc1)C(C)CC,1.446,tdc,
CCC(C)Nc1c([N+](=O)[O-])cc(C(C)(C)C)cc1[N+](=O)[O-],2.072,tdc,
CCC(CC)Nc1c([N+](=O)[O-])cc(C)c(C)c1[N+](=O)[O-],2.352,tdc,
CCC(Cc1c(I)cc(I)c(N)c1I)C(=O)O,2.569,tdc,
CCC(O)(COC(N)=O)c1ccccc1,2.537,tdc,
CCC(OC(N)=O)c1ccccc1Cl,2.478,tdc,
CCc1cccc(C)c1N(C(=O)CCl)C(C)COC,2.049,tdc,
CCc1ccc(C)cc1O,2.41,tdc,
CCc1cc(CC)cc(OC(=O)NC)c1,2.112,tdc,
CCc1cccc(CC)c1N,1.919,tdc,
CCc1cccc(CC)c1N(COC)C(=O)CCl,2.463,tdc,
CCc1ccccc1,1.482,tdc,
CCc1ccccc1N,1.983,tdc,
CCCC(=O)Oc1ccc(OC)cc1,1.757,tdc,
CCCC(=O)OCCc1ccccc1,1.621,tdc,
CCCC(C)(C)C(=O)Nc1ccc(Cl)cc1,1.965,tdc,
CCCC(C)C(=O)Nc1ccc(C)c(Cl)c1,1.672,tdc,
CCCC(C)c1cccc(OC(=O)NC)c1,3.646,tdc,
CCCc1ccc(O)c(OC)c1,1.806,tdc,
CCCc1ccc(O)cc1,2.435,tdc,
CCCc1ccc(OC)cc1,1.533,tdc,
CCCc1ccccc1,1.2990000000000002,tdc,
CCCc1ccccc1O,2.435,tdc,
CCCCC(C=O)=Cc1ccccc1,1.631,tdc,
CCCCC(CC)COC(=O)c1ccccc1C(=O)OCC(CC)CCCC,1.106,tdc,
CCCCC(CC)COC(=O)c1cccc(C(=O)OCC(CC)CCCC)c1,1.354,tdc,
CCCCC(CC)COC(=O)c1ccccc1C(=O)O,2.317,tdc,
CCCCC(CC)COC(=O)COc1ccc(Cl)cc1Cl,3.0460000000000003,tdc,
CCCCCC(C=O)=Cc1ccccc1,1.734,tdc,
CCCCCC(CC)c1cc([N+](=O)[O-])c(OC(=O)OC)c([N+](=O)[O-])c1,2.887,tdc,
CCCCCC(=Cc1ccccc1)CO,1.7080000000000002,tdc,
CCCCCc1ccc(C)cc1O,2.075,tdc,
CCCCCCc1ccc(O)cc1O,2.548,tdc,
CCCCCCCC(=O)Oc1c(Br)cc(C#N)cc1Br,3.207,tdc,
CCCCCCCC(=O)Oc1c(I)cc(C#N)cc1I,3.418,tdc,
CCCCCCCC(=O)Oc1ccc(C)cc1,2.166,tdc,
CCCCCCCc1cc(C)c(O)c(C)c1,2.139,tdc,
CCCCCCCCCCOC(=O)c1ccccc1C(=O)OCCCC,1.237,tdc,
CCCCCCCCCCOC(=O)c1ccccc1C(=O)OCCCCCC,0.901,tdc,
CCCCCCCCCCOC(=O)c1ccccc1C(=O)OCCCCCCCC,0.969,tdc,
CCCCCCCCCCOc1c(OC)cc(C(N)=O)cc1OC,2.311,tdc,
CCCCCCCCOC(=O)c1cc(O)c(O)c(O)c1,2.1590000000000003,tdc,
CCCCCCCCOC(=O)Oc1ccc([N+](=O)[O-])cc1[N+](=O)[O-],3.24,tdc,
CCCCCCCCOP(OCC(CC)CCCC)Oc1ccccc1,1.7380000000000002,tdc,
CCCCCCOC(=O)C(O)c1ccccc1,1.143,tdc,
CCCCCCOC(=O)c1ccccc1C(=O)OCCCCCC,1.053,tdc,
CCCCCCOC(=O)c1ccccc1,1.225,tdc,
CCCCN(C)C(=O)Nc1ccc(Cl)c(Cl)c1,2.398,tdc,
CCCCN(CC)c1c([N+](=O)[O-])cc(C(F)(F)F)cc1[N+](=O)[O-],1.525,tdc,
CCCCN=C(NCCCC)C(OCC)c1ccc(Cl)cc1,3.169,tdc,
CCCCNC(=O)NS(=O)(=O)c1ccc(C)cc1,2.036,tdc,
CCCCNC(=O)NS(=O)(=O)c1ccc(N)cc1,1.541,tdc,
CCCCNC(=S)Nc1ccccc1,3.143,tdc,
CCCCNC(C)c1ccccc1,2.692,tdc,
CCCCNc1ccccc1,1.964,tdc,
CCCCNP(=S)(OCC)Sc1ccccc1,2.984,tdc,
CCCCOC(=O)c1ccccc1,1.54,tdc,
CCCCOC(=O)c1ccccc1C(=O)OCCCC,1.541,tdc,
CCCCOC(=O)COc1ccc(Cl)cc1Cl,2.665,tdc,
CCCCOC(=O)COc1ccc(Cl)cc1C,2.449,tdc,
CCCCOc1ccc(CC(=O)NO)cc1,1.821,tdc,
CCCCOc1ccccc1NC(C)=O,1.854,tdc,
CCCCOCC(O)COc1ccccc1,1.976,tdc,
CCCCOCCOC(=O)COc1ccc(Cl)cc1Cl,2.587,tdc,
CCCCOCCOCCOC(=O)c1ccccc1C(=O)OCCOCCOCCCC,1.671,tdc,
CCCCOCN(C(=O)CCl)c1c(CC)cccc1CC,2.253,tdc,
CCCCOP(=O)(OCCCC)Oc1ccccc1,2.126,tdc,
CCCCOP(=O)(SCC)SCc1ccccc1,2.544,tdc,
CCCCSC(=O)Oc1c(C(C)CC)cc([N+](=O)[O-])cc1[N+](=O)[O-],3.385,tdc,
CCCN(CCC)C(=O)C(CCC(=O)O)NC(=O)c1ccccc1,1.223,tdc,
CCCN(CCC)c1c([N+](=O)[O-])cc(C)cc1[N+](=O)[O-],1.893,tdc,
CCCN(CCC)c1c([N+](=O)[O-])cc(C(C)=O)cc1[N+](=O)[O-],2.615,tdc,
CCCN(CCC)c1c([N+](=O)[O-])cc(C(C)C)cc1[N+](=O)[O-],1.791,tdc,
CCCN(CCC)c1c([N+](=O)[O-])cc(S(N)(=O)=O)cc1[N+](=O)[O-],1.54,tdc,
CCCN(CCC)S(=O)(=O)c1ccc(C(=O)O)cc1,2.251,tdc,
CCCN(CCCl)c1c([N+](=O)[O-])cc(C(F)(F)F)cc1[N+](=O)[O-],2.361,tdc,
CCCNC(=N)C(OCC)c1ccccc1,2.619,tdc,
CCCNC(=O)NS(=O)(=O)c1ccc(Cl)cc1,2.11,tdc,
CCCN=C(NCCC)C(OCC)c1ccccc1,3.4410000000000003,tdc,
CCCOC(=O)c1cc(O)c(O)c(O)c1,2.005,tdc,
CCCOC(=O)Cc1ccc(OCC(=O)N(CC)CC)c(OC)c1,2.6830000000000003,tdc,
C#CCOP(=O)(OCCC)c1ccccc1,2.818,tdc,
CCCOP(=S)(CC)SCOc1ccc(Cl)cc1Cl,3.658,tdc,
CCCOP(=S)(CCl)Sc1ccc(Cl)cc1,3.596,tdc,
CCCOP(=S)(OCCC)Oc1ccc(S(C)=O)cc1,3.828,tdc,
CCCOP(C)(=S)Oc1ccc([N+](=O)[O-])cc1,4.963,tdc,
CCCSC(=O)Oc1c(C(C)CC)cc([N+](=O)[O-])cc1[N+](=O)[O-],2.768,tdc,
CCCSP(=O)(OCC)Oc1ccc(Br)cc1Cl,3.019,tdc,
CCCSP(=O)(OCC)Oc1c(Cl)cc(Cl)cc1Cl,3.26,tdc,
CCCSP(=O)(OCC)Oc1ccc(Cl)cc1Cl,3.012,tdc,
CCCSP(=S)(OCC)Oc1ccc(Cl)cc1Cl,2.596,tdc,
CCCSP(=S)(OCC)Oc1ccc(SC)cc1,3.696,tdc,
CCCSP(C)(=S)Oc1ccc(Cl)cc1Cl,3.248,tdc,
CCCSP(C)(=S)Oc1ccccc1,3.073,tdc,
CC=CC(=O)N(CC)c1ccccc1C,2.132,tdc,
C=C(C)CN(CC)c1c([N+](=O)[O-])cc(C(F)(F)F)cc1[N+](=O)[O-],1.523,tdc,
CCN(CC)C(=O)c1ccc(O)c(OC)c1,3.161,tdc,
CCN(CC)C(=O)c1ccc(C)cc1,1.92,tdc,
CCN(CC)C(=O)c1cccc(C)c1,1.992,tdc,
CCN(CC)C(=O)c1ccccc1,1.948,tdc,
CCN(CC)C(=O)c1ccccc1C,2.199,tdc,
CCN(CC)C(=O)c1ccccc1O,2.523,tdc,
C=CCOc1ccccc1C(=O)N(CC)CC,2.8560000000000003,tdc,
CCN(CC)C(=O)SCc1ccc(Cl)cc1,2.297,tdc,
CCN(CC)c1c([N+](=O)[O-])cc(C(F)(F)F)c(N)c1[N+](=O)[O-],2.031,tdc,
CCN(CC)c1cccc(OC(=O)NC)c1,3.388,tdc,
CCN(CC)CC(=O)Nc1c(C)cccc1C,2.869,tdc,
CCN(CC)CCNC(=O)c1cc(Br)c(N)cc1OC,2.8,tdc,
CCN(CC)CCNC(=O)c1cc(Cl)c(N)cc1OC,2.602,tdc,
CCN(CC)CCNC(=O)c1ccc(N)cc1,2.082,tdc,
CCN(CC)CCNC(=O)COc1ccc(Cl)cc1,2.437,tdc,
CCN(CC)CCOCCOC(=O)C(CC)(CC)c1ccccc1,3.263,tdc,
CCN(CC)N=Nc1ccccc1,2.533,tdc,
CCN(CC)S(=O)(=O)c1ccccc1,2.38,tdc,
CCNC(=O)C(C)OC(=O)Nc1ccccc1,1.332,tdc,
CCNC(C)c1ccccc1,2.6180000000000003,tdc,
CCNC(C)Cc1cccc(C(F)(F)F)c1,3.25,tdc,
CCNCC(O)c1cccc(O)c1,3.201,tdc,
CCOC(=O)C(C)(C)Oc1ccc(Cl)cc1,2.412,tdc,
CCOC(=O)C(CC(C)C)NC(=O)C(Cc1ccc(N(CCCl)CCCl)cc1)NC(C)=O,3.856,tdc,
C=CCC(CCN(CC)CC)(C(=O)OCC)c1ccccc1,3.181,tdc,
CCOC(=O)C(SP(=S)(OC)OC)c1ccccc1,3.4410000000000003,tdc,
CCOC(=O)C=Cc1ccccc1,1.644,tdc,
CCOC(=O)c1ccccc1N,1.644,tdc,
CCOC(=O)c1ccccc1O,2.1,tdc,
CCOC(=O)c1ccccc1,1.854,tdc,
CCOC(=O)c1ccccc1C(=O)OCC,1.412,tdc,
CCOC(=O)Cc1ccccc1,1.6969999999999998,tdc,
CCOC(=O)CN(C(=O)CCl)c1c(CC)cccc1CC,2.132,tdc,
CCOC(=O)NS(=O)(=O)c1ccc(Cl)cc1,2.841,tdc,
CCOc1ccccc1C(N)=O,1.798,tdc,
CC=Cc1ccc(OCC)c(O)c1,1.871,tdc,
CCOc1cc(C=O)ccc1O,2.019,tdc,
CCOc1cc(OCC)c(C(=O)CCC(=O)O)cc1OCC,2.103,tdc,
CCOc1ccc(C=O)cc1,1.854,tdc,
CCOc1ccc(N)cc1,2.374,tdc,
CCOc1ccc(NC(C)=O)cc1,1.6969999999999998,tdc,
CCOCCOc1ccc(Cl)cc1Cl,2.222,tdc,
CCOP(=O)(CC)Sc1ccccc1,4.923,tdc,
CCOP(=O)(NC(C)C)Oc1ccc(SC)c(C)c1,4.579,tdc,
CCOP(=O)(Oc1ccc([N+](=O)[O-])cc1)SCC,4.211,tdc,
CCOP(=O)(OCC)C(SCC)(Sc1ccccc1)P(=O)(OCC)OCC,4.279,tdc,
CCOP(=O)(OCC)OC(=CCl)c1ccc(Cl)cc1Cl,4.556,tdc,
CCOP(=O)(OCC)OC(C)=CC(=O)OC(C)c1ccccc1,3.722,tdc,
CCOP(=O)(OCC)OC(=CCl)c1cc(Cl)ccc1Cl,4.012,tdc,
CCOP(=O)(OCC)Oc1ccc([N+](=O)[O-])cc1,5.184,tdc,
CCOP(=O)(OCC)Oc1ccc(S(C)(=O)=O)cc1,4.789,tdc,
CCOP(=O)(OCC)Oc1ccc(SC)c(C)c1,4.509,tdc,
CCOP(=O)(OCC)Sc1c(Cl)c(Cl)c(Cl)c(Cl)c1Cl,2.656,tdc,
CCOP(=O)(OCC)Sc1ccc([N+](=O)[O-])cc1,4.82,tdc,
CCOP(=O)(OCC)SCc1ccccc1,2.596,tdc,
CCOP(=O)(OCC)SCSc1cc(Cl)ccc1Cl,3.978,tdc,
CCOP(=S)(CC)Oc1cc(Cl)ccc1Cl,4.197,tdc,
CCOP(=S)(CC)Oc1cc(Cl)c(Br)cc1Cl,4.033,tdc,
CCOP(=S)(CC)Oc1cc(Cl)c(Cl)cc1Cl,4.347,tdc,
CCOP(=S)(CC)Oc1ccc([N+](=O)[O-])c(C)c1,4.461,tdc,
CCOP(=S)(CC)Oc1ccc(S(C)=O)cc1,5.0680000000000005,tdc,
CCOP(=S)(CC)Oc1ccc([N+](=O)[O-])cc1Cl,4.129,tdc,
CCOP(=S)(CC)Oc1ccc(Cl)cc1,3.445,tdc,
CCOP(=S)(CC)Oc1ccc(Cl)cc1Cl,4.078,tdc,
CCOP(=S)(CC)Sc1ccc(C)cc1,3.753,tdc,
CCOP(=S)(CC)Sc1ccc(C(C)(C)C)cc1,3.3310000000000004,tdc,
CCOP(=S)(CC)Sc1ccc(Cl)c(C)c1,3.67,tdc,
CCOP(=S)(CC)Sc1ccc(Cl)cc1,4.939,tdc,
CCOP(=S)(CC)Sc1ccccc1,4.914,tdc,
CCOP(=S)(CC)Sc1ccccc1C,3.782,tdc,
CCOP(=S)(CC)SCOc1ccc(Cl)cc1Cl,3.489,tdc,
CCOP(=S)(CC)SCSc1ccc(Cl)cc1,4.284,tdc,
CCOP(=S)(CCl)Oc1ccc([N+](=O)[O-])cc1,3.367,tdc,
CCOP(=S)(CCl)Oc1ccc(C#N)cc1OC,3.634,tdc,
CCOP(=S)(CCl)Sc1ccc(C)cc1,2.922,tdc,
CCOP(=S)(NC(C)C)Oc1ccccc1C(=O)OC(C)C,4.091,tdc,
CCOP(=S)(NC(C)CC)Oc1cc(C)ccc1[N+](=O)[O-],2.92,tdc,
CCOP(=S)(NC)Oc1ccc(SC)c(C)c1,4.765,tdc,
CCOP(=S)(OC)Oc1cc(Cl)c(Cl)cc1Cl,3.029,tdc,
CCOP(=S)(OCC)OC(=CCl)c1cc(Cl)ccc1Cl,3.952,tdc,
CCOP(=S)(OCC)OC(=CCl)c1ccc(Cl)cc1Cl,4.575,tdc,
CCOP(=S)(OCC)Oc1cc(Cl)c(SC)cc1Cl,4.444,tdc,
CCOP(=S)(OCC)Oc1cc(C)c(SC)c(C)c1,2.932,tdc,
CCOP(=S)(OCC)Oc1ccc(SC)c(C)c1,4.34,tdc,
CCOP(=S)(OCC)Oc1cc(Cl)c(Br)cc1Cl,3.88,tdc,
CCOP(=S)(OCC)Oc1ccc([N+](=O)[O-])c(Cl)c1,3.814,tdc,
CCOP(=S)(OCC)Oc1ccc([N+](=O)[O-])cc1,5.162999999999999,tdc,
CCOP(=S)(OCC)Oc1ccc(S(C)=O)cc1,5.188,tdc,
CCOP(=S)(OCC)Oc1ccc([N+](=O)[O-])cc1Cl,4.513,tdc,
CCOP(=S)(OCC)Oc1ccc(Cl)cc1Cl,3.263,tdc,
CCOP(=S)(OCC)Oc1ccc(N)cc1,2.764,tdc,
CCOP(=S)(OCC)ON=C(C#N)c1ccccc1,2.998,tdc,
CCOP(=S)(OCC)SC(C#N)c1ccccc1,3.479,tdc,
CCOP(=S)(OCC)SC(C(=O)OCCF)c1ccccc1,4.865,tdc,
CCOP(=S)(OCC)Sc1ccc(C)cc1,2.942,tdc,
CCOP(=S)(OCC)SCC(=O)N(CCC#N)c1ccccc1,4.395,tdc,
CCOP(=S)(OCC)SCc1cccc([N+](=O)[O-])c1,3.109,tdc,
CCOP(=S)(OCC)SCc1ccc([N+](=O)[O-])cc1,3.507,tdc,
CCOP(=S)(OCC)SCSc1cc(Cl)ccc1Cl,3.933,tdc,
CCOP(=S)(OCC)SCSc1ccc(Cl)c(Cl)c1,3.627,tdc,
CCOP(=S)(OCC)SCSc1ccc(Cl)cc1,4.703,tdc,
CCOP(=S)(OCC)SCSCc1ccccc1,4.73,tdc,
CCOP(=O)(O)Sc1ccc(C)cc1,3.667,tdc,
CCP(=O)(OC)Oc1ccc(C)cc1,2.654,tdc,
CCP(=O)(OC)Oc1ccc(C#N)cc1,5.46,tdc,
CCP(=O)(OC)Oc1ccc([N+](=O)[O-])cc1,5.212999999999999,tdc,
CCP(=O)(OC)Oc1ccc(S(C)(=O)=O)cc1,5.541,tdc,
CCP(=O)(OC)Oc1ccc(Cl)cc1,3.379,tdc,
CCP(=S)(Oc1ccc([N+](=O)[O-])cc1Cl)OC(C)C,4.005,tdc,
CCP(=S)(OC)Oc1cc(Cl)c(Br)cc1Cl,3.658,tdc,
CCP(=S)(OC)Oc1ccc([N+](=O)[O-])cc1Cl,4.109,tdc,
CCP(=S)(OC)Sc1ccc(C)cc1,3.423,tdc,
CCP(=S)(OC)Sc1ccc(C(C)(C)C)cc1,3.205,tdc,
CCP(=S)(OC)Sc1ccc(Cl)c(C)c1,3.499,tdc,
CCP(=S)(OC)Sc1ccccc1,3.412,tdc,
CCP(=S)(OCC(C)C)Sc1ccc(Cl)cc1,3.726,tdc,
CCP(=S)(OCCCl)Oc1ccc(C#N)cc1,5.1610000000000005,tdc,
CCSC(=O)Oc1c(C(C)CC)cc([N+](=O)[O-])cc1[N+](=O)[O-],3.349,tdc,
CCSC(SCC)c1ccccc1OC(=O)NC,2.757,tdc,
CCSCc1ccccc1OC(=O)NC,3.052,tdc,
Cl[Si](Cl)(Cl)c1ccccc1,1.947,tdc,
C=C(Cl)c1ccc([N+](=O)[O-])cc1,2.4130000000000003,tdc,
O=C(Cl)c1cccc(C(=O)Cl)c1,1.965,tdc,
O=C(Cl)c1cccc([N+](=O)[O-])c1,1.878,tdc,
ClC(Cl)(Cl)c1ccc(C(Cl)(Cl)Cl)cc1,1.99,tdc,
ClC(Cl)(Cl)c1ccccc1,1.513,tdc,
ClC(Cl)c1ccccc1,1.695,tdc,
ClC=C(Cl)c1ccccc1,1.636,tdc,
O=[N+]([O-])c1ccc(Cl)c([N+](=O)[O-])c1,2.277,tdc,
O=[N+]([O-])c1ccccc1Cl,2.769,tdc,
N#Cc1c(Cl)c(Cl)c(Cl)c(C#N)c1Cl,1.425,tdc,
O=[N+]([O-])c1c(Cl)c(Cl)c(Cl)c(Cl)c1Cl,2.4290000000000003,tdc,
Clc1c(Cl)c(Cl)c(Cl)c(Cl)c1Cl,1.455,tdc,
Clc1ccc(Cl)c(Cl)c1Cl,2.267,tdc,
Clc1ccccc1Cl,2.468,tdc,
O=[N+]([O-])c1cccc(Cl)c1,2.574,tdc,
O=[N+]([O-])c1c(Cl)c(Cl)cc(Cl)c1Cl,1.541,tdc,
Clc1cc(Cl)c(Cl)c(Cl)c1,2.097,tdc,
Clc1cc(Cl)c(Cl)c(Cl)c1Cl,2.365,tdc,
Clc1ccc(Cl)c(Cl)c1,2.38,tdc,
Clc1cc(Cl)c(Cl)cc1Cl,2.158,tdc,
Clc1cc(Cl)cc(Cl)c1,2.356,tdc,
O=[N+]([O-])c1ccc(Cl)cc1,2.574,tdc,
C=CCNC(=O)NS(=O)(=O)c1ccc(Cl)cc1,2.138,tdc,
O=S(=O)(Cl)c1ccc(Cl)cc1,1.696,tdc,
O=Cc1ccc(Cl)cc1,1.951,tdc,
O=[N+]([O-])c1cc(Cl)ccc1Cl,2.283,tdc,
Clc1ccc(Cl)cc1,2.468,tdc,
O=CNc1ccc(Cl)cc1,2.317,tdc,
N#Cc1c(Cl)cccc1Cl,1.803,tdc,
Clc1ccccc1,1.692,tdc,
N#CC(C#N)=Cc1ccccc1Cl,3.025,tdc,
O=C(Nc1cccc(Cl)c1)OCC#CCCl,2.69,tdc,
O=C(CCl)c1ccccc1,3.49,tdc,
O=C(COc1ccc(Cl)cc1Cl)OCC=CCCl,2.753,tdc,
ClCc1ccc(CCl)cc1,1.993,tdc,
ClCc1ccccc1,2.012,tdc,
O=[N+]([O-])c1ccc(OP(=O)(OCCCCl)OCCCCl)cc1,4.052,tdc,
ClCCN(CCCl)c1ccccc1,2.96,tdc,
O=[N+]([O-])c1ccc(OP(=O)(OCCCl)OCCCl)cc1,3.968,tdc,
CC(=O)N(C)C(=O)Oc1cc(C)c(C)cc1Cl,1.806,tdc,
CC(=O)N(C)C(=O)Oc1cccc(C(C)(C)C)c1,2.397,tdc,
CC(=O)Nc1c(I)c(C(=O)O)c(I)c(N(C)C(C)=O)c1I,1.217,tdc,
CN(C)C(=O)c1ccccc1O,1.856,tdc,
CN(C)C(=O)CCNc1ccc(Br)cc1,2.176,tdc,
CN(C)C(=O)Nc1ccc(Cl)c(Cl)c1,2.36,tdc,
CN(C)C(=O)Nc1cccc(OC(=O)NC(C)(C)C)c1,1.969,tdc,
Cc1ccc(NC(=O)N(C)C)cc1Cl,1.564,tdc,
CN(C)C(=O)Nc1ccc(Cl)cc1,2.276,tdc,
CN(C)C(=O)Nc1cccc(C(F)(F)F)c1,2.185,tdc,
CN(C)C(=O)Nc1ccccc1,1.409,tdc,
Cc1cc(Cl)ccc1NC(=S)N(C)C,1.961,tdc,
Cc1cccc(NC(=S)N(C)C)c1,1.946,tdc,
Cc1cc(Cl)ccc1N=CN(C)C,3.09,tdc,
CN(C)c1ccc(SC#N)cc1,2.552,tdc,
CN(C)c1ccccc1,1.934,tdc,
CN(C)Cc1cc(CN(C)C)c(O)c(CN(C)C)c1,2.345,tdc,
CN(C)Cc1ccccc1,2.708,tdc,
CN(C)CCOC(=O)COc1ccc(Cl)cc1,1.996,tdc,
Cc1ccccc1N=NN(C)C,2.669,tdc,
CN(C)N=Nc1ccccc1C(N)=O,3.536,tdc,
Cc1cccc(N=NN(C)C)c1,2.736,tdc,
CN(C)N=Nc1ccc(Br)cc1,2.732,tdc,
Cc1ccc(N=NN(C)C)cc1,2.616,tdc,
CN(C)N=Nc1ccc(C(N)=O)cc1,3.551,tdc,
CN(C)N=Nc1ccc([N+](=O)[O-])cc1,2.067,tdc,
CN(C)N=Nc1ccc(Cl)cc1,2.705,tdc,
CN(C)N=Nc1ccc(F)cc1,2.71,tdc,
CN(C)N=Nc1ccc(I)cc1,2.681,tdc,
CC(=O)Nc1ccc(N=NN(C)C)cc1,2.607,tdc,
CN(C)N=Nc1ccccc1,2.682,tdc,
Cc1ccc(N(SC(F)(Cl)Cl)S(=O)(=O)N(C)C)cc1,2.541,tdc,
CN(C)S(=O)(=O)N(SC(F)(Cl)Cl)c1ccccc1,2.824,tdc,
C#CCN(C)Cc1ccccc1,2.725,tdc,
Cc1cccc(CN(C)N=O)c1,2.437,tdc,
Cc1ccc(CN(C)N=O)cc1,2.613,tdc,
CN(Cc1ccccc1)N=O,3.921,tdc,
CN(CCc1ccccc1)N=O,3.534,tdc,
CN(N=O)c1ccc(C=O)cc1,1.914,tdc,
CN(N=O)c1ccccc1,2.782,tdc,
Cc1ccc(S(=O)(=O)N(C)N=O)cc1,1.9,tdc,
CNC(=N)NC(=O)Nc1c(C)cccc1C,3.0780000000000003,tdc,
CNC(=O)c1ccc(Cl)c(S(=O)(=O)NC)c1,2.273,tdc,
CNC(=O)Nc1ccccc1,1.64,tdc,
CNC(=O)Oc1cc(C)c(N(C)C)cc1C(C)C,3.572,tdc,
CNC(=O)Oc1cccc(C(C)C)c1Cl,3.813,tdc,
CNC(=O)Oc1cc(C)c(C)cc1Cl,3.853,tdc,
CNC(=O)Oc1cc(C(C)C)ccc1Cl,4.035,tdc,
C#CCOc1ccccc1OC(=O)NC,3.409,tdc,
C=CCOc1ccccc1OC(=O)NC,3.015,tdc,
CNC(=O)Oc1cc(C(C)(C)C)cc(C(C)(C)C)c1,2.165,tdc,
CNC(=O)Oc1cc(C(C)C)cc(C(C)C)c1,3.071,tdc,
CNC(=O)Oc1cc(C)cc(C(C)C)c1,3.772,tdc,
CNC(=O)Oc1ccc(NC(=O)OC)c(C(C)C)c1,3.994,tdc,
CNC(=O)Oc1cc(C)c(S(C)=O)c(C)c1,3.759,tdc,
CNC(=O)Oc1cc(C)c(C)c(C)c1,3.036,tdc,
CNC(=O)Oc1ccc(C)c(C)c1,2.7910000000000004,tdc,
CNC(=O)Oc1ccc(N(C)C)c(C)c1,3.841,tdc,
CNC(=O)Oc1cc(C)c(N(C)C)c(C)c1,4.2010000000000005,tdc,
C=CCN(CC=C)c1c(C)cc(OC(=O)NC)cc1C,3.489,tdc,
CNC(=O)Oc1cc(C)c(NC(=O)O)c(C)c1,3.526,tdc,
CNC(=O)Oc1cc(C(C)C)c(OC(=O)NC)cc1C,3.67,tdc,
CNC(=O)Oc1cc(C)c(SC)c(C)c1,4.353,tdc,
CNC(=O)Oc1ccc(SC)c(C)c1,3.626,tdc,
CNC(=O)Oc1cc(C)cc(C)c1,2.519,tdc,
CNC(=O)Oc1cccc(C)c1,2.79,tdc,
C#CCOc1cccc(OC(=O)NC)c1,3.136,tdc,
CNC(=O)Oc1ccc(C)c(N(C)C)c1,3.656,tdc,
CNC(=O)Oc1ccc(C)c(C)c1C,2.784,tdc,
C=CCN(CC=C)c1ccc(OC(=O)NC)cc1,3.4530000000000003,tdc,
CNC(=O)Oc1ccc(CC#N)cc1,2.571,tdc,
CNC(=O)Oc1ccc(CCC#N)cc1,2.518,tdc,
CNC(=O)Oc1ccc(N=CN(C)C)c(C)c1,4.513999999999999,tdc,
CNC(=O)Oc1cccc(C(C)C)c1,4.082,tdc,
CNC(=O)Oc1ccccc1,2.447,tdc,
CNC(=O)Oc1ccccc1C(C)C,3.036,tdc,
C=CC(COC)c1ccccc1OC(=O)NC,3.372,tdc,
CNC(=O)Oc1ccccc1CCCSC,3.037,tdc,
CNC(=O)Oc1ccccc1Cl,2.457,tdc,
C#CCN(C)c1ccccc1OC(=O)NC,3.5610000000000004,tdc,
CNC(=O)Oc1ccccc1OC(C)C,3.4760000000000004,tdc,
CNC(=O)OCc1ccc(Cl)c(Cl)c1,2.0980000000000003,tdc,
CNC(C)C(O)c1ccccc1,2.399,tdc,
CNCC(O)c1cccc(O)c1,2.679,tdc,
CNP(=O)(NC)Oc1ccccc1,3.155,tdc,
CNP(=O)(OC)Oc1ccc(C(C)(C)C)cc1Cl,2.802,tdc,
CNS(=O)(=O)c1cc(Cl)c(Cl)cc1Cl,1.731,tdc,
COC(=O)C(Cl)Cc1ccc(Cl)cc1,2.337,tdc,
COC(=O)C=Cc1ccccc1,1.793,tdc,
COC(=O)c1ccccc1C(=O)OC,1.456,tdc,
COC(=O)c1c(Cl)c(Cl)c(C(=O)OC)c(Cl)c1Cl,2.044,tdc,
COC(=O)c1c(Cl)c(Cl)c(C(=O)SC)c(Cl)c1Cl,2.023,tdc,
COC(=O)c1ccccc1N,1.716,tdc,
COC(=O)c1ccccc1O,2.234,tdc,
COC(=O)c1ccc(C)cc1,1.658,tdc,
COC(=O)c1ccccc1,2.063,tdc,
COC(=O)Cc1ccccc1,1.77,tdc,
COC(=O)NC(=S)Nc1ccccc1NC(=S)NC(=O)OC,1.712,tdc,
COC(=O)Nc1ccc(Cl)c(Cl)c1,2.625,tdc,
COC(=O)NS(=O)(=O)c1ccc(N)cc1,2.061,tdc,
COC(Cc1ccccc1)OC,1.6769999999999998,tdc,
COC(OC)C(C)c1ccccc1,1.989,tdc,
COC(OC)c1ccccc1,2.096,tdc,
COc1c(Cl)cc(Cl)c(Cl)c1C(=O)O,2.93,tdc,
COc1c(C(C)(C)C)cc([N+](=O)[O-])c(C)c1[N+](=O)[O-],2.898,tdc,
COc1ccccc1[N+](=O)[O-],2.316,tdc,
COc1c(Cl)c(Cl)c([N+](=O)[O-])c(Cl)c1Cl,3.049,tdc,
COc1c(O)c(Cl)c(Cl)c(Cl)c1Cl,2.19,tdc,
COc1c(O)cc(Cl)c(Cl)c1Cl,1.883,tdc,
COc1ccc(N)cc1Cl,2.457,tdc,
COc1c(Cl)ccc(Cl)c1C(=O)O,2.3280000000000003,tdc,
COc1ccc([N+](=O)[O-])cc1N,1.874,tdc,
COc1cc(C=O)ccc1O,1.984,tdc,
C=CCc1ccc(O)c(OC)c1,1.93,tdc,
COc1ccccc1O,2.234,tdc,
CC=Cc1ccc(OC(C)=O)c(OC)c1,1.777,tdc,
C=CCc1ccc(OC(C)=O)c(OC)c1,2.092,tdc,
COc1ccc(N)c(S(=O)(=O)O)c1,1.308,tdc,
COc1ccc(O)c(C(C)(C)C)c1,1.955,tdc,
COc1cc(C#N)ccc1OP(=S)(OC)OC,2.004,tdc,
CC=Cc1ccc(O)c(OC)c1,2.022,tdc,
C=CCc1ccc(OC=O)c(OC)c1,1.7519999999999998,tdc,
COc1cc(CCC(C)=O)ccc1O,1.877,tdc,
COc1cc(Cl)c(OC)cc1Cl,1.275,tdc,
COc1ccc(C)cc1,1.804,tdc,
COc1ccc(C)cc1N,1.976,tdc,
COc1ccc(C(C)=O)cc1,1.941,tdc,
COc1ccc([N+](=O)[O-])cc1,1.77,tdc,
COc1ccc(N=NN(C)C)cc1,2.713,tdc,
COc1ccc(C(C)=O)cc1C,2.039,tdc,
COc1ccc([N+](=O)[O-])cc1Cl,2.201,tdc,
CC=Cc1ccc(OC)cc1,1.851,tdc,
COc1ccc(C=O)cc1,1.955,tdc,
COc1ccc(C=O)cc1OC,1.92,tdc,
COc1ccc(CC(C)=O)cc1,1.693,tdc,
COc1ccc(CC(=O)O)cc1,2.03,tdc,
C=CCc1ccc(OC)c(OC)c1,2.1790000000000003,tdc,
COc1ccc(CO)cc1,2.061,tdc,
COc1ccc(N)c([N+](=O)[O-])c1,1.0759999999999998,tdc,
COc1ccc(N)c(OC)c1,2.519,tdc,
COc1ccc(N)cc1,1.944,tdc,
COc1ccc(N)cc1N,2.478,tdc,
COc1ccc(NC(=O)N(C)C)cc1Cl,2.155,tdc,
COc1ccc(O)cc1,1.89,tdc,
COc1ccc(OC(=O)C=C(C)OP(=O)(OC)OC)cc1,3.4960000000000004,tdc,
COc1ccc(OC)cc1,1.584,tdc,
COc1ccc(SP(=S)(CCl)OC(C)C)cc1,3.459,tdc,
COc1cccc(O)c1,2.318,tdc,
COc1ccccc1,1.466,tdc,
COc1ccccc1C=O,1.736,tdc,
COc1ccccc1N,1.789,tdc,
COc1ccccc1OC,2.191,tdc,
COc1ccccc1OCC(O)CO,2.1180000000000003,tdc,
COc1ccccc1OCC(O)COC(N)=O,2.262,tdc,
COCC(=O)N(c1c(C)cccc1C)C(C)C(=O)OC,2.6210000000000004,tdc,
COCC(=O)N(C)C(=O)Oc1ccccc1OC(C)C,3.604,tdc,
COCc1ccccc1,1.096,tdc,
COCCc1ccccc1,1.521,tdc,
COCCN(C(=O)CCl)c1c(C)cccc1C,2.204,tdc,
CON(C)C(=O)Nc1ccc(Br)c(Cl)c1,2.135,tdc,
CON(C)C(=O)Nc1ccc(Br)cc1,2.112,tdc,
CON(C)C(=O)Nc1ccc(Cl)c(Cl)c1,2.337,tdc,
CON(C)C(=O)Nc1ccc(Cl)cc1,2.076,tdc,
COP(=O)(Oc1ccccc1)OC(Br)C(Cl)(Cl)Br,2.947,tdc,
COP(=O)(OC)OC(=CBr)c1ccc(Cl)cc1Cl,3.2230000000000003,tdc,
COP(=O)(OC)OC(=CCl)c1cc(Cl)ccc1Cl,1.942,tdc,
COP(=O)(OC)OC(C)=CC(=O)OC(C)c1ccccc1,3.913,tdc,
COP(=O)(OC)OC(C)=CC(=O)Oc1ccc(C)cc1,3.232,tdc,
COP(=O)(OC)OC(C)=CC(=O)OCc1ccc(Cl)cc1,3.382,tdc,
COP(=O)(OC)OC(C)=CC(=O)OCc1ccccc1,3.729,tdc,
COP(=O)(OC)OC(=CCl)c1cc(Cl)c(Cl)cc1Cl,2.882,tdc,
COP(=O)(OC)OC(=CCl)c1ccc(Cl)cc1Cl,3.532,tdc,
COP(=O)(OC)Oc1ccc([N+](=O)[O-])c(C)c1,4.037,tdc,
COP(=O)(OC)Oc1ccc(S(C)(=O)=O)c(C)c1,3.992,tdc,
COP(=O)(OC)Oc1ccc([N+](=O)[O-])c(Cl)c1,4.45,tdc,
COP(=O)(OC)Oc1ccc([N+](=O)[O-])cc1,4.878,tdc,
COP(=O)(OC)Oc1ccc(Cl)cc1Cl,2.734,tdc,
COP(=O)(OC)Oc1ccc(SC)cc1,4.55,tdc,
COP(=O)(OC)OCc1ccccc1,5.084,tdc,
COP(=O)(OC)Sc1ccc([N+](=O)[O-])cc1,3.788,tdc,
COP(=O)(Oc1ccc([N+](=O)[O-])c(C)c1)SC,2.945,tdc,
COP(=S)(NC(C)C)Oc1ccc(C)cc1[N+](=O)[O-],2.9930000000000003,tdc,
COP(=S)(NC(C)C)Oc1ccc(Cl)cc1Cl,3.0660000000000003,tdc,
COP(=S)(Oc1ccc([N+](=O)[O-])cc1)OC(C)C,4.765,tdc,
COP(=S)(OC)OC(=CCl)c1ccc(Cl)cc1Cl,3.4960000000000004,tdc,
COP(=S)(OC)Oc1cc(Cl)c(Br)cc1Cl,2.359,tdc,
COP(=S)(OC)Oc1cc(Cl)c(Cl)cc1Cl,2.7110000000000003,tdc,
COP(=S)(OC)Oc1ccc(S(C)(=O)=O)c(C)c1,3.395,tdc,
COP(=S)(OC)Oc1ccc(S(C)=O)c(C)c1,3.372,tdc,
COP(=S)(OC)Oc1cc(C)c(SC)c(C)c1,2.466,tdc,
COP(=S)(OC)Oc1ccc(SC)c(C)c1,3.189,tdc,
COP(=S)(OC)Oc1cc(Cl)c(I)cc1Cl,2.249,tdc,
COP(=S)(OC)Oc1ccc([N+](=O)[O-])c(C)c1,3.045,tdc,
COP(=S)(OC)Oc1ccc([N+](=O)[O-])c(Cl)c1,2.678,tdc,
COP(=S)(OC)Oc1ccc([N+](=O)[O-])c(SC(C)C)c1,2.471,tdc,
COP(=S)(OC)Oc1ccc(C#N)cc1,3.054,tdc,
COP(=S)(OC)Oc1ccc([N+](=O)[O-])cc1,4.641,tdc,
COP(=S)(OC)Oc1ccc(S(=O)(=O)N(C)C)cc1,4.065,tdc,
COP(=S)(OC)Oc1ccc(S(N)(=O)=O)cc1,3.269,tdc,
COP(=S)(OC)Oc1ccc(C#N)cc1Cl,3.444,tdc,
COP(=S)(OC)Oc1ccc([N+](=O)[O-])cc1Cl,3.02,tdc,
COP(=S)(OC)SC(C(=O)OC(C)C)c1ccccc1,3.213,tdc,
COP(=S)(OC)SC(SP(=S)(OC)OC)c1ccccc1,3.16,tdc,
COP(=S)(OC)Sc1ccc(Cl)cc1,2.73,tdc,
COP(=S)(OC)SCC(=O)N(C)C(=O)Oc1cccc(C(C)C)c1,2.957,tdc,
COP(=S)(OC)SCCSc1ccc(Cl)cc1,3.517,tdc,
COP(=S)(OC)SCSc1cccc(Cl)c1Cl,3.668,tdc,
COP(=S)(OC)SCSc1cc(Cl)ccc1Cl,3.201,tdc,
COP(=S)(OC)SCSc1cc(Cl)cc(Cl)c1,2.897,tdc,
COP(=S)(OC)SCSc1cccc(Cl)c1,3.623,tdc,
COP(=S)(OC)SCSc1ccc(Cl)c(Cl)c1,3.201,tdc,
COP(=S)(OC)SCSc1ccc(Cl)cc1,3.817,tdc,
COP(=S)(OC)SCSc1ccccc1,4.244,tdc,
COP(=S)(OC)SCSc1ccccc1Cl,4.384,tdc,
COP(C)(=S)Oc1ccc(S(C)=O)c(C)c1,4.967,tdc,
COP(C)(=S)Oc1ccc(Cl)cc1Cl,3.232,tdc,
COP(C)(=S)Sc1ccccc1,3.1630000000000003,tdc,
COP(C)(=S)SCSc1ccc(Cl)cc1,3.984,tdc,
COP(N)(=S)Oc1cc(Cl)c(Cl)cc1Cl,2.641,tdc,
COP(N)(=S)Oc1ccc(C(C)(C)C)cc1Cl,2.5540000000000003,tdc,
COS(=O)(=O)c1ccc(C)cc1,2.737,tdc,
COS(=O)(=O)c1ccccc1,2.367,tdc,
C=C(Cl)COP(C)(=S)Oc1ccc([N+](=O)[O-])c(C(F)(F)F)c1,3.274,tdc,
C=C(Cl)COP(C)(=S)Oc1ccc([N+](=O)[O-])cc1,3.983,tdc,
CP(=S)(OCCCCCl)Oc1ccc([N+](=O)[O-])c(C(F)(F)F)c1,3.695,tdc,
CS(=O)(=O)c1ccc(C(O)C(CO)NC(=O)C(Cl)Cl)cc1,1.707,tdc,
CS(=O)(=O)c1ccc(Cl)cc1,2.678,tdc,
CS(=O)(=O)c1ccccc1,2.026,tdc,
CS(=O)(=O)N(SC(Cl)(Cl)C(F)(Cl)Cl)c1ccccc1,1.889,tdc,
CS(=O)(=O)Oc1ccc(Cl)cc1Cl,1.936,tdc,
CS(=O)c1ccc(Cl)cc1,2.577,tdc,
CSc1c(C)cc(OC(=O)N(C)C(C)=O)cc1C,2.749,tdc,
CSc1ccc(Cl)cc1,2.5980000000000003,tdc,
CSc1ccccc1,2.144,tdc,
CSCC(=O)N(C)C(=O)Oc1ccccc1OC(C)C,2.66,tdc,
F[Si](F)(F)c1ccccc1,2.719,tdc,
FC(Cl)(Cl)c1ccccc1,2.6,tdc,
FC(F)(F)c1ccccc1Br,1.918,tdc,
O=[N+]([O-])c1cc(C(F)(F)F)cc([N+](=O)[O-])c1Cl,2.464,tdc,
O=[N+]([O-])c1cc(C(F)(F)F)ccc1Cl,2.322,tdc,
O=C=Nc1cccc(C(F)(F)F)c1,2.283,tdc,
FC(F)(F)c1ccc(Cl)cc1,1.143,tdc,
O=[N+]([O-])c1cccc(C(F)(F)F)c1,2.496,tdc,
FC(F)(F)c1ccccc1,0.989,tdc,
Fc1ccccc1,1.339,tdc,
O=C(CF)NC(=O)Nc1ccccc1,3.895,tdc,
Ic1ccccc1,2.055,tdc,
N#CC=Cc1ccccc1,1.493,tdc,
N#CCc1ccccc1,2.637,tdc,
N=C(N)NC(=N)NCCc1ccccc1,2.499,tdc,
NC(=O)c1ccc([N+](=O)[O-])cc1,2.543,tdc,
NC(=O)c1ccccc1O,2.146,tdc,
C=CCOc1ccccc1C(N)=O,2.356,tdc,
NC(=O)NC(=O)Cc1ccccc1,2.047,tdc,
NC(=O)Nc1ccccc1,1.833,tdc,
NC(=O)NCc1ccccc1,1.745,tdc,
NC(=O)OC(CCl)Cc1ccccc1,2.64,tdc,
NC(=O)OCC(O)COc1ccc(Cl)cc1,2.59,tdc,
NC(=O)OCCCc1ccccc1,2.208,tdc,
NC(=S)c1c(Cl)cccc1Cl,2.435,tdc,
NC(=S)Nc1cccc(Cl)c1,3.873,tdc,
NC(=S)Nc1cc(Cl)ccc1Cl,2.867,tdc,
NC(=S)Nc1ccccc1,4.705,tdc,
Nc1c(Br)cc([N+](=O)[O-])cc1[N+](=O)[O-],1.766,tdc,
Nc1cc(Cl)cc(C(=O)O)c1Cl,1.77,tdc,
Nc1c(Cl)cc(Cl)cc1Cl,1.7080000000000002,tdc,
Nc1cc(Cl)ccc1Cl,1.747,tdc,
Nc1ccc([N+](=O)[O-])cc1N,2.352,tdc,
Nc1ccccc1N,2.005,tdc,
Nc1ccccc1O,1.924,tdc,
Nc1ccc(N)c([N+](=O)[O-])c1,1.6969999999999998,tdc,
Nc1ccc(O)c([N+](=O)[O-])c1,2.021,tdc,
Nc1cccc(C(F)(F)F)c1,2.526,tdc,
Nc1cccc([N+](=O)[O-])c1,2.412,tdc,
Nc1cc(Cl)c(N)c(Cl)c1,2.403,tdc,
Nc1cccc(Cl)c1,2.698,tdc,
Nc1cc(Cl)ccc1O,2.318,tdc,
Nc1ccc(S(=O)(=O)O)c(N)c1,1.733,tdc,
Nc1cccc(O)c1,2.072,tdc,
Nc1ccc(Br)cc1,2.577,tdc,
Nc1ccc([N+](=O)[O-])cc1,2.265,tdc,
Nc1ccc(S(N)(=O)=O)cc1,1.645,tdc,
Nc1ccc(Cl)cc1,2.614,tdc,
Nc1ccc(F)cc1,2.426,tdc,
Nc1ccc(I)cc1,2.622,tdc,
Nc1ccc(N)cc1,3.131,tdc,
Nc1ccc(O)cc1,2.464,tdc,
N#CSc1ccc(N)cc1,2.7960000000000003,tdc,
Nc1ccccc1,2.571,tdc,
Nc1ccccc1[N+](=O)[O-],1.936,tdc,
NCC(CC(=O)O)c1ccc(Cl)cc1,3.168,tdc,
NCC(O)c1ccc(O)cc1,2.092,tdc,
NCC(O)c1cccc(O)c1,2.594,tdc,
NCc1cccc(CN)c1,2.166,tdc,
NNc1ccccc1,2.76,tdc,
NS(=O)(=O)c1ccc(Cl)c(S(N)(=O)=O)c1,2.901,tdc,
NS(=O)(=O)c1cc(Cl)c(Cl)c(S(N)(=O)=O)c1,2.07,tdc,
NS(=O)(=O)c1ccccc1,2.2,tdc,
O=C=Nc1ccccc1,2.103,tdc,
O=C=NCc1cccc(CN=C=O)c1,1.546,tdc,
O=CC=Cc1ccccc1,1.775,tdc,
O=Cc1ccc([N+](=O)[O-])cc1,1.507,tdc,
O=Cc1ccccc1,1.912,tdc,
O=CCc1ccccc1,1.889,tdc,
O=COCCCc1ccccc1,1.604,tdc,
O=[N+]([O-])c1cc([N+](=O)[O-])cc([N+](=O)[O-])c1,2.881,tdc,
O=[N+]([O-])c1cccc([N+](=O)[O-])c1,3.307,tdc,
N#CC(=Cc1ccc(Cl)cc1Cl)C(=O)O,3.685,tdc,
O=C(O)C=Cc1ccccc1,1.773,tdc,
O=C(O)c1c(Cl)ccc(Cl)c1Cl,2.54,tdc,
O=C(O)c1cc(S(=O)(=O)O)ccc1O,1.95,tdc,
O=C(O)c1cc(O)ccc1O,2.285,tdc,
O=C(O)c1ccccc1O,2.19,tdc,
O=C(O)c1ccccc1OP(=O)(O)O,2.296,tdc,
O=C(O)c1cc(C(=O)O)cc(S(=O)(=O)O)c1,1.976,tdc,
O=C(O)c1cc([N+](=O)[O-])cc([N+](=O)[O-])c1O,2.424,tdc,
O=C(O)c1cccc(C(=O)O)c1,1.203,tdc,
O=C(O)c1cc(Cl)cc([N+](=O)[O-])c1Cl,1.829,tdc,
O=C(O)c1cc(Cl)ccc1O,2.839,tdc,
O=C(O)c1ccc([N+](=O)[O-])cc1,1.931,tdc,
O=C(O)c1ccc(Cl)c([N+](=O)[O-])c1,1.806,tdc,
O=C(O)c1ccc(Cl)cc1,2.127,tdc,
N#CSc1cccc(C(=O)O)c1,3.39,tdc,
O=C(O)c1ccccc1,1.856,tdc,
O=C(O)Cc1c(Cl)ccc(Cl)c1Cl,2.129,tdc,
C=CCOc1ccc(CC(=O)O)cc1Cl,2.334,tdc,
O=C(O)Cc1ccccc1,1.7819999999999998,tdc,
O=C(O)CCCc1ccc(N(CCCl)CCCl)cc1,3.602,tdc,
O=C(O)CCCOc1ccc(Cl)cc1Cl,2.551,tdc,
O=C(O)COc1cc(Cl)c(Cl)cc1Cl,2.93,tdc,
O=C(O)COc1ccc(Cl)cc1Cl,2.77,tdc,
O=C(O)COc1ccc(Cl)cc1,2.341,tdc,
O=C(O)COc1ccccc1,1.614,tdc,
Oc1c(Br)c(Br)c(Br)c(Br)c1Br,3.388,tdc,
Oc1c(Br)cc(Br)cc1Br,2.219,tdc,
N#Cc1cc(Br)c(O)c(Br)c1,3.164,tdc,
O=[N+]([O-])c1ccc(O)c([N+](=O)[O-])c1,3.788,tdc,
O=[N+]([O-])c1ccccc1O,2.62,tdc,
Oc1cc(Cl)c(Cl)c(Cl)c1Cl,3.219,tdc,
Oc1c(Cl)c(Cl)c(Cl)c(Cl)c1Cl,3.994,tdc,
Oc1c(Cl)cc(Cl)c(Cl)c1Cl,3.219,tdc,
Oc1cc(Cl)c(Cl)cc1Cl,2.382,tdc,
Oc1ccc(Cl)cc1Cl,2.449,tdc,
Oc1c(Cl)cc(Cl)cc1Cl,2.382,tdc,
N#Cc1cc(I)c(O)c(I)c1,3.528,tdc,
O=[N+]([O-])c1cc(I)c(O)c(I)c1,3.362,tdc,
Oc1c(I)cc(I)cc1I,2.373,tdc,
Oc1ccccc1O,2.627,tdc,
Oc1cccc(Cl)c1,2.353,tdc,
Oc1cc(Cl)ccc1Cl,2.449,tdc,
Oc1cc(O)cc(O)c1,1.385,tdc,
Oc1cccc(O)c1,2.563,tdc,
O=[N+]([O-])c1ccc(O)cc1,2.745,tdc,
O=[N+]([O-])c1ccc(O)c(Cl)c1,2.285,tdc,
Oc1ccc(Cl)c(O)c1,2.593,tdc,
Oc1ccc(O)cc1,2.537,tdc,
O=[N+]([O-])c1cccc(O)c1,2.627,tdc,
Oc1ccccc1,2.4730000000000003,tdc,
O=Cc1ccccc1O,2.371,tdc,
O=C(CO)Nc1ccccc1,1.949,tdc,
O=C(NC(CO)C(O)c1ccc([N+](=O)[O-])cc1)C(Cl)Cl,2.111,tdc,
OCC(O)Oc1ccc(Cl)cc1Cl,2.319,tdc,
OCC=Cc1ccccc1,1.827,tdc,
OCc1ccccc1,1.944,tdc,
O=C(CCO)OCCc1ccccc1,1.396,tdc,
OCCc1ccccc1,1.834,tdc,
OCCCc1ccccc1,1.7719999999999998,tdc,
OCCN(CCO)c1ccccc1,2.267,tdc,
C=CCOc1ccccc1C(=O)NCCO,2.2840000000000003,tdc,
OCCNc1ccccc1,1.789,tdc,
OCCNCCc1ccccc1,1.946,tdc,
OCCOc1ccccc1,2.04,tdc,
OCCOCc1ccccc1,2.107,tdc,
OCCOCCOc1ccccc1,1.93,tdc,
O=[N+]([O-])c1ccc(C=NO)cc1,2.965,tdc,
ONc1ccccc1,3.0380000000000003,tdc,
O=P(O)(O)OC(=CCl)c1ccc(Cl)cc1Cl,4.368,tdc,
O=S(=O)(O)c1ccccc1,2.25,tdc,
Sc1ccccc1,3.377,tdc,
SCc1ccccc1,2.401,tdc,
C#CC(C)(C)NC(=O)C=Cc1cc(OC)c(OC)c(OC)c1,2.7260000000000004,tdc,
CCOP(=O)(CC)Sc1ccc(Cl)cc1,4.659,tdc,
CC(=O)Oc1ccccc1C(=O)O,2.955,tdc,
O=C(CF)NNc1ccccc1,4.267,tdc,
Cc1ccccc1CN(C)N=O,3.261,tdc,
CN(C)C(=O)SCCCCOc1ccccc1,2.343,tdc,
NCCOCNc1ccccc1,5.425,tdc,
Cc1ccc(CC(C)N)cc1,2.998,tdc,
Cc1ccc(O)c(C(C)(C)C)c1,1.818,tdc,
CS(=O)(=O)N(SC(Cl)(Cl)C(F)(Cl)Cl)c1ccc(Cl)cc1,2.458,tdc,
CCN(C(C)=O)c1c(I)cc(I)c(OCCOC(C)C(=O)O)c1I,2.624,tdc,
CC(=O)Nc1c(I)cc(I)c(OCCOC(C)C(=O)O)c1I,1.816,tdc,
N#CCON=C(C#N)c1ccccc1,1.91,tdc,
CCOP(=S)(OCC)Oc1ccc([N+](=O)[O-])c(C)c1,4.485,tdc,
NC(Cc1ccc(O)c(O)c1)C(=O)O,2.044,tdc,
CCN(CC)C(=O)Cc1ccccc1,2.365,tdc,
CNC(=O)NNc1cc(C(F)(F)F)cc(C(F)(F)F)c1,2.147,tdc,
CN(C)P(=O)(OC=C(Cl)Cl)c1ccc(Cl)cc1,2.799,tdc,
CCN(CC)C(=O)c1ccccc1OCCO,2.5,tdc,
C=CCOc1ccccc1C(=O)N(C)C,2.443,tdc,
COC(=O)c1cccc(C)c1O,1.636,tdc,
CCCCOCCOC(=O)COc1cc(Cl)c(Cl)cc1Cl,2.852,tdc,
CCC(=O)OCCOc1ccccc1,1.645,tdc,
CCOc1ccc(NCCC#N)cc1,1.617,tdc,
CCOP(=S)(OC)Oc1ccc([N+](=O)[O-])cc1,4.988,tdc,
CCCCCCCc1ccc(C)cc1O,1.793,tdc,
CCNP(=S)(OC)Oc1cc(Cl)c(Cl)cc1Cl,2.8710000000000004,tdc,
CCCCCCCCCc1ccc(C)cc1O,1.768,tdc,
CCCCCCCCc1ccc(C)cc1O,1.741,tdc,
O=CNc1ccc(Br)cc1,2.252,tdc,
CC(=O)Nc1cc(Cl)ccc1Cl,1.6969999999999998,tdc,
C=Cc1ccc(OC(C)=O)cc1,2.033,tdc,
C=CC(C)(CCC=C(C)C)OC(=O)C=Cc1ccccc1,1.456,tdc,
CNC(=S)NNc1cc(C(F)(F)F)cc(C(F)(F)F)c1,2.884,tdc,
CSc1ccc(OP(C)(C)=S)cc1C,3.148,tdc,
O=C(NCCO)c1ccccc1O,1.625,tdc,
CCOP(=O)(OCC)OC(=C(Cl)Cl)c1cc(Cl)cc(Cl)c1,4.294,tdc,
CCCCOC(=O)C(Cl)(Cl)Oc1ccccc1,2.267,tdc,
O=C(CF)NCc1ccc(Br)cc1,2.778,tdc,
Cc1cccc(C)c1N(COCC(C)C)C(=O)CCl,2.204,tdc,
CCOCCOCCOc1ccccc1,1.992,tdc,
COP(N)(=S)Oc1ccccc1C(=O)OC(C)C,3.762,tdc,
CC(C)(CNc1ccc(N=O)cc1)[N+](=O)[O-],1.913,tdc,
C=CCOC(=O)c1ccc(C(=O)OCC=C)c(C(=O)OCC=C)c1,2.139,tdc,
CC(C)(C)C(=O)COc1ccc(Cl)cc1,1.6880000000000002,tdc,
CC(C)(O)C(C)(O)c1ccc(Cl)cc1,2.412,tdc,
CCCN=C(NCCC)C(OCC)c1ccc(Cl)cc1,3.8,tdc,
CCc1cccc(C)c1N,2.184,tdc,
CNC(=O)Oc1cc(C(C)C)ccc1C,2.919,tdc,
CC(C)(N=C=O)c1cccc(C(C)(C)N=C=O)c1,1.725,tdc,
CCCCNC(=O)c1ccccc1,1.538,tdc,
Nc1c(Cl)cc(Cl)cc1C(=O)O,1.699,tdc,
COc1ccc(OC)c(CC(C)N)c1,3.0580000000000003,tdc,
COP(=S)(OC)SCC(=O)N(c1ccc(Cl)cc1)C(C)C,2.892,tdc,
CC(C)=NOC(=O)Nc1ccccc1,2.096,tdc,
CC(C)(C)c1cc(CCC(=O)NCCN)cc(C(C)(C)C)c1O,2.313,tdc,
C=Cc1cccc(C)c1,1.719,tdc,
C=C(C)c1ccc(C(C)(C)N=C=O)cc1,1.66,tdc,
CCCCOC(=O)COC(=O)c1ccccc1C(=O)OCCCC,1.682,tdc,
CNC(=O)Oc1ccc(NC(=O)C(F)(F)Cl)c(C)c1,3.781,tdc,
CCS(=O)(=O)Nc1c(C)cc(OC(=O)NC)cc1C,2.565,tdc,
O=S(=O)(Cl)c1ccccc1Cl,1.449,tdc,
O=C(Cl)c1cc(Cl)cc(Cl)c1,2.421,tdc,
O=C=Nc1cccc(Cl)c1,1.5630000000000002,tdc,
O=C(Cl)c1cccc(Cl)c1Cl,1.953,tdc,
CC(=O)c1c(Cl)c(Cl)c(Cl)c(Cl)c1Cl,2.369,tdc,
CC(C)CCOC(=O)c1ccccc1O,1.8,tdc,
CCC=CCCOC(=O)c1ccccc1O,1.644,tdc,
Clc1cccc(Cl)c1Cl,1.996,tdc,
CCSC(=O)COc1ccc(Cl)cc1C,2.491,tdc,
COC(=O)CNCP(=O)(O)Oc1ccccc1,1.801,tdc,
COCc1cc(C(C)(C)C)c(O)c(C(C)(C)C)c1,1.371,tdc,
CC(C)c1ccccc1C(C)C,1.464,tdc,
CO[Si](C)(OC)c1ccccc1,2.31,tdc,
N#Cc1ccc(F)cc1C#N,4.019,tdc,
CC(C)(C)c1ccccc1O,2.533,tdc,
CCN(CC)CCOCc1cc(Br)cc(Br)c1OC,2.898,tdc,
CN(C)Cc1cc(C(C)(C)C)c(O)c(C(C)(C)C)c1,2.408,tdc,
Cc1ccc(N)c(S(=O)(=O)O)c1,1.204,tdc,
CC(=O)OCC(C(OC(C)=O)c1ccccc1)[N+](=O)[O-],1.939,tdc,
O=C(O)c1cc(I)cc(I)c1I,2.789,tdc,
O=[N+]([O-])c1cc([N+](=O)[O-])c(O)c([N+](=O)[O-])c1,3.059,tdc,
Nc1ccc(O)c(C(=O)O)c1,1.7380000000000002,tdc,
Cc1ccc(C)c([N+](=O)[O-])c1,1.7919999999999998,tdc,
CCCOC(=O)COc1cccc(C(C)(C)C)c1,2.143,tdc,
COP(=S)(OC)Oc1ccc(SC)cc1,4.422,tdc,
CCCCOC(=O)Cc1ccc(N(CCCl)CCCl)cc1,4.22,tdc,
Nc1ccc(Cl)cc1[N+](=O)[O-],2.635,tdc,
CC(C)CCC(C)Nc1ccc(NC(C)CCC(C)C)cc1,2.609,tdc,
CCC(C)c1ccccc1O,2.672,tdc,
CCCCCCCCCCCOC(=O)Cc1ccc(N(CCCl)CCCl)cc1,3.935,tdc,
CCCCCCCCCCCCOC(=O)Cc1ccc(N(CCCl)CCCl)cc1,3.791,tdc,
O=C(NO)c1ccccc1O,1.486,tdc,
CCCCCCCCCCCCCCOC(=O)Cc1ccc(N(CCCl)CCCl)cc1,4.012,tdc,
O=C(Cl)c1ccc(Cl)cc1Cl,1.655,tdc,
CCCCCCCCCCCCCCCCOC(=O)Cc1ccc(N(CCCl)CCCl)cc1,3.699,tdc,
CCCCOC(C)COC(=O)COc1cc(Cl)c(Cl)cc1Cl,2.869,tdc,
O=Cc1ccccc1Cl,1.813,tdc,
CCCCCCCCCCCCCCCCCCOC(=O)Cc1ccc(N(CCCl)CCCl)cc1,3.422,tdc,
CCCCCCCCCCOC(=O)Cc1ccc(N(CCCl)CCCl)cc1,3.443,tdc,
COc1cccc(OC)c1O,2.448,tdc,
CSc1ccc(O)cc1C,1.6569999999999998,tdc,
N#Cc1ccccc1C#N,3.631,tdc,
O=Cc1cccc(Br)c1,2.216,tdc,
CC(C)(C)C(=O)CCc1ccc(Cl)cc1,1.854,tdc,
CCN(CCO)c1cccc(C)c1,2.117,tdc,
Cc1cccc(N(CCO)CCO)c1,1.7990000000000002,tdc,
CN(C)C(=O)ON=C(C#N)c1ccccc1,3.848,tdc,
OCCN(CCO)c1cccc(Cl)c1,1.622,tdc,
CCCCc1ccccc1O,2.375,tdc,
CCN(CCNS(C)(=O)=O)c1ccc(N)c(C)c1,2.832,tdc,
COc1ccccc1NC(=O)CC(C)=O,2.112,tdc,
CCN(CCCl)c1ccccc1,2.474,tdc,
CCN(CCO)c1ccccc1,2.003,tdc,
CCCCCCc1ccccc1O,2.137,tdc,
N#CCCN(CCO)c1ccccc1,1.773,tdc,
CC=Cc1ccc(OC)c(OC)c1,1.853,tdc,
CCOP(=O)(OCC)Oc1ccc(Cl)cc1Cl,3.4760000000000004,tdc,
COc1cc(C)ccc1O,2.271,tdc,
CC(=O)CC(=O)Nc1ccccc1C,2.077,tdc,
Cc1cc(Cl)ccc1OCC(=O)OCCCCCC(C)C,2.65,tdc,
COP(=S)(Oc1ccc([N+](=O)[O-])c(C)c1)OC(C)C,4.087,tdc,
Cc1ccccc1NC(=N)NC(=N)N,2.378,tdc,
COP(=O)(OC)Sc1ccc(Cl)cc1,3.403,tdc,
CC(=O)CC(=O)Nc1ccccc1Cl,1.261,tdc,
CNC(=O)Sc1ccc(OS(C)(=O)=O)cc1,3.3680000000000003,tdc,
CC(C(O)c1ccccc1)N(C)CCC#N,2.366,tdc,
CC(C)OC(=O)COc1cc(Cl)c(Cl)cc1Cl,2.779,tdc,
CN(C)C(=O)CCCOC(=O)C(C)(C)Oc1ccc(Cl)cc1,2.12,tdc,
CN(CCO)c1ccccc1,1.7280000000000002,tdc,
CCOC(=O)c1ccc(N)cc1,1.735,tdc,
CC(C)(C)CCCCCCOC(=O)c1ccccc1C(=O)OCCCCCCC(C)(C)C,0.8440000000000001,tdc,
CCOC(=O)c1ccc(OC)cc1,1.946,tdc,
O=Cc1ccc(O)cc1O,2.5380000000000003,tdc,
O=C(O)c1c(Cl)ccc(Cl)c1O,2.123,tdc,
CC(C)CCCCCc1ccc(O)cc1,1.982,tdc,
Cc1ccccc1Cl,1.511,tdc,
ClP(Cl)Oc1ccccc1,2.457,tdc,
Oc1ccccc1Cl,3.507,tdc,
CC(C)c1ccc(C(C)(C)O)cc1,1.198,tdc,
Nc1ccc(Cl)c(Cl)c1,2.4730000000000003,tdc,
C#CCOS(=O)OC(CC)COc1ccc(C(C)(C)CC)cc1,2.228,tdc,
CCCCCCCCCCCCc1ccc(S(=O)(=O)O)cc1,2.701,tdc,
CCCc1c(O)cccc1O,2.529,tdc,
CCCCCCCCCCCCc1ccccc1O,2.097,tdc,
CCC(Cc1c(I)cc(I)c(O)c1I)C(=O)O,2.456,tdc,
O=C(O)CCC(=O)OCC(NC(=O)C(Cl)Cl)C(O)c1ccc([N+](=O)[O-])cc1,1.707,tdc,
Nc1ccc([N+](=O)[O-])cc1[N+](=O)[O-],2.8080000000000003,tdc,
CC(=O)CC(=O)Nc1ccc(C)cc1C,1.835,tdc,
CC(C)CCCCCCCCCCOC(=O)c1ccccc1C(=O)OCCCCCCCCCCC(C)C,1.229,tdc,
O=Cc1cc([N+](=O)[O-])ccc1O,2.32,tdc,
CC(=O)C(Cl)C(=O)OC(C)c1ccccc1,2.437,tdc,
COc1cc([N+](=O)[O-])ccc1N,2.227,tdc,
CC(c1ccccc1)N(C)N=O,2.437,tdc,
COc1cc(OC)cc(OCCO)c1,1.69,tdc,
CN(N=O)C(C)(C)c1ccccc1,1.929,tdc,
COc1cc(OC)cc(OCC(O)CO)c1,2.036,tdc,
CS(=O)(=O)c1ccc(CN(CCO)C(=O)C(Cl)Cl)cc1,1.435,tdc,
C#CCOP(=O)(OCC(C)C)c1ccccc1,2.624,tdc,
CC(C)(C)c1ccccc1,1.644,tdc,
CC(C)CCCCCOC(=O)c1ccccc1C(=O)OCCCCCC(C)C,1.249,tdc,
O=S(=O)(Cl)c1ccccc1,1.955,tdc,
CCCCNS(=O)(=O)c1ccccc1,2.017,tdc,
CCC(C)C(CN(C)C)c1cc(F)ccc1OC,2.927,tdc,
O=C(Cl)c1ccccc1,1.869,tdc,
NC(Cc1ccc(O)c(C(=O)O)c1)C(=O)O,1.654,tdc,
CCOc1ccc(Cl)cc1C(CN(C)C)C(C)CC,2.652,tdc,
COc1ccc(CC(N)C(=O)O)cc1C(=O)O,1.68,tdc,
O=[N+]([O-])c1ccccc1,2.547,tdc,
COP(=O)(OC)OC(=C(Cl)Cl)c1ccc(Cl)cc1Cl,3.526,tdc,
Nc1c(Cl)cc([N+](=O)[O-])cc1Cl,1.936,tdc,
CCOP(=O)(OCC)OC(=C(Cl)Cl)c1ccc(Cl)cc1Cl,4.1160000000000005,tdc,
O=[N+]([O-])c1ccc(Cl)c(Cl)c1,2.3040000000000003,tdc,
CCC(C)C(CN(C)C)c1ccc(OC)c(Cl)c1,2.774,tdc,
Nc1cc([N+](=O)[O-])ccc1O,1.808,tdc,
O=C(C=Cc1ccccc1)NO,1.882,tdc,
CC(C)c1cccc(C(C)C)c1,1.341,tdc,
CCOc1ccc(C(CN(C)C)C(C)CC)cc1Cl,2.799,tdc,
CCOc1ccc(F)cc1C(CN(C)C)C(C)CC,2.917,tdc,
CCC(C)c1ccc(O)cc1,1.788,tdc,
CCCOc1ccc(Cl)cc1C(CN(C)C)C(C)CC,2.725,tdc,
CCCOc1ccc(C(CN(C)C)C(C)CC)cc1Cl,2.604,tdc,
CCOC(=O)c1ccc([N+](=O)[O-])cc1,1.866,tdc,
CCCCOc1ccc(C(CN(C)C)C(C)CC)cc1Cl,2.4730000000000003,tdc,
CCOC(=O)CCCCCCCCC(C)c1ccc(I)cc1,2.297,tdc,
CN(N=O)c1ccc(N=O)cc1,2.081,tdc,
CCC(C)N(C(=O)c1ccc(Cl)c(Cl)c1)C(C)CC,2.319,tdc,
CN(C)c1ccc(N)cc1,3.435,tdc,
CCOC(=O)C(SP(=O)(OC)OC)c1ccccc1,3.684,tdc,
O=[N+]([O-])c1ccc(CCl)cc1,1.977,tdc,
CN(C)C(=O)Nc1cccc(OC(F)(F)C(F)F)c1,2.345,tdc,
O=C(Cl)c1ccc(C(=O)Cl)cc1,1.91,tdc,
CSC(C)(C)C=NOC(=O)N(C)SN(C)Cc1ccccc1,4.56,tdc,
O=C=Nc1ccc([N+](=O)[O-])cc1,2.011,tdc,
Cc1ccccc1N(CCO)CCO,1.948,tdc,
CCOc1ccc([N+](=O)[O-])cc1,1.705,tdc,
CC(C)c1cccc(C(C)C)c1N=C=O,2.158,tdc,
NC(=S)Nc1ccc(Cl)cc1,4.095,tdc,
COc1ccc(O)c(C(N)=O)c1,1.944,tdc,
CCCCOC(NC(=O)c1ccccc1O)C(Cl)(Cl)Cl,1.652,tdc,
CCCCCCC(C=O)=Cc1ccccc1,1.844,tdc,
CCC(C)Nc1ccc(NC(C)CC)cc1,3.173,tdc,
CCNc1cccc(C)c1,2.3680000000000003,tdc,
O=C=Nc1ccc(Cl)c(Cl)c1,3.315,tdc,
CC(C)(O)CCc1ccccc1,1.873,tdc,
CC(=O)OC(C)(C)CCc1ccccc1,1.629,tdc,
O=C(O)CCC(=O)OCCCCCc1ccc(Cl)cc1,2.422,tdc,
CCCc1ccc(C=O)cc1,1.967,tdc,
CCCC(=O)OCc1ccccc1,1.884,tdc,
CC(C)C(=O)OCCc1ccccc1,1.568,tdc,
Nc1ccc(F)c(F)c1F,2.323,tdc,
CC(=O)OCC=Cc1ccccc1,1.7280000000000002,tdc,
Nc1ccc(F)c(F)c1,2.579,tdc,
BrCCc1ccccc1,2.358,tdc,
BrC=Cc1ccccc1,2.166,tdc,
CC(C)Oc1ccccc1N,2.255,tdc,
O=C=Nc1ccc(Cl)cc1,3.0460000000000003,tdc,
CCCCCCCCCc1ccc(O)cc1,2.134,tdc,
CCNCc1cc([N+](=O)[O-])ccc1O,2.287,tdc,
O=COCc1ccccc1,1.988,tdc,
CCCN(CCC)c1c([N+](=O)[O-])cc(C(F)(F)F)c(N)c1[N+](=O)[O-],1.357,tdc,
CNC(=O)Oc1cc(C)ccc1C(C)C,2.6180000000000003,tdc,
O=COCCc1ccccc1,1.669,tdc,
O=COCC=Cc1ccccc1,1.7480000000000002,tdc,
Cc1ccc(C#N)cc1,1.489,tdc,
Cc1ccc(C=O)cc1,1.876,tdc,
C=COP(=O)(OCC)OC(CCl)c1cc(Cl)c(Cl)cc1Cl,2.5540000000000003,tdc,
COC(=O)c1ccc(N=NN(C)C)cc1,3.6,tdc,
O=Nc1ccc(N=O)cc1,2.125,tdc,
O=C(Cl)c1cccc(S(=O)(=O)Cl)c1,2.128,tdc,
COc1ccc(C=CC(=O)OCCC(C)C)cc1,1.413,tdc,
CCOP(=S)(OCC)Oc1ccccc1[N+](=O)[O-],4.066,tdc,
Cc1ccc(S(=O)(=O)N=C=O)cc1,1.946,tdc,
C=CN(C(C)=O)c1ccccc1,1.816,tdc,
Oc1ccc(Cl)cc1,2.283,tdc,
CC(CO)Oc1ccccc1,1.731,tdc,
Nc1cccc(N)c1,2.587,tdc,
C#CCOc1ccc(N)cc1C(=O)NCCCC,2.455,tdc,
CCCCCCCCCCc1ccccc1S(=O)(=O)O,2.109,tdc,
CCCc1ccc(C)cc1O,2.313,tdc,
O=C(NO)Nc1ccc(Cl)c(Cl)c1,2.077,tdc,
COCCOCc1ccccc1,1.861,tdc,
COC(C=Cc1ccccc1)OC,1.683,tdc,
N#Cc1ccc([N+](=O)[O-])cc1C#N,2.309,tdc,
CCc1ccccc1C=CC(O)=S,2.33,tdc,
Cc1cc(Cl)cc(O)c1O,2.05,tdc,
NC(=O)c1cc(C(=O)CBr)ccc1O,2.509,tdc,
CC(C)CCCCCOC(=O)C(C)Oc1cc(Cl)c(Cl)cc1Cl,2.98,tdc,
CCOC(=O)C(CC)(C(=O)NCCN(CC)CC)c1ccccc1,2.739,tdc,
O=C(O)CCC(NC(=O)COc1ccc(Cl)cc1Cl)C(=O)O,2.59,tdc,
CCOC(=O)Oc1ccc(CCNC(=O)C(CCSC)NC(C)=O)cc1OC(=O)OCC,2.372,tdc,
CCCCOCCOC(=O)c1ccccc1C(=O)OCCOCCCC,1.641,tdc,
CCCCCCCCOC(=O)c1ccccc1C(=O)OCCCCCCCC,0.92,tdc,
Nc1ccccc1C(=O)O,1.404,tdc,
CC(C)c1cc([N+](=O)[O-])cc([N+](=O)[O-])c1O,3.555,tdc,
Cc1ccc(N)cc1[N+](=O)[O-],1.346,tdc,
CC(=NO)C(=O)c1ccccc1,1.585,tdc,
O=Cc1ccccc1C(=O)O,1.301,tdc,
CC(C)=Cc1ccc(C(C)C(=O)O)cc1,2.198,tdc,
CCN(CC)c1ccc(C=O)cc1,1.442,tdc,
CC(C)COC(=O)c1ccccc1,1.503,tdc,
CN(Cc1ccc(Cl)cc1Cl)S(N)(=O)=O,2.059,tdc,
OCCOc1ccc(Cl)cc1Cl,2.167,tdc,
CCC(C)(C)c1ccc(O)c(C(C)(C)CC)c1,2.8510000000000004,tdc,
COP(=S)(OC)Oc1ccc(C#N)cc1C,2.7110000000000003,tdc,
Nc1ccc(S(=O)(=O)O)cc1,1.149,tdc,
NC(=O)c1cc([N+](=O)[O-])cc([N+](=O)[O-])c1,2.228,tdc,
COP(=O)(OC)OC(c1ccc(Cl)cc1)P(=O)(OC)OC,2.05,tdc,
Nc1ccc([N+](=O)[O-])cc1Cl,1.429,tdc,
O=C(Cl)c1ccc([N+](=O)[O-])cc1,1.52,tdc,
COc1ccc(CC(=S)N(C)C)cc1,3.978,tdc,
CC(=O)C=Cc1ccccc1,1.857,tdc,
Nc1ccc([N+](=O)[O-])c(N)c1,1.5319999999999998,tdc,
CCC(=O)OCc1ccccc1,1.6969999999999998,tdc,
CCC(=O)OCCc1ccccc1,1.649,tdc,
CC(=O)OCCCc1ccccc1,1.579,tdc,
Clc1ccc(C(Cl)(Cl)Cl)cc1,2.448,tdc,
CC(=O)Nc1ccc(N)cc1,1.779,tdc,
CCOc1ccc(NC(=O)CC(C)=O)cc1,3.099,tdc,
CCOP(=O)(OCC)OC(=CBr)c1ccc(Cl)cc1Cl,4.276,tdc,
COP(=O)(SC)c1ccccc1,3.563,tdc,
O=Cc1ccc(O)cc1,1.735,tdc,
CN(C)C(=O)Nc1ccc(SC(F)(F)Cl)c(Cl)c1,2.972,tdc,
CCCCCCCc1ccccc1O,1.845,tdc,
NCCOC(=O)c1ccccc1,1.251,tdc,
NC(=S)Nc1ccccc1Cl,4.6080000000000005,tdc,
CCOP(=S)(OCC)Oc1ccc(C#N)cc1,4.433,tdc,
CCOP(=S)(NC(C)C)Oc1ccc(C)cc1[N+](=O)[O-],2.6460000000000004,tdc,
Nc1c([N+](=O)[O-])cc(Cl)cc1[N+](=O)[O-],2.736,tdc,
CCOC(=O)C(C)Nc1ccc(Cl)c(Cl)c1,2.117,tdc,
CCCCN(CCCC)S(=O)(=O)c1ccc(Cl)cc1,2.784,tdc,
CCOCN(C(=O)CCl)c1c(C)cccc1OC(C)C,2.045,tdc,
CCCOc1cccc(C)c1N(COCC)C(=O)CCl,2.062,tdc,
COc1ccc(NC(=O)CC(C)=O)cc1,2.086,tdc,
O=CC(Br)=Cc1ccccc1,2.1630000000000003,tdc,
COc1c(C)ccc(C)c1N(COC(C)C)C(=O)CCl,2.239,tdc,
Cc1cccc(OCCC(C)C)c1N(C)C(=O)CCl,1.934,tdc,
Cc1cccc(OC(C)C)c1N(C)C(=O)CCl,2.43,tdc,
CCNC(=O)Cc1ccccc1,2.334,tdc,
CCOCN(C(=O)CCl)c1c(C)cccc1CC,2.548,tdc,
CCCC(=O)N(C)C(=O)Oc1cc(C)cc(C(C)C)c1,2.357,tdc,
CN(C)C=Nc1c(I)cc(I)c(CCC(=O)O)c1I,2.764,tdc,
C=CC(=O)Nc1ccc(O)cc1,2.244,tdc,
CSC(C)=NOC(=O)N(C)SN(C)C(=O)Oc1ccc(OC(=O)N(C)SN(C)C(=O)ON=C(C)SC)cc1,3.128,tdc,
Cc1cccc(C#N)c1C,1.641,tdc,
CCCCc1ccc(C)cc1O,2.174,tdc,
O=C(O)CC(NC(=O)COc1ccc(Cl)cc1Cl)C(=O)O,2.527,tdc,
CCCOc1ccc(C=O)cc1,1.995,tdc,
CCCCCc1ccccc1O,2.37,tdc,
CCP(=S)(CC)Oc1cc(Cl)c(Cl)cc1Cl,3.502,tdc,
CC(C)N(Cc1ccccc1)C(=O)C(C)(C)C,1.59,tdc,
CCC(C)C(CN(C)C)c1ccc(Cl)cc1Cl,2.685,tdc,
CCC(C)CC(CC)Nc1ccc(NC(CC)CC(C)CC)cc1,2.142,tdc,
Cc1cc(OCCO)cc(C)c1Cl,1.723,tdc,
CC(C)CC(=O)OCCc1ccccc1,1.521,tdc,
COP(=S)(OC)Oc1ccc(Cl)c([N+](=O)[O-])c1,2.775,tdc,
CC(C)CC(=O)OCC=Cc1ccccc1,1.64,tdc,
N#CCc1ccc(Cl)cc1,3.482,tdc,
CC(C)(C)CC(C)(C)c1ccc(O)cc1,1.652,tdc,
NC(=S)N=NNc1ccc(Cl)c(Cl)c1,5.396,tdc,
Cc1c(N)cc([N+](=O)[O-])cc1[N+](=O)[O-],2.151,tdc,
C=CCc1ccc(OC)cc1,2.081,tdc,
OCCSSc1c(Cl)c(Cl)c(Cl)c(Cl)c1Cl,2.0980000000000003,tdc,
O=CNC(Cc1ccc(N(CCCl)CCCl)cc1)C(=O)O,2.678,tdc,
COC(=O)c1ccccc1N=NN(C)C,4.203,tdc,
COC(=O)c1cccc(N=NN(C)C)c1,3.5380000000000003,tdc,
CCCCOCCCOC(=O)CCOc1cc(Cl)c(Cl)cc1Cl,2.885,tdc,
CCN(CCC#N)c1cccc(C)c1,1.705,tdc,
CCOC(=O)C=Cc1ccc(Cl)cc1,2.343,tdc,
NC(Cc1ccc(N(CCCl)CCCl)cc1)C(=O)O,4.435,tdc,
CCN(CCC#N)c1ccccc1,1.556,tdc,
CCOc1ccc(NC(N)=O)cc1,1.751,tdc,
CC(=O)OC(C)(C)Cc1ccccc1,1.765,tdc,
CN(C)N=Nc1cccc(C(N)=O)c1,3.551,tdc,
CCOC(OCC)C(=O)c1ccccc1,1.551,tdc,
OCCOCCOCCOCCOc1ccccc1,2.332,tdc,
CC(=O)OCCOc1ccccc1,1.52,tdc,
CCCOc1c(Cl)c(Cl)c(Cl)c(Cl)c1Cl,2.8560000000000003,tdc,
CNC(=O)N(O)c1ccccc1,1.689,tdc,
O=C(O)CSc1cc(Cl)ccc1Cl,2.096,tdc,
O=C(OCCCl)c1ccccc1C(=O)OCCCl,2.6010000000000004,tdc,
C=CCc1ccccc1,1.329,tdc,
Nc1cc([N+](=O)[O-])ccc1Cl,1.933,tdc,
FC(F)(F)c1cc(Cl)ccc1Cl,1.662,tdc,
COCCc1ccc(OCC(O)CNC(C)C)cc1,1.887,tdc,
FC(F)(F)c1ccc(Cl)cc1Cl,2.0,tdc,
O=C(CCl)c1ccc(O)cc1,2.87,tdc,
COC(=O)c1cc([N+](=O)[O-])ccc1Cl,1.604,tdc,
CC(=O)Oc1cc(C(F)(F)F)ccc1C(=O)O,2.79,tdc,
COc1ccc(N)cc1OC,2.352,tdc,
CCOC(=O)C(SP(=O)(OC)SC)c1ccccc1,3.108,tdc,
COP(=S)(OC)C(C(=O)O)c1ccccc1,1.7619999999999998,tdc,
O=[N+]([O-])c1cc([N+](=O)[O-])c(F)cc1F,3.611,tdc,
FC(F)(F)c1ccc(Cl)c(Cl)c1,1.871,tdc,
O=C(CF)Nc1ccccc1,4.185,tdc,
COc1ccc(NC(=O)CF)cc1,4.263,tdc,
FC(F)C(F)(F)Oc1ccccc1,1.589,tdc,
O=C(CF)Nc1ccc(Br)cc1,3.903,tdc,
Fc1cc(F)c(F)c(F)c1F,1.924,tdc,
COP(=S)(OC)Oc1ccc([N+](=O)[O-])c(C(F)(F)F)c1,3.122,tdc,
Nc1ccc(F)c([N+](=O)[O-])c1,2.152,tdc,
Nc1ccc(F)cc1F,2.197,tdc,
CC(=O)NNc1ccc(N)cc1,4.218,tdc,
Nc1cc(N)cc(C(F)(F)F)c1,2.6660000000000004,tdc,
CCOC(=O)CCN(Cc1ccccc1)SN(C)C(=O)ON=C(C)SC,3.083,tdc,
Nc1cc(Cl)c([N+](=O)[O-])cc1Cl,1.866,tdc,
Cc1ccc(NC(=O)CF)cc1,4.378,tdc,
NC(=S)NC(=S)Nc1ccccc1,2.927,tdc,
O=C(CF)Nc1ccc(F)cc1,4.932,tdc,
CCCCOC(=O)CCCOc1ccc(Cl)cc1Cl,3.007,tdc,
OCc1c(F)c(F)c(F)c(F)c1F,2.343,tdc,
O=[N+]([O-])c1ccc(F)cc1F,2.901,tdc,
CCCC(=O)N(CSP(=S)(OC)OC)c1ccccc1Cl,3.975,tdc,
FC(F)=C(F)c1ccccc1,1.801,tdc,
CCOP(=S)(OCC)Oc1ccc(N=C=S)cc1,3.082,tdc,
CCOP(=S)(OCC)Oc1ccc(Cl)c([N+](=O)[O-])c1,3.513,tdc,
Fc1ccc(Br)cc1,1.812,tdc,
CCOP(=S)(OCC)Oc1cc([N+](=O)[O-])c(Cl)cc1Cl,3.556,tdc,
CNC(=O)Oc1ccccc1C(OC)OC,3.149,tdc,
C=CC(=O)OCCOC(=O)c1ccc(C(=O)O)cc1C(=O)O,1.985,tdc,
CCCCC(=O)c1ccc(N)cc1,3.324,tdc,
CCCCCC(=O)c1ccc(N)cc1,2.947,tdc,
OC(CCl)CNc1ccccc1NCC(O)CCl,2.513,tdc,
C=C(OP(=O)(OCC)OCC)c1ccc(Cl)cc1Cl,2.327,tdc,
CC(=O)Nc1cc(Cl)c([N+](=O)[O-])cc1Cl,1.945,tdc,
C=CC(C)(CCC=C(C)C)OC(=O)c1ccccc1N,1.808,tdc,
CCc1cccc(CC)c1N(CC(=O)O)C(=O)CCl,2.091,tdc,
CC(C)Oc1ccccc1[N+](=O)[O-],1.86,tdc,
CC(N)C(O)c1ccccc1,1.993,tdc,
CN(C)N=Nc1ccc(C(=O)O)cc1,2.781,tdc,
O=C(O)CCCNS(=O)(=O)c1cccc(C(F)(F)F)c1,1.379,tdc,
O=C(CCl)CC(=O)Nc1ccccc1,2.064,tdc,
Cc1c(O)cc([N+](=O)[O-])cc1[N+](=O)[O-],3.899,tdc,
COc1ccccc1S,1.906,tdc,
CC(=O)OCC(COc1ccccc1)OC(C)=O,1.682,tdc,
O=C(Cl)OCc1ccccc1,1.755,tdc,
CCCOP(=O)(OCCC)Oc1ccc(SC)cc1,3.698,tdc,
O=C(CCCl)NCc1ccccc1,1.791,tdc,
COc1ccc(CCl)cc1OC,1.599,tdc,
CCCCCCc1ccc(C)cc1O,1.922,tdc,
C=CCNC(=S)Nc1ccccc1,2.4090000000000003,tdc,
CC=CCOCN(C(=O)CCl)c1c(CC)cccc1CC,2.279,tdc,
COCCOC(=O)C(=Cc1cccc([N+](=O)[O-])c1)C(C)=O,1.768,tdc,
C=C(C)CNc1ccc(C(C)C(=O)O)cc1,2.6010000000000004,tdc,
CC(C)C(NC(=O)COc1ccc(Cl)cc1Cl)C(=O)O,2.63,tdc,
CC(C)(O)C(=O)c1ccccc1,1.986,tdc,
CCc1cccc(CC)c1N(CNC(C)=O)C(=O)CCl,1.981,tdc,
CCCC(=O)C(CC)Cc1ccccc1,1.6669999999999998,tdc,
C=CCOC(=O)COc1ccccc1,2.565,tdc,
CC(=O)c1ccc(O)c(C(N)=O)c1,2.023,tdc,
Cc1ccccc1C(C)C,1.7990000000000002,tdc,
Cc1ccccc1C#N,1.564,tdc,
CCOP(=S)(OCC)Oc1cc(Cl)c(I)cc1Cl,3.498,tdc,
CC(=O)CC(=O)OC(C)c1ccccc1,1.578,tdc,
CCC(=O)OCc1ccc(OC)cc1,1.766,tdc,
Cc1cccc(C(C)C)c1,1.655,tdc,
CCCSP(=O)(OCC)Oc1ccccc1,2.946,tdc,
COc1cc(C=CC(=S)N(C)C)cc(OC)c1OC,3.701,tdc,
CNN=Nc1ccc(Br)cc1,2.662,tdc,
COc1ccc(C=CC(=O)O)cc1O,1.391,tdc,
CNN=Nc1ccc(I)cc1,2.719,tdc,
CN=NNc1ccc([N+](=O)[O-])cc1,2.5860000000000003,tdc,
CNN=Nc1ccc(Cl)cc1,2.713,tdc,
CCN(CC(=O)OCC(F)(F)F)c1cccc(C)c1,2.161,tdc,
COc1ccc(OC)c(C(O)C(C)NC(C)C)c1,2.103,tdc,
CCCCC(CC)CNc1ccccc1,1.93,tdc,
Nc1ccc(Cl)cc1Cl,2.005,tdc,
CC(=O)Nc1cccc(NC(C)=O)c1,1.254,tdc,
CCC(CC)C(=O)NC(=Cc1ccc(OC)cc1)C(=O)O,1.862,tdc,
CC(C)(O)C(=O)OCCc1ccccc1,1.76,tdc,
CCOC(=O)CCCOc1ccc(Cl)cc1C,2.257,tdc,
CC(=O)c1ccc(OCC(=O)NN)cc1,2.0580000000000003,tdc,
CCCCC(O)c1ccccc1,1.481,tdc,
C=C(OP(=O)(OC)OC)c1ccc(Cl)cc1Cl,2.102,tdc,
COP(=O)(OC)OC(=C(Br)Br)c1ccc(Cl)cc1Cl,3.403,tdc,
CC(C)(C)c1cc(C=C(C#N)C#N)cc(C(C)(C)C)c1O,3.511,tdc,
CCOP(=O)(OCC)OC(=C(Br)Br)c1ccc(Cl)cc1Cl,3.791,tdc,
Cc1ccc(CO)cc1,1.496,tdc,
CC(O)c1cc(N)cc(C(F)(F)F)c1,2.3680000000000003,tdc,
Clc1ccc(C(Cl)(Cl)Cl)c(Cl)c1,1.923,tdc,
COC(=O)c1ccccc1OC,1.641,tdc,
Cc1c(O)cccc1O,2.793,tdc,
NC(=O)c1ccccc1Cl,2.095,tdc,
ClCc1ccccc1CCl,1.888,tdc,
Cc1ccccc1NC(=S)NN,2.957,tdc,
Cc1ccccc1N=C=O,1.92,tdc,
CS(=O)(=O)c1ccc(N)c(Cl)c1,1.335,tdc,
Oc1ccc(Br)cc1Br,3.702,tdc,
COP(=S)(OC)Oc1cc(Cl)c([N+](=O)[O-])c(Cl)c1,2.6460000000000004,tdc,
Cc1cc([N+](=O)[O-])ccc1[N+](=O)[O-],2.547,tdc,
COC(=O)c1cc(C(=O)OC)cc([N+](=O)[O-])c1,1.379,tdc,
N#Cc1ccc([N+](=O)[O-])cc1,3.693,tdc,
CC(C)C(=O)Nc1ccc([N+](=O)[O-])c(C(F)(F)F)c1,2.545,tdc,
CC(NC(=O)COc1ccc(Cl)cc1Cl)C(=O)O,2.562,tdc,
Cc1cccc(C#N)c1,1.592,tdc,
CC(COc1ccc(Cl)cc1Cl)C(=O)O,2.4930000000000003,tdc,
Cc1ccc(N=C=O)cc1,1.92,tdc,
CCc1ccc(C)cc1,1.394,tdc,
C=Cc1ccc(C)cc1,1.719,tdc,
O=C(O)CNC(=O)c1ccc(Cl)cc1,1.981,tdc,
COP(=O)(Oc1ccc([N+](=O)[O-])c(Cl)c1)SC,3.474,tdc,
Cc1cccc(I)c1,1.978,tdc,
N#Cc1cccc(C#N)c1,2.173,tdc,
CCCOCCN(C(=O)CCl)c1c(CC)cccc1CC,2.152,tdc,
CN(C)C(=N)Nc1cccc(Cl)c1,2.597,tdc,
CON=C(C)C(=NOC(=O)N(C)Sc1ccc(C(C)(C)C)cc1)C(=O)N(C)C,4.134,tdc,
Cc1ccc(C)c(C#N)c1,1.641,tdc,
Cc1cc(Cl)ccc1OC(C)C(=O)N(C)C,2.48,tdc,
CCCOCN(C(=O)CCl)c1c(C)cccc1OCC,2.155,tdc,
Nc1ccc(Cl)c([N+](=O)[O-])c1,2.635,tdc,
CC(=O)OC(C(=O)NC(N)=O)c1ccccc1,2.051,tdc,
CCCCOc1c(Cl)c(Cl)c(Cl)c(Cl)c1Cl,2.73,tdc,
ClP(Cl)c1ccccc1,2.952,tdc,
CCOC(=S)c1ccc(Cl)cc1,2.305,tdc,
O=NN(CCCl)C(=O)NCCS(=O)(=O)NCc1ccccc1,3.145,tdc,
CNC(=O)Oc1ccccc1OC(CCl)OC,3.865,tdc,
NCCNCCNCc1ccccc1O,1.959,tdc,
CCCN(CCC)c1c([N+](=O)[O-])cc(S(=O)(=O)N=S(C)C)cc1[N+](=O)[O-],2.3080000000000003,tdc,
CC(C)COC(=O)CCCOc1ccc(Cl)cc1Cl,3.007,tdc,
Cc1cc(O)c(C)c(C)c1O,1.6769999999999998,tdc,
O=P(O)(O)Oc1ccccc1,1.881,tdc,
N#Cc1cccc([N+](=O)[O-])c1C#N,2.088,tdc,
CCCCN(CCCC)C(=O)SCc1ccccc1,1.6980000000000002,tdc,
CN(C)CCNC(=O)C(C)(C)Oc1ccc(Cl)cc1,3.341,tdc,
CC(=NO)C(C)(O)C#Cc1ccccc1,1.813,tdc,
CCOP(=O)(OCC)Oc1ccc(S(C)(=O)=O)c(C)c1,4.598,tdc,
CC(C)(OO)c1cccc(C(C)(C)OO)c1,2.1790000000000003,tdc,
Cc1cc(O)ccc1S(C)=O,1.6869999999999998,tdc,
CCCNC(=O)C(C)Nc1ccc(OCC)cc1,1.921,tdc,
CCC(C)(C)c1ccc(OCCCCN)c(C(C)(C)CC)c1,2.582,tdc,
CCCCCCCCCCCCCCCCCC(O)c1ccc(C(=O)O)c(Cl)c1,1.929,tdc,
CC(C)(C)c1cc(C(C)(C)C)c(O)c(C(C)(C)C)c1,2.196,tdc,
CC(C)CNC(=O)NS(=O)(=O)c1ccc(Cl)cc1,2.422,tdc,
CCN(CC)CCNC(=O)C(C)(C)Oc1ccc(Cl)cc1,3.018,tdc,
CNC(=O)Oc1ccc(NC(C)=O)cc1,2.419,tdc,
Cc1cc(O)ccc1S(C)(=O)=O,1.425,tdc,
COC(=O)c1c(Cl)c(Cl)c(C(=O)N(C)OC)c(Cl)c1Cl,2.489,tdc,
CCOC(=O)C(CC)(C(=O)OCCN(CC)CC)c1ccccc1,1.957,tdc,
CCOC(=O)C(CC)(CC(=O)OCCN(CC)CC)c1ccccc1,3.339,tdc,
CC(C)Nc1ccccc1,2.383,tdc,
CCOP(=O)(OCC)N(C)c1ccccc1,3.773,tdc,
CC(O)COc1ccccc1,1.731,tdc,
CCCCOC(=O)COC(=O)COc1ccc(Cl)cc1Cl,2.777,tdc,
CCC(C)(O)Cc1ccccc1,1.6130000000000002,tdc,
CCO[Si](OCC)(OCC)c1ccccc1,1.931,tdc,
CCCN(CCC)C(=O)SCc1ccccc1,2.14,tdc,
COP(=O)(OC)OC(=C(Cl)Br)c1ccc(Cl)cc1Cl,3.584,tdc,
CC(C)(C(N)=O)c1ccccc1,1.995,tdc,
CS(=O)(=O)c1ccc(O)cc1,1.736,tdc,
CC(CN(C)C)C(C)(O)Cc1ccc(Cl)cc1,2.504,tdc,
CC(=Cc1ccccc1)CNN=C(C)C(=O)O,2.533,tdc,
CC(C)c1cccc(C(C)(C)O)c1,1.473,tdc,
CCCC(C)CCOC(=O)c1ccccc1C(=O)OCCC(C)CCC,1.009,tdc,
CCS(=O)Cc1ccccc1OC(=O)NC,3.2060000000000004,tdc,
CCS(=O)(=O)Cc1ccccc1OC(=O)NC,2.7060000000000004,tdc,
N#Cc1ccc(N)cc1,2.6210000000000004,tdc,
ClC(Cl)(Cl)c1cccc(C(Cl)(Cl)Cl)c1,2.029,tdc,
CCOP(=O)(OCC)Oc1ccc(N)cc1,2.39,tdc,
C=CCc1ccc(OC(=O)NC)c(OC)c1,2.947,tdc,
CC=Cc1ccc(OC(=O)NC)c(OC)c1,2.6460000000000004,tdc,
COP(=S)(OC)Oc1cc(C)ccc1C(C)C,2.563,tdc,
C=CCc1ccc(OP(=S)(OC)OC)c(OC)c1,3.062,tdc,
CC(=O)Nc1cc(NS(=O)(=O)C(F)(F)F)c(C)cc1C,1.89,tdc,
CC=Cc1ccc(OP(=S)(OC)OC)c(OC)c1,3.062,tdc,
COP(=S)(OC)Oc1cc(C(C)C)ccc1C,2.563,tdc,
NCCNCc1ccccc1O,1.652,tdc,
CCC(C)NCC(O)c1ccc(N)cc1,2.506,tdc,
N#Cc1ccc(Cl)c([N+](=O)[O-])c1,1.95,tdc,
Cl[Si](Cl)(Cl)CCc1ccccc1,1.928,tdc,
CCCCCCCCc1ccccc1O,1.867,tdc,
CC(Cl)=CC(=O)Nc1ccc(O)cc1,2.127,tdc,
CC(C)=CC(=O)Nc1ccc(O)cc1,1.992,tdc,
CCCCOC(=O)Oc1ccc([N+](=O)[O-])cc1[N+](=O)[O-],3.0210000000000004,tdc,
N#CC=CS(=O)(=O)c1ccc(Cl)cc1,2.174,tdc,
CCOc1ccc(N(N=O)C(C)=O)cc1,3.996,tdc,
O=C=NCc1ccc(CN=C=O)cc1,1.621,tdc,
CCCCCCCCNC(C)C(O)c1ccc(SC(C)C)cc1,2.2880000000000003,tdc,
CNN=Nc1ccccc1,2.508,tdc,
CC(=O)N(CC(C)C(=O)O)c1c(I)cc(I)c(N)c1I,1.937,tdc,
N#CCCNc1ccccc1,1.493,tdc,
CCOc1ccc(NC(=O)CC(C)O)cc1,1.504,tdc,
CCC(=O)c1ccc(OCC(O)CO)c(OC)c1,2.191,tdc,
N#Cc1cc([N+](=O)[O-])ccc1Cl,1.756,tdc,
NC(=O)c1ccc(Cl)c([N+](=O)[O-])c1,1.892,tdc,
Oc1ccccc1S,2.8510000000000004,tdc,
N#CSc1ccc(C(=O)O)cc1,3.334,tdc,
CC(CO)c1ccccc1,1.7719999999999998,tdc,
CC(C)(O)C(=O)c1ccc(OCCO)cc1,1.74,tdc,
CCCCCCOc1ccc(NNC=O)cc1,2.518,tdc,
CNC(=O)ON=C(SC)c1ccc(Cl)cc1,2.587,tdc,
CCCCCCCCCCCCOC(=O)c1cc(O)c(O)c(O)c1,1.831,tdc,
CCN(CC)CCOCc1cc(Br)ccc1OC,3.158,tdc,
ClCc1c(Cl)cc(Cl)cc1Cl,1.874,tdc,
CCCCCOc1c(Br)cc(Br)cc1COCCN(CC)CC,3.11,tdc,
CNC(C)Cc1ccc(Cl)cc1,3.2230000000000003,tdc,
CCCCCOc1ccc(Br)cc1COCCN(CC)CC,3.0660000000000003,tdc,
CC(C)CCCCCOC(=O)CCCOc1ccc(Cl)cc1Cl,2.859,tdc,
N#Cc1cc([N+](=O)[O-])ccc1N,1.6230000000000002,tdc,
Cc1cccc(C)c1N(COC(C)C)C(=O)CCl,2.442,tdc,
O=[N+]([O-])c1ccc(O)c(CNCCCl)c1,3.965,tdc,
COc1ccc([N+](=O)[O-])cc1CNCCCl,3.941,tdc,
CCOc1ccc([N+](=O)[O-])cc1CNCCCl,4.015,tdc,
CNC(=O)Oc1c(C(C)C)ccc(C)c1Cl,2.985,tdc,
O=S(=O)(O)c1ccccc1O,1.962,tdc,
Nc1c(Cl)cc(C(=O)O)cc1Cl,1.649,tdc,
CC(C)(C)c1cc(C(=O)O)cc(C(C)(C)C)c1O,2.248,tdc,
COP(=S)(OC)Oc1c(Cl)cc(C)cc1Cl,1.78,tdc,
Cc1ccc(S(=O)(=O)C=CC#N)cc1,2.158,tdc,
N#CC(Cl)CS(=O)(=O)c1ccccc1,2.629,tdc,
CCN(CC)c1ccc(C=O)c(O)c1,1.932,tdc,
Cc1cc(O)c(C(C)(C)C)cc1C,2.238,tdc,
CCC(=O)Nc1cccc(OC(=O)NC)c1,2.347,tdc,
CCCCCCOC(=O)Oc1ccccc1C(=O)O,1.888,tdc,
CC(C)c1cccc(OC(=O)N(C)C(=O)CCl)c1,2.984,tdc,
CC(=O)Oc1ccc(Br)cc1C(=O)O,2.36,tdc,
NC(=O)c1c(F)cccc1F,1.6780000000000002,tdc,
CC(C)(C)c1ccc(CCC=O)cc1,1.848,tdc,
CCOC(=S)C=Cc1ccc(Cl)cc1,2.378,tdc,
CCOC(=S)C=Cc1ccc(OC)cc1,2.378,tdc,
CCOC(=S)C=Cc1ccc(OC)c(OC)c1,2.411,tdc,
CCCOc1cc(C=CC(=S)OCC)ccc1OC,2.461,tdc,
CCOC(=S)C=Cc1cc(OC)c(OC)c(OC)c1,2.449,tdc,
CCOC(=S)C=Cc1ccc([N+](=O)[O-])cc1,2.388,tdc,
CCOC(=S)C=Cc1ccc(N(C)C)cc1,3.293,tdc,
COP(=S)(OC)Oc1cc(C)c(Cl)cc1C(C)C,2.7910000000000004,tdc,
CCCOc1ccc(C=CC(=O)OCC)cc1OC,2.432,tdc,
CCCOc1ccc(C(O)=S)c(CC)c1OC,2.42,tdc,
CCN(CCO)c1ccc(N=O)c(C)c1,2.792,tdc,
CCCOc1ccc(C=CC(=S)OCC)cc1OC,2.443,tdc,
CC(C)Cc1ccc(CC(=O)O)cc1,1.922,tdc,
CC(=Cc1ccccc1)CC(=O)NCCO,2.2030000000000003,tdc,
CCC(C)(O)c1ccccc1,2.031,tdc,
CC(=O)Nc1ccc(CC(=O)O)cc1,1.116,tdc,
CC(=Cc1ccccc1)CC(=O)N(CCO)CCO,2.244,tdc,
O=P(O)(O)c1ccccc1,1.898,tdc,
CCc1c(Cl)ccc(O)c1Cl,1.926,tdc,
CCN(CC)C(=O)CC(C)=Cc1ccccc1,2.003,tdc,
Cc1ccc(S(=O)(=O)NN)cc1,2.818,tdc,
CCCN(CCC)c1c([N+](=O)[O-])cc(C(F)(F)F)cc1[N+](=O)[O-],2.24,tdc,
CCNC(=O)C=Cc1cccc(Br)c1,1.758,tdc,
COC(=O)C(C)N(OC)c1c(C)cccc1C,2.622,tdc,
CCCCc1ccc(O)cc1O,2.522,tdc,
CCCCCCCc1ccc(O)cc1O,2.205,tdc,
NCCNc1ccc(N)cc1,2.901,tdc,
CC(=O)CNC(C)(C)Cc1ccccc1,2.96,tdc,
C=C(C)C(=O)Nc1ccc(O)cc1,2.2030000000000003,tdc,
CC(=O)OCCN(CCOC(C)=O)c1ccccc1,2.091,tdc,
CCCC(=O)c1ccc(N)cc1,3.2880000000000003,tdc,
COc1cc(C=CC(N)=O)ccc1O,1.587,tdc,
CCN(CC)C(=O)c1cccc(OC)c1O,2.031,tdc,
CCN(CC)C(=O)c1ccc(OC)cc1O,2.05,tdc,
CC(=O)OCc1ccc(C(C)C)cc1,2.123,tdc,
Cc1cccc(C(=O)Cl)c1,1.653,tdc,
Oc1c(I)cc(I)c(O)c1I,1.774,tdc,
CC(C)COC(=O)COc1ccc(Cl)cc1Cl,2.966,tdc,
Cc1c([N+](=O)[O-])cc(N)cc1[N+](=O)[O-],2.313,tdc,
CCCCN(N=O)c1ccc(N(CCCC)N=O)cc1,2.03,tdc,
CCSCCOc1ccc([N+](=O)[O-])cc1,2.44,tdc,
N#CCC(=O)c1ccc(N)cc1,1.85,tdc,
COc1ccc(SC#N)c([N+](=O)[O-])c1,1.774,tdc,
Nc1cc(Cl)c(N)cc1Cl,2.005,tdc,
CC(=O)CC(=O)Nc1ccc(Cl)cc1C,1.809,tdc,
C=C(Cl)C(=O)Nc1ccc(OC)cc1,3.412,tdc,
CCO[Si](C)(C)c1ccccc1,1.865,tdc,
CCOc1ccccc1C(=O)NN=C(C)C(=O)O,2.693,tdc,
CCOP(=O)(OCC)Oc1ccc([N+](=O)[O-])c(Cl)c1,4.792,tdc,
C=CCOC(=O)C=Cc1ccccc1,2.093,tdc,
COC(=O)Nc1ccc(S(=O)(=O)NN)cc1,2.846,tdc,
O=C(Cl)Oc1ccccc1,1.949,tdc,
COC(OC)c1ccccc1[N+](=O)[O-],1.761,tdc,
CCN(Cc1ccccc1)N=O,2.817,tdc,
CC(=O)C(C)=Cc1ccccc1,1.592,tdc,
CCOCN(C(=O)CO)c1c(C)cccc1CC,2.02,tdc,
CCCCOCCCOC(=O)COc1ccc(Cl)cc1Cl,2.826,tdc,
O=CNC(Nc1ccc(Cl)c(Cl)c1)C(Cl)(Cl)Cl,2.129,tdc,
CCCCC(CC)COC(=O)COc1cc(Cl)c(Cl)cc1Cl,2.867,tdc,
CN=NNc1ccc(C)cc1,2.593,tdc,
Oc1cc(Cl)c(Br)cc1Cl,2.253,tdc,
CC(C)(C)c1cc(O)ccc1O,2.376,tdc,
C#CC(C)N(C(=O)CCl)c1ccccc1,2.278,tdc,
OCNC(=S)c1c(Cl)cccc1Cl,2.072,tdc,
CCCCOC(CBr)c1ccccc1,3.012,tdc,
CCC(C)OC(CBr)c1ccccc1,3.012,tdc,
NC(=O)COc1ccc(Cl)cc1Cl,2.263,tdc,
CCCCC(CC)COC(CBr)c1ccccc1,3.0980000000000003,tdc,
CCC(C)OC(CBr)c1cccc(Cl)c1,3.067,tdc,
CCCCC(CC)COC(CBr)c1cccc(Cl)c1,3.143,tdc,
CCCCC(CC)COC(CBr)c1ccc(Cl)c(Cl)c1,3.184,tdc,
CCCCCOC(CBr)c1ccc(C(C)C)cc1,3.0980000000000003,tdc,
C#CC(C)(O)C(O)c1ccccc1,2.383,tdc,
CCCCCCCCCCCCOC(CBr)c1ccc(C(C)C)cc1,3.216,tdc,
CCCCCCCCOC(CBr)c1ccc(C(C)(C)C)cc1,3.17,tdc,
C=Cc1ccccc1Cl,1.527,tdc,
CCCCCCc1ccc(C(CBr)OCC(CC)CCCC)cc1,3.201,tdc,
CCCCOC(=O)c1ccccc1O,2.0580000000000003,tdc,
CCCCCCCCc1ccc(C(CBr)OCCCC)cc1,3.17,tdc,
CC(C)c1cccc(C(C)C)c1O,2.552,tdc,
C=C(C)c1cccc(C(C)(C)N=C=O)c1,1.812,tdc,
OCCOc1cc(Cl)c(Cl)cc1Cl,2.207,tdc,
Cc1c(Cl)cccc1CC(Cl)C#N,2.331,tdc,
CCC(C)OC(CBr)c1ccc(Cl)cc1,3.067,tdc,
CCN(CC)S(=O)(=O)c1ccc(OP(=S)(OC)OC)cc1Cl,3.89,tdc,
CCOP(=O)(OCC)OC(=C(Cl)Br)c1ccc(Cl)cc1Cl,4.356,tdc,
CCC(C)c1ccccc1OC(N)=O,2.673,tdc,
COc1ccc([N+](=O)[O-])cc1CNCCBr,4.16,tdc,
CC(O)CNC(C)(C)Cc1ccccc1,2.773,tdc,
CCOc1ccc([N+](=O)[O-])cc1CNCCBr,4.084,tdc,
O=[N+]([O-])c1ccc(O)c(CNCCO)c1,3.965,tdc,
COc1ccc([N+](=O)[O-])cc1CNCCO,3.877,tdc,
CCOc1ccc([N+](=O)[O-])cc1CNCCO,3.983,tdc,
CCN(CCC(=O)OC)c1ccccc1,1.927,tdc,
CC(=O)OCc1ccc(C)cc1,1.516,tdc,
CC(=O)OC(c1ccc(Cl)c(Cl)c1)C(Cl)(Cl)Cl,1.527,tdc,
CN=CNc1ccc(Cl)cc1C,2.84,tdc,
Cc1cc(Cl)ccc1NC=O,2.478,tdc,
COP(=S)(OC)Oc1ccc(C#N)c(C)c1,2.41,tdc,
CCN(CC)CCCNC(=O)C(C)(C)Oc1ccc(Cl)cc1,3.338,tdc,
Cc1cc(S(=O)(=O)O)cc(C)c1O,1.883,tdc,
O=C=Nc1ccccc1C(F)(F)F,1.4269999999999998,tdc,
Nc1ccc(OC(F)(F)C(F)F)c(N)c1,2.321,tdc,
CC(=O)OCCN(CCC#N)c1ccccc1,2.05,tdc,
CCC(=O)c1c(O)cc(O)cc1O,1.884,tdc,
BrC(Br)Br,2.343,tdc,
C=CBr,2.33,tdc,
BrCBr,3.207,tdc,
O=P(OCC(Br)CBr)(OCC(Br)CBr)OCC(Br)CBr,2.839,tdc,
BrCC=CCBr,3.455,tdc,
BrCCBr,3.24,tdc,
C#CCCCC#C,1.6030000000000002,tdc,
C#CCOCC#C,2.242,tdc,
C[Si](C)(C)OP(=O)(O[Si](C)(C)C)O[Si](C)(C)C,1.961,tdc,
C[Si](Cl)(Cl)CCCC#N,1.809,tdc,
C=CC#N,2.833,tdc,
C=CC(=O)NCNC(=O)C=C,2.597,tdc,
C=CC(=O)OCCC#N,2.842,tdc,
C=CC(=O)OCCOC(=O)C=C,2.754,tdc,
C=CC(=O)OCCOCCC#N,2.1790000000000003,tdc,
C=CC(=O)OCCOCCOC(=O)C=C,2.729,tdc,
C=CC=C,0.994,tdc,
C=CC=CC=C,2.582,tdc,
C=CC=O,3.0860000000000003,tdc,
C=CCC#N,2.766,tdc,
C=CCCC=O,2.132,tdc,
C=CCN(CC=C)CC=C,2.125,tdc,
C=CCN(CC=C)N=O,2.198,tdc,
C=CCN=C=S,2.947,tdc,
C=CCNCC=C,2.226,tdc,
C=CCOC(=O)C=CC(=O)OCC=C,2.8160000000000003,tdc,
C=CCOC(OCC=C)C(OCC=C)OCC=C,2.256,tdc,
C=CCOC=C,2.185,tdc,
C=CCOC=O,2.842,tdc,
C=CCOCC=C,2.487,tdc,
C=CCOCCC#N,1.932,tdc,
C=COC=O,1.4069999999999998,tdc,
C=COCCOCCOC=C,1.6269999999999998,tdc,
C=CS(=O)(=O)C=C,3.567,tdc,
C=O,1.574,tdc,
CBr,2.647,tdc,
CC#N,1.177,tdc,
C=C(C)C#N,2.747,tdc,
C=CCOC(=O)C(=C)C,2.467,tdc,
C=C(C)C(=O)OCCCl,2.8710000000000004,tdc,
C=C(C)C(C)=O,2.67,tdc,
C=C(C)C(OC(C)=O)OC(C)=O,2.593,tdc,
C=C(C)CC#N,2.177,tdc,
C=C(C)OC(C)=O,1.523,tdc,
CC(=CC(=O)O)C(=O)O,1.994,tdc,
CC(=O)C(C)(C)C,2.215,tdc,
CC(=O)C(C)=O,1.736,tdc,
C=CC(C)=O,3.369,tdc,
CC(=O)C=O,1.791,tdc,
C=CC(=O)NC(C)(C)CC(C)=O,1.927,tdc,
CC(=O)CC(C)(C)O,1.463,tdc,
CC(=O)CC(C)=O,3.26,tdc,
CC(=O)CCC(C)=O,1.74,tdc,
CC(=O)CCC(=O)O,1.798,tdc,
CC(=O)CCl,2.966,tdc,
CC(=O)CO,1.527,tdc,
CC(=O)NC(=O)C(Cl)(Cl)Cl,1.819,tdc,
CC(=O)NC(CS)C(=O)O,1.509,tdc,
CC(=O)NC(N)=S,3.373,tdc,
CC(=O)O[Si](C)(OC(C)=O)OC(C)=O,2.029,tdc,
C=C(C#N)OC(C)=O,3.0460000000000003,tdc,
C=CC(=C)CCCC(C)(C)OC(C)=O,1.494,tdc,
CC(=O)OC(C)=O,1.759,tdc,
C=C(Cl)C(OC(C)=O)OC(C)=O,2.779,tdc,
CC(=O)OC(OC(C)=O)C(Cl)CCl,2.855,tdc,
C=CC(OC(C)=O)OC(C)=O,3.655,tdc,
C=COC(C)=O,1.47,tdc,
C=CC=COC(C)=O,2.198,tdc,
CC(=O)OCC#N,3.491,tdc,
CC(=O)OCC(COC(C)=O)OC(C)=O,1.862,tdc,
C=CCOC(C)=O,2.887,tdc,
CC(=O)OCC=C(C)C,1.631,tdc,
C=CCOC=CCOC(C)=O,1.622,tdc,
CC(=O)OCCN(CCOC(C)=O)N=O,1.64,tdc,
CC(=O)OCCO,1.101,tdc,
CC(=O)OCCOC(C)=O,1.329,tdc,
CC(=O)OCCOCCOCCOC(C)=O,1.016,tdc,
CC(=O)OCCS(=O)(=O)CCOC(C)=O,1.231,tdc,
CC(=O)OCCSCCOC(C)=O,1.401,tdc,
CC(=O)OO,1.694,tdc,
CC(Br)(CCl)CBr,2.506,tdc,
CC(Br)CBr,2.276,tdc,
CC(C)(C#N)C(C)(C)C#N,3.544,tdc,
CC(C)(C)C(=O)O,2.055,tdc,
CC(C)(C)N,2.972,tdc,
CC(C)(C)O,1.3259999999999998,tdc,
CC(C)(C)S,1.28,tdc,
CC(C)(CO)C(O)C#N,2.62,tdc,
C=CC(=O)OCC(C)(C)COC(=O)C=C,1.499,tdc,
CC(C)(COC(N)=O)COC(N)=O,1.88,tdc,
C#CC(C)(C)O,1.635,tdc,
C=CC#CC(C)(C)O,2.264,tdc,
C=CC(=C)CCCC(C)(C)O,1.464,tdc,
CC(C)(S)C(N)C(=O)O,1.384,tdc,
CC(=O)C=C(C)C,1.943,tdc,
CC(C)=CC(=O)O,1.449,tdc,
C=CC(C)(O)CCC=C(C)C,1.743,tdc,
CC(C)=CCCC(C)=CC=O,1.487,tdc,
CC(C)=CCCC(C)=CCCC(C)=CCO,1.569,tdc,
CC(C)=CCCC(C)=CCO,1.535,tdc,
CC(C)=CCO,2.027,tdc,
CC(C)=O,1.001,tdc,
CC(C)C#N,3.141,tdc,
CC(C)C(Br)C(=O)NC(N)=O,2.3480000000000003,tdc,
CC(C)C(Br)C(=O)OCC(Br)(Br)Br,1.95,tdc,
CC(C)C(Br)C(=O)OCC(Cl)(Cl)Cl,2.319,tdc,
CC(C)C(Br)C(=O)O,2.372,tdc,
CC(=O)C(C)C,2.765,tdc,
CC(C)C(=O)O,2.498,tdc,
CC(C)CC(=O)CC(C)C,1.393,tdc,
C=CCOC(=O)CC(C)C,2.7910000000000004,tdc,
CC(=O)CC(C)C,1.683,tdc,
CC(C)CC(C)CC(CC(C)C)OCCO,1.633,tdc,
CC(C)CC(C)CC(O)CC(C)C,1.04,tdc,
C=COCC(C)CCCC(C)CC(C)C,2.241,tdc,
CC(C)CC(C)O,1.596,tdc,
CC(C)CC(C)OC(=O)C=CC(=O)OC(C)CC(C)C,1.588,tdc,
CC(=O)OC(C)CC(C)C,1.369,tdc,
CC(C)CC(CC(C)C)OCCOCCO,1.4280000000000002,tdc,
CC(=O)NC(CC(C)C)C(=O)NC(CC(C)C)C(=O)NC(C=O)CCCNC(=N)N,2.773,tdc,
CC(C)CC(=O)O,1.7080000000000002,tdc,
CC(C)CC(O)CC(C)C,1.659,tdc,
CC(C)CC(O)CC(CC(C)C)CC(C)C,1.155,tdc,
CC(C)CC=O,1.187,tdc,
CC(=O)CCC(C)C,1.5519999999999998,tdc,
CC(C)CCC(=O)O,1.753,tdc,
CC(C)CCC=O,1.248,tdc,
C#CCOC(=O)C=C(C)C=CCC(C)CCCC(C)C,1.751,tdc,
CC(C)CCCC(C)N,2.381,tdc,
CC(C)CCCCCCO,1.685,tdc,
CC(C)CCCCCN(CCCCCC(C)C)CCCCCC(C)C,2.339,tdc,
CC(C)CCCO,1.196,tdc,
CC(C)CCO,1.831,tdc,
CC(=O)OCCC(C)C,0.894,tdc,
CC(C)CCOC(CO)CC(C)C,1.5419999999999998,tdc,
CC(C)CCOC=O,1.072,tdc,
CC(C)CCON=O,2.365,tdc,
CC(C)CCP(CCC(C)C)CCC(C)C,2.039,tdc,
CC(C)CN,2.506,tdc,
CC(C)CNCC(C)C,2.7,tdc,
CC(C)CO,1.479,tdc,
C=CC(=O)OCC(C)C,1.258,tdc,
CC(C)COC(=O)C=CC(=O)OCC(C)C,1.449,tdc,
CC(=O)OCC(C)C,0.938,tdc,
C=COCC(C)C,0.77,tdc,
CC(C)CON=O,2.401,tdc,
CC(C)N,1.858,tdc,
CC(C)[N+](=O)[O-],2.093,tdc,
CC(C)N(C(=O)SCC(Cl)=C(Cl)Cl)C(C)C,2.5810000000000004,tdc,
CC(C)N(C(=O)SCC(Cl)=CCl)C(C)C,2.835,tdc,
CC(C)N(CCO)C(C)C,2.133,tdc,
CC(C)N(N=O)C(C)C,2.185,tdc,
CC(C)NC(=S)NC(C)C,2.552,tdc,
CC(C)NCCCN(C)C,2.045,tdc,
CC(C)O,1.0759999999999998,tdc,
CC(C)OC(=O)C=CC(=O)OC(C)C,1.79,tdc,
CC(C)OC(=O)CCCCCCN,1.67,tdc,
CC(=O)OC(C)C,1.5319999999999998,tdc,
CC(C)OC(C)C,1.081,tdc,
CC(C)OC(=O)Cl,2.059,tdc,
CC(C)OCCCO,1.47,tdc,
CC(C)OCCO,1.265,tdc,
CC(C)OP(=O)(OC(C)C)OP(=S)(CCl)OC(C)C,4.292,tdc,
CC(C)OP(=S)(OC(C)C)SCSC(C)C,4.782,tdc,
CC(C)OP(C)(=O)OC(C)C,2.339,tdc,
CC(C)OP(C)(=O)F,5.406000000000001,tdc,
CC(C)OP(=O)(F)OC(C)C,4.566,tdc,
CC(C)OS(=O)(=O)OC(C)C,2.2230000000000003,tdc,
C=CC(C)=CCCC(C)(C)O,1.958,tdc,
C=CC(C)C(C)C=O,1.297,tdc,
C=CCOC(=O)CC(C)CC(C)(C)C,2.151,tdc,
CC(=O)OC(C)CC(C)(C)OC(C)=O,1.78,tdc,
CC(CC=O)CC(C)(C)C,1.642,tdc,
CC(CC=O)CC=O,2.165,tdc,
CC(C=O)CCC(C)(O)C=O,1.429,tdc,
CC(C)=CCCC(C)CC#N,1.455,tdc,
CC(C)=CCCC(C)CC(=O)O,1.814,tdc,
C=CC(C)CCCC(C)(C)O,1.638,tdc,
CC(CCl)OC(C)CCl,2.853,tdc,
CC(CCN(C)C)N(C)C,2.2840000000000003,tdc,
CC(C)=CCCC(C)CCO,1.656,tdc,
C=CC(=O)OCCC(C)OC(=O)C=C,1.7480000000000002,tdc,
CC(C)=CCCC(C)CCOC=O,1.341,tdc,
CC(Cl)(C=O)CCl,1.94,tdc,
CC(Cl)(Cl)C(=O)O,2.168,tdc,
CC(Cl)(Cl)CCl,2.079,tdc,
CC(Cl)(Cl)Cl,1.112,tdc,
CC(Cl)=CCl,1.744,tdc,
CC(=O)Cl,1.936,tdc,
CC(Cl)C(Cl)Cl,2.079,tdc,
CC(Cl)C(=O)O,2.337,tdc,
CC(Cl)CCl,1.764,tdc,
CC(Cl)Cl,2.135,tdc,
CC(Cl)CO,2.637,tdc,
CC(CN)NCCO,1.381,tdc,
CC(CO)CCO,1.28,tdc,
CC(=O)OCC(C)OC(C)=O,1.073,tdc,
CC(CO[N+](=O)[O-])O[N+](=O)[O-],2.822,tdc,
CC(N)=O,0.926,tdc,
CC(N)=S,2.397,tdc,
CC(N)CCN,1.815,tdc,
CC(N)CN,1.5219999999999998,tdc,
CC(=O)O,1.259,tdc,
CC(O)C#N,2.912,tdc,
CC(O)C(=O)O,1.383,tdc,
CC(O)CC(C)(C)O,1.504,tdc,
CC(O)CC(C)O,1.181,tdc,
CC(O)CC=O,1.607,tdc,
CC(O)CCC(C)O,1.771,tdc,
CC(O)CCO,0.685,tdc,
CC(O)CF,1.379,tdc,
CC(O)CN,1.554,tdc,
CC(O)CN(C)C,1.737,tdc,
CC(O)CN(CC(C)O)CC(C)O,1.504,tdc,
CC(O)CNCC(C)O,1.297,tdc,
CC(O)CO,0.58,tdc,
C=CC(=O)OCC(C)O,2.716,tdc,
CC(O)COC(=O)C=CC(=O)O,1.669,tdc,
CC(O)COCC(C)O,0.956,tdc,
CC(OCCCl)OCCCl,2.781,tdc,
C=C[Si](Cl)(Cl)CC,1.739,tdc,
CC[Si](Cl)(Cl)Cl,2.09,tdc,
C#CC(=O)C=CC,3.122,tdc,
CC=CC(=O)OC(=O)C=CC,1.736,tdc,
C=COC(=O)C=CC,1.237,tdc,
CC=CC(=O)O,1.935,tdc,
C#CC(O)C=CC,3.451,tdc,
CC=CC(=O)OC(C=CC)OC(=O)C=CC,1.937,tdc,
CC=CC=CC(=O)O,1.183,tdc,
CC=CC=CC=O,2.506,tdc,
CC=CC=CCOC(C)=O,1.507,tdc,
CC=CC=CCOCCO,1.6269999999999998,tdc,
CC=CC=O,2.532,tdc,
CC=CCl,1.594,tdc,
CC=CCO,1.889,tdc,
CC=CCOC=CC,1.147,tdc,
CC=NN(C)C=O,2.495,tdc,
CC=O,1.824,tdc,
CCBr,1.907,tdc,
CCC#N,3.15,tdc,
CCC(=O)C(C)=O,1.523,tdc,
CCC(=O)CC,1.605,tdc,
CCC(=O)OC,1.246,tdc,
CCC(=O)OC(=O)CC,1.742,tdc,
C=COC(=O)CC,1.3230000000000002,tdc,
CCC(Br)(CC)C(=O)NC(N)=O,2.875,tdc,
CCC(C)(C)CO,1.642,tdc,
CCC(C)(C)NC(N)=NC#N,2.7110000000000003,tdc,
CCC(C)(C)O,1.945,tdc,
C#CC(C)(O)CC,2.515,tdc,
CCC(C)(O)CC,2.158,tdc,
CCC(C)=NCCCCCCN=C(C)CC,2.402,tdc,
CCC(C)=O,1.421,tdc,
CCC(C)C(C)(COC(N)=O)COC(N)=O,2.302,tdc,
CCC(C)C(C)C=O,1.509,tdc,
CCC(C)C(C)CO,1.689,tdc,
CCC(C)C(CC)C(N)=O,2.275,tdc,
CCC(C)C=O,1.129,tdc,
CCC(C)CCCCCl,1.307,tdc,
CCC(C)Cl,0.7240000000000001,tdc,
CCC(C)CO,1.945,tdc,
CCC(C)N,2.2840000000000003,tdc,
CCC(C)O,1.058,tdc,
CCC(C)OCCO,2.175,tdc,
CC=C(C=O)CC,1.577,tdc,
C=CCC(CC)(CC)C(N)=O,2.589,tdc,
CCC(CC)(CO)CO,2.192,tdc,
CCC(CC)C(=O)OCC(Br)(Br)Br,1.979,tdc,
CCC(CC)C(=O)OCC(Cl)(Cl)Cl,2.439,tdc,
CCC(CC)C(=O)O,1.723,tdc,
CCC(C=O)CC,1.401,tdc,
CCC(CC)CO,1.742,tdc,
CCC(CC)CO[Si](OCC(CC)CC)(OCC(CC)CC)OCC(CC)CC,1.335,tdc,
C=CC(=O)OCC(CC)CC,1.381,tdc,
CCC(CC)COC(=O)CCCCC(=O)OCC(CC)CC,1.7480000000000002,tdc,
CCC(CC)COCCC#N,1.8,tdc,
CCC(CC)COCCC(=O)O,1.669,tdc,
CCC(CC)COCCO,1.884,tdc,
CCC(CC)COCCOC(=O)CCC(=O)OCCOCC(CC)CC,2.055,tdc,
CCC(CC)COCCOC(=O)CCCCC(=O)OCCOCC(CC)CC,2.093,tdc,
CCC(Cl)(CC)C(=O)OCC(Cl)(Cl)Cl,2.149,tdc,
CCC(Cl)(Cl)Cl,1.296,tdc,
CCC(Cl)Cl,1.24,tdc,
C=CCOCC(CC)(CO)CO,1.548,tdc,
CCC(CO)CC(C)C,1.482,tdc,
CCC(=O)O,1.455,tdc,
CCC(O)CC,1.673,tdc,
CCC(O)OCCCOC,1.46,tdc,
CC=CCOC(CC)OCC=CC,1.935,tdc,
CCC=C(C)C=O,1.359,tdc,
CCC=C(C)CO,1.3090000000000002,tdc,
CCC=CC=CC=O,1.981,tdc,
CCC=CCCO,1.329,tdc,
CCC=CCCOCC=O,1.54,tdc,
CCC=O,1.615,tdc,
CCCC#N,3.141,tdc,
CCCC(=O)C(C)C,1.456,tdc,
CCCC(=O)CC,1.474,tdc,
CCCC(=O)CCC,1.486,tdc,
CCCC(=O)OC(C(Cl)(Cl)Cl)P(=O)(OC)OC,2.474,tdc,
C=COC(=O)CCC,1.126,tdc,
CCCC(=O)OCC,0.951,tdc,
C=CCOC(=O)CCC,2.71,tdc,
CCCC(C)(COC(N)=O)COC(=O)NC(C)C,2.295,tdc,
CCCC(C)(COC(N)=O)COC(N)=O,2.339,tdc,
CCCC(C)=O,1.731,tdc,
CCCC(C)C(=O)O,1.755,tdc,
CCCC(C)CO,1.86,tdc,
CCCC(C)COC(C)=O,1.29,tdc,
CCCC(C)COCCO,1.5930000000000002,tdc,
CCCC(C)COCCOCCO,1.527,tdc,
CCCC(C)OC(N)=O,2.494,tdc,
CCCC(CC(OCC)OCC)OCC,1.109,tdc,
CCCC(CCC)C(=O)O,2.333,tdc,
CCCC(=O)O,1.644,tdc,
CCCC(O)C(CC)CO,2.019,tdc,
CCCC=C(CC)C(=O)O,1.4,tdc,
CCCC=C(C=O)CC,1.7990000000000002,tdc,
CCCC=CC=O,2.1,tdc,
CCCC=CCO,1.457,tdc,
CCCCC(=O)CC,1.617,tdc,
CCCCC(C)=O,1.587,tdc,
CCCCC(CC)(CO)CO,1.5019999999999998,tdc,
CCCCC(CC)(COC(N)=O)COC(N)=O,2.571,tdc,
C=COC(=O)C(CC)CCCC,1.599,tdc,
CCCCC(CC)C(=O)O,1.682,tdc,
CCCCC(CC)C(O)C(=O)O,1.71,tdc,
CCCCC(C=CC(C)=O)CC,1.3159999999999998,tdc,
CCCCC(C=O)CC,1.536,tdc,
CCCCC(CC)CCC(C)N,2.37,tdc,
CCCCC(CC)CCl,1.307,tdc,
CCCCC(CC)CN,2.458,tdc,
CCCCC(CC)CN(CCO)CC(CC)CCCC,1.764,tdc,
CCCCC(CC)CNC(=O)CC(C)OC(=O)CCC(=O)O,1.416,tdc,
CCCCC(CC)CNCC(CC)CCCC,2.168,tdc,
CCCCC(CC)CO,1.803,tdc,
CCCCC(CC)CO[Si](OCC(CC)CC)(OCC(CC)CC)OCC(CC)CCCC,0.941,tdc,
CCCCC(CC)COC(=O)C(CC)CCCC,0.978,tdc,
C=CC(=O)OCC(CC)CCCC,1.513,tdc,
CCCCC(CC)COC(=O)C=CC(=O)OCC(CC)CCCC,1.067,tdc,
CCCCC(CC)COC(=O)CCCCC(=O)OCC(CC)CCCC,1.609,tdc,
CCCCC(CC)COC(=O)CCCCCCCC(=O)OCC(CC)CCCC,1.675,tdc,
CCCCC(CC)COC(=O)CCCCCCCCC(=O)OCC(CC)CCCC,1.523,tdc,
CCCCC(CC)COC(=O)OOC(=O)OCC(CC)CCCC,2.531,tdc,
CCCCC(CC)COC(C)=O,1.759,tdc,
C=COCC(CC)CCCC,2.064,tdc,
CCCCC(CC)COCC(CC)CCCC,0.853,tdc,
CCCCC(CC)COCCC#N,1.571,tdc,
CCCCC(CC)COCCC(=O)O,1.734,tdc,
CCCCC(CC)COCCCN,2.767,tdc,
CCCCC(CC)COCCO,1.753,tdc,
CCCCC(CC)COP(=O)(OCC(CC)CCCC)OCC(CC)CCCC,1.07,tdc,
CCCCC(CC)COP(=O)(O)OCC(CC)CCCC,1.815,tdc,
CCCCC(CC)COP(OCC(CC)CCCC)OCC(CC)CCCC,1.592,tdc,
CCCCC(CC)COP(=S)(S)OCC(CC)CCCC,2.219,tdc,
CCCCC(CC)OCCO,1.847,tdc,
CCCCC(CC)OCCOCCO,1.842,tdc,
CCCCC(O)CC,1.793,tdc,
CCCCC(O)CCOC(C)=O,1.319,tdc,
CCCCC[Si](Cl)(Cl)Cl,1.944,tdc,
CCCCC[Si](OC)(OC)OC,1.592,tdc,
CCCCC[Si](OCC)(OCC)OCC,1.069,tdc,
CCCCC=O,1.274,tdc,
CCCCCC,0.477,tdc,
CCCCCC#CC(=O)OC,2.003,tdc,
C=CCOC(=O)CCCCC,2.855,tdc,
CCCCCC(C)(O)CC,1.628,tdc,
CCCCCC(C)=O,1.835,tdc,
CCCCCC(C)O,1.654,tdc,
CCCCCC(CO)CCC,1.371,tdc,
CCCCCC(=O)O,1.588,tdc,
C=CC(O)CCCCC,2.576,tdc,
C=CC(CCCCC)OC(C)=O,2.302,tdc,
CCCCCC=O,1.311,tdc,
CCCCCCC#CC(=O)OC,1.88,tdc,
C=CCOC(=O)CCCCCC,2.532,tdc,
CCCCCCC(CC=CCCCCCCCC(=O)OCCOC)OC(C)=O,1.422,tdc,
C=C(C)C(=O)OCC(CCCC)CCCCCC,0.991,tdc,
CCCCCCC(CO)CCCC,1.156,tdc,
CCCCCCC(=O)O,1.269,tdc,
CCCCCCC=CC=O,1.4480000000000002,tdc,
CCCCCCC=O,0.911,tdc,
C=COC(=O)CCCCCCC,1.358,tdc,
CCCCCCCC(C)=O,1.648,tdc,
CCCCCCCC(=O)O,1.156,tdc,
CCCCCCCC=CC=O,1.489,tdc,
CCCCCCCC=O,1.357,tdc,
CCCCCCCCBr,1.585,tdc,
CCCCCCCCC=CCCCCCCCC(=O)O,0.5820000000000001,tdc,
CCCCCCCCCC(=O)OCCOCCOCCOC(=O)CCCCCCCCC,1.789,tdc,
CCCCCCCCCC(C)=O,1.5319999999999998,tdc,
CCCCCCCCCC=O,1.622,tdc,
CCCCCCCCCCCC(=O)OCCSC#N,2.757,tdc,
CCCCCCCCCCCC(=O)O,1.223,tdc,
CCCCCCCCCCCC=O,0.904,tdc,
CCCCCCCCCCCCCCCCCC(=O)OCCCC,1.027,tdc,
CCCCCCCCCCCCCCCCCCNC(C)C,2.39,tdc,
CCCCCCCCCCCCCCCCO,1.686,tdc,
CCCCCCCCCCCCCCCN,2.537,tdc,
CCCCCCCCCCCCCNCCCCCCCCCCCCC,1.588,tdc,
CCCCCCCCCCCCCO,1.0659999999999998,tdc,
C=CC(=O)OCCCCCCCCCCCCC,0.755,tdc,
CCCCCCCCCCCCN,2.259,tdc,
CCCCCCCCCCCCN(C)C,2.46,tdc,
CCCCCCCCCCCCNC(N)=S,2.388,tdc,
CCCCCCCCCCCCO,1.163,tdc,
CCCCCCCCCCCCOS(=O)(=O)O,2.312,tdc,
CCCCCCCCCCCO,1.759,tdc,
CCCCCCCCCCN,2.75,tdc,
CCCCCCCCCCO,1.525,tdc,
C=CC(=O)OCCCCCCCCCC,1.517,tdc,
CCCCCCCCOC(C)=O,1.759,tdc,
CCCCCCCCSCCO,1.349,tdc,
CCCCCCCO,2.366,tdc,
C=CC(=O)OCCCCCCC,1.578,tdc,
CCCCCCN,2.1790000000000003,tdc,
CCCCCCNCCCCCC,2.688,tdc,
CCCCCCO,2.152,tdc,
C=CC(=O)OCCCCCC,0.779,tdc,
CCCCCCOC(=O)CCCCCCCC(=O)OCCCCCC,1.348,tdc,
CCCCCCOC(C)=O,0.536,tdc,
CCCCCCOC(COCC(OCC)OCCCCCC)OCC,1.988,tdc,
CCCCCCOCCCCCC,0.78,tdc,
CCCCCCOCCO,1.995,tdc,
CCCCCCOCCOC(=O)CCC(=O)OCCOCCCCCC,1.942,tdc,
CCCCCCOCCOC(=O)CCCCC(=O)OCCOCCCCCC,1.972,tdc,
CCCCCCOCCOCCO,1.587,tdc,
CCCCCCS,1.974,tdc,
C=CS(=O)(=O)CCCCCC,2.49,tdc,
CCCCCl,1.54,tdc,
CCCCCN(C)N=O,3.035,tdc,
CCCCCN(CCCCC)N=O,2.027,tdc,
CCCCCN(N=O)C(N)=O,2.454,tdc,
CCCCCNCCCCC,2.765,tdc,
CCCCCO,1.6030000000000002,tdc,
CCCCCOC(=O)C=CC(=O)OCCCCC,1.717,tdc,
CCCCCOC(C)=O,1.3019999999999998,tdc,
CCCCN,2.301,tdc,
CCCCN(C)CCCC,2.424,tdc,
CCCCN(C)N=O,2.951,tdc,
CCCCN(CC)C(=O)SCCC,2.344,tdc,
CCCCN(CC)N=O,2.535,tdc,
CCCCN(CCCC)C(=O)N(CCCC)CCCC,1.224,tdc,
CCCCN(CCCC)CC(C)O,1.974,tdc,
CCCCN(CCC#N)CCCC,1.749,tdc,
CCCCN(CCCC)CCCC,2.536,tdc,
CCCCN(CCCC)CCCN,2.356,tdc,
CCCCN(CCCC)N=O,2.12,tdc,
CCCCN(CCCCO)N=O,1.986,tdc,
CCCCN(CCO)CCCC,2.209,tdc,
CCCCN(CCO)CCO,1.579,tdc,
CCCCN(COC(C)=O)N=O,2.065,tdc,
CCCCN(N=O)C(=O)OCC,2.287,tdc,
CCCCN(N=O)C(N)=O,2.56,tdc,
CCCCN=C=O,2.218,tdc,
CCCCNC,2.317,tdc,
CCCCNC(=O)OCC(C)(CCC)COC(N)=O,2.421,tdc,
CCCCNC(=S)N(CCCC)CCCC,1.911,tdc,
CCCCNC(=S)NCCCC,2.7310000000000003,tdc,
CCCCNCC,2.514,tdc,
CCCCNCCCC,2.835,tdc,
CCCCNCCO,2.008,tdc,
CCCCO,1.972,tdc,
C=C(C)C(=O)OCCCC,0.799,tdc,
C=CC(=O)OCCCC,2.154,tdc,
CCCCOC(=O)C=CC(=O)OCCCC,1.787,tdc,
CCCCOC(=O)CC,1.416,tdc,
CCCCOC(=O)CC(C(=O)OCCCC)P(=O)(OCCCC)OCCCC,1.228,tdc,
CCCCOC(=O)CC(C)=O,1.148,tdc,
CCCCOC(=O)CC(SP(=O)(OC)OC)C(=O)OCCCC,2.857,tdc,
CCCCOC(=O)CCC(=O)OCCCC,1.459,tdc,
CCCCOC(=O)CCCCC(=O)OCCCC,1.3019999999999998,tdc,
CCCCOC(=O)CCCCCCCCC(=O)OCCCC,1.293,tdc,
C=CCCCCCCCCC(=O)OCCCC,1.682,tdc,
CCCCOC(C)=O,0.948,tdc,
CCCCOC(C)OCCCC,1.297,tdc,
C=COCCCC,1.001,tdc,
CCCCOCC,1.7380000000000002,tdc,
CCCCOCC(C)O,1.779,tdc,
CCCCOCCC#N,1.232,tdc,
CCCCOCCC(=O)O,1.45,tdc,
CCCCOCCCC,1.245,tdc,
CCCCOCCCO,1.347,tdc,
CCCCOCCO,2.4,tdc,
C=CC(=O)OCCOCCCC,1.423,tdc,
CCCCOCCOC(C)=O,1.824,tdc,
C=COCCOCCCC,1.668,tdc,
CCCCOCCOCC,1.713,tdc,
CCCCOCCOCC(C)O,1.644,tdc,
CCCCOCCOCCCC,1.729,tdc,
CCCCOCCOCCCO,1.533,tdc,
CCCCOCCOCCO,1.457,tdc,
CCCCOCCOCCOCCCC,1.7480000000000002,tdc,
CCCCOCCOCCOCCO,1.486,tdc,
CCCCOCCOCCOCCOCCOCCCC,1.673,tdc,
CCCCOCCOCCSC#N,3.354,tdc,
CCCCOCCOP(=O)(OCCOCCCC)OCCOCCCC,2.123,tdc,
CCCCON=O,3.094,tdc,
CCCCOP(=O)(OCCCC)OCCCC,1.948,tdc,
CCCCOP(OCCCC)OCCCC,1.921,tdc,
CCCCS,1.779,tdc,
CCCCSCCCC,1.819,tdc,
C=COCCSCCCC,1.753,tdc,
CCCCSP(=O)(N(C)C)N(C)C,3.033,tdc,
CCCCSP(=O)(SCCCC)SCCCC,3.322,tdc,
CCCCSP(SCCCC)SCCCC,2.516,tdc,
CCCCSSC(Cl)C(Cl)Cl,2.705,tdc,
CCC[N+](=O)[O-],2.292,tdc,
CCCN(CCC)C(=O)SCC,2.315,tdc,
CCCN(CCC)CCC,3.299,tdc,
CCCN(CCC)N=O,2.4330000000000003,tdc,
CCCN(N=O)C(N)=O,2.436,tdc,
CCCNCCC,2.342,tdc,
CCCO,1.507,tdc,
CCCOC(=O)CC(SP(=O)(OC)OC)C(=O)OCCC,2.978,tdc,
CCCOC(=O)CC(SP(=S)(OC)OC)C(=O)OCCC,1.776,tdc,
CCCOC(=O)CCC,0.938,tdc,
CCCOC(=O)CCC(=O)N(CC)CC,1.219,tdc,
CCCOC(=O)CCC(=O)OCCC,1.494,tdc,
CCCOC(=O)OOC(=O)OCCC,1.783,tdc,
CCCOC(C)=O,1.037,tdc,
CCCOC=O,1.345,tdc,
CCCOCCO,1.528,tdc,
CCCOCCOC(C)=O,1.189,tdc,
CCCOP(=O)(OC=C(Cl)Cl)OCCCl,4.0760000000000005,tdc,
CCCOP(=S)(OCCC)OP(=S)(OCCC)OCCC,2.925,tdc,
CCCP(=O)(O)OCC,1.82,tdc,
CCCS,1.629,tdc,
CCCS(=O)(=O)C=CS(=O)(=O)CCC,3.08,tdc,
CCCSC(=O)N(CCC)CCC,2.229,tdc,
CCCSCSP(=S)(OCC)OCC,4.9910000000000005,tdc,
CCCSP(=O)(OC)SCCC,4.526,tdc,
CCCSP(=O)(OCC)SCCC,3.853,tdc,
CCCSP(=S)(OC)SCCC,4.184,tdc,
CCCSP(C)(=O)SCCC,5.077,tdc,
CCCSP(C)(=S)OP(C)(=S)SCCC,3.696,tdc,
CCCSP(C)(=S)SC(CC(=O)OCC)C(=O)OCC,2.714,tdc,
CCCSP(C)(=S)SCC(=O)OCC,3.103,tdc,
CCCSP(C)(=S)SCCC,4.103,tdc,
CCl,1.4480000000000002,tdc,
CCN,2.052,tdc,
CC[N+](=O)[O-],1.834,tdc,
CCN(C)N=O,2.991,tdc,
C=CN(CC)C(C)=O,1.663,tdc,
C=CN(CC)N=O,3.056,tdc,
CCN(CC(F)(F)F)N=O,2.211,tdc,
CC#CN(CC)CC,2.122,tdc,
CCN(CC)C(=O)C(Cl)=C(C)OP(=O)(OC)OC,4.574,tdc,
CCN(CC)C(=O)CCl,2.476,tdc,
C=C(Cl)CSC(=S)N(CC)CC,2.42,tdc,
CCN(CC)C(=S)SSC(=S)N(CC)CC,2.773,tdc,
CCN(CC)CC,2.342,tdc,
C#CCN(CC)CC,1.859,tdc,
CCN(CC)CCCl,3.902,tdc,
CCN(CC)CCCN,1.965,tdc,
CCN(CC)CCN,1.6130000000000002,tdc,
CCN(CC)CCO,1.955,tdc,
C=C(C)C(=O)OCCN(CC)CC,1.596,tdc,
C=CC(=O)OCCN(CC)CC,2.347,tdc,
CCN(CC)N=O,2.562,tdc,
CCN(CCCl)CCCl,4.833,tdc,
CCN(CCO)C(=S)NP(=S)(OC)OC,4.205,tdc,
CCN(CCOC(C)=O)C(C)=O,0.916,tdc,
CCN(N=O)C(=O)NC(N)=O,2.1830000000000003,tdc,
CCN(N=O)C(N)=O,2.591,tdc,
CCNC(=O)C(Cl)=C(C)OP(=O)(OC)OC,3.866,tdc,
CCNC(=O)C(SP(=S)(OC)OC)C(=O)NCC,2.497,tdc,
CCNC(=O)CC(C)=O,0.959,tdc,
CCNC(=O)CSP(=S)(OC)OC,3.289,tdc,
CCNC(=O)OCCSCSP(=S)(OC)OC(C)C,4.611000000000001,tdc,
CCNC(=S)NCC,2.622,tdc,
CCNC(N)=S,3.018,tdc,
CCNCC,2.132,tdc,
CCNCCO,1.95,tdc,
CCNP(=S)(OC)OC(C)=CC(=O)OC(C)C,3.574,tdc,
CCO,0.815,tdc,
CCO[Si](C)(C)CCl,1.993,tdc,
CCO[Si](C)(C)OCC,1.204,tdc,
CCO[Si](C)(CCCC#N)OCC,1.732,tdc,
CCO[Si](C)(CCCN)OCC,1.604,tdc,
CCO[Si](C)(CCl)OCC,2.148,tdc,
CCO[Si](C)(OCC)OCC,1.055,tdc,
CCO[Si](CC)(OCC)OCC,1.138,tdc,
CCO[Si](CCC#N)(OCC)OCC,1.587,tdc,
CCO[Si](CCCC#N)(OCC)OCC,1.672,tdc,
CCO[Si](CCCCN)(OCC)OCC,2.162,tdc,
CCO[Si](CCCN)(OCC)OCC,2.095,tdc,
CCO[Si](CCl)(OCC)OCC,1.948,tdc,
CCO[Si](CCP(=O)(OCC)OCC)(OCC)OCC,1.281,tdc,
C=C[Si](OCC)(OCC)OCC,0.918,tdc,
CCO[Si](OCC)(OCC)OCC,1.521,tdc,
CCO[SiH](Cl)OCC,1.39,tdc,
C=C(CO)C(=O)OCC,2.322,tdc,
CCOC(=O)C(=O)OCC,2.563,tdc,
C=C(C)C(=O)OCC,0.887,tdc,
CCOC(=O)C(C)C[Si](C)(OCC)OCC,1.004,tdc,
C=CC(=O)OCC,2.097,tdc,
CCOC(=O)C=C(C)OP(=O)(OCC)OCC,4.083,tdc,
CC=CC(=O)OCC,1.58,tdc,
CCOC(=O)C=CC(=O)OCC,1.986,tdc,
CCOC(=O)CC(=O)OCC,1.028,tdc,
CCOC(=O)CC(C)=O,1.515,tdc,
CCOC(=O)CC(O)(CC(=O)OCC)C(=O)OCC,1.671,tdc,
CCOC(=O)CC(SP(=O)(OC)OC)C(=O)OCC,3.299,tdc,
CCOC(=O)CC(SP(=O)(OC)SC)C(=O)OCC,3.466,tdc,
CCOC(=O)CC(SP(=S)(OC)OC)C(=O)OCC,3.057,tdc,
CCOC(=O)CC[Si](C)(OCC)OCC,1.052,tdc,
CCOC(=O)CC[Si](OCC)(OCC)OCC,1.072,tdc,
CCOC(=O)CCC#N,1.091,tdc,
CCOC(=O)CCC(=O)OCC,1.31,tdc,
CCOC(=O)CCC[Si](C)(OCC)OCC,1.045,tdc,
CCOC(=O)CCC=O,1.12,tdc,
CCOC(=O)CCCCCC#N,1.179,tdc,
CCOC(=O)CCCCCCCCC(=O)OCC,1.252,tdc,
CCOC(=O)CCCCCCl,1.56,tdc,
CCOC(=O)COP(=S)(OCC)OCC,2.4090000000000003,tdc,
CCOC(=O)CSP(=O)(OC)OC,2.773,tdc,
CCOC(=O)CSP(=O)(OCC)OCC,3.755,tdc,
CCOC(=O)CSP(=S)(OCC)OCC,2.394,tdc,
CCOC(=O)N(C)C(=O)CSP(=S)(OCC)OCC,4.026,tdc,
CCOC(=O)N(C)N=O,2.866,tdc,
CCOC(=O)NCCSP(=S)(OC)OC,3.403,tdc,
CCOC(=S)SCSSCP(=O)(OCC)OCC,4.399,tdc,
CCOC(=S)SSSC(=S)OCC,3.067,tdc,
CCOC(=S)SSSSC(=S)OCC,3.047,tdc,
CCOC(C)=O,1.195,tdc,
CCOC(C)CC(OCC)OCC,1.587,tdc,
CCOC(C)CO,1.327,tdc,
CCOC(C)COC(C)CO,1.641,tdc,
CCOC(C)OCC,1.41,tdc,
CCOC(CC(OCC)OCC)OCC,2.136,tdc,
CCOC(O)C(Cl)(Cl)Cl,2.342,tdc,
C=COCC,1.069,tdc,
CC=COCC,1.267,tdc,
CCOC=CC(OCC)OCC,1.85,tdc,
CCOC=O,1.6030000000000002,tdc,
CCOCC,1.785,tdc,
CCOCC(C)O,1.374,tdc,
CCOCC(Cl)C(OCC)OCC,2.2030000000000003,tdc,
CCOCCC(=O)OCC,1.466,tdc,
CCOCCC(OCC)OCC,2.042,tdc,
CCOCCC=O,2.055,tdc,
CCOCCCCO,1.47,tdc,
CCOCCCO,1.173,tdc,
C=CC(=O)OCCCOCC,2.285,tdc,
CCOCCO,1.6269999999999998,tdc,
C=CC(=O)OCCOCC,2.129,tdc,
CCOCCOC(C)=O,1.659,tdc,
CCOCCOCC,1.43,tdc,
CCOCCOCC(C)O,1.2009999999999998,tdc,
CCOCCOCCO,1.3869999999999998,tdc,
CCOCCOCCOC,1.358,tdc,
CCOCCOCCOC(C)=O,1.205,tdc,
C=COCCOCCOCC,1.152,tdc,
CCOCCOCCOCC,1.514,tdc,
CCOCCOCCOCCO,1.225,tdc,
CCOCCOCCOCCOCCOCC,1.766,tdc,
CCON(CC)N=O,2.072,tdc,
CCOP(=O)(CC)SCSCSP(=O)(CC)OCC,5.334,tdc,
CCOP(=O)(CCCl)OCC,2.302,tdc,
CCOP(=O)(NC(C)C)SCC(=O)NCOC,3.454,tdc,
CCOP(=O)(OC=CCl)N(CC)CC,3.502,tdc,
CCOP(=O)(OC=C(Cl)Cl)OCC(Cl)CCl,3.702,tdc,
C=C(OP(=O)(OC)OC)P(=O)(OCC)OCC,3.284,tdc,
CCOP(=O)(OCC)C(O)(C(F)F)C(F)F,4.897,tdc,
CCOP(=O)(OCC)C(SCC)(P(=O)(OCC)OCC)P(=O)(OCC)OCC,4.825,tdc,
C=C(OP(=O)(OCC)OCC)P(=O)(OC)OC,3.222,tdc,
CCOP(=O)(OCC)OC(C)=CC(=O)N(C)C,4.468999999999999,tdc,
CCOP(=O)(OCC)OC(C)=CSC,5.205,tdc,
CCOP(=O)(OCC)OC(=CC(=O)OC)CC(=O)OC,5.191,tdc,
CCOP(=O)(OC=C(Cl)Cl)OCC,4.998,tdc,
CCOP(=O)(OC=C(SCC)SCC)OCC,4.302,tdc,
CCOP(=O)(OC=CCl)OCC,4.486000000000001,tdc,
CCOP(=O)(OC=CCSCC)OCC,5.229,tdc,
CCOP(=O)(OCC)OCC,2.056,tdc,
CCOP(=O)(OCC)OP(=O)(N(C)C)N(C)C,4.88,tdc,
CCOP(=O)(OCC)OP(=O)(OCC)OCC,5.763999999999999,tdc,
CCOP(=O)(OCC)OP(=O)(OCC)OP(=O)(OCC)OP(=O)(OCC)OCC,4.859,tdc,
CCOP(=O)(OCC)OP(=S)(CCl)OCC(C)C,3.789,tdc,
CCOP(=O)(OCC)SC(Cl)=CCl,3.247,tdc,
CCOP(=O)(OCC)SC(Cl)C(Cl)Cl,5.081,tdc,
CCOP(=O)(OCC)SC(P(=O)(OCC)OCC)(P(=O)(OCC)OCC)P(=O)(OCC)OCC,4.325,tdc,
CCOP(=O)(OCC)SC=C(Cl)Cl,5.18,tdc,
C#CCSP(=O)(OCC)OCC,4.063,tdc,
CCOP(=O)(OCC)SCC(=O)NC(C)(C)C#N,4.925,tdc,
CCOP(=O)(OCC)SCC(C)(SCC)SCC,4.346,tdc,
CCOP(=O)(OCC)SCCN(CC)CC,4.912,tdc,
CCOP(=O)(OCC)SCCS(=O)(=O)CC,5.184,tdc,
CCOP(=O)(OCC)SCCS(=O)CC,5.1370000000000005,tdc,
CCOP(=O)(OCC)SCCSCC,5.236000000000001,tdc,
CCOP(=O)(OCC)SCS(=O)(=O)CC,5.742000000000001,tdc,
CCOP(=O)(OCC)SCS(=O)CC,5.415,tdc,
CCOP(=O)(OCC)SCSCC,5.99,tdc,
CCOP(=O)(OP(=O)(OCC)N(C)C)N(C)C,4.3660000000000005,tdc,
CCOP(=S)(CC)SCSCSP(=S)(CC)OCC,5.239,tdc,
CCOP(=S)(OCC)OCCS(=O)(=O)CC,3.509,tdc,
CCOP(=S)(OCC)OCCS(=O)CC,3.438,tdc,
CCOP(=S)(OCC)OCCSCC,4.537,tdc,
CCOP(=S)(OCC)OP(=S)(OCC)OCC,4.809,tdc,
CCOP(=S)(OCC)SC(=CC(=O)OC)C(=O)OC,3.613,tdc,
CCOP(=S)(OCC)SCC(=O)N(C)C(N)=O,4.273,tdc,
C=CCN(CC=C)C(=O)CSP(=S)(OCC)OCC,3.829,tdc,
CCOP(=S)(OCC)SCC(=O)NC(C)C,4.552,tdc,
CCOP(=S)(OCC)SCC(=O)OC,2.412,tdc,
CCOP(=S)(OCC)SCC(N)=O,4.386,tdc,
CCOP(=S)(OCC)SCCC(F)=C(F)F,2.636,tdc,
CCOP(=S)(OCC)SCCl,4.525,tdc,
CCOP(=S)(OCC)SCCS(=O)(=O)CC,4.611000000000001,tdc,
CCOP(=S)(OCC)SCCS(=O)CC,4.919,tdc,
CCOP(=S)(OCC)SCCSCC,5.1370000000000005,tdc,
CCOP(=S)(OCC)SCCSCC(=O)NC,4.246,tdc,
CCOP(=S)(OCC)SCS(=O)(=O)CC,5.235,tdc,
CCOP(=S)(OCC)SCS(=O)CC,5.14,tdc,
CCOP(=S)(OCC)SCSC(C)(C)C,5.256,tdc,
CCOP(=S)(OCC)SCSC(C)C,5.397,tdc,
CCOP(=S)(OCC)SCSCC,5.416,tdc,
CCOP(=S)(OCC)SCSCSP(=S)(OCC)OCC,4.705,tdc,
CCOP(=S)(OCC)SCSP(=S)(OCC)OCC,4.471,tdc,
CCOP(=S)(SCC)SCC,1.818,tdc,
CCOP(C)(=O)SCCN(C)C,6.238,tdc,
CCOP(=O)(Cl)OCC,4.196000000000001,tdc,
CCOP(=S)(Cl)OCC,2.148,tdc,
CCOP(=S)(Cl)Cl,2.299,tdc,
CCOP(N)(=O)SC,4.492,tdc,
CCOC(=O)C(OP(OCC)OCC)C(C)=O,3.18,tdc,
CCOP(OCC)OCC,1.715,tdc,
CCOP(=S)(S)OCC,1.616,tdc,
CCOS(=O)(=O)OCC,2.244,tdc,
CCP(=S)(OC)SCSCSP(=S)(CC)OC,4.978,tdc,
CCS,1.96,tdc,
CCS(=O)(=O)CCOP(=S)(OC)OC,2.72,tdc,
CCS(=O)(=O)CCSP(=O)(OC)OC,3.908,tdc,
CCS(=O)CC(C)SP(=O)(OC)OC,3.403,tdc,
CCS(=O)CCOP(=O)(OC)OC=C(Cl)Cl,3.452,tdc,
CCS(=O)CCOP(=S)(OC)OC,2.613,tdc,
CCS(=O)CCSP(=O)(OC)OC,3.914,tdc,
CCS(=O)CCSP(=S)(OC)OC,3.419,tdc,
CCS(=O)CSP(=S)(OC(C)C)OC(C)C,4.086,tdc,
CCSC(=O)N(CC(C)C)CC(C)C,1.735,tdc,
CCSC(=O)N(CC)CC,2.605,tdc,
CCSC(=S)N(C)C,2.434,tdc,
CCSCCCl,2.694,tdc,
C=COCCSCC,1.429,tdc,
CCSCCOP(=S)(OC)OC,3.487,tdc,
CCSCCSP(=O)(OC)OC,3.76,tdc,
CCSCCSP(=S)(OC)OC,3.789,tdc,
CCSP(=O)(CC)SCC,3.82,tdc,
CCSP(=O)(CCl)SCC,3.796,tdc,
CCSP(SCC)SCC,2.781,tdc,
C=C[Si](Cl)(Cl)Cl,2.101,tdc,
N#CCCC[Si](Cl)(Cl)Cl,1.855,tdc,
C=C(Cl)C(Cl)=C(Cl)Cl,2.659,tdc,
C=CC(=C)Cl,2.294,tdc,
O=C(Cl)C(Br)CBr,2.319,tdc,
O=C(Cl)C(Cl)(Cl)Cl,2.482,tdc,
O=C(Cl)C=CC(=O)Cl,2.276,tdc,
C=CCOC(=O)Cl,2.694,tdc,
ClC(Br)Br,2.39,tdc,
N#CC(Cl)(Cl)Cl,2.762,tdc,
O=C(C(Cl)(Cl)Cl)C(Cl)(Cl)Cl,3.043,tdc,
ClC(Cl)(Cl)C(Cl)(Cl)Cl,1.725,tdc,
ClC(Cl)(Cl)Cl,1.816,tdc,
O=[N+]([O-])C(Cl)(Cl)Cl,2.818,tdc,
C=CCSC(=S)SC(Cl)(Cl)Cl,2.089,tdc,
C=C(Cl)Cl,2.685,tdc,
ClC(Cl)=C(Cl)C(Cl)=C(Cl)Cl,3.462,tdc,
C=CC(Cl)=C(Cl)Cl,2.365,tdc,
ClC(Cl)=C(Cl)Cl,1.8,tdc,
S=C(Cl)Cl,2.093,tdc,
ClC(Cl)Br,2.252,tdc,
N#CC(Cl)Cl,2.523,tdc,
C=CCN(CC=C)C(=O)C(Cl)Cl,2.017,tdc,
O=C(OC(=O)C(Cl)Cl)C(Cl)Cl,1.93,tdc,
O=C(Cl)C(Cl)Cl,1.778,tdc,
ClC(Cl)C(Cl)Cl,2.322,tdc,
ClC(Cl)Cl,2.119,tdc,
O=S(=O)(SC(Cl)(Cl)Cl)C(Cl)Cl,1.916,tdc,
C=CCl,2.097,tdc,
ClCBr,1.413,tdc,
N#CCCl,2.536,tdc,
ClCC(Br)CBr,3.143,tdc,
O=P(OC(CCl)CCl)(OC(CCl)CCl)OC(CCl)CCl,2.367,tdc,
O=CC(Cl)(Cl)CCl,2.8280000000000003,tdc,
C=C(Cl)CCl,2.54,tdc,
ClCC(Cl)=C(Cl)Cl,2.7110000000000003,tdc,
ClC=C(Cl)CCl,2.373,tdc,
ClCC(Cl)C(Cl)CCl,2.94,tdc,
O=CC(Cl)CCl,2.9,tdc,
ClCC(Cl)CCl,2.6630000000000003,tdc,
ClCC(Cl)Cl,2.2030000000000003,tdc,
O=P(OCC(Cl)CCl)(OCC(Cl)CCl)OCC(Cl)CCl,2.1830000000000003,tdc,
O=S(=O)(C(Cl)CCl)C(Cl)CCl,3.017,tdc,
C=CCCl,2.039,tdc,
ClCC=CCCl,3.148,tdc,
ClC=CCCl,2.373,tdc,
O=CCCl,3.02,tdc,
ClCCBr,3.35,tdc,
N#CCCCl,2.952,tdc,
ClCCCBr,2.229,tdc,
ClCCCl,2.169,tdc,
ClCCl,1.725,tdc,
ClCCN(CCCl)CCCl,4.612,tdc,
O=NN(CCCl)C(=O)NCCCl,4.029,tdc,
ClCCO[SiH](OCCCl)OCCCl,3.149,tdc,
C=CC(=O)OCCCl,2.874,tdc,
C=COCCCl,2.63,tdc,
ClCCOCCCl,3.28,tdc,
ClCCOCCOCCCl,2.874,tdc,
ClCCOCCOCCOCCCl,3.109,tdc,
ClCCOCOCCCl,3.425,tdc,
C=CP(=O)(OCCCl)OCCCl,2.372,tdc,
O=P(OC=C(Cl)Cl)(OCCCl)OCCCl,4.104,tdc,
O=P(OCCCl)(OCCCl)OCCCl,2.366,tdc,
S=P(OCCCl)(OCCCl)OCCCl,2.5660000000000003,tdc,
ClCCOP(OCCCl)OCCCl,3.431,tdc,
O=S(=O)(Cl)CCCl,2.832,tdc,
ClCOCCl,2.738,tdc,
ClSC(Cl)(Cl)Cl,3.352,tdc,
C[N+](=O)[O-],1.812,tdc,
CN(C)[Si](CC[Si](N(C)C)(N(C)C)N(C)C)(N(C)C)N(C)C,2.4530000000000003,tdc,
CN(C)C#N,2.681,tdc,
CC(=O)CC(=O)N(C)C,0.757,tdc,
CN(C)C(=O)N(C)N=O,2.738,tdc,
CN(C)C(=S)N(C)C,2.158,tdc,
CN(C)C(=S)SSC(=S)N(C)C,2.633,tdc,
CC(=O)N(C)C,1.247,tdc,
CN(C)C(=O)Cl,2.032,tdc,
CN(C)C(CSC(N)=O)CSC(N)=O,2.7960000000000003,tdc,
CN(C)C=O,1.4169999999999998,tdc,
CN(C)CC#N,3.2260000000000004,tdc,
CN(C)CCC#N,1.577,tdc,
CN(C)CCCN,1.7380000000000002,tdc,
CN(C)CCCN(C)C,2.502,tdc,
CN(C)CCCNCCCN(C)C,2.063,tdc,
CN(C)CCN(C)C,1.867,tdc,
CN(C)CCN(C)CCN(C)C,2.027,tdc,
CN(C)CCO,1.649,tdc,
C=C(C)C(=O)OCCN(C)C,1.953,tdc,
C=COCCN(C)C,2.806,tdc,
CN(C)CCOCCN(C)C,2.175,tdc,
CN(C)CCOCCOCCN(C)C,1.859,tdc,
CN(C)N,2.693,tdc,
CN(C)[N+](=O)[O-],1.915,tdc,
CN(C)N(C)N=O,3.036,tdc,
CN(C)N=NN(C)C,1.815,tdc,
CN(C)N=O,3.1060000000000003,tdc,
CN(C)NC(=O)CCC(=O)O,1.28,tdc,
CN(C)P(=O)(N(C)C)N(C)C,1.851,tdc,
CN(C)P(=O)(OP(=O)(N(C)C)N(C)C)N(C)C,4.758,tdc,
CN(C)P(=O)(F)N(C)C,5.188,tdc,
C=CN(C)C(C)=O,1.544,tdc,
C=CN(C)N=O,3.555,tdc,
CN(CC#N)N=O,3.343,tdc,
CN(CC(=O)O)N=O,1.3730000000000002,tdc,
C=CCN(C)N=O,2.469,tdc,
CN(CCC#N)CCC#N,2.188,tdc,
CN(CCCl)CCCl,4.1930000000000005,tdc,
CN(CCCN)CCCN,1.975,tdc,
CN(CCN(C)N=O)N=O,2.989,tdc,
CN(CCO)CCO,1.3969999999999998,tdc,
CC(=O)OCN(C)N=O,3.007,tdc,
CN(N=O)C(=N)N[N+](=O)[O-],3.213,tdc,
CC(=O)NC(=O)N(C)N=O,2.861,tdc,
CN(N=O)C(=O)NC(N)=O,2.511,tdc,
CC(=O)CC(C)(C)N(C)N=O,1.877,tdc,
CC(=O)N(C)N=O,3.708,tdc,
CN(N=O)C(N)=O,2.972,tdc,
CN=C=O,3.044,tdc,
CN=C=S,2.877,tdc,
CNC,1.81,tdc,
CNC(=O)C(C)SCCSP(=O)(OC)OC,3.652,tdc,
CNC(=O)C(Cl)=C(C)OP(=O)(OC)OC,3.892,tdc,
CNC(=O)C(SP(=S)(OC)OC)C(=O)NC,3.059,tdc,
CNC(=O)C=C(C)OP(=O)(OC)OC,4.446000000000001,tdc,
CNC(=O)CSP(=O)(OC)OC,3.852,tdc,
CNC(=O)CSP(=O)(OC)SC,3.36,tdc,
CNC(=O)CSP(=S)(OC)OC,3.582,tdc,
CNC(=O)CSP(C)(=S)OC,4.329,tdc,
CNC(=O)N(C)N=O,2.6210000000000004,tdc,
CNC(=O)ON=C(C)C(C)(C)[N+](=O)[O-],4.194,tdc,
CNC(=O)ON=C(C)C(C)S(C)(=O)=O,2.6860000000000004,tdc,
CNC(=O)ON=C(C)SC,3.98,tdc,
CNC(=O)ON=C(CSC)C(C)(C)C,4.41,tdc,
CNC(=O)ON=C(SC)C(=O)N(C)C,4.9430000000000005,tdc,
CNC(=O)ON=CC(C)(C)S(C)(=O)=O,3.949,tdc,
CNC(=O)ON=CC(C)(C)S(C)=O,4.992,tdc,
CNC(=O)ON=CC(C)(C)SC,5.466,tdc,
C=C(C)C=NOC(=O)NC,2.977,tdc,
CNC(=S)N(C)C,2.573,tdc,
C=CC(C)NC(=S)NNC(=S)NC,2.339,tdc,
CNC(C)=O,1.165,tdc,
CNC(N)=S,3.256,tdc,
CNC=O,1.169,tdc,
CNCCO,1.506,tdc,
CNN,3.158,tdc,
CNNC,2.779,tdc,
CNP(O)(=S)OC(C)C,2.325,tdc,
CO,0.755,tdc,
CO[Si](C)(OC)OC,1.037,tdc,
CO[Si](CCCS)(OC)OC,1.825,tdc,
CO[Si](CCS)(OC)OC,1.87,tdc,
C=C[Si](OC)(OC)OC,1.118,tdc,
CO[SiH](OC)OC,1.117,tdc,
COC(=O)C(C(C)=O)C(C)=O,1.969,tdc,
C=C(C)C(=O)OC,1.104,tdc,
COC(=O)C(C)C,0.805,tdc,
C=CC(=O)OC,2.492,tdc,
COC(=O)C=C(C)OP(=O)(OC)OC,4.873,tdc,
COC(=O)C=CC(=O)OC,2.01,tdc,
COC(=O)CC(C)=O,1.556,tdc,
COC(=O)C=C(CC(=O)OC)OP(=O)(OC)OC,3.959,tdc,
COC(=O)CC(SP(=O)(OC)OC)C(=O)OC,3.444,tdc,
COC(=O)CC(SP(=S)(OC)OC)C(=O)OC,2.472,tdc,
COC(=O)CCC(Br)C(C)=O,2.57,tdc,
C=COC(=O)CCCCC(=O)OC,1.4780000000000002,tdc,
CC=CCCCCCCCC(=O)OC,1.82,tdc,
COC(=O)CF,4.42,tdc,
C=COCCOCCOCC(=O)OC,1.257,tdc,
COC(=O)N(C)C(=O)CSP(C)(=S)OC,3.678,tdc,
COC(=O)N(CCCl)N=O,3.921,tdc,
COC(=S)SSC(=S)OC,2.951,tdc,
COC(=S)SSC(Cl)(Cl)Cl,2.2230000000000003,tdc,
COC(C)(C)C,1.3430000000000002,tdc,
C=C(C)OC,1.586,tdc,
COC(C)C=O,1.972,tdc,
COC(C)CC(CC(OC)OC)OC,1.703,tdc,
COC(C)CC(=O)O,1.591,tdc,
COC(C)CC(OC)OC,2.001,tdc,
COC(C)CC=O,2.277,tdc,
COC(C)CCOC(C)=O,1.541,tdc,
COC(C)COC(C)COC(C)CO,1.796,tdc,
COC(C)OC,1.142,tdc,
COC(=O)Cl,3.197,tdc,
COC(F)(F)C(Cl)Cl,1.661,tdc,
COC(F)=C(C(F)(F)F)C(F)(F)F,2.297,tdc,
COC(N)=O,1.4780000000000002,tdc,
C=CC=COC,1.594,tdc,
COCC(C)O,1.202,tdc,
COCC=O,1.5019999999999998,tdc,
COCCC#N,1.287,tdc,
COCCC(C)OC,1.501,tdc,
COCCCO,1.198,tdc,
COCCNC(=O)CSP(=S)(OC)OC,2.813,tdc,
COCCO,1.49,tdc,
COCCOC(=O)C=CC(=O)OCCOC,1.842,tdc,
COCCOC(=O)N(CO)CO,1.212,tdc,
COCCOC(C)=O,1.5419999999999998,tdc,
COCCOC(C)OCCOC,1.7380000000000002,tdc,
COCCOC(N)=O,1.035,tdc,
C=COCCOC,1.418,tdc,
COCCOCCO,1.339,tdc,
COCCOCCOC(C)=O,1.132,tdc,
COCCOCCOCCO,1.162,tdc,
COCCOCCOCCOC(C)=O,1.273,tdc,
COCCOCCOCCOCCOC,1.636,tdc,
COCCSCCO,1.02,tdc,
COCNC(=O)CSP(=S)(OC)OC,2.636,tdc,
COCOCCO,1.213,tdc,
CO[N+](=O)[O-],2.35,tdc,
CON(C(=O)CSP(=S)(OC)OC)C(C)C,3.043,tdc,
CON(C)C(=O)C=C(C)OP(=O)(OC)OC,5.102,tdc,
CON(C)C(=O)CC(SP(=S)(OC)OC)C(=O)N(C)OC,4.4110000000000005,tdc,
COP(=O)(CCC(=O)NCO)OC,1.211,tdc,
COP(=O)(CSSCP(=O)(OC)OC)OC,3.6,tdc,
COP(=O)(NC(C)=O)SC,2.418,tdc,
COP(=O)(OC)C(O)C(Cl)(Cl)Cl,3.013,tdc,
COP(=O)(OC)C(OC(C)=O)=C(Cl)Cl,2.943,tdc,
COP(=O)(OC)OC,2.222,tdc,
C=C(OP(=O)(OC)OC)P(=O)(OC)OC,2.957,tdc,
COP(=O)(OC)OC(Br)C(Br)(Br)Br,3.407,tdc,
COP(=O)(OC)OC(Br)C(Cl)(Cl)Br,3.1830000000000003,tdc,
COP(=O)(OC)OC(C)=CC(=O)N(C)C,4.261,tdc,
COP(=O)(OC)OC(Cl)C(Cl)(Br)Br,3.89,tdc,
COP(=O)(OC)OC(Cl)C(Cl)(Cl)Cl,4.319,tdc,
COP(=O)(OC)OC=C(Br)Br,3.088,tdc,
COP(=O)(OC)OC=C(Cl)Cl,3.946,tdc,
COP(=O)(OC)OP(=O)(OC)OC,5.138999999999999,tdc,
COP(=O)(OC)SC,4.017,tdc,
COP(=O)(OC)SC(CC(=O)OC(C)C)C(=O)OC(C)C,3.455,tdc,
COP(=O)(OC)SCC(Cl)(Cl)Cl,3.261,tdc,
COP(=O)(OC)SCCSC,4.034,tdc,
COP(=O)(SC)SC,3.821,tdc,
COP(=S)(NC(=S)N(C)CCO)OC,4.333,tdc,
COP(=S)(OC)OC,2.444,tdc,
COP(=S)(OC)SC,4.06,tdc,
C=CCOC(=O)CC(SP(=S)(OC)OC)C(=O)OCC(C)SP(=S)(OC)OC,2.8280000000000003,tdc,
COP(=S)(OC)SC(C)CSCC(C)SP(=S)(OC)OC,3.06,tdc,
COP(=S)(OC)SC(CC(=O)OC(C)C)C(=O)OC(C)C,1.952,tdc,
COP(=S)(OC)SCC(=O)N(C)C=O,3.012,tdc,
COP(=S)(OC)SCC(=O)O,1.937,tdc,
COP(=S)(OC)SCCNC(C)=O,3.044,tdc,
COP(=S)(OC)SCCSC(C)C,3.24,tdc,
COP(=S)(OC)SCOC(C)=O,3.394,tdc,
COP(=S)(OC)SCSCC=C(Cl)Cl,3.5660000000000003,tdc,
COP(=S)(OC)SCSCCOC(N)=O,3.821,tdc,
COP(=S)(Cl)Cl,2.885,tdc,
COP(N)(=O)SC,4.275,tdc,
COP(OC)OC,1.89,tdc,
COP(=S)(S)OC,2.199,tdc,
COS(=O)(=O)OC,2.789,tdc,
COS(C)(=O)=O,2.69,tdc,
C=CS(C)(=O)=O,2.27,tdc,
CS(C)=O,0.731,tdc,
CS(=O)(=O)F,4.691,tdc,
CSC(=S)N(C)C,3.339,tdc,
CSC(C)=NOC(=O)N(C)SN(C)C(=O)ON=C(C)SC,3.345,tdc,
CSCCC(N)C(=O)O,0.617,tdc,
CSCCC=O,1.374,tdc,
C=COCCSC,1.561,tdc,
CSP(SC)SC,3.215,tdc,
C=C(F)CCl,2.528,tdc,
N#CC(F)(F)C(F)(F)C(F)(F)C#N,1.891,tdc,
N#CC(F)(F)C(F)(F)C(F)(F)C(F)(F)C#N,1.937,tdc,
FC(F)(C(Cl)(Cl)Cl)C(Cl)(Cl)Cl,2.725,tdc,
O=C(C(F)(F)Cl)C(F)(Cl)Cl,2.891,tdc,
O=C(C(F)(F)Cl)C(F)(F)Cl,3.513,tdc,
FC(F)(Cl)C(F)(Cl)Cl,0.639,tdc,
FC(F)(F)C(Cl)(Cl)C(F)(F)Cl,1.199,tdc,
FC(F)(F)C(Cl)Br,1.541,tdc,
FC(F)(F)C(F)(F)OC(F)(F)C(F)(F)F,1.104,tdc,
O=NN(CCCC(F)(F)F)CCCC(F)(F)F,2.55,tdc,
O=NN(CC(F)(F)F)CC(F)(F)F,2.845,tdc,
FC(F)OC(Cl)C(F)(F)F,1.587,tdc,
FC(F)OC(F)(F)C(F)Cl,1.53,tdc,
FCCOC(Cl)C(Cl)(Cl)Cl,4.106,tdc,
IC(I)I,3.045,tdc,
N#CCCC#N,2.25,tdc,
N#CCCCCC#N,2.844,tdc,
N#CCCNCCC#N,1.659,tdc,
N#CCCOCCC#N,1.642,tdc,
N#CCCSCCC#N,1.5219999999999998,tdc,
N#CN,2.527,tdc,
NC(=O)C(N)=O,2.294,tdc,
C=CC(N)=O,2.758,tdc,
NC(=O)CF,4.127,tdc,
NC(=S)NC(N)=S,4.432,tdc,
C=CCNC(N)=S,2.764,tdc,
NC(=O)CCC(N)C(=O)O,1.29,tdc,
NC(CO)(CO)CO,1.3119999999999998,tdc,
NC(CS)C(=O)O,1.807,tdc,
NC(N)=O,0.851,tdc,
NC(N)=S,2.785,tdc,
C=CN,1.367,tdc,
NC=O,0.908,tdc,
C#CCN,1.849,tdc,
NCC(=O)O,0.976,tdc,
C=CCN,2.748,tdc,
NCCCCCCN,2.19,tdc,
NCCCCO,1.889,tdc,
NCCCN,2.326,tdc,
NCCCNCCCN,2.25,tdc,
NCCCO,1.4240000000000002,tdc,
NCCCOCCOCCCN,1.794,tdc,
NCCCOCCOCCO,1.4,tdc,
NCCCOCCOCCOCCCN,1.711,tdc,
NCCN,2.08,tdc,
NCCNCCN,1.98,tdc,
NCCNCCNCCN,1.767,tdc,
NCCNCCO,1.541,tdc,
NCCO,1.474,tdc,
NCCOCCO,1.269,tdc,
NCCOS(N)(=O)=O,1.274,tdc,
NNC(=O)CCCCCCCCC(=O)NN,1.964,tdc,
NNC(N)=S,3.998,tdc,
C#CCOC(=O)CCCCC(=O)OCC#C,3.0460000000000003,tdc,
O=C=NCCCCCCN=C=O,2.358,tdc,
O=CC=O,1.722,tdc,
O=CCC=O,2.057,tdc,
O=CCCCC=O,2.873,tdc,
O=COCCOC=O,1.893,tdc,
O=[N+]([O-])C([N+](=O)[O-])([N+](=O)[O-])[N+](=O)[O-],3.178,tdc,
O=[N+]([O-])OCC(CO[N+](=O)[O-])O[N+](=O)[O-],3.335,tdc,
N#CCN(CC#N)N=O,2.882,tdc,
C#CC(=O)O,2.845,tdc,
O=C(O)C(Cl)(Cl)Cl,2.611,tdc,
O=C(O)C(Cl)CCl,2.532,tdc,
O=C(O)C(Cl)Cl,1.66,tdc,
O=C(O)C(F)(F)C(F)(F)C(F)(F)C(F)(F)C(F)(F)C(F)(F)C(F)(F)C(F)F,2.735,tdc,
O=C(O)C(F)(F)C(F)(F)C(F)(F)C(F)(F)C(F)(F)C(F)F,2.381,tdc,
O=C(O)C(F)(F)C(F)(F)C(F)(F)C(F)F,2.146,tdc,
O=C(O)C(F)(F)F,2.756,tdc,
O=C(O)C(O)=C(O)C(=O)O,1.392,tdc,
O=C(O)C(=O)O,2.38,tdc,
C=CC(=O)O,3.333,tdc,
N#CCC(=O)O,1.754,tdc,
O=C(O)CC(=O)O,1.9,tdc,
O=C(O)CCC(=O)O,1.7180000000000002,tdc,
C=CCCC(=O)O,2.3280000000000003,tdc,
O=C(O)CCCCCC(=O)O,1.359,tdc,
O=C(O)CCCCCCCCC(=O)O,1.774,tdc,
C=CCCCCCCCCC(=O)O,1.868,tdc,
O=C(O)CCCCCCl,1.689,tdc,
O=C(O)CCl,2.212,tdc,
O=C(O)CCS,3.044,tdc,
O=C(O)CCSCCC(=O)O,1.774,tdc,
O=C(O)CF,4.222,tdc,
O=C(O)CN(CC(=O)O)CC(=O)O,2.24,tdc,
O=C(O)CN(CP(=O)(O)O)CP(=O)(O)O,1.826,tdc,
O=C(O)CNCP(=O)(O)O,1.54,tdc,
O=C(O)COCC(=O)O,2.428,tdc,
O=C(O)CS,2.907,tdc,
O=C(O)CS(=O)(=O)O,1.6469999999999998,tdc,
C=CC(O)C#N,3.107,tdc,
C=CC(O)C(O)C=C,1.848,tdc,
OC(CBr)C(O)C(O)C(O)CBr,2.312,tdc,
O=CCCCC(O)C=O,0.884,tdc,
OC(CCl)CCl,3.069,tdc,
O=C(NC(O)C(Cl)(Cl)Cl)NC(O)C(Cl)(Cl)Cl,1.725,tdc,
OC(O)C(Cl)(Cl)Cl,2.5380000000000003,tdc,
O=CO,1.622,tdc,
C#CCO,3.448,tdc,
N#CCO,3.552,tdc,
O=[N+]([O-])C(Br)(CO)CO,3.0460000000000003,tdc,
OCC(Cl)CCl,3.156,tdc,
OCC(CO)(CBr)CBr,1.879,tdc,
OCC(CO)(CCl)CCl,2.129,tdc,
O=[N+]([O-])C(CO)(CO)CO,1.901,tdc,
C=CC(=O)OCC(CO)(COC(=O)C=C)COC(=O)C=C,2.084,tdc,
OCC(F)(F)C(F)(F)C(F)(F)F,1.741,tdc,
OCC(F)(F)F,2.62,tdc,
O=C(O)CO,1.591,tdc,
OCC(O)C(O)C(O)C(O)CO,1.13,tdc,
OCC(O)CCl,3.629,tdc,
OCC(O)CO,0.8640000000000001,tdc,
O=[N+]([O-])OCC(O)CO,2.607,tdc,
C=CCO,2.958,tdc,
OCC=CCl,2.958,tdc,
N#CCCO,1.347,tdc,
OCCCCC(O)CO,0.937,tdc,
OCCCCCCO,1.501,tdc,
OCCCCCO,1.717,tdc,
OCCCl,3.055,tdc,
OCCF,4.1080000000000005,tdc,
OCCN(CCO)CCO,1.271,tdc,
O=NN(CCO)CCO,1.252,tdc,
OCCNCCO,2.17,tdc,
OCCO,1.121,tdc,
C=CC(=O)OCCO,2.252,tdc,
O=C(O)C=CC(=O)OCCO,1.814,tdc,
C=COCCO,1.3530000000000002,tdc,
OCCOCCCl,1.296,tdc,
OCCOCCO,0.927,tdc,
O=C(O)C=CC(=O)OCCOCCO,1.858,tdc,
N#CCCOCCOCCO,1.075,tdc,
OCCOCCOCCO,0.946,tdc,
OCCOCCOCCOCCO,0.826,tdc,
OCCS,2.505,tdc,
OCCSCCO,1.267,tdc,
C=CC(=O)NCO,2.329,tdc,
O=P(O)(O)CCCl,1.628,tdc,
O=P(O)(O)CN(CP(=O)(O)O)CP(=O)(O)O,2.154,tdc,
O=P(O)(O)OCC(Cl)(Cl)Cl,2.212,tdc,
S=C=S,1.378,tdc,
CCSP(=O)(OC)SCC,3.103,tdc,
CC(C)CCN(C)C,2.709,tdc,
CCC(COC(=O)CC(C)=O)(COC(=O)CC(C)=O)COC(=O)CC(C)=O,1.107,tdc,
C[Si](C)(C)CC(=O)O,1.644,tdc,
C[Si](C)(C)CCCC(=O)O,1.7280000000000002,tdc,
COC(=O)C(C)=COP(=S)(OC)OC,2.549,tdc,
CCOC(N)=O,1.692,tdc,
COC(=O)CS,3.102,tdc,
CCCCC(C)(C)CO,1.7719999999999998,tdc,
CCC(CC(C)CC)=NO,1.5759999999999998,tdc,
CCCCCCCCOC(=O)CC(C(=O)OCCCCCCCC)S(=O)(=O)O,2.347,tdc,
CC(C)(C)C(=O)C(Cl)Cl,2.114,tdc,
CCOP(=O)(OCC)SC,3.592,tdc,
CCOP(=O)(SCC)SCC,3.185,tdc,
CN(C)C=CC#N,2.007,tdc,
O=C(O)C(S)C(S)C(=O)O,1.659,tdc,
CCOP(=O)(OCC)SCSP(=O)(OCC)OCC,4.441,tdc,
CC(CCl)[N+](=O)[O-],2.797,tdc,
CCCCC(C)(C)O[Si](OC(C)(C)CCCC)(OC(C)(C)CCCC)OC(C)(C)CCCC,0.909,tdc,
CCCCC(CC)COP(=O)(Cl)OCC(CC)CCCC,2.055,tdc,
CCCC(CCC)C(N)=O,2.207,tdc,
O=P(OCCCl)(OCCCl)OCC(CO)(CO)COP(=O)(OCCCl)OCCCl,2.046,tdc,
CCCC(=O)OCC(COC(=O)CCC)OC(=O)CCC,1.975,tdc,
CCOP(=S)(OCC)SCSC(=S)N(C)C,3.3280000000000003,tdc,
C=C(Cl)C(Cl)CCl,2.67,tdc,
ClCC=C(Cl)CCl,2.852,tdc,
N#CCCCCCN,2.136,tdc,
C=CC(=O)OCCN(C)C,2.498,tdc,
CCOC(=O)CC(=O)OC(Br)C(Cl)(Cl)Cl,2.12,tdc,
O=C(O)CN(CCOCCOCCN(CC(=O)O)CC(=O)O)CC(=O)O,2.025,tdc,
CCS(=O)CC,1.274,tdc,
CC(C)CCP(=O)(CCC(C)C)CCC(C)C,2.066,tdc,
OCC(Cl)C(Cl)CO,1.75,tdc,
COC(=O)C[N+](=O)[O-],1.499,tdc,
CCC(Br)(CC)C(=O)OCC(Br)(Br)Br,2.265,tdc,
CCOP(C)(=O)SCC,4.448,tdc,
C=C(C)C(=O)OC=C(C)C,1.446,tdc,
CCOP(=O)(CC)SCC,4.374,tdc,
CCC(CO)NCCNC(CC)CO,2.311,tdc,
CCOP(=O)(CC)SC,4.563,tdc,
COP(=O)(OC)SC(P(=O)(OC)OC)=P(OC)(OC)OC,4.007,tdc,
CCCCOP(=O)(CC)SCCCC,4.592,tdc,
CCOP(=O)(OCC)SC(C)C,3.074,tdc,
CI,3.2710000000000004,tdc,
CCOP(=S)(OCC)OC(C)C,2.327,tdc,
CN,2.492,tdc,
O=C(OCCOC(=O)C(Cl)(Cl)Cl)C(Cl)(Cl)Cl,1.702,tdc,
CSC,1.275,tdc,
CC(C)Cl,1.196,tdc,
COP(=S)(Cl)OC,2.4730000000000003,tdc,
CCOP(=S)(OCC)SCC,3.428,tdc,
CN(C)C,2.073,tdc,
C[SiH](Cl)Cl,1.5659999999999998,tdc,
CCCCCOP(=O)(OCCCCC)OCCCCC,1.12,tdc,
O=S(C(Cl)=CCl)C(Cl)=CCl,3.505,tdc,
C=C(C)C(=O)OCCC[Si](OC)(OC)OC,1.022,tdc,
C=C(C)C(=O)OCCSCCCC,1.582,tdc,
CO[Si](CCCCl)(OC)OC,1.471,tdc,
CS(=O)(=O)O,2.682,tdc,
C[Si](C)(C)Cl,1.351,tdc,
C[Si](C)(Cl)Cl,1.329,tdc,
O=C(C=CC(=O)OCCCl)OCCCl,3.531,tdc,
C[Si](Cl)(Cl)Cl,1.86,tdc,
CC=CC(N)=O,1.4780000000000002,tdc,
CC(C)COCC(C)O,1.489,tdc,
ClC(Cl)(Br)CBr,3.0980000000000003,tdc,
CC(C)(O)C#N,3.659,tdc,
CC(C)(C)OO,2.387,tdc,
CCOP(=O)(O)CCCl,2.14,tdc,
CC(C=O)CC(C)(C=O)CO,1.89,tdc,
CC(O)C(Cl)(Cl)Cl,2.213,tdc,
C=CCCCC=CCO,0.985,tdc,
ClC(Cl)C(Cl)(Cl)Cl,2.342,tdc,
C=C(C)C(=O)OCC(=O)OC(C)C,1.3159999999999998,tdc,
CC(O)C(C)(C)CO,1.037,tdc,
CCOP(=O)(C#N)N(C)C,4.642,tdc,
CCOC(=O)CC(CC(=O)OCC)(OC(C)=O)C(=O)OCC,1.658,tdc,
N#CC(Cl)CCl,3.751,tdc,
O=C(O)CC(O)(CC(=O)O)C(=O)O,1.806,tdc,
OCCOCCOCCOCCOCCOCCO,0.946,tdc,
CCC(CO)(CO)CO,0.978,tdc,
O=[N+]([O-])OCC(CO[N+](=O)[O-])(CO[N+](=O)[O-])CO[N+](=O)[O-],2.28,tdc,
C=CC(C)(O)CCCCC,1.898,tdc,
CCOC(=O)N(C)SN(C)C(=O)ON=C(C)SC,3.116,tdc,
CCOP(=O)(CC)OCC,1.853,tdc,
CCC(C)(O)C#CC(C)(O)CC,2.085,tdc,
CC(C)(C#N)N=NC(C)(C)C#N,3.215,tdc,
CC(Br)C=CCl,3.36,tdc,
CC(C)C=O,1.876,tdc,
C=C(C)C=O,2.7,tdc,
COC(=O)CCC(Cl)C(C)=O,1.94,tdc,
C=CC(=O)N(CC)CC,1.954,tdc,
ClC=C(Cl)Cl,1.4269999999999998,tdc,
CC(=O)SCCCCCCSC(C)=O,2.667,tdc,
O=C(Cl)CCl,2.735,tdc,
C=CC(=O)N(C)C,2.497,tdc,
NC(=O)CCl,2.8310000000000004,tdc,
O=C(O)CBr,3.444,tdc,
BrC(Br)C(Br)Br,2.459,tdc,
C=C(C)C(N)=O,2.268,tdc,
C=C(C)C(=O)O,1.91,tdc,
CCCCC(CC)COC(=O)Cl,1.551,tdc,
CS(=O)(=O)C(Cl)=CCl,3.458,tdc,
CC(C)C(Br)C(=O)OC(C)C(Cl)(Cl)Cl,2.435,tdc,
CCNC(C)C(C)C,2.42,tdc,
C=C(Cl)C(=O)OC,3.249,tdc,
OCP(CO)CO,2.843,tdc,
CC(C)=CCCC(C)=CCCC(=CCCC(C)=CCO)CO,1.449,tdc,
N#CSCC(Cl)SC#N,3.261,tdc,
O=[N+]([O-])C(F)(COCC(COCC(F)([N+](=O)[O-])[N+](=O)[O-])(N(F)F)N(F)F)[N+](=O)[O-],2.744,tdc,
COC(=NC#N)OC,1.881,tdc,
OC(CCl)COCCCCCOCC(O)CCl,2.109,tdc,
CC(O)COC(C)COC(C)CO,1.807,tdc,
CCO[Si](CCCN=C=O)(OCC)OCC,2.544,tdc,
O=C(Cl)CCCC(=O)Cl,2.827,tdc,
CC=C(CC)C(=O)NC(N)=O,1.796,tdc,
C=C(C)C(=O)CC,2.37,tdc,
CC(C)CCCCCOC(=O)CS,2.769,tdc,
CC(C)CCCCCOP(OCCCCCC(C)C)OCCCCCC(C)C,1.658,tdc,
CC(C)CCCCC(=O)O,2.205,tdc,
CC(C)(S)C(=O)NC(CS)C(=O)O,1.758,tdc,
CCCCCCCCOC(=O)C=CC(=O)OCCCCCCCC,1.38,tdc,
CCCCCCCC[Si](OCC)(OCC)OCC,1.495,tdc,
CCOC(=O)CN=C=O,2.0580000000000003,tdc,
CO[Si](CCCNCCCN)(OC)OC,1.797,tdc,
O=[N+]([O-])CCCO,3.135,tdc,
C#CC(C)(C)N,1.7519999999999998,tdc,
CCOC=C(C(=O)OCC)C(=O)OCC,2.369,tdc,
ClC(Cl)C(Cl)C(Cl)C(Cl)Cl,2.821,tdc,
CCC(O)OC(O)CC,0.956,tdc,
O=CC(Cl)=C(Cl)C(=O)O,3.228,tdc,
CC(C)C(=O)OCC(C)(C)C(O)C(C)C,1.83,tdc,
CCN(CC)CC#N,2.846,tdc,
CC=C(C)C=CC=C(C)C,1.856,tdc,
OCC(O)C(O)C(O)CO,0.965,tdc,
CCN(CC)C(=O)Cl,1.7009999999999998,tdc,
CC(CO[N+](=O)[O-])(CO[N+](=O)[O-])CO[N+](=O)[O-],2.395,tdc,
CC(C)CCCCCCCO,1.482,tdc,
CCCCCCC(C)(C)S,1.461,tdc,
CCO[Si](C)(CCCCN)OCC,1.5,tdc,
CCN(COC(C)=O)N=O,2.256,tdc,
CCCN(COC(C)=O)N=O,2.205,tdc,
O=S(=O)(C(Cl)(Cl)Cl)C(Cl)(Cl)Cl,2.639,tdc,
CCCCP(=S)(CCCC)CCCC,2.521,tdc,
C=CCNP(=O)(OC=C(Cl)Cl)OCCCl,4.071000000000001,tdc,
CC(O)COC(C)CP(CC(C)OCC(C)O)CC(C)OCC(C)O,1.4269999999999998,tdc,
C=CC(=O)OCCOC,2.507,tdc,
CS(=O)C(C)(C)CO,1.081,tdc,
CC(C)(CO)S(C)(=O)=O,1.129,tdc,
CS(=O)C(C)(C)C(N)=O,0.97,tdc,
CC(C)(C(=O)O)S(C)(=O)=O,1.465,tdc,
CCC(O)CCO,0.7170000000000001,tdc,
CN(C)CCCO,1.685,tdc,
CCCCCCCOCCOCCO,1.842,tdc,
O=P(OCCCCl)(OCCCCl)OCCCCl,2.339,tdc,
N#CC(Br)Br,2.909,tdc,
CCCC(C)(C)O,2.31,tdc,
O=C(O)C(Cl)(Cl)CCl,1.858,tdc,
C=C(C)C(=O)OCC(CC)(COC(=O)C(=C)C)COC(=O)C(=C)C,1.751,tdc,
CCOP(=S)(OCC)N(SN(C)C(=O)ON=C(C)SC)C(C)C,3.094,tdc,
C=CCN(CC=C)C(=O)CCl,2.395,tdc,
CCCCCCCCC=CCCCCCCCC(=O)N(CCO)CCO,1.474,tdc,
C=CS(=O)(=O)COCS(=O)(=O)C=C,3.656,tdc,
OCCOCCOCCOCCOCCOCCOCCOCCOCCO,1.0490000000000002,tdc,
CCCCC(CC)C(=O)OCCOCCOCCOC(=O)C(CC)CCCC,1.113,tdc,
CCC(C)NC(=S)C(=S)NC(C)CC,4.588,tdc,
COC(=O)CCBr,2.019,tdc,
CCCCCCCCCCCCCCCCCC(=O)NC(CCC(=O)O)C(=O)O,2.139,tdc,
CCN(N=O)C(C)(C)C,1.91,tdc,
CCC(CC)C(=O)OCCOCCOCCOC(=O)C(CC)CC,1.7619999999999998,tdc,
CCC(C)OP(=S)(OC)OC,3.872,tdc,
CCCC(=O)OCN(C)N=O,2.301,tdc,
CCC(C)(C)OO,2.081,tdc,
OCC(Br)CBr,2.505,tdc,
CCC(C)=NO,1.972,tdc,
CCCC=CC(OCC)OCC,2.302,tdc,
CC=CC(C)OC,1.918,tdc,
C=CCCCC=CCOC(C)=O,0.7290000000000001,tdc,
CC(C)CCCCCCCOC(=O)CCCCC(=O)OCCCCCCCC(C)C,1.318,tdc,
CC(OP(C)(=O)F)C(C)(C)C,5.658,tdc,
CCCC(N(C)C)N(C)C,2.293,tdc,
CCCCCCCCCCCCCCO,0.904,tdc,
O=S(=O)(Cl)CCl,2.603,tdc,
CC(C)OC(Cl)=C(Cl)C(Cl)=C(Cl)Cl,2.371,tdc,
CCSC(C)CC=O,1.645,tdc,
CCOP(=O)(OC=C(Cl)Cl)OCCCl,4.754,tdc,
CCCCCCCCS(=O)CCCCl,1.625,tdc,
CC=CC=CCOCCC#N,1.621,tdc,
CCOC(=O)C(C)O,1.159,tdc,
CN(C)C(=S)SC(=S)N(C)C,2.6660000000000004,tdc,
CC(C)COC(=O)C(C)C,1.052,tdc,
C=C(C)C(=O)OCCOC(=O)C(=C)C,1.779,tdc,
ClCC=C(Cl)C(Cl)Cl,2.662,tdc,
C=CC(O)CC#N,2.6860000000000004,tdc,
CC(C)CCCCCCCCCCO,1.071,tdc,
CSC(C)=NOC(=O)N(C)SSN(C)C(=O)ON=C(C)SC,3.3080000000000003,tdc,
CC(=NOC(=O)N(C)SSN(C)C(=O)ON=C(C)SCCC#N)SCCC#N,3.764,tdc,
C=CC(=O)NCOC,2.842,tdc,
O=[N+]([O-])C(Br)(Br)CO,3.932,tdc,
NS(=O)(=O)OCC(Cl)(Cl)Cl,1.66,tdc,
C=CCC(CC=C)C(=O)O,2.391,tdc,
CCOC(=O)C(Br)CBr,3.035,tdc,
CS(=O)C(C)(C)C(=O)O,1.3019999999999998,tdc,
C=C(C)C(=O)OCC(C)O,1.11,tdc,
CCCCC(CC)CNCC(C)(N)CNCC(CC)CCCC,2.612,tdc,
C=C(C#N)CCO,2.399,tdc,
S=C=NCCN=C=S,3.11,tdc,
CCCCN(CCCC)SN(C)C(=O)ON=CC(C)(C)SC,4.447,tdc,
COP(=S)(OC)SCC(N)=O,2.367,tdc,
C=CCCCCC=C,0.875,tdc,
CCCCCCCCCCCl,-0.3429999999999999,tdc,
FCOC(C(F)(F)F)C(F)(F)F,1.268,tdc,
C=CCOP(OCC=C)OCC=C,3.055,tdc,
CCCCC(CC)C(=O)O[Si](C)(OC(=O)C(CC)CCCC)OC(=O)C(CC)CCCC,2.317,tdc,
CCCCCCC(=O)OCCOCCOCCOCCOC(=O)CCCCCC,1.224,tdc,
CCCCC(C)(C)O,2.151,tdc,
CCCCC(CC)CNCC(C)(N)CN(C)CC(CC)CCCC,2.5340000000000003,tdc,
CCOC(=O)C(C)(C)N=NC(C)(C)C(=O)OCC,2.676,tdc,
CC=CC=CC(C)=O,1.959,tdc,
CC(C)([N+](=O)[O-])C(C)(C)[N+](=O)[O-],3.547,tdc,
CC(C)OC(=O)C(Cl)(Cl)Cl,1.67,tdc,
C#CC(C)(CCC=C(C)C)OC(C)=O,1.305,tdc,
CC(C)CNC(=S)NCC(C)C,2.372,tdc,
C#CC(O)CCC,2.891,tdc,
O=C=NCCCCCCNC(=O)N(CCCCCCN=C=O)C(=O)NCCCCCCN=C=O,1.383,tdc,
CCOC(=O)CC,1.068,tdc,
CCOC(=O)CCl,2.833,tdc,
CC[Si](N(C)C)(N(C)C)N(C)C,2.245,tdc,
CCC(C)OC(C)=O,1.56,tdc,
CC(C)OC(=O)OOC(=O)OC(C)C,1.984,tdc,
CC(=O)OCC=C(C)CCC=C(C)C,1.491,tdc,
CC(C)=CCCC(C)CC=O,1.804,tdc,
NCCNCCNCCNCCNCCN,2.162,tdc,
C=COC(=O)CCCCC(=O)OC=C,1.491,tdc,
CCCC(=O)OCC=C(C)CCC=C(C)C,1.3230000000000002,tdc,
COCCOC(=O)CCCCCCCCC(=O)OCCOC,1.807,tdc,
CC=CC=CC(=O)NO,1.713,tdc,
CCCC(=O)OC(=O)CCC,1.255,tdc,
CCCCCCCC(=O)OCC,0.8220000000000001,tdc,
COP(N)(=S)SC,2.798,tdc,
CCCOC(=O)CC,1.051,tdc,
CCCOCC(C)OCC(C)O,2.073,tdc,
CCCCOC(=S)SC(=S)OCCCC,2.279,tdc,
CCCCOCC(C)OCC(C)O,2.109,tdc,
CC(C)SSC(Cl)C(Cl)Cl,3.0780000000000003,tdc,
NCCN(CCN)CCN,2.774,tdc,
C=CCBr,3.004,tdc,
C#CCBr,3.3510000000000004,tdc,
CCCN,2.2030000000000003,tdc,
CNC(=O)C(Cl)C(C)=O,2.33,tdc,
C=COC,1.074,tdc,
COC=O,2.102,tdc,
CC(C)(C)CC(C)(C)N,2.773,tdc,
CCCCCCC(=O)NO,1.6569999999999998,tdc,
CC(C)(C)OC(=O)CCl,2.5980000000000003,tdc,
CCNS(=O)(=O)C(F)(F)C(F)(F)C(F)(F)C(F)(F)C(F)(F)C(F)(F)C(F)(F)C(F)(F)F,2.987,tdc,
CCCCOP(=O)(O)OCCCC,1.817,tdc,
CC(=O)OOC(C)(C)C,2.292,tdc,
CC(O)COC(=O)CBr,2.472,tdc,
CCCCCCCCCC(=O)NP(=O)(OC)SC,3.373,tdc,
CCCC(=O)NP(=O)(OC)SC,3.228,tdc,
CN(C)CCN,1.89,tdc,
CC(C)NC(C)C,2.119,tdc,
CCCCCC(=O)NP(=O)(OC)SC,3.981,tdc,
CCOP(=O)(NC(C)=O)SC,2.596,tdc,
COC(=O)CC(=O)OC,1.394,tdc,
COCC(C)OC(C)=O,1.19,tdc,
C=C(C)C(=O)OCCOCCOCCOC(=O)C(=C)C,1.422,tdc,
C=CCOC(=O)CCCCCCC,2.51,tdc,
C=C(C)C(=O)OCCN=C=O,2.365,tdc,
CCCCBr,1.696,tdc,
CCCCC,2.256,tdc,
CCCCCCCCCCCCNCC(C)N,2.937,tdc,
CCCCC(CC)COC(N)=O,1.74,tdc,
N#CCC#N,3.674,tdc,
C=CCOC(=O)OC(=C)C(=O)OCC=C,2.736,tdc,
O=C(O)C=CC(=O)O,2.215,tdc,
CCCCCC(=O)NO,1.6130000000000002,tdc,
CCCCNCCC[Si](OC)(OC)OC,1.265,tdc,
NCCCCN,2.28,tdc,
OCCCCO,1.7719999999999998,tdc,
CCCC(=O)OC(=C(Cl)Cl)P(=O)(OC)OC,2.425,tdc,
OCC=CCO,1.848,tdc,
CC(OP(=O)(OCCCl)C(C)OP(=O)(CCCl)OCCCl)P(=O)(OCCCl)OCCCl,2.3480000000000003,tdc,
OCC#CCO,2.914,tdc,
CCSSCC,1.78,tdc,
CCOP(=S)(OCC)SC=C(C)SC,5.037,tdc,
CC(=O)CCC=C(C)C,1.557,tdc,
CCCCCCCCC=CCCCCCCCC(=O)OCCOC,1.483,tdc,
CCCCCCC(C)=O,1.618,tdc,
C=CC(=O)OCCC[Si](OC)(OC)OC,2.347,tdc,
CN(C)CCCCCCN(C)C,2.857,tdc,
O=C(Cl)CCCCCCCCC(=O)Cl,2.777,tdc,
O=[N+]([O-])OCCOCCOCCO[N+](=O)[O-],2.381,tdc,
CC=CC=CCO,1.722,tdc,
C=CCOCCO,1.525,tdc,
COCCOCCOC,1.395,tdc,
NCCNCCNCCNCCN,1.676,tdc,
CC(C)COCCO,2.47,tdc,
CCCCCCCCCCCCCCCCCC(=O)Cl,1.606,tdc,
CCCCCCCCCCCCCCCCCCO,1.131,tdc,
CCOC(=O)CC(=O)NP(=O)(OC)SC,3.31,tdc,
CCC(C)(N)C#N,3.123,tdc,
CCCCCCCCC(CC=CCl)CCCN,2.294,tdc,
O=CC(Br)(Br)Br,3.448,tdc,
CC(C)=CC(N)=O,1.445,tdc,
C=C(C)C(=O)OCCC#N,1.278,tdc,
COC(=O)OC(=O)OC,2.712,tdc,
CC(C#N)CCC#N,2.432,tdc,
CC(N)(CO)CO,0.7909999999999999,tdc,
CC(C)(C)NCCO,1.859,tdc,
CCCOP(=O)(SCCC)SCCC,3.298,tdc,
CCOP(=S)(OCC)SC(CC(=O)OCSC)C(=O)OCSC,5.058,tdc,
OCC(CO)(CO)CO,0.8440000000000001,tdc,
C=CC(C)(CCC=C(C)C)OC(C)=O,1.149,tdc,
CC(C)OP(OC(C)C)OC(C)C,3.096,tdc,
CCC(C)C(=O)O,1.766,tdc,
CCSC(=S)N(CC)CC,2.396,tdc,
COP(=O)(OC)C(OC(=O)CCl)C(Cl)(Cl)Cl,2.987,tdc,
CCCCOC(=O)C(Cl)(Cl)C(Cl)=C(Cl)Cl,2.177,tdc,
COP(=S)(OC)SCCSC,3.491,tdc,
CC=CC#N,2.127,tdc,
C=CC(=O)OCCSC,2.0580000000000003,tdc,
CCCCCCCCCCCC(=O)N(CCO)CCO,2.027,tdc,
C#CCCC#CC#CCCCCO,2.843,tdc,
O=C(O)CCC([N+](=O)[O-])([N+](=O)[O-])[N+](=O)[O-],2.498,tdc,
CCOC(OCC)OCC,1.3219999999999998,tdc,
CC(=O)C=CC(C)C,1.895,tdc,
CC(=O)CCCOC(C)=O,1.375,tdc,
CCCSP(=O)(OC)OC,4.292,tdc,
N#CCCCCC(=O)O,2.104,tdc,
CC(C)CC(C)(C)CO,1.835,tdc,
CCCCCCC(C)P(=O)(C(C)CCCCCC)C(C)CCCCCC,1.726,tdc,
CCCC=O,1.462,tdc,
C=CC(=O)NC(OC)C(=O)OC,1.918,tdc,
O=C(CS)OCCOC(=O)CS,2.804,tdc,
CCCCOCCOCCOC(C)=O,1.497,tdc,
COC(=O)C=C(Cl)C(=O)OC,0.693,tdc,
CCCC(O)CO,0.914,tdc,
CCCCCCCCCCCCCCCCCCN,2.051,tdc,
CS(=O)(=O)Cl,3.36,tdc,
CC(C)(N)CO,1.4880000000000002,tdc,
C=C[Si](OC(C)(C)C)(OC(C)(C)C)OC(C)(C)C,2.048,tdc,
ClCC(Cl)=C(Cl)C(Cl)Cl,2.685,tdc,
CC(C)OCCOCCO,1.121,tdc,
NC(=O)NO,1.121,tdc,
COC(CC(C)=O)OC,1.329,tdc,
ClC(COCC(Cl)C(Cl)(Cl)Cl)C(Cl)(Cl)Cl,2.017,tdc,
CCCCOC(=O)CC#N,1.529,tdc,
CC(C)=CCCC(C)=CC#N,1.683,tdc,
COC(=O)C(OC(C)=O)=C(OC(C)=O)C(=O)OC,1.4380000000000002,tdc,
CC(=O)CC(=O)OCCOC(C)=O,1.197,tdc,
COC(C)=NC#N,2.356,tdc,
CNC(=O)ON=C(C)C(C)SC,3.095,tdc,
C=C(F)CO,2.767,tdc,
C[Si](C)(C)CCC(=O)O,1.6880000000000002,tdc,
COC(=O)C(O)=C(O)C(=O)OC,1.3430000000000002,tdc,
CCOP(=O)(OCC)N(SN(C)C(=O)ON=C(C)SC)C(C)C,3.588,tdc,
C=C(C#N)C(=O)OC,1.842,tdc,
CCC(=O)OCC(COC(=O)CC)OC(=O)CC,1.609,tdc,
CC(=O)C(Cl)C(=O)N(C)C,2.515,tdc,
CCN(CCO)CCO,1.465,tdc,
CCCC(C)OP(=S)(OC)OC,2.834,tdc,
CN(C)C(=S)SSC(=S)NCCNC(=S)SSC(=S)N(C)C,2.177,tdc,
COP(=O)(OC)SC(C)C,3.232,tdc,
COP(=O)(OC)SC(C)(C)C,3.495,tdc,
CCN(CC)CCOCCO,1.821,tdc,
CCCCOCCOCCOC(=O)CCCCC(=O)OCCOCCOCCCC,1.86,tdc,
CCCCCCCCCCCC(=O)OCC(O)CO,0.7859999999999999,tdc,
COCC(C)=O,1.011,tdc,
N#CCCC(Br)(C#N)CBr,2.713,tdc,
C=CCOC(=O)OCCOCCOC(=O)OCC=C,2.809,tdc,
CC(=O)NCCO,0.583,tdc,
CCCCCCCCCO,1.608,tdc,
CO[Si](CCl)(OC)OC,2.533,tdc,
NCCCCCCNCCCCCCN,2.68,tdc,
CCCCOCCOCCOCOCCOCCOCCCC,2.285,tdc,
COP(=S)(OC)SSP(=S)(OC)OC,1.497,tdc,
CC(C)C(O)C(C)(C)CO,1.864,tdc,
O=C([O-])C(O)C(O)C(=O)[O-],1.494,tdc,
CC(=O)OCCC(C)CCC=C(C)C,1.465,tdc,
CC(Cl)COP(=O)(OCC(C)Cl)OCC(C)Cl,2.508,tdc,
COCCOP(=O)(OCCOC)OCCOC,1.207,tdc,
CCCC=C(CC)[N+](=O)[O-],2.364,tdc,
ClC=CCl,1.895,tdc,
CC(=O)OCCCCCCOC(C)=O,1.829,tdc,
CCCC(=O)OC(Cl)C(Cl)(Cl)Cl,2.234,tdc,
CC(C)CC(C)(C)COC(=O)C(C)C,1.521,tdc,
CCCCOC(OCCCC)C(OCCCC)OCCCC,1.554,tdc,
CNCCCN,1.967,tdc,
O=C(O)CCCCCCCCCCl,1.616,tdc,
O=P(CCCl)(OCCCl)OCCCl,2.486,tdc,
CCCCN(CCCC)C(=O)CF,3.709,tdc,
N#CSCSC#N,3.374,tdc,
CCSP(=O)(OC)OC,4.091,tdc,
CCCCCCCCCCF,4.506,tdc,
CC(C)=CC(C)(C)COC(=O)C(C)C,1.578,tdc,
O=C(O)C(F)(F)C(F)(F)C(F)(F)C(F)(F)C(F)(F)C(F)(F)C(F)(F)C(F)(F)C(F)(F)F,3.955,tdc,
COCCO[Si](CCCl)(OCCOC)OCCOC,2.557,tdc,
FC(Cl)C(F)(Cl)Cl,1.337,tdc,
FC(F)(Cl)C(Cl)Cl,1.712,tdc,
CC(C)CNC(=O)CF,3.5010000000000003,tdc,
O=C(CF)OCCOC(=O)CF,4.918,tdc,
FC(F)(F)C(Cl)(Cl)C(Cl)(Cl)C(F)(F)F,2.58,tdc,
O=S(=O)(O)C(F)(F)C(F)(F)C(F)(F)C(F)(F)F,2.844,tdc,
CO[Si](CCCNCCC[Si](OC)(OC)OC)(OC)OC,1.96,tdc,
OCC(F)(F)C(F)(F)C(F)(F)C(F)(F)C(F)(F)C(F)(F)C(F)(F)C(F)F,1.992,tdc,
CCCCCCCCCCCCCCCC(=O)NC(CCC(=O)O)C(=O)O,2.285,tdc,
OCC(F)(F)C(F)(F)C(F)(F)CO,2.076,tdc,
CNC(=S)NN,3.876,tdc,
CCCCCCCCCCCCCCCCSCC(COC)COP(=O)([O-])OCC[N+](C)(C)C,3.318,tdc,
FC(Cl)(C(Cl)(Cl)Cl)C(Cl)(Cl)Cl,2.783,tdc,
CCOC(=O)C(F)(F)C(F)(F)C(F)(F)C(=O)OCC,1.773,tdc,
CCCN(CCO)CCO,1.689,tdc,
COC(F)(F)C(F)Cl,1.462,tdc,
CCC=CCC=O,1.7990000000000002,tdc,
CCP(=O)(OC)SC,4.269,tdc,
CC(C)=CCCC(C)=CC(=O)O,1.658,tdc,
CCCCCCCCCCCCCCSC#N,1.231,tdc,
N#CC=C(Cl)C#N,1.215,tdc,
CCN(CC)C(=O)CCC(C)=O,1.556,tdc,
CS(=O)(=O)N(CCI)CCI,2.174,tdc,
CS(=O)(=O)OCCN(CCOS(C)(=O)=O)S(C)(=O)=O,3.054,tdc,
OC(CCl)CNCCNCC(O)CCl,2.389,tdc,
CC(C)NC(=N)NC(C)C,1.6969999999999998,tdc,
CCCCNCCCCCCN,2.507,tdc,
CCOP(=S)(SC(C)CC)N(C=O)CC,3.449,tdc,
CN(C)S(=O)(=O)CCNC(=O)N(CCCl)N=O,3.866,tdc,
CNC(=O)ON=C(CS(C)=O)C(C)(C)C,4.79,tdc,
CNC(=O)ON=C(CS(C)(=O)=O)C(C)(C)C,5.12,tdc,
CSCC(=NO)C(C)(C)C,2.297,tdc,
CC(C)(C)C(CS(C)(=O)=O)=NO,2.42,tdc,
CS(=O)CC(=NO)C(C)(C)C,1.948,tdc,
CCOC(=S)SSC(=S)OCC,2.7030000000000003,tdc,
NCCCOCCCCOCCCN,1.7719999999999998,tdc,
CCOP(=O)(O)CC,1.816,tdc,
NC(=S)SSC(N)=S,1.976,tdc,
ClCCSCCCl,3.971,tdc,
N#CCN(CC#N)CC#N,3.429,tdc,
CCCCCCCC(=O)NO,1.173,tdc,
NC(=S)NNCNNC(N)=S,4.486000000000001,tdc,
CC(F)(F)C(F)(F)C(F)(F)C(O)(F)F,2.32,tdc,
CCCCCCCCN(C)C,2.987,tdc,
CCS(=O)(=O)CCO,0.885,tdc,
CC(C)=CCl,1.307,tdc,
CC(C)CS,1.1,tdc,
CCCCCCCOCCO,1.847,tdc,
COCN(C)N=O,2.172,tdc,
CCCCCCCCCCCCCCOCCOCCOCCOCCOCCOCCOCCO,2.303,tdc,
O=C(O)CCCCCCI,2.0580000000000003,tdc,
C=CCC(C(=O)NC(N)=O)C(C)C,2.244,tdc,
O=C(NCCO)OCCO,1.467,tdc,
CC(C)CCCC(C)NN,3.1260000000000003,tdc,
O=C(CCl)CCl,3.803,tdc,
CN(N=O)C(=O)C(=O)N(C)N=O,3.259,tdc,
COC(C)(C)CCCC(C)CC=CC(C)=CC(=O)OC(C)C,1.094,tdc,
CCC(C)OP(=S)(CC)OC,4.448,tdc,
CCCCC(CC)COC(=O)CS,2.829,tdc,
CCCCCCCC(=O)OCC(COC(=O)CCCCCCC)OC(=O)CCCCCCC,1.15,tdc,
C=C[Si](C)(C)N[Si](C)(C)C=C,2.599,tdc,
CCCCCOC(=O)CCC,1.113,tdc,
CC(=O)OC(C)(C)C,1.452,tdc,
CCOP(O)(=S)CC,2.41,tdc,
CC(C)CCI,2.143,tdc,
CC(O)COS(C)(=O)=S,2.331,tdc,
CCOC(=O)Cl,2.604,tdc,
CCOP(=O)(OCC)SC(C)(C)C,3.2510000000000003,tdc,
CCC(=O)CC(C)CC,1.564,tdc,
CC(=O)OCCCl,4.088,tdc,
CCC(=O)OCCCCCOC(=O)CC,1.435,tdc,
CCCCOC(=O)CC(SC(CC(=O)OCCCC)C(=O)OCCCC)C(=O)OCCCC,0.691,tdc,
CCOCCOCCCO,1.3219999999999998,tdc,
CC(CC(C)(C)O)OCCC#N,1.7280000000000002,tdc,
CCCN(CCC)C(=O)CCC(=O)OCC,1.652,tdc,
C=CCI,4.225,tdc,
CC(N)CNCCCO,1.368,tdc,
CSC#N,3.0860000000000003,tdc,
N=C(N)N[N+](=O)[O-],1.009,tdc,
O=C(CS)OCCCCOC(=O)CS,2.77,tdc,
ON=CC=NO,2.869,tdc,
CCCCCCC(C)I,1.467,tdc,
COCCOC(=O)CC#N,1.5219999999999998,tdc,
C=CO,2.838,tdc,
COC(C)(C)CCCC(C)C(C)O,1.6230000000000002,tdc,
C=C(C)CCl,2.028,tdc,
CC(C)C(=O)C(C)C,1.509,tdc,
CCCCCCCCCCCCC(Br)C(=O)O,2.584,tdc,
CSCCC(O)C(=O)O,1.635,tdc,
CCC(O)CO,0.7509999999999999,tdc,
NCCCNCCNCCCN,2.162,tdc,
OCCNCC(O)CNCCO,1.394,tdc,
CCN(CC)CCSSCCN(CC)CC,2.891,tdc,
CC(C)(C)C(=O)C#N,3.451,tdc,
CCC(C)OC=O,1.005,tdc,
N#CC(Cl)(Cl)CCl,2.899,tdc,
BrC=CBr,3.477,tdc,
CCCCNC(N)=O,1.966,tdc,
C=CCSCC=C,1.5830000000000002,tdc,
CCOCC(O)COC(C)C,1.511,tdc,
CC(Cl)(Cl)[N+](=O)[O-],2.545,tdc,
O=C=NCCOC(=O)OCCN=C=O,2.018,tdc,
CC(C)(C=O)CO,1.504,tdc,
N#CC=CCCC#N,2.446,tdc,
CC(C)C(C)N,2.354,tdc,
O=[N+]([O-])C(Br)Br,3.406,tdc,
C=CC(=O)OCCCCCCOC(=O)C=C,1.656,tdc,
CC(=O)OCCC(Cl)C(C)=O,1.94,tdc,
N#CC(Cl)(Cl)C#N,3.016,tdc,
CCCCC(CC)(C(=O)OCC)C(=O)OCCN(CC)CC,2.694,tdc,
ClCC(Cl)(Cl)CCl,1.46,tdc,
CC(C)CCCC(C)(C)O,1.327,tdc,
NCC(O)CO,1.085,tdc,
COC(=O)OC,0.841,tdc,
NCCCNCCCNCCCNCCCN,2.394,tdc,
CC(Cl)CCC(C)Cl,1.588,tdc,
CCC(CC)CN,2.414,tdc,
CCOP(=S)(Cl)OC,2.397,tdc,
CCCCCCCCCCNCCCCCCCC,2.051,tdc,
O=[N+]([O-])OCC(CO)O[N+](=O)[O-],2.107,tdc,
CCOC(=O)CN(C)N=O,1.5630000000000002,tdc,
CC(C)COC(=O)CC#N,1.495,tdc,
C=CCOC(=O)CC#N,2.893,tdc,
CCCCCCOC(=O)CC#N,1.42,tdc,
CCOC(=O)CI,3.631,tdc,
CCOC(=O)CS,2.829,tdc,
O=[N+]([O-])OCC(O)CO[N+](=O)[O-],2.233,tdc,
CCC(C)(C#N)N=NC(C)(C#N)CC,2.292,tdc,
OCCI,3.536,tdc,
CC=CC(C)=O,1.42,tdc,
CCCOP(C)(=O)SCCC,5.214,tdc,
N=C(N)NCCCCCCCCNCCCCCCCCNC(=N)N,3.074,tdc,
CC(C)(C)C(=O)CCl,2.389,tdc,
CCCOP(=O)(CC)SCCC,5.0680000000000005,tdc,
CCN(CCNC(=O)SCC(C)C)C(=O)SCC(C)C,2.073,tdc,
C#CCOC(C)=O,2.594,tdc,
CCCSP(=O)(CC)OC,4.863,tdc,
CCOP(=S)(Cl)OC(C)C,2.678,tdc,
CCCOP(=O)(CC)SC,4.67,tdc,
CCCOC(N)=O,1.74,tdc,
C=CSC=C,2.705,tdc,
CCCCOP(=O)(CC)SC,4.761,tdc,
CC(C)=NN=C(C)C,2.424,tdc,
CCCP(=O)(OC)SC,3.828,tdc,
CCCCP(=O)(OC)SC,3.545,tdc,
N#CCNCC#N,2.127,tdc,
CCSP(=O)(CC)OC,4.23,tdc,
O=[N+]([O-])OCCO[N+](=O)[O-],2.519,tdc,
CC(CCl)OP(=O)(OC(C)CCl)OC(C)CCl,2.339,tdc,
N#CSCCSC#N,3.46,tdc,
CCCCCCC=NO,2.092,tdc,
CON=C(C)C(=NOC(=O)N(C)SSC(C)(C)C)C(=O)N(C)C,4.261,tdc,
CON=C(C)C(=NOC(=O)N(C)SN(C)C(=O)ON=C(C)SC)C(=O)N(C)C,4.263,tdc,
N#CCCCCCCC#N,2.958,tdc,
CN(C)C(=O)N(C)C,2.165,tdc,
CON=C(C)C(=NOC(=O)N(C)SN(C)C(=O)ON=C(C(=O)N(C)C)C(C)=NOC)C(=O)N(C)C,4.313,tdc,
CCOC(=O)CC(=O)CCl,2.915,tdc,
CCOC(=O)C=C(C)C,1.043,tdc,
C=C(C)C(=O)OCCN(CCOC(=O)C(=C)C)CCOC(=O)C(=C)C,1.5,tdc,
CN(C)S(=O)(=O)CCNC(=O)NCCCl,3.712,tdc,
CCN(CC)S(=O)(=O)CCNC(=O)N(CCCl)N=O,3.72,tdc,
CCCSC(=O)Cl,2.089,tdc,
N#CC(C#N)=C(C#N)C#N,4.409,tdc,
NS(=O)(=O)CCNC(=O)N(CCCl)N=O,3.811,tdc,
CSP(=O)(SC)SC,3.798,tdc,
C=CCOCC(CC)(CO)COCC=C,1.518,tdc,
CNS(=O)(=O)CCNC(=O)N(CCCl)N=O,3.834,tdc,
CCCN(CCC)S(=O)(=O)CCNC(=O)N(CCCl)N=O,3.137,tdc,
NC(=O)CBr,3.14,tdc,
ClCCOCCC(OCCCl)OCCCl,2.595,tdc,
CN(CCO)S(=O)(=O)CCNC(=O)N(CCCl)N=O,3.5460000000000003,tdc,
CN(C)S(=O)(=O)CCCCCNC(=O)N(CCCl)N=O,3.119,tdc,
CNCCC#N,1.571,tdc,
CCCCCCC(C)N,3.007,tdc,
CN(C)S(=O)(=O)CCCCNC(=O)N(CCCl)N=O,3.1,tdc,
CCCN(CC)S(=O)(=O)CCNC(=O)N(CCCl)N=O,3.119,tdc,
O=[N+]([O-])OCCOCCO[N+](=O)[O-],2.416,tdc,
CCC(SC(C)=NOC(=O)NC)C(N)=O,4.218999999999999,tdc,
CNC(=O)ON=C(C)SC(C)C(N)=O,3.964,tdc,
CNC(=O)ON=C(C)SCC(N)=O,3.559,tdc,
CNC(=O)ON=C(C)SCC(=O)N(C)C,4.377,tdc,
CNC(=O)ON=C(SCC(N)=O)C(C)(C)C,4.544,tdc,
CCC(=CC(=NO)C(N)=O)C(C)[N+](=O)[O-],2.519,tdc,
N#CSC=CSC#N,3.266,tdc,
CCCC(CCC)C(C)NC(=O)CC,2.454,tdc,
COC(=O)C=C(C)N,1.816,tdc,
C=C(C)C(=O)OCCSCC,1.372,tdc,
CCN(N=O)C(=O)NC(C)=O,2.461,tdc,
COP(C)(=O)OC,1.179,tdc,
CC(=CC(O)(C(F)(F)F)C(F)(F)F)CC(O)(C(F)(F)F)C(F)(F)F,4.334,tdc,
CNC(=O)CCS,2.213,tdc,
FCCBr,4.405,tdc,
O=S(=O)(F)CCCl,3.467,tdc,
N#CC=CC#N,2.772,tdc,
C=COCCCCCCCCCC,1.67,tdc,
CCCCCCCCCCCCSC#N,2.26,tdc,
O=C(CCl)OCCOCCO,2.375,tdc,
CCOC(C)C#N,1.54,tdc,
CCOP(=O)(SC(C)CC)SC(C)CC,3.863,tdc,
COC=CC=C(C#N)C#N,2.827,tdc,
CCOC(=O)C(=O)NP(=O)(OC)SC,2.6830000000000003,tdc,
O=P(CC(Br)CCl)(OC(CCl)CBr)OC(CCl)CBr,2.7060000000000004,tdc,
COP(=O)(OC)C(O)(C(F)F)C(F)F,4.426,tdc,
C=C(F)C(=O)OCC(F)(F)C(F)F,3.532,tdc,
OCCCC(O)CO,1.188,tdc,
O=C(O)CCCCCCCl,1.961,tdc,
CCC(C)(CC)C(=O)OCC(C)C,2.662,tdc,
O=S(=O)(CCCl)COCS(=O)(=O)CCCl,3.2510000000000003,tdc,
O=S(C(Cl)C(Cl)Cl)C(Cl)C(Cl)Cl,3.62,tdc,
CCCCCCC(C)=CC#N,1.944,tdc,
C=C(C)C(=O)OCCO,1.411,tdc,
CCCCC=CCCCCCCOC(C)=O,1.227,tdc,
CCCCCCCCP(=O)(CCCCCCCC)CCC(C)C,1.615,tdc,
C=CC(C)(O)CC,2.156,tdc,
C=C(Cl)C#N,3.544,tdc,
C=C(C)C(=O)NCO,2.611,tdc,
CC(C)(C)OOC(=O)C(C)(C)C,1.608,tdc,
CN(C)[SiH](N(C)C)N(C)C,2.434,tdc,
CCO[Si](CNCCCCCCN)(OCC)OCC,2.767,tdc,
NCCCCCCC(=O)O,1.208,tdc,
C=COCCOCCO,1.4280000000000002,tdc,
C=C[Si](OOC(C)(C)C)(OOC(C)(C)C)OOC(C)(C)C,2.289,tdc,
CCCCCCCCCCCCCOCCOCCOCCOCCOCCOCCO,2.521,tdc,
C=CC(=O)OCCSCC,1.807,tdc,
C=CC(=O)NC(C)(C)CS(=O)(=O)O,1.584,tdc,
CCOC(OCC)[SiH2]CNCCCCCCN,2.641,tdc,
COP(=O)(SC(C)C)SC(C)C,3.283,tdc,
CCC(C)(C)OC,1.805,tdc,
CCCCCCOCCOCCOCC,1.6469999999999998,tdc,
CN(C)C(CSC#N)CSC#N,3.39,tdc,
CCCCP(CCCC)CCCC,2.431,tdc,
C=CC(=O)OCC(CC)(COC(=O)C=C)COC(=O)C=C,1.715,tdc,
CCCC=C(C=NCCCCCCCCCCCCCCCCCCCCC)CC,1.897,tdc,
CCCSP(C)SCCC,4.9430000000000005,tdc,
C[Si](C)(C)N[Si](C)(C)C,2.278,tdc,
C[Si](C)(C)N=C=N[Si](C)(C)C,2.033,tdc,
COP(=O)(NC=O)SC,2.949,tdc,
COP(=O)(SC)N(C)C(C)=O,1.994,tdc,
CCCCCCCCCCCC(=O)NP(=O)(OC)SC,3.51,tdc,
COP(=O)(NC(=O)CCCCl)SC,4.913,tdc,
COCC(=O)NP(=O)(OC)SC,3.028,tdc,
CCCCCCCCCCCCCC(=O)NP(=O)(OC)SC,3.5460000000000003,tdc,
C=CCSP(=O)(NC(=O)CC)OC,3.252,tdc,
C#CCSP(=O)(NC(=O)CC)OC,2.6460000000000004,tdc,
CCOP(=S)(OCC)OC(Cl)C(Cl)(Cl)Cl,5.225,tdc,
O=P(O)(O)CN(CC(O)CN(CP(=O)(O)O)CP(=O)(O)O)CP(=O)(O)O,2.035,tdc,
C=C[Si](OCCOC)(OCCOC)OCCOC,1.976,tdc,
CCCCCCCCCCN(CCCCCCCCCC)CCCCCCCCCC,2.167,tdc,
CCCCC(CC)COP(=O)(O)O,1.785,tdc,
C=CC(=O)OCCCCOC(=O)C=C,2.529,tdc,
C=CC(=O)OOCCOC,2.242,tdc,
ClCCC(Cl)(Cl)Cl,2.57,tdc,
N#CCC[Si](Cl)(Cl)Cl,1.974,tdc,
O=C(O)COC(C(=O)O)C(=O)O,1.694,tdc,
CC(=O)CCCO,1.203,tdc,
CCCCC=CC=CC=CCCCCCCCC(=O)OC,1.767,tdc,
N#CC#CC#N,2.237,tdc,
N#CC(Cl)=C(Cl)Cl,3.398,tdc,
CCN(N=O)C(C)C,2.024,tdc,
CN(CCCl)N=O,3.746,tdc,
C=CC=CC=CCCCCC,1.298,tdc,
CC=CC=CCOC(=O)C(C)C,1.527,tdc,
CCCN(CCC)C(=O)CN(CC)P(=S)(OCC)OCC,2.211,tdc,
CCOP(=O)(OCC)SCCC(F)=C(F)F,3.612,tdc,
CCOC(=O)C=CN(C)C,1.503,tdc,
O=C(O)CCCCCCCCCl,1.808,tdc,
C=CC(=O)NCOCC(C)C,2.201,tdc,
ClCC(Cl)(Cl)C(Cl)Cl,2.422,tdc,
CNC(C)C#N,3.244,tdc,
CO[SiH](C)OC,1.3430000000000002,tdc,
O=[N+]([O-])C(F)(COCOCC(F)([N+](=O)[O-])[N+](=O)[O-])[N+](=O)[O-],2.125,tdc,
CCOP(=O)(OCC)SCC,3.866,tdc,
CCOC(=O)C(Br)C#N,2.66,tdc,
CN(C)CCC(=O)N(C)C,1.722,tdc,
C=CC(=O)NC,2.252,tdc,
CC(C)COP(C)(=O)SCCN(C)C,5.404,tdc,
COP(N)(=S)OC,2.537,tdc,
CCOP(=O)(OCC)SCSP(=S)(OCC)OCC,4.021,tdc,
CCCCCCC#COC(=O)OCC,1.842,tdc,
CCCCC(CC)COP(=O)(OCCCO)OCC(CC)CCCC,1.527,tdc,
C=CC(=O)OCCCCCCCC(C)C,1.295,tdc,
CCCCCC=CCC=CCCCCCCCC(=O)N(CCO)CCO,1.5319999999999998,tdc,
CC=CC=CC=CC(C)=O,1.501,tdc,
CC(=O)CCCCCCCC(=O)O,1.779,tdc,
N#CCCNC(=O)CCl,2.553,tdc,
CSCCC(O)C#N,3.437,tdc,
C=COCCOC(=O)C(=C)C,1.42,tdc,
CCCCOCC(C)OCC(C)OCC(C)O,2.13,tdc,
NC(=[NH2+])NCCCC(N)C(=O)[O-],1.5,tdc,
C=CC(=O)OCCOCCOCCOCCOC(=O)C=C,2.57,tdc,
C=CCN=C=O,2.696,tdc,
CCCP(=O)(CCC)CCC,2.097,tdc,
CCOP(=O)(Cl)Cl,2.87,tdc,
CCO[Si](C)(CCP(=O)(OCC)OCC)OCC,2.481,tdc,
CCCCCCCCOP(=O)(O)OCCC(Cl)Cl,1.494,tdc,
CP(=O)(O)F,2.514,tdc,
CC=CC=CC#N,2.117,tdc,
CC(C)(C)N=NC(C)(C)O,2.642,tdc,
CCO[Si](CCS)(OCC)OCC,1.836,tdc,
CCCCC(CC)C(=O)OCCOCCOCCOCCOC(=O)C(CC)CCCC,1.395,tdc,
CCNC(=O)NC(=O)C(C#N)=NOC,2.256,tdc,
CCCC=CC(OC)OC,1.929,tdc,
C=C(C)CNCC,3.297,tdc,
CCCCCCCCCCCCCCCCOP(=O)([O-])OCC[N+](C)(C)C,3.219,tdc,
NNC(=O)C(N)CS,2.11,tdc,
O=C(CI)NC(=O)CI,2.735,tdc,
CCC=CCC=CCC=CCC=CCC=CCCCC(=O)O,1.481,tdc,
COP(C)(=O)SC,4.628,tdc,
CC(=O)OCCC(C)CC(C)(C)C,1.642,tdc,
ClCCCCCCCCC(Cl)(Cl)Cl,2.857,tdc,
CCCOCC(C)O,1.6740000000000002,tdc,
N#CCCOCCCCOCCC#N,1.6909999999999998,tdc,
NCCCCC(CN)CCCN,2.358,tdc,
CCSC(SCC)=C(C#N)C#N,2.405,tdc,
CO[Si](CCCCCCCCCC[Si](OC)(OC)OC)(OC)OC,2.24,tdc,
CCCCC=CC=O,1.936,tdc,
CC(C)COCCOCCO,1.536,tdc,
OCC[Si](CCO)(CCO)CCO,1.477,tdc,
CN(C)C(=N)NC#N,1.465,tdc,
CCOC(=O)OC(=O)OCC,2.28,tdc,
CCCCC(CC)COC(=O)CCCCCCCCCCC(=O)OCC(CC)CCCC,1.325,tdc,
CCOP(=O)(O)O,1.896,tdc,
CN(C)[Si](N(C)C)(N(C)C)N(C)C,2.141,tdc,
CSC(C)(C)C=NO,2.254,tdc,
CNC(=O)ON=CC(C)(C)OC,4.065,tdc,
C=CC(=O)OCCOCCOCCOC(=O)C=C,2.713,tdc,
CCOP(=S)(OCC)OC(C)=CC(=O)OC,6.282,tdc,
C=CC(=O)OCCC(=O)NC,2.302,tdc,
O=C(O)CC(C(=O)O)C(CC(=O)O)C(=O)O,2.134,tdc,
CC(=O)OC(C)C(Cl)(Cl)Cl,2.358,tdc,
CCCCOP(=O)(OCCO)OCCCC,2.444,tdc,
CN(C)CCOCCO,1.754,tdc,
OCCCS,2.9,tdc,
CC(C)=NNC(N)=S,3.432,tdc,
CCOC(=S)SCC#N,2.885,tdc,
CN(C)CCNN,1.689,tdc,
CO[Si](CCCNCCN)(OC)OC,1.462,tdc,
O=C(O)C(F)(F)C(F)(F)C(F)(F)C(F)(F)C(F)(F)C(F)(F)C(F)(F)C(F)(F)C(F)(F)C(F)F,3.023,tdc,
O=C(C(Cl)Cl)C(Cl)(Cl)Cl,3.0610000000000004,tdc,
CCCCC=CCCCCCCO,1.196,tdc,
CCOP(=S)(OCC)OC(C)CC,3.669,tdc,
CC(=O)OCCCC(=O)CBr,2.57,tdc,
COCC(C)OCC(C)OCC(C)O,1.809,tdc,
C=CC(=O)NCOCCCC,2.184,tdc,
CCOC(=O)CC(C)(C)C(Cl)C=C(Cl)Cl,1.937,tdc,
C=C(C)C(=O)OCC(=O)OCC,1.339,tdc,
CC(C)(C)C(=O)CC#N,2.6460000000000004,tdc,
C=C(CCl)CCl,2.9210000000000003,tdc,
NCCCNCCSP(=O)(O)O,2.414,tdc,
OCCSSCCO,2.95,tdc,
CSCCC(OC(C)=O)C(=O)O,1.915,tdc,
C=CC(=O)OCC(=O)OCC,2.867,tdc,
O=C(O)CN(CCCN(CC(=O)O)CC(=O)O)CC(=O)O,2.282,tdc,
CC(=O)OC=CCOC(C)=O,3.023,tdc,
OCC(Br)C(Br)CO,2.003,tdc,
CC(S)C(=O)NCC(=O)O,2.099,tdc,
NCCNCCNCCO,1.5019999999999998,tdc,
CC=C(C(=O)NC(N)=O)C(C)C,1.277,tdc,
CCC=CCC=CCC=CCC=CCC=CCC=CCCC(=O)O,1.517,tdc,
C=CC(=O)OCCOC(=O)CC(C)=O,2.138,tdc,
CCOCCC#N,1.491,tdc,
CC(C)(C)N(Cl)Cl,2.26,tdc,
CC(C)(C)N(CCO)CCO,1.773,tdc,
C=CC(N)CCC(=O)O,1.634,tdc,
NS(=O)(=O)CCl,1.331,tdc,
CCO[Si](CS)(OCC)OCC,1.916,tdc,
C=COC(=O)C=C,3.063,tdc,
C=CCSSCC=C,2.75,tdc,
C=CC(=O)NC(C)C,2.48,tdc,
CC(N)CC(C)(C)N,2.431,tdc,
CC(C)OC(=O)C(O)C(O)C(=O)OC(C)C,1.545,tdc,
CCN(N=O)C(C)OC,2.121,tdc,
CCN(COC)N=O,2.34,tdc,
NNC(=S)NN,3.691,tdc,
CCN(CC)C(=O)CC(C)=O,1.521,tdc,
COC(C)N(C)N=O,2.692,tdc,
CCC(C)=CCCC(C)=CC#N,1.798,tdc,
CCCC(N)(CCC)CCC,3.0660000000000003,tdc,
CNC(=O)c1c(I)c(C(=O)NCC(=O)Nc2c(I)c(C(=O)O)c(I)c(C(=O)NCCO)c2I)c(I)c(N(C)C(C)=O)c1I,1.98,tdc,
NC1=NCC(CN2CCN(c3ccccc3)CC2)O1,2.656,tdc,
C(OCC1CO1)C1CO1,2.461,tdc,
CC1(COCC2(C)CO2)CO1,1.974,tdc,
O=C(Nc1ccccc1)Nc1cnns1,1.615,tdc,
NN1C(=O)CSC1=S,4.8260000000000005,tdc,
O=C1CSC(=S)N1,2.619,tdc,
Cc1ccccc1N=Nc1c(N)ccc2ccccc12,3.338,tdc,
COc1ccc2c(=O)c(C)c(C)oc2c1CN1CCOCC1,3.838,tdc,
CCC1(c2ccccc2)C(=O)NCNC1=O,2.1630000000000003,tdc,
C(Oc1nc(OCC2CO2)nc(OCC2CO2)n1)C1CO1,2.248,tdc,
CCOC(=O)C=C1SC(N2CCCCC2)C(=O)N1CC,1.962,tdc,
CCOC(=O)C=C1SC(N2CCCCC2)C(=O)N1C,1.443,tdc,
O=[N+]([O-])c1ccc(C=NNC(=S)N2CCCCC2)o1,2.576,tdc,
O=C1CCc2cc(C(=O)CCN3CCN(c4ccccc4)CC3)ccc2N1,2.861,tdc,
CC1=CCC(=C(C)C)CC1,1.492,tdc,
COC1CC(OC2C(C)C(=O)OC(C)C(C)C(O)C(C)C(=O)C3(CO3)CC(C)C(OC3OC(C)CC(N(C)C)C3O)C2C)OC(C)C1O,2.011,tdc,
CN(c1ccc2c(O)c(N=Nc3ccc4c(S(=O)(=O)O)cccc4c3S(=O)(=O)O)c(S(=O)(=O)O)cc2c1)c1nc(Cl)nc(Cl)n1,1.925,tdc,
CC1CC(=O)O1,0.7040000000000001,tdc,
CC1(C)COC1=O,1.833,tdc,
O=c1[nH]nc2n1-c1cc([N+](=O)[O-])cc([N+](=O)[O-])c1OC2,1.879,tdc,
Cc1c2oc3c(C)ccc(C(=O)NC4C(=O)NC(C(C)C)C(=O)N5CCCC5C(=O)N(C)CC(=O)N(C)C(C(C)C)C(=O)OC4C)c3nc-2c(C(=O)NC2C(=O)NC(C(C)C)C(=O)N3CCCC3C(=O)N(C)CC(=O)N(C)C(C(C)C)C(=O)OC2C)c(N)c1=O,5.2410000000000005,tdc,
CN1CCC2(C)c3cc(OC(=O)NCCCCCCCCN4CCSCC4)ccc3N(C)C12,4.3,tdc,
O=C(NN=CC(O)C1OC(=O)C(O)C1O)c1ccncc1,1.662,tdc,
Cc1cc(C(=O)c2ccccc2)ccc1N=Cc1cccc(OCCC(C)C)c1,2.264,tdc,
Cc1cc(C(=O)c2ccccc2)ccc1N=Cc1ccc(OCCC(C)C)cc1,2.41,tdc,
CCOC(C1=NCCCN1)c1ccc2c(c1)CCC2,2.537,tdc,
CC1=CCC2C(C1)C2(C)C,1.453,tdc,
CN1C(=O)CN=C(c2ccccc2F)c2c1ccc(NC(=O)N1CCOCC1)c2Cl,2.537,tdc,
CNC(=O)Oc1cccc2c1OC(C)(C)C2=O,2.902,tdc,
CC1=CC2OC3C(O)C(O)C(C)(C34CO4)C2(CO)C(O)C1=O,4.205,tdc,
CC(=O)OC1C(O)C2OC3C=C(C)C(=O)C(O)C3(CO)C1(C)C21CO1,4.947,tdc,
OC1CCc2ccccc21,2.335,tdc,
Oc1ccc2c(c1)CCC2,1.616,tdc,
CC(=O)c1cc2c(cc1C)C(C)(C)C(C)C2C(C)C,2.066,tdc,
CC(=O)C1(C)C(C)(C)c2ccc(C)cc2C1(C)C,2.158,tdc,
CC(C)(C)c1ccc2c(c1)C(C)(C)CC2,1.116,tdc,
CC(C(=O)O)c1ccc2c(c1)CC(C(C)C)C2,2.19,tdc,
C#CCN(C)C1CCc2ccccc21,2.87,tdc,
N#CN=c1ccccn1Cc1c(Cl)cccc1Cl,2.745,tdc,
N#CN=c1ccccn1Cc1ccc(Cl)cc1,2.688,tdc,
N#CN=c1ccccn1Cc1ccccc1Cl,2.688,tdc,
CCC(CC)COCCOCCCN1C(=O)C2C3C=CC(C3)C2C1=O,1.5659999999999998,tdc,
CCCCC(CC)CN1C(=O)C2C3C=CC(C3)C2C1=O,1.993,tdc,
Nc1nnc(C=Cc2ccc([N+](=O)[O-])o2)s1,2.104,tdc,
ClC1OCCOC1Cl,2.047,tdc,
C1COCCO1,1.3219999999999998,tdc,
COP(=S)(OC)SC1OCCOC1SP(=S)(OC)OC,3.0580000000000003,tdc,
CCOP(=S)(OCC)SC1OCCOC1SP(=S)(OCC)OCC,4.3580000000000005,tdc,
CC1(C)COCCO1,1.588,tdc,
CC(Cc1ccccc1)NC(=O)Cn1nc(-c2ccccc2)ccc1=O,2.42,tdc,
CC(Cc1ccccc1)N(C)C(=O)Cn1nc(-c2ccccc2)ccc1=O,2.7510000000000003,tdc,
COc1ccc(-c2ccc(=O)n(CC(=O)N(C)C(C)Cc3ccccc3)n2)cc1,2.525,tdc,
COc1ccc(CC(C)N(C)C(=O)Cn2nc(-c3ccccc3)ccc2=O)cc1OC,2.542,tdc,
CC(C)N(C(=O)Cn1nc(-c2ccccc2)ccc1=O)C(C)Cc1ccccc1,2.33,tdc,
OCC(O)CN1CCN(c2ccccc2)CC1,2.59,tdc,
c1ccc(N2CCNCC2)cc1,2.888,tdc,
O=C1C(O)=C(CC=C(Cl)Cl)C(=O)c2ccccc21,3.003,tdc,
O=C1C=CC(=O)c2ccccc21,2.92,tdc,
NC1=C(Cl)C(=O)c2ccccc2C1=O,2.184,tdc,
CC1=CC(=O)c2c(O)cccc2C1=O,3.462,tdc,
O=C1C=CC(=O)c2c(O)cccc21,3.192,tdc,
O=C1C(Cl)=C(NC(=O)C(Cl)Cl)C(=O)c2ccccc21,1.435,tdc,
O=C1C(Cl)=C(Cl)C(=O)c2ccccc21,3.152,tdc,
O=C(NC(=O)c1c(F)cccc1F)Nc1ccc(Cl)cc1,1.826,tdc,
Cc1ccc(N=c2sccn2C)c(C)c1,2.479,tdc,
O=C(NP(=O)(N1CC1)N1CC1)c1cc(I)ccc1I,3.003,tdc,
O=C(NP(=O)(N1CC1)N1CC1)c1ccccc1,3.701,tdc,
CC(C)CCN1C(=O)c2ccccc2C1=O,1.793,tdc,
CCOP(=S)(OCC)SCN1C(=O)c2ccccc2C1=O,3.905,tdc,
COP(=S)(OC)SC(CBr)N1C(=O)c2ccccc2C1=O,3.339,tdc,
COP(=S)(OC)SC(CCl)N1C(=O)c2ccccc2C1=O,3.66,tdc,
COP(=S)(OC)SCN1C(=O)c2ccccc2C1=O,3.535,tdc,
CC(C)COP(C)(=S)SCN1C(=O)c2ccccc2C1=O,3.968,tdc,
CCOP(=O)(OCC)SCN1C(=O)c2ccccc2C1=O,4.476,tdc,
CCP(=S)(OC(C)C)SCN1C(=O)c2ccccc2C1=O,4.5360000000000005,tdc,
CCP(=S)(OC)SCN1C(=O)c2ccccc2C1=O,4.648,tdc,
COP(C)(=S)SCN1C(=O)c2ccccc2C1=O,4.7010000000000005,tdc,
CCP(=S)(OCC(C)C)SCN1C(=O)c2ccccc2C1=O,3.678,tdc,
CCOP(=S)(CC)SCN1C(=O)c2ccccc2C1=O,4.372,tdc,
CCOP(=S)(OC(C)C)ON1C(=O)c2ccccc2C1=O,3.12,tdc,
CCOP(=S)(OC(C)C)SCN1C(=O)c2ccccc2C1=O,3.857,tdc,
CCOP(=S)(OC)SCN1C(=O)c2ccccc2C1=O,3.821,tdc,
CCCCN1C(=O)c2cccc([N+](=O)[O-])c2C1=O,2.087,tdc,
CCCCN1C(=O)c2ccc([N+](=O)[O-])cc2C1=O,2.268,tdc,
CCCOP(=S)(CC)SCN1C(=O)c2ccccc2C1=O,4.235,tdc,
CCOP(=S)(OCC)N1C(=O)c2ccccc2C1=O,1.783,tdc,
CCCOP(=S)(OC)SCN1C(=O)c2ccccc2C1=O,3.584,tdc,
CCCOP(=S)(OCC)SCN1C(=O)c2ccccc2C1=O,3.857,tdc,
CCC(C)N1C(=O)c2ccccc2C1=O,2.238,tdc,
COP(=O)(OC)SCN1C(=O)c2ccccc2C1=O,3.78,tdc,
O=C1c2ccccc2C(=O)N1SC(Cl)(Cl)Cl,1.595,tdc,
COP(=S)(OC(C)C)SCN1C(=O)c2ccccc2C1=O,3.839,tdc,
CCOP(=S)(OCC)SC(CBr)N1C(=O)c2ccccc2C1=O,4.386,tdc,
CCOP(=S)(OCC)SC(CCl)N1C(=O)c2ccccc2C1=O,4.896,tdc,
CN1C(=O)c2ccc([N+](=O)[O-])cc2C1=O,1.867,tdc,
ClC(=NNc1c(Cl)cc(Cl)cc1Cl)c1ccccc1,2.668,tdc,
COc1ccc2c(c1)OC(C)(C)C(c1ccccc1)=C2c1ccc(OCCO)cc1,2.906,tdc,
C=CCOc1ccc(C2=C(c3ccccc3)C(C)(C)Oc3cc(OC)ccc32)cc1,2.901,tdc,
CC(C)N1C(=O)N(c2ccccc2)CSC1=NC(C)(C)C,2.143,tdc,
Cc1ccc2c(c1)CC(=O)c1cc(CC(=O)O)ccc1O2,2.937,tdc,
Cc1ccc2c(c1)CC(=O)c1cc(C(C)C(=O)O)ccc1O2,3.304,tdc,
CC(C(=O)OCCOCCO)c1ccc2c(c1)C(=O)Cc1ccccc1O2,3.154,tdc,
CC(C(=O)O)c1ccc2c(c1)C(=O)Cc1ccccc1O2,3.425,tdc,
Cc1ccc2c(c1)CC(=O)c1cc(C(C)C(=O)OCCOCCO)ccc1O2,3.244,tdc,
N#CN=C1SCCN1Cc1ccc(Cl)nc1,2.755,tdc,
CC12CCC3c4ccc(O)cc4CCC3C1CCC2OC(=O)COC(=O)CCCc1ccc(N(CCCl)CCCl)cc1,2.9560000000000004,tdc,
C=CCC1CC(=O)OC1=O,2.117,tdc,
CC(C)=CC1C(=O)OC(=O)C1(C=C(C)C)C=C(C)C,2.446,tdc,
O=C1CCC(=O)O1,1.821,tdc,
CCCCCCCCCC=CCC1CC(=O)OC1=O,2.019,tdc,
CCOc1ccc(Cl)cc1C(CN1CCCCC1)C(C)CC,2.862,tdc,
Cc1cc2c(C(C)C)c(O)c(O)c(C=O)c2c(O)c1-c1c(C)cc2c(C(C)C)c(O)c(O)c(C=O)c2c1O,2.35,tdc,
Cc1c(-c2c(C)c(N)c3c(C(C)C)c(O)c(O)c(C=O)c3c2O)c(O)c2c(C=O)c(O)c(O)c(C(C)C)c2c1N,2.225,tdc,
CN(C)CCC[N+]1([O-])c2ccccc2CCc2ccccc21,3.463,tdc,
CC1CN(C2CCCCCCCCCCC2)CC(C)O1,2.027,tdc,
C1CC2CC1C1SSSC21,2.802,tdc,
CCc1nn(-c2ccc(F)cc2)c2c(=O)[nH]ccc12,2.8360000000000003,tdc,
CCCCCCCCCCCCCCCCCCOP(=O)([O-])OCC[N+]1(C)CCCCC1,2.877,tdc,
CC1CSC(c2ccccc2OC(=O)N(C)C)S1,3.306,tdc,
CNC(=O)Oc1ccccc1C1SCCS1,3.4530000000000003,tdc,
CN(C)C(=O)Oc1ccccc1C1SCCS1,4.226,tdc,
ClC1=C(Cl)C2(Cl)C3C4C=CC(C4)C3C1(Cl)C2(Cl)Cl,3.971,tdc,
COc1cc(N)c(Cl)cc1C(=O)NC1CCN(CCCOc2ccc(F)cc2)CC1OC,2.049,tdc,
CN1CCN(CCCCCCCCNC(=O)Oc2ccc3c(c2)C2(C)CCN(C)C2N3C)CC1,4.231,tdc,
CC(C)NC(=O)N1CC(=O)N(c2cc(Cl)cc(Cl)c2)C1=O,1.975,tdc,
CC1(C)NC(=O)N(c2ccc([N+](=O)[O-])c(C(F)(F)F)c2)C1=O,3.2110000000000003,tdc,
O=c1[nH]c2ccccc2n1C1CCN(CCCC(c2ccc(F)cc2)c2ccc(F)cc2)CC1,2.623,tdc,
N=C(Nc1ccccc1)Nc1ccccc1,2.62,tdc,
Cc1ccccc1NC(=N)Nc1ccccc1C,2.68,tdc,
O=C(Nc1nc(C(F)(F)F)c(Cl)s1)c1cc(C(F)(F)F)cc(C(F)(F)F)c1,3.807,tdc,
CN(C(=O)c1cc(C(F)(F)F)cc(C(F)(F)F)c1)c1nc(C(F)(F)F)c(Cl)s1,2.96,tdc,
O=C1C=CC(=O)N1c1cccc(N2C(=O)C=CC2=O)c1,2.292,tdc,
Cc1ccc(N2C(=O)C=CC2=O)cc1N1C(=O)C=CC1=O,2.07,tdc,
O=C1C=CC(=O)N1c1c(F)c(F)c(F)c(N2C(=O)C=CC2=O)c1F,2.209,tdc,
Cc1ccccc1OCC(O)CN(N=CNC(=O)c1ccccc1)C(C)C,2.1,tdc,
CN(C)CCN(C)n1cc(-c2ccccc2)c2ccccc21,2.364,tdc,
CC1(C)SC2C(NC(=O)C3(N)CCCCC3)C(=O)N2C1C(=O)O,1.833,tdc,
CC(C)c1ccc2c(c1)CCC1C(C)(C(=O)O)CCCC21C,2.245,tdc,
COc1ccc(C(=C(C#N)CCC(=O)O)c2ccc(OC)cc2)cc1,3.0,tdc,
ClC(Cl)=C(c1ccc(Cl)cc1)c1ccccc1Cl,2.5580000000000003,tdc,
ClC(Cl)=C(c1ccc(Cl)cc1)c1ccc(Cl)cc1,2.5580000000000003,tdc,
ClC1=C(Cl)C2(Cl)C(Cl)=C(Cl)C3C1C(Cl)CC32,1.521,tdc,
Cc1ccc(C(=O)c2ccc(CC(=O)N3CCN(C)CC3)n2C)cc1,2.531,tdc,
S=c1scc(-c2ccccc2)n1N=Cc1ccccc1,1.472,tdc,
Cc1cccc(C)c1N(C(=O)CCl)C1CCOC1=O,2.035,tdc,
CC(C)C(=O)c1c(C(C)C)nn2ccccc12,2.235,tdc,
OCCN1CCNCC1,1.423,tdc,
O=NN1CCNCC1,1.707,tdc,
CC1CNCCN1,1.693,tdc,
CC(C)N1CCNCC1,1.656,tdc,
CCN1CCNCC1,1.724,tdc,
O=C(CCBr)N1CCN(C(=O)CCBr)CC1,3.209,tdc,
CC1CNC(C)CN1,1.558,tdc,
NCCN1CCNCC1,1.781,tdc,
CN1CCN(N=O)CC1,3.111,tdc,
C1CNCCN1,1.656,tdc,
O=NN1CCN(N=O)CC1,2.955,tdc,
CN1CCNCC1,1.5490000000000002,tdc,
CN(C)CCN1CCN(C)CC1,2.081,tdc,
OCCN1CCN(CCO)CC1,1.669,tdc,
O=CNC(N1CCN(C(NC=O)C(Cl)(Cl)Cl)CC1)C(Cl)(Cl)Cl,1.86,tdc,
CC(=O)C=C1CCC2C13CCC(C)C(C3)C2(C)C,1.676,tdc,
CC(C)=CC(NC(=O)C1=C([O-])c2sc(Cl)cc2S(=O)(=O)N1C)[n+]1ccccc1,4.643,tdc,
COc1ccc(C2=NCOCS2)cc1,2.366,tdc,
c1ccc(C2=NCOCS2)cc1,2.441,tdc,
CC1OCN=C(c2ccccc2)S1,2.47,tdc,
CN1CCOC1=O,1.083,tdc,
O=C1CCc2ccccc2O1,2.006,tdc,
CC1=C(CC(=O)O)c2cc(F)ccc2C1=Cc1ccc(S(C)=O)cc1,3.13,tdc,
Cc1ccc(C2=CCN(CCC(=O)c3ccc4c(c3)CCC(=O)N4)CC2)cc1,2.874,tdc,
NC1=NC(=O)C(c2ccccc2)O1,2.6060000000000003,tdc,
Nc1cc(-c2ccncc2)c[nH]c1=O,3.264,tdc,
Cc1[nH]c(=O)c(C#N)cc1-c1ccncc1,3.366,tdc,
Clc1ccc(CSc2ccc(Cl)cc2)cc1,2.129,tdc,
Fc1ccc(SCc2ccc(Cl)cc2)cc1,1.926,tdc,
O=C1CCc2cccc3c2N1CC3,2.732,tdc,
CCC(c1ccccc1)c1c(O)c2ccccc2oc1=O,3.147,tdc,
C=C(O)CC(c1ccccc1)c1c(O)c2ccccc2oc1=O,4.472,tdc,
CCCC(c1ccc(CCCl)cc1)c1c(O)c2ccccc2oc1=O,4.297,tdc,
CC(=O)CC(c1ccc(Cl)cc1)c1c(O)c2ccccc2oc1=O,3.263,tdc,
CC(=O)CC(c1ccc([N+](=O)[O-])cc1)c1c(O)c2ccccc2oc1=O,2.838,tdc,
CC(C)=CCC(CCN1CCOCC1)(C(N)=O)c1cccc2ccccc12,3.3160000000000003,tdc,
ClC1=C(Cl)C2(Cl)C3CCC4C(CCC3C1(Cl)C2(Cl)Cl)C1(Cl)C(Cl)=C(Cl)C4(Cl)C1(Cl)Cl,1.4169999999999998,tdc,
CCOc1ccccc1OCC1CNCCO1,2.074,tdc,
CCCCCc1cc(O)c2c(c1)OC(C)(C)C1CCC(C)=CC21,2.674,tdc,
CCCCOC(=O)c1ccccc1C(=O)OCCOCCOC(=O)c1ccccc1C(=O)OCCCC,1.67,tdc,
O=C(OCCOCCOC(=O)c1ccccc1)c1ccccc1,2.046,tdc,
CN=c1oc2ccccc2n1C,2.21,tdc,
Cn1c(=N)oc2ccc(Cl)cc21,2.262,tdc,
Oc1ccc(C(c2ccc(O)cc2)c2ccccn2)cc1,1.511,tdc,
CC(=O)Oc1ccc(C(c2ccc(OC(C)=O)cc2)c2ccccn2)cc1,1.922,tdc,
Cc1ccc2ccccc2n1,2.066,tdc,
CNC(=O)Oc1cccc2ccc(C)nc12,3.256,tdc,
CCOP(=S)(OCC)Oc1cc(C)nc2ccccc12,3.794,tdc,
O=C(O)c1c(Cl)ccc2cc(Cl)cnc12,2.043,tdc,
CCN(CC)CCCC(C)Nc1ccnc2cc(Cl)ccc12,2.986,tdc,
Cc1ccc2ncccc2c1,2.056,tdc,
CC(C)Cc1ccc2ccccc2n1,2.259,tdc,
CCC(C)c1ccc2ncccc2c1,2.259,tdc,
CC(C)(C)NCCC(O)c1cc(C(F)(F)F)nc2c(C(F)(F)F)cccc12,2.276,tdc,
c1ccc2ncccc2c1,2.591,tdc,
Cc1ccc2c(Cl)cc(Cl)c(O)c2n1,2.539,tdc,
CCOP(C)(=S)Oc1ccc2ncccc2c1,4.728,tdc,
O=[N+]([O-])c1ccc(O)c2ncccc12,2.572,tdc,
BrC(Br)(Br)c1ccc2ccccc2n1,1.749,tdc,
CCN(CC)CCNc1c(Cl)cc(C)c2ncccc12,2.511,tdc,
CCC(C)CC(C)C=C(C)C1OC(c2c(O)c(C3C(O)C(O)C(O)C3O)cn(C)c2=O)CC=C1C,4.993,tdc,
O=C1CCN(c2ccccc2)N1,2.909,tdc,
CC1(CO)CN(c2ccccc2)NC1=O,2.562,tdc,
CC1(C)CN(c2ccccc2)NC1=O,3.802,tdc,
O=C(CCCCC(=O)OC1CCCCC1)OC1CCCCC1,1.288,tdc,
Cc1nccnc1SCc1ccco1,2.314,tdc,
O=C1c2ccccc2C(=O)N1SC1CCCCC1,2.002,tdc,
CC(=O)NC1(O)C2(Cl)C3(Cl)C4(Cl)C(Cl)(Cl)C5(Cl)C3(Cl)C1(Cl)C5(Cl)C42Cl,3.594,tdc,
CCOC(=O)CCC(=O)CC1(O)C2(Cl)C3(Cl)C4(Cl)C(Cl)(Cl)C5(Cl)C3(Cl)C1(Cl)C5(Cl)C42Cl,3.422,tdc,
ClC1(Cl)C2(Cl)C3C4(Cl)C1(Cl)C1(Cl)C4(Cl)C(Cl)(Cl)C3(Cl)C21Cl,3.407,tdc,
ClC1(Cl)C2(Cl)C3(Cl)C4(Cl)C(Cl)(Cl)C5(Cl)C3(Cl)C1(Cl)C5(Cl)C24Cl,3.366,tdc,
OC(CCN1CCCCC1)(c1ccccc1)C1CC2C=CC1C2,2.6180000000000003,tdc,
CC(C)Cn1nc(-c2ccccc2)c(-c2ccccc2)c1CC(=O)O,3.862,tdc,
S=c1[nH]nc(NCNc2n[nH]c(=S)s2)s1,1.778,tdc,
c1ccc2[nH]c(SN3CCCCC3)nc2c1,2.437,tdc,
CC(C=CC=C(C)C(=O)OC1OC(COC2OC(CO)C(O)C(O)C2O)C(O)C(O)C1O)=CC=CC=C(C)C=CC=C(C)C(=O)OC1OC(COC2OC(CO)C(O)C(O)C2O)C(O)C(O)C1O,2.49,tdc,
CC(=O)OCC(=O)C12OC(C)(C)OC1CC1C3CC(F)C4=CC(=O)C=CC4(C)C3(F)C(O)CC12C,4.548,tdc,
O=c1nc[nH]c2c1ccn2C1OC(CO)C(O)C1O,4.012,tdc,
CC1(C)CC(NC2CC(C)(C)NC(C)(C)C2)CC(C)(C)N1,2.135,tdc,
COCC1OC(=O)c2coc3c2C1(C)C1=C(C3=O)C2CCC(=O)C2(C)CC1,4.122,tdc,
C1CC2OC2C1OC1CCC2OC12,1.93,tdc,
CC1CC(OC(=O)C(O)c2ccccc2)CC(C)(C)C1,1.743,tdc,
CN(C)CC(=O)NN=Cc1c(-c2ccccc2)nc2sccn12,2.737,tdc,
CC(C(=O)O)c1ccc2c(c1)Cc1cccnc1O2,3.632,tdc,
Cc1nc([N+](=O)[O-])cn1-c1ccc([N+](=O)[O-])cc1,1.712,tdc,
Cc1cn(-c2c(Cl)cccc2Cl)c(N)n1,2.986,tdc,
C=C1CC(=CC)C(=O)OC2CCN3CC=C(COC(=O)C1(C)O)C23,3.636,tdc,
CC(C)CCC(C)Nc1ccc(Nc2ccccc2)cc1,2.129,tdc,
Nc1ccc(Nc2ccccc2)cc1,2.599,tdc,
Oc1ccc(Nc2ccccc2)cc1,1.749,tdc,
c1ccc(Nc2ccccc2)cc1,2.1790000000000003,tdc,
CC(C)CC(C)Nc1ccc(Nc2ccccc2)cc1,1.875,tdc,
O=C(O)Cc1ccccc1Nc1c(Cl)cccc1Cl,3.676,tdc,
CCN(CC)CCSC(=O)N(c1ccccc1)c1ccccc1,2.948,tdc,
Cc1c(Cl)cccc1Nc1ccccc1C(=O)O,3.0660000000000003,tdc,
O=[N+]([O-])c1cc([N+](=O)[O-])c(Nc2cc(C(F)(F)F)ccc2Cl)c(C(F)(F)F)c1,3.66,tdc,
CCCCOC(=O)c1ccccc1Nc1cccc(C(F)(F)F)c1,2.82,tdc,
CC(C)Nc1ccc(Nc2ccccc2)cc1,2.497,tdc,
CC(C)(C)c1cc([N+](=O)[O-])cc([N+](=O)[O-])c1Nc1ccc([N+](=O)[O-])cc1[N+](=O)[O-],5.307,tdc,
O=[N+]([O-])c1ccc(Nc2ccc(O)cc2)c([N+](=O)[O-])c1,1.246,tdc,
O=C(O)Cc1cc(O)ccc1Nc1c(Cl)cccc1Cl,2.339,tdc,
O=C(O)Cc1ccccc1Nc1c(Cl)ccc(O)c1Cl,2.6060000000000003,tdc,
O=[N+]([O-])c1cc([N+](=O)[O-])c(Nc2c(Br)cc(Br)cc2Br)c(C(F)(F)F)c1,5.105,tdc,
O=C(O)Cc1cc(O)ccc1Nc1c(Cl)cc(O)cc1Cl,2.516,tdc,
O=NN(c1ccccc1)c1ccccc1,1.899,tdc,
Cc1ccc(Cl)c(Nc2ccccc2C(=O)O)c1Cl,3.472,tdc,
O=C(O)c1ccccc1Nc1cccc(Cl)c1CO,2.063,tdc,
Cc1c(Nc2ccccc2C(=O)O)ccc(O)c1Cl,2.177,tdc,
O=C(O)Cc1ccccc1Nc1c(Cl)cc(O)cc1Cl,3.216,tdc,
CN(c1ccc(Cl)cc1Br)c1c([N+](=O)[O-])cc([N+](=O)[O-])cc1C(F)(F)F,5.004,tdc,
CN(c1ccc(Cl)cc1Cl)c1c([N+](=O)[O-])cc([N+](=O)[O-])cc1C(F)(F)F,4.96,tdc,
CN(c1ccc(F)cc1F)c1c([N+](=O)[O-])cc([N+](=O)[O-])cc1C(F)(F)F,3.179,tdc,
CN(c1c(Br)cc(Br)cc1Br)c1c([N+](=O)[O-])cc([N+](=O)[O-])cc1C(F)(F)F,5.461,tdc,
COc1ccc(Nc2ccc(OC)cc2)cc1,1.968,tdc,
Cc1cccc(Nc2ccccc2C(=O)O)c1C,2.513,tdc,
O=C(O)COC(=O)Cc1ccccc1Nc1c(Cl)cccc1Cl,3.435,tdc,
O=C(OCCOCCO)c1ccccc1Nc1cccc(C(F)(F)F)c1,3.102,tdc,
O=NN(c1cccc(C(F)(F)F)c1)c1ccccc1C(=O)O,2.537,tdc,
CCOCOC(=O)c1ccccc1Nc1c(Cl)ccc(C)c1Cl,3.062,tdc,
O=C(O)c1ccccc1Nc1cccc(C(F)(F)F)c1,3.053,tdc,
O=[N+]([O-])c1ccc(Nc2ccccc2)c(S(=O)(=O)O)c1,2.126,tdc,
CCC1(c2ccccc2)CCC(=O)NC1=O,2.559,tdc,
ON=CC(O)(C#Cc1ccccc1)c1ccccc1,1.4580000000000002,tdc,
Nc1ncnc2c1ccn2C1OC(CO)C(O)C1O,4.221,tdc,
Cc1c(COC(=O)C2C(C=C(Cl)C(F)(F)F)C2(C)C)cccc1-c1ccccc1,3.89,tdc,
Cc1ccccc1COC1CC2(C(C)C)CCC1(C)O2,1.78,tdc,
CNC(=O)ON=C1CS(=O)CCS1,4.257,tdc,
CC1(C)C(C=C2CCSC2=O)C1C(=O)OCc1coc(Cc2ccccc2)c1,2.785,tdc,
[O-][n+]1onc2c1c1no[n+]([O-])c1c1no[n+]([O-])c21,1.942,tdc,
CC1=CC(=C2C(=O)c3ccccc3C2=O)C=CN1CCN1CCCCC1,2.951,tdc,
CC1COC(Cn2cncn2)(c2ccc(Oc3ccc(Cl)cc3)cc2Cl)O1,2.447,tdc,
CCCC(=O)OC1CCC(N2CCCCC2)CC1,2.123,tdc,
CC(C)C(=O)OC1CCC(N2CCCCC2)CC1,1.905,tdc,
CCCCC(=O)OC1CCC(N2CCCCC2)CC1,2.248,tdc,
CC(C)CC(=O)OC1CCC(N2CCCCC2)CC1,2.245,tdc,
CC(=O)OC1CCC(N2CCCCC2)CC1,2.063,tdc,
CCC(=O)OC1CCC(N2CCCCC2)CC1,2.082,tdc,
O=[N+]([O-])c1ccc(O)c(N=Nc2c(S(=O)(=O)O)cc3cc(S(=O)(=O)O)cc(Nc4nc(Cl)nc(Cl)n4)c3c2O)c1,1.841,tdc,
O=S(=O)(O)c1cc(Nc2nc(Cl)nc(Cl)n2)c2c(O)c(N=Nc3ccccc3)c(S(=O)(=O)O)cc2c1,1.884,tdc,
CNC(=O)Oc1cccc2sccc12,3.471,tdc,
CCOC(=N)c1sc2ccccc2c1O,1.743,tdc,
CN(C)C(=O)Oc1cccc2sccc12,3.813,tdc,
CCCSP(C)(=S)Oc1cccc2sccc12,3.782,tdc,
O=NN1CCCCO1,2.146,tdc,
CCOC(=O)C1CC(=O)C(=C(O)C2CC2)C(=O)C1,1.753,tdc,
CCOC(=O)c1ccc(NC(=O)Cc2ccc(C(=O)c3ccc(C)cc3)n2C)cc1,2.352,tdc,
O=[N+]([O-])N1CN([N+](=O)[O-])CN([N+](=O)[O-])C1,3.347,tdc,
OCCN1CN(CCO)CN(CCO)C1,2.458,tdc,
CCN1CN(CC)CN(CC)C1,2.734,tdc,
O=NN1CN(N=O)CN(N=O)C1,3.037,tdc,
CN(C)CCCN1CN(CCCN(C)C)CN(CCCN(C)C)C1,2.023,tdc,
C=CC(=O)N1CN(C(=O)C=C)CN(C(=O)C=C)C1,2.853,tdc,
COC(=O)C1C2CC3c4[nH]c5cc(OC)ccc5c4CCN3CC2CC(O)C1OC,2.937,tdc,
CN(C)c1ccc(C(O)(c2ccc(N(C)C)cc2)c2ccc(N(C)C)cc2)cc1,2.704,tdc,
CCCCCCCCSC(=O)Oc1cc(Cl)nnc1-c1ccccc1,2.2840000000000003,tdc,
OCCN(CCO)c1nc(N2CCCCC2)c2nc(N(CCO)CCO)nc(N3CCCCC3)c2n1,1.779,tdc,
C1COC(OCC2CO2)C(OCC2CO2)O1,2.337,tdc,
O=C(c1ccccc1)c1cccc2c1CCC2C(=O)O,3.812,tdc,
Cc1ccc(C(=O)c2cccc3c2CCC3C(=O)O)cc1,3.06,tdc,
N#CSCSc1nc2ccccc2s1,2.545,tdc,
c1ccc2scnc2c1,2.463,tdc,
Cc1ccc2sc(C)nc2c1,2.232,tdc,
CNC(=O)Nc1nc2ccccc2s1,2.209,tdc,
CC(=O)SCC(=O)Nc1nc2ccccc2s1,2.823,tdc,
CCCCSc1nc2ccccc2s1,2.245,tdc,
Nc1nc2ccc(OC(F)(F)F)cc2s1,3.716,tdc,
COc1cc2nc(N)sc2cc1OC,2.256,tdc,
CC(C)N(Sc1nc2ccccc2s1)C(C)C,1.71,tdc,
CCN(CC)C(=S)Sc1nc2ccccc2s1,1.673,tdc,
CN(CCn1cnc2c1c(=O)n(C)c(=O)n2C)c1ccccc1,2.037,tdc,
CCN(CC)C(O)c1c(C)[nH]n(-c2ccccc2)c1=O,2.571,tdc,
Cc1c(N(C)C)c(=O)n(-c2ccccc2)n1C,2.5860000000000003,tdc,
Cc1c(C(C)C)c(=O)n(-c2ccccc2)n1C,2.428,tdc,
Cc1c(N)c(=O)n(-c2ccccc2)n1C,2.0780000000000003,tdc,
Cc1cc(=O)n(-c2ccccc2)n1C,2.043,tdc,
Cc1c(I)c(=O)n(-c2ccccc2)n1C,2.1830000000000003,tdc,
COCCNC(=O)c1nc2c(N)nc(-c3ccccc3)nc2nc1NCCOC,1.899,tdc,
O=c1ccc2cc(CCCCN3CCN(c4ccccc4)CC3)ccc2[nH]1,2.859,tdc,
CC1N=C(N)CC1c1ccccc1,2.6180000000000003,tdc,
CCCCCC1=C(C)CCC1=O,1.823,tdc,
CCCCCC1=CCCC1=O,1.84,tdc,
CCC=CCC1=C(C)CCC1=O,1.517,tdc,
O=C1C(Cl)=C(Cl)C(Cl)(Cl)C1(Cl)Cl,3.21,tdc,
FC(F)(F)c1cccc(OCC2CNC(=S)O2)c1,2.724,tdc,
C1CCc2nnnn2CC1,2.994,tdc,
O=c1ccc2cc3ccoc3c(O)c2o1,2.624,tdc,
COc1c2occc2cc2ccc(=O)oc12,2.437,tdc,
CCN1CCC(=C(c2ccccc2)c2ccccc2)C1,2.767,tdc,
COc1cc(C(=O)N2CCCCCCC2)cc(OC)c1OC,3.374,tdc,
O=C1OC(=O)C2C1C1(Cl)C(Cl)=C(Cl)C2(Cl)C1(Cl)Cl,2.207,tdc,
CCCOC(=O)C1=C(C)NC(C)=C(C(=O)OCCC)C1C1=COCCO1,2.262,tdc,
COC(=O)C1=C(C)NC(C)=C(C(=O)OC)C1C1=COCCO1,2.189,tdc,
CCOC(=O)C1=C(C)NC(C)=C(C(=O)OCC)C1C1=COCCO1,2.227,tdc,
CC(C)(C)C(O)C(=Cc1ccc(Cl)cc1)n1cncn1,2.832,tdc,
CC(C)(C)C(O)C(=Cc1ccc(Cl)cc1Cl)n1cncn1,2.838,tdc,
Cn1c(=O)on(-c2ccc(Cl)c(Cl)c2)c1=O,2.526,tdc,
CNC(=O)ON=C1C(Cl)C2CC(C#N)C1C2,3.985,tdc,
CNC(=O)ON=C1C2CCC(C2)C1(C)[N+](=O)[O-],4.002,tdc,
C#CCON=C1CC2CCC1(C)C2(C)C,2.166,tdc,
CC(=C1CCOC(=O)S1)N(C=O)Cc1cnc(C)nc1N,1.608,tdc,
COc1nccnc1NS(=O)(=O)c1ccc(N)cc1,2.01,tdc,
CC(C(=O)O)c1ccc(N2CC3=C(CC=CC3)C2=O)cc1,2.9360000000000004,tdc,
COc1c(C)c2c(c(O)c1CC=C(C)CCC(=O)O)C(=O)OC2,2.959,tdc,
CCCCC1OC(=O)c2ccccc21,1.89,tdc,
O=C1OCc2c(Cl)c(Cl)c(Cl)c(Cl)c21,1.133,tdc,
CC(C)=CC1C(C(=O)OCc2coc(Cc3ccccc3)c2)C1(C)C,2.435,tdc,
CC1(C)C(C(=O)OCc2coc(Cc3ccccc3)c2)C1(C)C,3.345,tdc,
CCC=CC1C(C(=O)OCc2coc(Cc3ccccc3)c2)C1(C)C,2.6260000000000003,tdc,
CCN(C(=O)c1cc(Cl)nc(Cl)c1)C1CC1,3.5210000000000004,tdc,
CCCCCCCCCCCCCCCCCC1=NCCN1,1.988,tdc,
CCCCCCCCCCCCCCCCCC1=NCCN1CCO,1.967,tdc,
c1ccc(Sc2ccccc2)cc1,2.58,tdc,
Oc1c(Cl)cc(Cl)cc1Sc1cc(Cl)cc(Cl)c1O,4.706,tdc,
Oc1ccc(Sc2ccc(O)cc2)cc1,1.812,tdc,
CC(C)(C)c1cc(Cl)cc(Sc2cc(Cl)cc(C(C)(C)C)c2O)c1O,1.816,tdc,
O=[N+]([O-])c1ccc(Sc2ccc([N+](=O)[O-])cc2)cc1,2.268,tdc,
Clc1cccc(Sc2ccccc2)c1,2.222,tdc,
Cc1cc(Sc2cc(C)c(O)c(C(C)(C)C)c2)cc(C(C)(C)C)c1O,1.7519999999999998,tdc,
Cc1cc(Cl)cc(Sc2cc(Cl)cc(C)c2O)c1O,5.385,tdc,
CCCSP(=O)(OCC)Oc1ccc(Sc2ccc(Cl)cc2)cc1,2.766,tdc,
COCC(=O)Nc1cc(Sc2ccccc2)ccc1N=C(NC(=O)OC)NC(=O)OC,1.624,tdc,
Cc1cc(O)c(C(C)(C)C)cc1Sc1cc(C(C)(C)C)c(O)cc1C,2.184,tdc,
Clc1ccc(Sc2cc(Cl)c(Cl)cc2Cl)cc1,1.913,tdc,
Nc1ccc(Sc2ccc(N)cc2)cc1,2.381,tdc,
COP(=S)(OC)Oc1ccc(Sc2ccc(OP(=S)(OC)OC)c(C)c2)cc1C,3.2960000000000003,tdc,
Oc1cc(O)cc(Sc2cc(O)cc(O)c2)c1,1.766,tdc,
COP(=S)(OC)Oc1ccc(Sc2ccc(OP(=S)(OC)OC)cc2)cc1,2.669,tdc,
CCOP(=S)(Oc1cccc2cccnc12)c1ccccc1,3.342,tdc,
COc1nc(C)nc(NC(=O)NS(=O)(=O)c2ccccc2Cl)n1,1.81,tdc,
O=C(NC1CCN(CCc2c[nH]c3ccccc23)CC1)c1ccccc1,2.286,tdc,
O=C(OC1CCC(N2CCCCC2)CC1)c1ccccc1,2.5660000000000003,tdc,
O=C(OC1CCC(N2CCCCC2)CC1)c1ccc([N+](=O)[O-])cc1,2.01,tdc,
COc1cc(C(=O)OC2CCC(N3CCCCC3)CC2)cc(OC)c1OC,2.764,tdc,
Cc1nnc(C(CCN2CC3CCC2CC3)(c2ccccc2)c2ccccc2)o1,3.567,tdc,
CCc1nc(N)nc(N)c1-c1ccccc1,3.2310000000000003,tdc,
Cc1nc(N)nc(N)c1-c1ccc(Br)cc1,3.048,tdc,
CCc1nc(N)nc(N)c1-c1ccc(Cl)cc1,2.752,tdc,
CCCCC1C(=O)NN(c2ccccc2)C1=O,2.123,tdc,
Cc1cccc(CN2CCN(C(c3ccccc3)c3ccc(Cl)cc3)CC2)c1,2.349,tdc,
[O-][N+]1=NC2CC1C1C2C2(Cl)C(Cl)=C(Cl)C1(Cl)C2(Cl)Cl,5.136,tdc,
C1=CCC(C2OCC3(CC=CCC3)CO2)CC1,1.655,tdc,
CCNc1nc(=O)nc(NC(C)(C)C(=O)O)[nH]1,2.485,tdc,
NS(=O)(=O)c1cc2c(cc1Cl)NC(CC1CCCC1)NS2(=O)=O,2.58,tdc,
CN(C(=O)CN(CCO)CC(=O)N(C)C(C)(C)Cc1ccccc1)C(C)(C)Cc1ccccc1,2.873,tdc,
COP(=S)(OC)SCN1C(=O)CCC1=O,4.585,tdc,
CCC1(C)CC(=O)NC1=O,1.89,tdc,
O=C1CCC(=O)N1,0.85,tdc,
CC(C)(COCC1CO1)COCC1CO1,1.682,tdc,
O=CC1C(=O)N(c2ccccc2)N=C1c1ccccc1,2.525,tdc,
O=C1CN=C(c2ccccc2)c2c(sc3c2CCCC3)N1,2.171,tdc,
O=c1c2cccnc2oc2c(Cl)cc(-c3nnn[nH]3)cc12,1.273,tdc,
CCOP(=O)(OCC)SC1CS(=O)CC1Cl,4.144,tdc,
CC#CCC(C)C(O)C=CC1C(O)CC2Oc3c(CCCC(=O)O)cccc3C21,4.521,tdc,
c1ccc(P(C2CCCCC2)C2CCCCC2)cc1,2.525,tdc,
Clc1ccc(CSC(Cn2cncn2)=Nc2ccc(Cl)cc2Cl)cc1,2.167,tdc,
C=CCOc1ccccc1C(=O)NC1CCCCC1,2.335,tdc,
O=C(C=Cc1ccccc1)OCc1ccccc1,1.634,tdc,
COP(=O)(N=C1SCCN1C)SC,5.212999999999999,tdc,
Cc1cccc(C)c1NC1=NCCCS1,3.229,tdc,
CC(=O)C1=C(O)C2C3c4c[nH]c5cccc(c45)CC3C(C)(C)N2C1=O,3.971,tdc,
OC1CC2CC1C1CC3OC3C21,1.725,tdc,
Cc1cccc(C)c1Nc1ncccc1C(=O)O,5.023,tdc,
O=C(O)c1cccnc1Nc1cccc(C(F)(F)F)c1,3.053,tdc,
Cc1c(Cl)cccc1Nc1ncccc1C(=O)O,2.894,tdc,
CSc1nc(-c2ccc(Cl)cc2)n(-c2ccc(Cl)cc2)n1,2.64,tdc,
CS(=O)(=O)c1nc(-c2ccc(F)cc2)n(-c2ccc(Cl)cc2)n1,3.1660000000000004,tdc,
CC(=O)OC1CC2(O)C(CCC3(C)C(c4ccc(=O)oc4)CCC32O)C2(C)CCC(O)C=C12,5.038,tdc,
COc1ccc(Cc2cnc(N)nc2N)cc1OC,1.85,tdc,
COCCOc1c(OC)cc(Cc2cnc(N)nc2N)cc1OC,2.455,tdc,
COc1cc(Cc2cnc(N)nc2N)cc(OC)c1OC,3.162,tdc,
COc1cc(Cc2cnc(N)nc2N)cc(OC)c1Br,2.13,tdc,
COc1cc(Cc2cnc(N)nc2N)cc(OC)c1N(C)C,2.335,tdc,
CC(C)C(O)(c1ccc(OC(F)(F)F)cc1)c1cncnc1,2.644,tdc,
CCc1occc(=O)c1O,2.086,tdc,
Cc1occc(=O)c1O,1.952,tdc,
COc1coc(CSP(=O)(OC)OC)cc1=O,4.086,tdc,
CNC(=O)ON=CC1(C)SCCS1,4.572,tdc,
CNC(=O)ON=CC1(C)SCC(C)S1,5.37,tdc,
CCOP(=O)(OCC)SCC1(C)SCCS1,4.033,tdc,
CNC(=O)ON=CC1(C)SC(C)C(C)S1,4.997,tdc,
CCOC(=O)c1cnn(C)c1-n1cnc2ccccc2c1=O,2.229,tdc,
CCOC(=O)c1cnn(C)c1-n1c(CC)nc2ccccc2c1=O,2.252,tdc,
S=C1NCCC(COc2ccccc2)O1,2.006,tdc,
CN(C)CC(=O)NN=Cc1c(Cl)nc2sccn12,2.28,tdc,
Cc1nc2sccn2c1C=NNC(=O)CN(C)C,2.248,tdc,
O=C1NCCN1N=Cc1ccc([N+](=O)[O-])o1,2.125,tdc,
c1ccc(CC2OCCO2)cc1,1.873,tdc,
OCC1COC(Cc2ccccc2)O1,2.053,tdc,
Cc1cc(=O)nc(C(C)C)[nH]1,1.751,tdc,
CCCCc1c(C)[nH]c(N(C)C)nc1=O,1.95,tdc,
CCCCc1c(C)[nH]c(NCC)nc1=O,1.719,tdc,
CC(=O)OC1c2cccc(O)c2C(=O)c2c(O)cccc21,2.9130000000000003,tdc,
CCCC(=O)C1c2cccc(O)c2C(=O)c2c(O)cccc21,2.273,tdc,
CCC(=O)C1c2cccc(O)c2C(=O)c2c(O)cccc21,3.3110000000000004,tdc,
O=C(O)CCc1nc(-c2ccccc2)c(-c2ccccc2)o1,1.817,tdc,
Cc1cccc(N2CCN(CCCCN3C(=O)CNC3=O)CC2)c1,2.9360000000000004,tdc,
O=C1CN(N=Cc2ccc([N+](=O)[O-])o2)C(=O)N1,2.596,tdc,
CC=C(C)C(=O)OC1C(OC(C)=O)C2(CO)C(O)CC3(C)C(=CCC4C5(C)CCC(OC6OC(C(=O)O)C(OC7OC(CO)C(O)C(O)C7O)C(O)C6OC6OC(CO)C(O)C(O)C6O)C(C)(CO)C5CCC43C)C2CC1(C)C,3.196,tdc,
CCCc1c(OCCCCc2nnn[nH]2)ccc(C(C)=O)c1O,2.69,tdc,
O=C1c2ccccc2C(=O)N1CC1CO1,1.636,tdc,
CCN1CCCC(Nc2cc(C)nc(NC(=N)Nc3ccc(Cl)c(Cl)c3)n2)C1,2.608,tdc,
COP(=S)(OC)SC1CSC=CO1,3.412,tdc,
OC(c1ccc(Cl)cc1)(c1cncnc1)c1ccccc1Cl,2.122,tdc,
OC(c1ccc(F)cc1)(c1cncnc1)c1ccccc1Cl,2.401,tdc,
OC(c1ccccc1)(c1cncnc1)c1ccc(Cl)cc1Cl,2.742,tdc,
c1cc[n+]2c(c1)-c1cccc[n+]1CC2,2.902,tdc,
O=C(O)C1CSC(c2ccccc2O)N1C(=O)CCS,1.578,tdc,
CCN1CCCC1CNC(=O)c1cc(Cl)cc(Cl)c1OCc1ccccc1,2.85,tdc,
C1CCNC1,2.375,tdc,
CC1CN(CCO)CC1C,2.066,tdc,
CC(CS)C(=O)N1CCCC1C(=O)O,1.709,tdc,
O=NN1CCCC1,2.046,tdc,
CNC(=O)ON=C(C)SCC(=O)N1CCCC1,4.023,tdc,
CCOC(=O)C1CCCN1N=O,1.537,tdc,
CN(C)C1C(O)=C(C(N)=O)C(=O)C2(O)C(O)=C3C(=O)c4c(O)cccc4C(C)(O)C3C(O)C12,1.982,tdc,
c1ccc(-c2cccc(-c3ccccc3)c2)cc1,1.982,tdc,
O=C(OCC1CO1)c1cccc(C(=O)OCC2CO2)c1,2.444,tdc,
CN1C(=O)C2(Cc3cn(C45CC67SSC(CO)(C(=O)N6C4Nc4ccccc45)N(C)C7=O)c4ccccc34)SSC1(CO)C(=O)N2C,3.977,tdc,
C=CCNc1nc(NCC=C)nc(N(CCCCCCN(c2nc(NCC=C)nc(NCC=C)n2)C2CC(C)(C)NC(C)(C)C2)C2CC(C)(C)NC(C)(C)C2)n1,2.285,tdc,
CCCCC(Cc1cc(C(C)(C)C)c(O)c(C(C)(C)C)c1)(C(=O)OC1CC(C)(C)N(C)C(C)(C)C1)C(=O)OC1CC(C)(C)N(C)C(C)(C)C1,2.66,tdc,
Cc1cc(OC(=O)N(C)C)n(-c2ccccc2)n1,3.597,tdc,
CCCSP(=O)(OCC)Oc1cnn(-c2ccc(Cl)cc2)c1,3.1830000000000003,tdc,
Cc1cc(N)n(-c2ccccc2)n1,1.841,tdc,
N#Cc1nn(-c2c(Cl)cc(C(F)(F)F)cc2Cl)c(N)c1S(=O)(=O)C(F)(F)F,3.391,tdc,
COc1cc(C(=O)N(C)C)nn1-c1cccc(Cl)c1,2.549,tdc,
CNC(=O)c1cc(OC)n(-c2cccc(Cl)c2)n1,2.237,tdc,
C1CCC2OC2C1,1.954,tdc,
C=CC1CCC2OC2C1,1.793,tdc,
CC(C)C1CCC(C)C2OC12,1.348,tdc,
CO[Si](CCC1CCC2OC2C1)(OC)OC,1.3019999999999998,tdc,
C=CCOC(=O)C1CC2OC2CC1C,2.594,tdc,
CC(=O)OCC1CC2OC2CC1C,1.281,tdc,
N#CC1CCC2OC2C1,2.001,tdc,
N#CCCC1CN2CCc3cc4c(cc3C2CC1=O)OCO4,2.326,tdc,
CC1=C(C(=O)Nc2ccccc2)CCCO1,1.161,tdc,
CC(c1ccc(Cl)c(Cl)c1)N1N=C(N)CC1=O,2.242,tdc,
O=C1C=Cc2cc(Br)ccc2C1=O,1.784,tdc,
CCOCCc1ccc(OCCNc2ncnc(CC)c2Cl)c(C)c1C,3.517,tdc,
CC(C(=O)O)c1ccc2c(c1)[nH]c1ccc(Cl)cc12,3.568,tdc,
Nc1ncnc(Nc2cccc(Cl)c2)n1,2.744,tdc,
Clc1nc(Cl)nc(Nc2ccccc2Cl)n1,2.009,tdc,
C#CCc1ccc(COC(=O)C2C(C=C(C)C)C2(C)C)o1,1.457,tdc,
CCOC(=O)C(C)Oc1ccc(Oc2nc3ccc(Cl)cc3s2)cc1,2.62,tdc,
COc1ccccc1OCC(O)COC(=O)c1cccnc1,1.595,tdc,
CC[N+]1(C)CCCC(OC(=O)C([O-])(c2ccccc2)c2ccccc2)C1,2.619,tdc,
O=C(O)CC(O)c1ccc(-c2ccc(Cl)cc2)o1,2.035,tdc,
NC(=O)C1(N2CCCCC2)CCN(CCCN2c3ccccc3CCc3ccccc32)CC1,2.639,tdc,
COc1ccc(OC)c(Cc2cnc3nc(N)nc(N)c3c2C)c1,2.445,tdc,
CC(=O)OCC12CC(O)C(C)=CC1OC1C(O)C(O)C2(C)C12CO2,3.973,tdc,
CC1=CC2OC3C(O)C(O)C(C)(C2(CO)CC1O)C31CO1,3.908,tdc,
CC(=O)OCC12CC(OC(=O)CC(C)C)C(C)=CC1OC1C(O)C(OC(C)=O)C2(C)C12CO2,5.238,tdc,
CC(=O)OCC12CCC(C)=CC1OC1C(O)C(OC(C)=O)C2(C)C12CO2,4.718999999999999,tdc,
CNC1C(OC2C(OC3C(O)C(O)C(NC(=N)N)C(O)C3NC(=N)N)OC(C)C2(O)C=O)OC(CO)C(O)C1O,1.81,tdc,
Nc1ncc(C=Cc2ccc([N+](=O)[O-])o2)nn1,2.97,tdc,
O=c1c2ccccc2nc2n1OCC2,2.678,tdc,
CC1COn2c1nc1ccccc1c2=O,2.422,tdc,
CCn1cc(C(=O)O)c(=O)c2cc(F)c(N3CCNC(C)C3)c(F)c21,1.966,tdc,
O=P1(N(CCCl)CCCl)OCCCN1CCCl,3.205,tdc,
O=P1(NCCCl)OCCCN1CCCl,3.261,tdc,
Cc1nc(C)c(C(=O)Nc2ccccc2)s1,1.7719999999999998,tdc,
Cc1nc(N)sc1C(=O)Nc1ccccc1,2.219,tdc,
CC1CCCCOC1=O,1.133,tdc,
O=C1CCCCCO1,1.425,tdc,
O=C1OCCO1,0.945,tdc,
CC1COC(=O)O1,0.547,tdc,
O=C1OCC(CCl)O1,3.232,tdc,
C1OCC(COCC2COCO2)O1,1.568,tdc,
CNC(=O)Oc1ccccc1C1OCCCO1,3.2230000000000003,tdc,
O=C1CCOc2ccccc21,1.7480000000000002,tdc,
c1cc(-c2ccncc2)ccn1,2.958,tdc,
CC(C)(C)NC(=O)C1CCC2C3CCC4NC(=O)C=CC4(C)C3CCC12C,2.95,tdc,
CC[Si]1(CC)N[Si](CC)(CC)N[Si](CC)(CC)N1,2.199,tdc,
C[Si]1(C)N[Si](C)(C)N[Si](C)(C)N1,2.642,tdc,
CC=Cc1ccc(OCc2ccccc2)c(OC)c1,1.715,tdc,
CCN(CC)CCNC(=O)c1cc(Cl)cc(Cl)c1OCc1ccccc1,2.7910000000000004,tdc,
O=C(O)Cc1ccc(OCc2ccccc2)c(Cl)c1,1.992,tdc,
CNCCC(Oc1ccc(C(F)(F)F)cc1)c1ccccc1,2.574,tdc,
CCN(CC)CCNC(=O)c1cc(Cl)c(N)cc1OCc1ccccc1,3.233,tdc,
Cc1ccc(S(=O)(=O)NC(=O)NN2CC3CCCC3C2)cc1,1.811,tdc,
COc1ccc(C(=O)NCc2cccnc2)cc1C(=O)NCc1cccnc1,2.099,tdc,
CC1COc2c(N3CCN(C)CC3)c(F)cc3c(=O)c(C(=O)O)cn1c23,2.003,tdc,
CCSc1nc(=O)n(CC(C)(C)C)c(=O)n1N,1.868,tdc,
Clc1ccc(C(OCCN2CCCCC2)c2ccccc2)cc1,2.152,tdc,
NCC1CCC=CO1,2.0540000000000003,tdc,
COC1CCC=CO1,1.908,tdc,
CCOC1CC(C)C=CO1,1.621,tdc,
CCOC1CCC=CO1,1.318,tdc,
O=CC1CCC=CO1,1.358,tdc,
CC1=COC(C)(C=O)CC1,1.756,tdc,
CNC(=O)Oc1ccccc1C1OCCS1,3.631,tdc,
CCOc1ccccc1OCC(O)CNCCNCC(O)COc1ccccc1OCC,2.904,tdc,
CC(C)=CCC(CCN1CCCCC1)(C(N)=O)c1cccc2ccccc12,3.806,tdc,
S=P(N1CC1)(N1CC1)N1CC1,3.915,tdc,
c1ccc(COCc2ccccc2)cc1,1.899,tdc,
CC(OC(C)c1ccccc1)c1ccccc1,1.3630000000000002,tdc,
CC1(C)CC1CC1C(=O)N(c2ccccc2)N(c2ccccc2)C1=O,2.6210000000000004,tdc,
COP(=S)(OC)SC(C)N1CC(=O)C(=O)C1,4.704,tdc,
CCC(C)=C1C(=O)N(c2ccccc2)N(c2ccccc2)C1=O,2.181,tdc,
CC(C)=C1C(=O)N(c2ccccc2)N(c2ccccc2)C1=O,2.357,tdc,
COC1=C(OC)C(=O)C(CCCCCCCCCCO)=C(C)C1=O,1.529,tdc,
O=C1C=CC(=O)C=C1,2.92,tdc,
O=C1C(Cl)=C(Cl)C(=O)C(Cl)=C1Cl,1.789,tdc,
CC1=CC(=O)C(C)=C(C)C1=O,2.8760000000000003,tdc,
CSC(C)=NOC(=O)N(C)SN(C1CCCCC1)P1(=S)OCC(C)(C)CO1,1.755,tdc,
O=CN(c1ncnc2c1ncn2C1CC1)C1CC1,3.143,tdc,
c1nc(NC2CC2)c2ncn(C3CC3)c2n1,3.219,tdc,
CC1=CC(C)(C)CC(=O)C1,1.671,tdc,
O=C(NC(CCc1ccc2c(c1)OCO2)CCc1ccc2c(c1)OCO2)c1ccc(Cl)cc1,2.4130000000000003,tdc,
C[Si]1(C)N[Si](C)(C)N[Si](C)(C)N[Si](C)(C)N1,3.466,tdc,
O=C(Nc1ccc(Cl)cc1)c1cc(Cl)cc(-c2ccc(Cl)cc2)c1O,2.145,tdc,
Cc1cc(F)ccc1NC(=O)c1cc(Cl)cc(-c2ccc(Cl)cc2)c1O,2.192,tdc,
O=C(Nc1cc(Cl)ccc1Cl)c1cc(Cl)cc(-c2ccccc2)c1O,1.794,tdc,
COc1ccc(CCNCC(O)c2ccc(O)cc2)cc1OC,1.53,tdc,
COc1ccc(C(=O)N2CCCC2=O)cc1,1.6880000000000002,tdc,
O=S1(=O)CCCCO1,2.435,tdc,
O=C1CN2CCOC2(c2ccccc2F)c2cc(Br)ccc2N1,2.121,tdc,
O=C1CN2CCOC2(c2ccccc2Cl)c2cc(Cl)ccc2N1,2.293,tdc,
CC1COC2(c3ccccc3Cl)c3cc(Cl)ccc3NC(=O)CN12,1.907,tdc,
CC1(C(=O)O)CCC2(C)CCC3(C)C(=CC(=O)C4C5(C)CCC(OC(=O)CCC(=O)O)C(C)(C)C5CCC43C)C2C1,2.367,tdc,
O=C1CCC(=O)N1c1cc(Cl)cc(Cl)c1,2.438,tdc,
C1CC(C2CO2)OCC1C1CO1,2.009,tdc,
CN(CCO)Cc1cc(C(=O)c2cccs2)cc(C(C)(C)C)c1O,2.541,tdc,
CC(C(=O)O)c1ccc(C(=O)c2cccs2)cc1,3.567,tdc,
CC(C)(C)c1cc(C(=O)c2cccs2)cc(C(C)(C)C)c1O,2.291,tdc,
CC(C(=O)O)c1ccc(C(=O)c2ccccc2)s1,3.158,tdc,
c1cc2ccc3cccc4ccc(c1)c2c34,1.875,tdc,
Nc1ccc2ccc3cccc4ccc1c2c34,2.3080000000000003,tdc,
Cc1nc(NCc2ccccc2)c2cc[nH]c2n1,3.474,tdc,
C=CCCCOC(=O)C(CC)N(Cc1ccco1)C(=O)n1ccnc1,2.547,tdc,
O=C(Nc1cc(F)ccc1F)NC1CC1,3.145,tdc,
COC1(C)CC(c2ccccc2)c2c(c3ccccc3oc2=O)O1,1.906,tdc,
CCON=C(CC)C1=C(O)CC(c2c(C)cc(C)cc2C)CC1=O,2.547,tdc,
CCOC(=O)C(CCc1ccccc1)NC(C)C(=O)N1C(C(=O)O)CC2CCCCC21,2.236,tdc,
OCC1OC(n2cnc3c(NCC(c4ccccc4)c4ccccc4)ncnc32)C(O)C1O,3.431,tdc,
COC(=O)C(C)N(C(=O)Cc1ccccc1)c1c(C)cccc1C,1.889,tdc,
CC1CN(C(=O)Cn2c(=O)sc3ccccc32)CC(C)O1,2.282,tdc,
c1ccc(N2CCOCC2)cc1,2.244,tdc,
O=C(c1ccc(Cl)cc1)n1cc(Cc2nnn[nH]2)c2ccccc21,2.449,tdc,
O=C(CN1CCOCC1)NN=Cc1ccc([N+](=O)[O-])o1,2.827,tdc,
O=S1OCC2C(CO1)C1(Cl)C(Cl)=C(Cl)C2(Cl)C1(Cl)Cl,4.354,tdc,
CCC1(c2ccccc2)CCNC1=O,2.281,tdc,
CN1CCC(N(Cc2cccs2)c2ccccc2)CC1,2.432,tdc,
CCCCOC(=O)c1ccc(-n2nc(OCc3ccccc3)c3ccccc32)cc1,2.302,tdc,
c1ccc(P(N=P(c2ccccc2)(c2ccccc2)c2ccccc2)c2ccccc2)cc1,1.853,tdc,
NS(=O)(=O)c1cc2c(cc1Cl)NCNS2(=O)=O,2.035,tdc,
NS(=O)(=O)c1cc2c(cc1Cl)NC(C(Cl)Cl)NS2(=O)=O,1.832,tdc,
O=c1oc2ccccc2c(O)c1C(CC(O)c1ccc(-c2ccc(Br)cc2)cc1)c1ccccc1,6.032,tdc,
O=C(Nc1cccc(Cl)c1)OCC#CCOC(=O)Nc1cccc(Cl)c1,2.286,tdc,
N=C(Nc1c([N+](=O)[O-])cnc2ccccc12)N1CCOCC1,1.877,tdc,
CC1C2Cc3ccc(O)cc3C1(C)CCN2CCc1ccccc1,3.553,tdc,
CC(C)(C(=O)c1cccnc1)c1cccnc1,2.638,tdc,
N#CC(OC1OC(COC2OC(CO)C(O)C(O)C2O)C(O)C(O)C1O)c1ccccc1,2.943,tdc,
CC1=CCC(=O)O1,1.401,tdc,
Cc1ccc(N=CN(C)SN(C)C=Nc2ccc(C)cc2C)c(C)c1,3.073,tdc,
c1ccc(CNc2[nH]cnc3ncnc2-3)cc1,2.025,tdc,
CCC(=O)C1(N2CCCCC2)CCN(CCCC(=O)c2ccc(F)cc2)CC1,2.697,tdc,
NC(=O)C1(N2CCCCC2)CCN(CCCC(=O)c2ccc(F)cc2)CC1,3.37,tdc,
CCC(C(=O)c1ccc2[nH]c(=O)ccc2c1)N1CCN(c2cccc(Cl)c2)CC1,2.914,tdc,
CC12CC=CCC1C(=O)OC2=O,1.843,tdc,
O=C1OC(=O)C2CC(Cl)=CCC12,1.741,tdc,
C(=NC(N=Cc1ccco1)c1ccco1)c1ccco1,2.827,tdc,
CSc1nnc(C2(C)CC2(Cl)Cl)c(=O)n1N,2.365,tdc,
SCCc1cnccn1,2.948,tdc,
Cc1nccnc1C,2.247,tdc,
CCc1ncc(C)nc1C,2.475,tdc,
CSCc1cnccn1,1.814,tdc,
Cc1cnc(C)c(C)n1,2.181,tdc,
CCc1nccnc1C,2.309,tdc,
SCc1cnccn1,1.871,tdc,
CCc1cnc(C)cn1,2.133,tdc,
Cc1cnc(C)cn1,2.025,tdc,
Cc1cncc(C)n1,2.09,tdc,
CCOP(=S)(OCC)Oc1cnccn1,4.851,tdc,
Cc1cnccn1,1.7180000000000002,tdc,
Cc1nc(C)c(C)nc1C,1.853,tdc,
C=CCN(C1=NCCN1)c1c(Cl)cccc1Cl,2.733,tdc,
O=c1nn[nH]c2ccccc12,2.393,tdc,
COP(=S)(OC)SCn1nnc2ccccc2c1=O,4.656000000000001,tdc,
CCOP(=S)(OCC)SCn1nnc2ccccc2c1=O,4.6930000000000005,tdc,
COc1ccc2c(c1)c(CC(=O)Oc1ccccc1Cl)c(C)n2C(=O)c1ccc(Cl)cc1,3.489,tdc,
COc1ccc2c(c1)c(CC(=O)Oc1cccc(Cl)c1)c(C)n2C(=O)c1ccc(Cl)cc1,3.139,tdc,
COc1ccc2c(c1)c(CC(=O)Oc1cccc(C(F)(F)F)c1)c(C)n2C(=O)c1ccc(Cl)cc1,3.213,tdc,
COc1ccc2c(c1)c(CC(=O)Oc1cccc(C)c1)c(C)n2C(=O)c1ccc(Cl)cc1,3.66,tdc,
COc1ccc2c(c1)c(CC(=O)Oc1ccccc1C(=O)O)c(C)n2C(=O)c1ccc(Cl)cc1,3.905,tdc,
COc1ccc2c(c1)c(CC(=O)Oc1ccc(NC(C)=O)cc1)c(C)n2C(=O)c1ccc(Cl)cc1,2.7430000000000003,tdc,
CCCCCCCCCCCCCN1CC(C)OC(C)C1,2.661,tdc,
COP(=S)(OC)SCC(=O)N1CCOCC1,3.177,tdc,
CSC(C)=NOC(=O)N(C)SN1CCOCC1,3.425,tdc,
CSC(C)(C)C=NOC(=O)N(C)SN1CCOCC1,5.409,tdc,
N#CCN1CCOCC1,2.011,tdc,
CCN1CCOCC1,1.811,tdc,
CN(C)C(=S)SCN1CCOCC1,2.167,tdc,
CC1CNCC(C)O1,1.61,tdc,
O=CN1CCOCC1,1.248,tdc,
COP(=O)(OC)N1CCOCC1,1.519,tdc,
CC(=O)N1CCOCC1,1.324,tdc,
NCCCN1CCOCC1,1.608,tdc,
NCCN1CCOCC1,1.6369999999999998,tdc,
CCCCN1CCOCC1,2.627,tdc,
CN1CCOCC1,1.713,tdc,
O=NN1CCOCC1,2.615,tdc,
OCCN1CCOCC1,1.039,tdc,
O=CNC(N1CCOCC1)C(Cl)(Cl)Cl,2.422,tdc,
C1COCCN1,1.919,tdc,
CC(C#N)N1CCOCC1,3.207,tdc,
OCC1OC(OC2(CO)OC(CO)C(O)C2O)C(O)C(O)C1O,1.062,tdc,
O=C(OCc1ccccc1)c1sc(Cl)nc1C(F)(F)F,1.808,tdc,
CN(C)c1nc(=O)n(C2CCCCC2)c(=O)n1C,2.174,tdc,
COc1ccccc1NC(=O)CC(=O)c1ccccc1,2.226,tdc,
CCC(=O)n1c(=O)n(C2CCN(CCC(C#N)(c3ccccc3)c3ccccc3)CC2)c2ccccc21,3.543,tdc,
Cc1oncc1C(=O)Nc1ccc(C(F)(F)F)cc1,3.0610000000000004,tdc,
O=P(CCn1c(Cc2ccccc2)nc2ccccc21)(OCCCl)OCCCl,1.852,tdc,
CC1(C)C(C=C(Cl)Cl)C1C(=O)OC(C#N)c1cccc(Oc2ccccc2)n1,2.958,tdc,
CC1CC2OC2CC1COC(=O)C1CC2OC2CC1C,1.7719999999999998,tdc,
O=C(OCC1CCC2OC2C1)C1CCC2OC2C1,1.75,tdc,
CC1OC(OC2C(O)C(O)C(O)C(O)C2O)C(N)CC1NC(=N)C(=O)O,1.5219999999999998,tdc,
CCCCOC(=O)c1ccc(-n2nc(OCCN3CCCCC3)c3ccccc32)cc1,2.324,tdc,
CC1=CC(=O)N2CC(=O)N(C)c3ccc(Cl)cc3C2(c2ccccc2)O1,1.868,tdc,
c1ccc(-c2nnn[nH]2)cc1,1.886,tdc,
COc1cc(S(C)=O)ccc1-c1nc2ncccc2[nH]1,2.96,tdc,
CCOP(=O)(OCC)Oc1cc(C)oc(=O)c1,4.895,tdc,
c1ccc2cnccc2c1,2.555,tdc,
O=C(O)c1cc(-n2c(-c3ccccc3)cc3c2CCc2ccccc2-3)ccc1O,2.928,tdc,
CC(C)(C)c1ccc(C(O)CCCN2CCC(C(O)(c3ccccc3)c3ccccc3)CC2)cc1,1.975,tdc,
CCC(C(=O)N1CCCC1C)(c1ccccc1)c1ccccc1,2.975,tdc,
O=c1[nH]c(=O)n(C2CC(O)C(CO)O2)cc1Br,1.5630000000000002,tdc,
O=c1[nH]c(=O)n(C2CC(O)C(CO)O2)cc1F,3.059,tdc,
NC(=O)OCC(O)C(O)C(N)C(=O)NC(C(=O)O)C1OC(n2cc(CO)c(=O)[nH]c2=O)C(O)C1O,1.539,tdc,
O=c1[nH]c(=O)n(C2CCCO2)cc1F,2.333,tdc,
CC1OC(n2cc(F)c(=O)[nH]c2=O)C(O)C1O,1.861,tdc,
O=C(O)CCC1(Cc2ccccc2)CCCCC1=O,2.114,tdc,
CCN(Cc1c(F)cccc1Cl)c1c([N+](=O)[O-])cc(C(F)(F)F)cc1[N+](=O)[O-],2.134,tdc,
O=C1OC(=O)c2ccc3c4c(ccc1c24)C(=O)OC3=O,1.5590000000000002,tdc,
O=P(N1CC1)(N1CC1)N1CC1,3.67,tdc,
CC1CN1P(=O)(N1CC1C)N1CC1C,3.199,tdc,
Cc1oncc1C(=O)N1CCCCC1,2.195,tdc,
C1CSCCS1,1.638,tdc,
CC1Cc2cc3c(cc2C(c2ccc(N)cc2)=NN1)OCO3,2.926,tdc,
CCCc1cc(=O)[nH]c(=S)[nH]1,1.934,tdc,
Cc1cc(=O)[nH]c(=S)[nH]1,1.707,tdc,
CCOC(=O)C1(CCCCCCOc2ccc(Cl)cc2)CO1,3.116,tdc,
C1CN(SSN2CCOCC2)CCO1,1.74,tdc,
O=C(O)Cn1c(=O)n(Cc2ccc(Br)cc2F)c(=O)c2ccc(F)cc21,2.297,tdc,
O=C(O)Cn1c(=O)n(Cc2ccc(Br)cc2F)c(=O)c2ccc(Cl)cc21,2.017,tdc,
C1C[SiH2]C1,1.671,tdc,
OCC1OC(n2cnc3c(=S)[nH]cnc32)C(O)C1O,2.5,tdc,
C=CCSC1=NCCS1,3.161,tdc,
FC(F)(F)C(=NOCC1OCCO1)c1ccc(Cl)cc1,2.665,tdc,
N#CC(=NOCC1OCCO1)c1ccccc1,1.6669999999999998,tdc,
CSc1nnc(C(C)(C)C)c(=O)n1N,2.29,tdc,
CCSc1nnc(C(C)(C)C)c(=O)n1N,2.5810000000000004,tdc,
c1ccc2sc(SN3CCOCC3)nc2c1,2.105,tdc,
COc1cc(C2NC(=O)CCS2)cc(OC)c1OC,1.72,tdc,
CC(C)(C)c1ccc(CCOc2ncnc3ccccc23)cc1,3.353,tdc,
CC1=CC(C)(C)Nc2ccc(Cc3ccc4c(c3)C(C)=CC(C)(C)N4)cc21,1.856,tdc,
CC1(O)CCC2CC1C2(C)C,1.876,tdc,
ClC1=C(Cl)C2(Cl)C3C(Cl)OC(Cl)C3C1(Cl)C2(Cl)Cl,4.933,tdc,
OC1OCC2C1C1(Cl)C(Cl)=C(Cl)C2(Cl)C1(Cl)Cl,2.312,tdc,
CCCOCC(=Nc1ccc(Cl)cc1C(F)(F)F)n1ccnc1,2.684,tdc,
O=[N+]([O-])c1cc2c(ccc3ccccc32)o1,2.6860000000000004,tdc,
CN1C(C(=O)Nc2ccccn2)=C(OC(=O)C23CC4CC(CC(C4)C2)C3)c2sc(Cl)cc2S1(=O)=O,3.728,tdc,
CCCCCCC1=CC(=O)CC(c2ccc3c(c2)OCO3)C1,1.7619999999999998,tdc,
O=C1OC(c2cc(I)c(O)c(I)c2)(c2cc(I)c(O)c(I)c2)c2ccccc21,2.468,tdc,
O=C1OC(c2ccc(O)cc2)(c2ccc(O)cc2)c2c(I)c(I)c(I)c(I)c21,2.468,tdc,
C#CCOS(=O)OC1CCCCC1Oc1ccc(C(C)(C)C)cc1,2.374,tdc,
FC1(F)CC(C2CC3(Cl)C(Cl)=C(Cl)C2(Cl)C3(Cl)Cl)C1(F)F,2.89,tdc,
ClC1=C(Cl)C2(Cl)C3C(Cl)C=CC3C1(Cl)C2(Cl)Cl,3.97,tdc,
ClC1=C(Cl)C2(Cl)C3C(Br)C=CC3C1(Cl)C2(Cl)Cl,2.604,tdc,
C=CC(=O)OC1C=CC2C3C=CC(C3)C12,1.265,tdc,
OC1C=CC2C1C1(Cl)C(Cl)=C(Cl)C2(Cl)C1(Cl)Cl,2.17,tdc,
C1=CC2C3C=CC(C3)C2C1,2.573,tdc,
ClC1=C(Cl)C2C(C1)C1(Cl)C(Cl)=C(Cl)C2(Cl)C1(Cl)Cl,3.159,tdc,
S=c1[nH]n(-c2ccccc2)c(=S)s1,2.472,tdc,
O=CN1CCCCC1,2.106,tdc,
O=NN(CCCl)C(=O)NCCS(=O)(=O)N1CCCCC1,3.417,tdc,
CC1CCCCN1N=O,2.33,tdc,
C=C(C)C(=O)OCCN1CCCCC1,1.747,tdc,
CCCOP(=S)(OCCC)SCC(=O)N1CCCCC1C,3.0380000000000003,tdc,
CCC1CCC(C)NC1,2.372,tdc,
C1CCNCC1,2.3280000000000003,tdc,
CC1(C)CC(N)CC(C)(C)N1,2.237,tdc,
O=NN1CCCCC1,2.756,tdc,
OCCN1CCCCC1,1.936,tdc,
CCCCn1cnnc1,3.399,tdc,
Nn1cnnc1,0.7909999999999999,tdc,
CCC(C)(C)c1ccc2c(c1)C(=O)c1ccccc1C2=O,2.24,tdc,
Nc1ccc(N)c2c1C(=O)c1ccccc1C2=O,1.614,tdc,
Nc1ccc(O)c2c1C(=O)c1c(N)c(Br)cc(O)c1C2=O,1.446,tdc,
COc1cc(N)c2c(c1N)C(=O)c1ccccc1C2=O,2.479,tdc,
O=C1c2ccccc2C(=O)c2c1ccc(C(=O)O)c2[N+](=O)[O-],2.172,tdc,
O=C1c2cccc(S(=O)(=O)O)c2C(=O)c2cccc(S(=O)(=O)O)c21,2.194,tdc,
CCc1ccc2c(c1)C(=O)c1ccccc1C2=O,1.927,tdc,
O=C1c2cccc(S(=O)(=O)O)c2C(=O)c2c1cccc2S(=O)(=O)O,2.294,tdc,
CNc1ccc(N)c2c1C(=O)c1ccccc1C2=O,1.703,tdc,
CCCCN(CCN(CCCC)C(=O)N1CCOCC1)C(=O)N1CCOCC1,3.169,tdc,
CC1=NOC(=O)C1=NNc1ccccc1Cl,3.276,tdc,
CCSC(C)CC1CC(=O)C(C(CC)=NOCC=CCl)=C(O)C1,2.423,tdc,
CN(C)C(=O)OC1=CC(=O)CC(C)(C)C1,3.2460000000000004,tdc,
CC1=CC(=O)C(C(C)C)CC1,1.793,tdc,
O=C1C=CCCC1,2.64,tdc,
CCCC(=NOCC)C1=C(O)CC(CC(C)SCC)CC1=O,2.01,tdc,
C=C(C)C1CC=C(C)C(=O)C1,4.607,tdc,
CC1=CC(=O)CC(C)(C)C1,1.869,tdc,
CC(=O)C1CCC2C3CCC4CC(O)CCC4(C)C3C(=O)CC12C,3.049,tdc,
CCN(CC)C(=O)NC1CC2c3cccc4[nH]cc(c34)CC2N(C)C1,3.532,tdc,
CN1CC(CC(C#N)C(N)=O)CC2c3cccc4[nH]cc(c34)CC21,2.508,tdc,
COc1ccc2c3c1OC1C(O)C=CC4C(C2)[N+](C)([O-])CCC341,2.295,tdc,
Cc1c2ccccc2c(C)c2c1ccc1ccccc12,2.894,tdc,
C1CN2CCN1CC2,1.819,tdc,
O=C(NC1CC1)OCC(O)C1COc2ccccc2O1,2.27,tdc,
COP(=O)(OC1CCCCC1)Sc1ccc(Cl)cc1,3.302,tdc,
CCC1OC(=O)C(C)C(OC2CC(C)(OC)C(O)C(C)O2)C(C)C(OC2OC(C)CC(N(C)C)C2O)C(C)(O)CC(C)C(=O)C(C)C2OC(=O)OC12C,2.117,tdc,
CC(C)c1noc2nc(C(C)(C)C)ncc12,1.153,tdc,
CN1CCN(C2=Nc3ccccc3Oc3ccc(Cl)cc32)CC1,3.337,tdc,
Clc1ccc2c(c1)C(N1CCNCC1)=Nc1ccccc1O2,3.0010000000000003,tdc,
O=C(O)C(O)(c1ccccc1)C1CCCCC1,1.944,tdc,
c1ccc(NC[Si]23OCCN(CCO2)CCO3)cc1,5.932,tdc,
O=C(NN1CCCC1)NS(=O)(=O)c1ccc(Cl)cc1,1.87,tdc,
C1CNCCNC1,1.5490000000000002,tdc,
O=C1NC(=O)C2(c3ccc(Cl)cc3)CC12,2.155,tdc,
c1ccc(-c2ccc(CCOc3ncnc4ccccc34)cc2)cc1,2.4530000000000003,tdc,
CCCCCCCCCCCCCCCCCC1=NC(C)(C)CC(C)N1,2.869,tdc,
O=C(OCC(O)C1COc2ccccc2O1)N1CCOCC1,2.314,tdc,
CC1C(=O)OC2CCN3CC=C(COC(=O)C(C)(O)C1(C)O)C23,3.693,tdc,
c1ccc2sc(SN(C3CCCCC3)C3CCCCC3)nc2c1,1.732,tdc,
CC1(C)SCN(C(=O)C2(Oc3ccc(Cl)cc3)CCCCC2)C1C(=O)O,1.961,tdc,
CP(=O)(Oc1ccccc1)Oc1ccccc1,3.027,tdc,
CC(=O)OC(C(Cl)(Cl)Cl)P(=O)(Oc1ccccc1)Oc1ccccc1,2.111,tdc,
CCOP(=O)(Oc1ccc(Cl)cc1Cl)Oc1ccc(Cl)cc1Cl,1.827,tdc,
Cc1c(Nc2ncnc3ccccc23)c(=O)n(-c2ccccc2)n1C,2.9530000000000003,tdc,
C1CCC(OC2CCCC2)C1,2.516,tdc,
CCOC(=O)C1(c2ccccc2)CCCN(C)CC1,2.867,tdc,
O=C1CCC2CCCCC2O1,1.597,tdc,
O=C(OC1CCCCC1)c1ccccc1C(=O)OC1CCCCC1,1.042,tdc,
Cn1cnc([N+](=O)[O-])c1Sc1[nH]cnc2ncnc1-2,2.715,tdc,
CC(C)Nc1nc(Cl)nc(NC2CC2)n1,2.278,tdc,
CC(C)(C#N)Nc1nc(Cl)nc(NC2CC2)n1,2.94,tdc,
Nc1nc(N)nc(NC2CC2)n1,1.6909999999999998,tdc,
Cc1cc(-n2c(C)nc3ccccc3c2=O)n(-c2ccccc2)n1,2.245,tdc,
CC(Cc1ccccc1)NC(C#N)c1ccccc1,3.823,tdc,
CC(Cc1ccccc1)N(C)Cc1ccccc1,3.175,tdc,
c1ccc(Cc2ccncc2)cc1,2.455,tdc,
O=C1OCC2C1C1(Cl)C(Cl)=C(Cl)C2(Cl)C1(Cl)Cl,3.531,tdc,
O=C(Cc1c[nH]c2ccccc12)NN1C(=O)CSC1=S,2.849,tdc,
BrCc1cccc(Oc2ccccc2)c1,2.0540000000000003,tdc,
Oc1cccc(Oc2ccccc2)c1,2.187,tdc,
O=C(Cl)c1ccc(Oc2ccc(C(=O)Cl)cc2)cc1,1.53,tdc,
O=C(O)Cc1cc(I)c(Oc2cc(I)c(O)c(I)c2)c(I)c1,5.957000000000001,tdc,
CC(C)c1cc(Oc2ccccc2)cc(C(C)C)c1NC(=S)NC(C)(C)C,2.269,tdc,
CC(=O)c1ccc(Oc2c(I)cc(C(=O)O)cc2I)cc1I,2.139,tdc,
Nc1ccc(Oc2ccc(N)cc2)cc1,2.441,tdc,
O=C(O)c1cccc(Oc2ccc(C(F)(F)F)cc2Cl)c1,2.432,tdc,
ClCNc1cc(Cl)ccc1Oc1ccc(Cl)cc1,2.62,tdc,
CC(C)c1cc(Oc2c(I)cc(CC(=O)O)cc2I)ccc1O,4.998,tdc,
O=[N+]([O-])c1ccc(Oc2c(Cl)cc(Cl)cc2Cl)cc1,1.47,tdc,
O=[N+]([O-])c1ccc(Oc2ccc(Cl)cc2Cl)cc1,2.584,tdc,
CC(C)COC(=O)C(C)Oc1ccc(Oc2ccc(Cl)cc2)cc1,2.6830000000000003,tdc,
CC(=O)c1cccc(Oc2ccccc2)c1,1.7080000000000002,tdc,
O=C(O)Cc1ccccc1Oc1ccc(Cl)cc1Cl,2.115,tdc,
COc1cc(Oc2ccc(Cl)cc2Cl)ccc1[N+](=O)[O-],1.242,tdc,
CN(C)C(=O)Nc1ccc(Oc2ccc(Cl)cc2)cc1,1.895,tdc,
O=C(O)Cc1ccccc1Oc1c(Cl)c(Cl)cc(Cl)c1Cl,3.082,tdc,
O=[N+]([O-])c1ccc(Oc2c(F)cc(Cl)cc2Cl)cc1,2.019,tdc,
CS(=O)(=O)NC(=O)c1cc(Oc2ccc(C(F)(F)F)cc2Cl)ccc1[N+](=O)[O-],2.545,tdc,
NC(Cc1ccc(Oc2ccc(N(CCCl)CCCl)cc2)cc1)C(=O)O,2.807,tdc,
CCc1ccc(Oc2ccc(C)cc2CC(=O)O)c(Cl)c1,2.029,tdc,
OCc1cccc(Oc2ccccc2)c1,2.127,tdc,
CCOc1cc(Oc2ccc(C(F)(F)F)cc2Cl)ccc1[N+](=O)[O-],1.859,tdc,
CCC(C)c1ccc(Oc2ccc(C)cc2CC(=O)O)c(Cl)c1,2.477,tdc,
O=C(O)c1cc(Oc2ccc(C(F)(F)F)cc2Cl)ccc1[N+](=O)[O-],2.422,tdc,
CC(=O)Oc1cccc(Oc2ccc(C(F)(F)F)cc2Cl)c1,2.121,tdc,
CC(Oc1ccc(Oc2ccc(Cl)cc2Cl)cc1)C(=O)O,2.764,tdc,
CS(=O)(=O)Nc1ccc([N+](=O)[O-])cc1Oc1ccccc1,3.188,tdc,
CCOC(=O)COC(=O)c1cc(Oc2ccc(C(F)(F)F)cc2Cl)ccc1[N+](=O)[O-],2.481,tdc,
O=Cc1cccc(Oc2ccccc2)c1,2.21,tdc,
N#CC(O)c1cccc(Oc2ccccc2)c1,2.45,tdc,
CC(Oc1ccc(Oc2ccc(Cl)cc2)cc1)C(=O)O,2.387,tdc,
CCOC(=O)NCCOc1ccc(Oc2ccccc2)cc1,1.254,tdc,
CC(=O)Oc1ccc(Oc2c(I)cc(C(=O)O)cc2I)cc1I,2.15,tdc,
COC(=O)C(C)Oc1ccc(Oc2ccc(Cl)cc2Cl)cc1,2.782,tdc,
ClCc1cccc(Oc2ccccc2)c1,2.252,tdc,
c1ccc(Oc2ccccc2)cc1,1.703,tdc,
O=[N+]([O-])c1ccc(Oc2ccc(C(F)(F)F)cc2Cl)cc1,2.502,tdc,
ClC(Cl)c1cccc(Oc2ccccc2)c1,1.625,tdc,
O=[N+]([O-])c1ccc(Oc2ccc(C(F)(F)F)cc2[N+](=O)[O-])cc1,1.5619999999999998,tdc,
COc1ccc(Oc2ccc(NC(=O)N(C)C)cc2)cc1,2.457,tdc,
COC(=O)c1cc(Oc2ccc(Cl)cc2Cl)ccc1[N+](=O)[O-],1.7280000000000002,tdc,
CCCSc1cc(Oc2ccc([N+](=O)[O-])cc2)ccc1Cl,2.457,tdc,
Oc1cc(Cl)ccc1Oc1ccc(Cl)cc1Cl,1.894,tdc,
Nc1cc(N2CCCCC2)nc(N)[n+]1[O-],2.2,tdc,
CC(C)(C)C(=O)C(Oc1ccc(Cl)cc1)n1cncn1,2.459,tdc,
CC(C)(C)C(O)C(Oc1ccc(Cl)cc1)n1cncn1,2.633,tdc,
FC(F)(F)c1cccc(N=Cc2cccnc2)c1,2.495,tdc,
O=C(O)CCC(=O)c1ccc2oc3ccccc3c2c1,2.32,tdc,
Clc1cc2oc3c(Cl)c(Cl)c(Cl)cc3c2cc1Cl,5.57,tdc,
O=C1CC2CC(O1)C1CCCC21,2.296,tdc,
C[Si]1(CCC(F)(F)F)O[Si](C)(CCC(F)(F)F)O[Si](C)(CCC(F)(F)F)O1,3.415,tdc,
CN(C)CCCn1c(=O)n(-c2ccccc2)c2cc(Cl)ccc21,2.217,tdc,
Cc1cccc(N(C)C(=S)Oc2ccc3c(c2)C2CCC3C2)c1,1.732,tdc,
CN(C)c1ccc(Cn2cnc3c2c(=O)n(C)c(=O)n3C)cc1,2.455,tdc,
OC1(c2ccc(Cl)cc2)c2ccccc2C2=NCCN21,3.895,tdc,
OC1(c2ccccc2)c2cc(F)ccc2C2=NCCN21,3.827,tdc,
OC1(c2ccc(F)cc2)c2ccccc2C2=NCCN21,3.128,tdc,
OC1(c2ccc(C(F)(F)F)cc2)c2ccccc2C2=NCCN21,2.955,tdc,
OC1(c2ccc(Cl)c(Cl)c2)c2ccccc2C2=NCCN21,2.9560000000000004,tdc,
OC1(c2cccc(Cl)c2)c2ccccc2C2=NCCN21,3.153,tdc,
OC1(c2ccccc2)c2ccccc2C2=NCCN21,2.9210000000000003,tdc,
CN1C(=O)OC(C)(C)C1=O,1.825,tdc,
CCN(CC)CCNc1ccc(CO)c2sc3ccccc3c(=O)c12,2.5610000000000004,tdc,
C=CN1CC1,2.895,tdc,
C1CN1,3.458,tdc,
CC1CN1,3.478,tdc,
OCCN1CC1,3.071,tdc,
S=c1[nH]c2cc(Cl)ccc2o1,2.269,tdc,
CON(C(=O)c1cc(C)oc1C)C1CCCCC1,1.823,tdc,
CCOP(=S)(OCC)Oc1cc(-c2ccccc2)on1,3.447,tdc,
CC1CC2CN(C)CC(C2O)C1N1CCCC1,2.678,tdc,
CC1NC(C)N(CCN2C(=S)SC(C)NC2C)C(=S)S1,1.846,tdc,
c1ccc(CNc2ncnc3c2NCN3)cc1,2.0340000000000003,tdc,
NS(=O)(=O)c1cc(C(=O)O)c(NCc2ccco2)cc1Cl,2.105,tdc,
CC1CC(=O)CC(C)O1,1.5759999999999998,tdc,
O=C(C=Cc1ccccc1)OCC=Cc1ccccc1,1.723,tdc,
COC(=O)C1C2CC3c4[nH]c5cc(OC)ccc5c4CCN3CC2CC(OC2CCCCO2)C1OC,3.46,tdc,
CC(C(=O)O)c1ccc(-n2cc3ccccc3n2)cc1,2.235,tdc,
C[n+]1ccc(-c2cc[n+](C)cc2)cc1,3.27,tdc,
CC(CCC(=O)O)C1CCC2C3C(O)CC4CC(O)CCC4(C)C3CCC12C,1.992,tdc,
CC(CCC(=O)O)C1CCC2C3CCC4CC(O)CCC4(C)C3CC(O)C12C,2.594,tdc,
CC1CC2Oc3ccc(Cl)cc3C(=O)N2O1,2.315,tdc,
O=C1c2cc(Cl)ccc2OC2CCON12,2.1630000000000003,tdc,
COc1ccccc1C=Nc1ccccc1C(=O)O,2.231,tdc,
Oc1ccc(N=Cc2ccccc2)cc1,1.751,tdc,
O=C(OC1CCC(N2CCCCC2)CC1)C1CCCCC1,2.07,tdc,
COc1cc(C2c3cc4c(cc3C(OC3OC5COC(C)OC5C(O)C3O)C3COC(=O)C23)OCO4)cc(OC)c1O,2.518,tdc,
O=C1OCCC1N(C(=O)C1CC1)c1cccc(Cl)c1,3.2060000000000004,tdc,
CNC(=O)ON=C1CSCCSC1,2.741,tdc,
c1nnc(NCNc2nncs2)s1,2.9160000000000004,tdc,
O=c1nc2[nH]c(=O)[nH]cc-2[nH]1,1.922,tdc,
Cc1onc2c(=O)n(-c3ccccc3)nc(-c3ccccc3)c12,2.482,tdc,
O=c1c2nocc2c(-c2ccccc2)nn1-c1ccccc1,2.461,tdc,
CC1OC(OC2C(O)CC(OC3C(O)CC(OC4CCC5(C)C(CCC6C5CCC5(C)C(C7=CC(=O)OC7)CCC65O)C4)OC3C)OC2C)CC(O)C1O,4.508,tdc,
CC1OC(OC2C(O)CC(OC3C(O)CC(OC4CCC5(C)C(CCC6C5CCC5(C)C(C7=CC(=O)OC7)C(OC=O)CC65O)C4)OC3C)OC2C)CC(O)C1O,4.431,tdc,
COC1C(O)CC(OC2C(O)CC(OC3C(O)CC(OC4CCC5(C)C(CCC6C5CC(O)C5(C)C(C7=CC(=O)OC7)CCC65O)C4)OC3C)OC2C)OC1C,4.981,tdc,
CC1OC(OC2C(O)CC(OC3C(O)CC(OC4CCC5(C)C(CCC6C5CC(O)C5(C)C(C7=CC(=O)OC7)CCC65O)C4)OC3C)OC2C)CC(O)C1O,4.441,tdc,
CC1OC(OC2C(C)OC(OC3C(C)OC(OC4CCC5(C)C(CCC6C5CCC5(C)C(C7=CC(=O)OC7)C(OC=O)CC65O)C4)CC3OC=O)CC2OC=O)CC(OC=O)C1OC=O,4.373,tdc,
CCCP(c1ccccc1)c1ccccc1,2.265,tdc,
CCP(c1ccccc1)c1ccccc1,2.632,tdc,
CC(=Cc1ccccc1)CC(=O)NC1CCCCC1,1.933,tdc,
CC1CC2OC2CC1COC(=O)CCCCC(=O)OCC1CC2OC2CC1C,1.964,tdc,
O=C(CCCCC(=O)OCC1CCC2OC2C1)OCC1CCC2OC2C1,1.922,tdc,
C=C1CCC(O)CC1=CC=C1CCCC2(C)C1CCC2C(C)CCCC(C)C,3.962,tdc,
C=C1C(=CC=C2CCCC3(C)C2CCC3C(C)CCCC(C)C)CC(O)CC1O,6.071000000000001,tdc,
C=C1C(=CC=C2CCCC3(C)C2CCC3C(C)CCCC(C)(C)O)CC(O)CC1O,5.827000000000001,tdc,
C=C1C(=CC=C2CCCC3(C)C2CCC3C(C)C=CC(C)C(C)C)CC(O)CC1O,5.072,tdc,
C=C1CCC(O)CC1=CC=C1CCCC2(C)C1CCC2C(C)C=CC(C)C(C)C,3.85,tdc,
C=C1C(=CC=C2CCCC3(C)C2CCC3C(C)CCCC(O)(C(F)(F)F)C(F)(F)F)CC(O)CC1O,7.1,tdc,
C=C1C(=CC=C2CCCC3(C)C2CCC3C(C)CCC(O)C(C)C)CC(O)CC1O,5.104,tdc,
NS(=O)(=O)c1cc(C(=O)O)cc(N2CCCC2)c1Oc1ccccc1,1.811,tdc,
C(=NC1CCCCC1)=NC1CCCCC1,2.712,tdc,
OC(c1ccc(Cl)cc1)(c1ccc(Cl)cc1)c1cccnc1,1.82,tdc,
Cc1ccc(C(=O)c2ccc(CC(=O)NCCn3cnc4c3c(=O)n(C)c(=O)n4C)n2C)cc1,2.5860000000000003,tdc,
CCCCN1CCCC1=Nc1ccc(Cl)c(Cl)c1,1.971,tdc,
C=CCN1CCCC1=Nc1ccc(Cl)c(Cl)c1,2.1630000000000003,tdc,
CCCN1CCCC1=Nc1ccc(Cl)c(Cl)c1,2.107,tdc,
CC1(O)CC(C)(O)OO1,1.67,tdc,
Clc1ccc(N=Nc2ccc(NCCCN3CCCCC3)c3c2CCCC3)cc1,2.564,tdc,
CC(C)C(C(=O)OC(C#N)c1ccc(Oc2ccccc2)cc1)c1ccc(Cl)cc1,2.969,tdc,
c1ccc(N(CC2CO2)CC2CO2)cc1,2.103,tdc,
O=C(CN1CCNCC1)NC1CCCCC1,1.7619999999999998,tdc,
c1ccc(Nc2ccc(Nc3ccccc3)cc2)cc1,2.041,tdc,
Cc1nc(N)nc(N2N=CCC2C)n1,1.779,tdc,
CCCCC1(CCc2ccccn2)C(=O)N(c2ccccc2)N(c2ccccc2)C1=O,1.963,tdc,
CC1CCCCC1NC(=O)Nc1ccccc1,1.6669999999999998,tdc,
c1ccc(-n2cnnc2)cc1,3.035,tdc,
CC(C)(C)c1cc(CN2CCN(Cc3cc(C(C)(C)C)c(O)c(C(C)(C)C)c3)CC2)cc(C(C)(C)C)c1O,1.7180000000000002,tdc,
Cc1ccccc1Oc1cccnn1,1.78,tdc,
O=C(Cn1ccnc1)c1ccc2c(c1)Cc1ccccc1-2,1.78,tdc,
COC(CN1CCN(CCC(O)c2ccccc2)CC1)c1ccccc1,2.7430000000000003,tdc,
CC(C)=C1CCC(C)CC1=O,2.51,tdc,
CCCCC=C1CCCCC1=O,1.5219999999999998,tdc,
Clc1ccc(C2(Cn3cncn3)CC(Br)CO2)c(Cl)c1,3.014,tdc,
FC(F)(F)COC1CCC(Cn2cncn2)(c2ccc(Cl)cc2Cl)O1,2.945,tdc,
OC(Cn1cncn1)(Cn1cncn1)c1ccc(F)cc1F,2.382,tdc,
CCCCCC(C=Cn1ccnc1)OCc1ccccc1,2.047,tdc,
O=C(O)c1ccccc1C(=O)Nc1cccc2ccccc12,1.551,tdc,
O=C1CNC(=S)N1,2.442,tdc,
CC1NC(=S)NC1=O,2.093,tdc,
c1ccc2c(NC3=NCCS3)cccc2c1,3.66,tdc,
O=C1C2=C(CCCC2)C(=O)N1c1ccc(Cl)cc1,1.038,tdc,
CCN(CC)C(=O)C1CN2CCc3cc(OC)c(OC)cc3C2CC1OC(C)=O,2.5860000000000003,tdc,
CC1=C(C)S(=O)(=O)CCS1(=O)=O,2.262,tdc,
Cc1nc2n(c(=O)c1CCN1CCC(c3noc4cc(F)ccc34)CC1)CCCC2O,3.817,tdc,
Cc1nc2n(c(=O)c1CCN1CCC(c3noc4cc(F)ccc34)CC1)CCCC2,3.86,tdc,
Cc1cccc(Cl)c1NC(=O)C=C1SCC(=O)N1C,2.342,tdc,
O=C(OCCc1ccccc1)c1ccccc1,1.656,tdc,
COc1ccc(C=Nc2c(C)n(C)n(-c3ccccc3)c2=O)cc1,1.507,tdc,
COc1cccc(C=Nc2c(C)n(C)n(-c3ccccc3)c2=O)c1,1.759,tdc,
CC1(C)OCC(COC(=O)Cc2ccc3c(c2)OCc2ccccc2C3=O)O1,3.619,tdc,
S=C(Cc1ccccc1)N1CCOCC1,3.646,tdc,
CC(=O)c1ccc2c(c1)N(CCCN1CCC(CCO)CC1)c1ccccc1S2,3.022,tdc,
N#Cc1ccc2c(c1)N(CCCN1CCC(O)CC1)c1ccccc1S2,2.966,tdc,
NC(=O)C1CCN(CCCN2c3ccccc3Sc3ccc(Cl)cc32)CC1,2.812,tdc,
CS(=O)(=O)c1ccc2c(c1)N(CCCN1CCC(C(N)=O)CC1)c1ccccc1S2,2.659,tdc,
CC1OCC2C(CO1)C1(Cl)C(Cl)=C(Cl)C2(Cl)C1(Cl)Cl,3.508,tdc,
CN(C)P1(=S)OCc2cc([N+](=O)[O-])ccc2O1,3.341,tdc,
CCC(C)NP1(=S)OCc2cc([N+](=O)[O-])ccc2O1,3.384,tdc,
CNP1(=S)OCc2cc([N+](=O)[O-])ccc2O1,3.318,tdc,
COP1(=S)OCc2ccccc2O1,3.326,tdc,
CCN(CC)P1(=S)OCc2cc([N+](=O)[O-])ccc2O1,3.304,tdc,
CN(C)CC=C(c1ccc(Br)cc1)c1cccnc1,2.547,tdc,
CCC(C(=O)O)C1OC(C(C)C(O)C(C)C(=O)C(CC)C2OC3(C=CC(O)C4(CCC(C)(C5CCC(O)(CC)C(C)O5)O4)O3)C(C)CC2C)C(C)CC1C,4.617,tdc,
N=C1C=C(Br)C(=O)c2c(N)cc(Br)c(O)c21,2.1590000000000003,tdc,
CCCCc1c(OC(=O)C23CC4CC(CC(C4)C2)C3)n(-c2ccccc2)n(-c2ccccc2)c1=O,2.443,tdc,
CN(C)Cc1ccc(CSCCNC(=C[N+](=O)[O-])N2CCN(C)CC2)o1,1.843,tdc,
C=CCC1=C(C)C(OC(=O)C2C(C)(C)C2(C)C)CC1=O,3.201,tdc,
C#CCC1=C(C)C(OC(=O)C2C(C=C(C)C)C2(C)C)CC1=O,2.815,tdc,
C=CC=CCC1=C(C)C(OC(=O)C2C(C=C(C)C(=O)OC)C2(C)C)CC1=O,3.27,tdc,
C=CCC1=C(C)C(OC(=O)C2C(C=C(C)C)C2(C)C)CC1=O,2.546,tdc,
C=CC=CCC1=C(C)C(OC(=O)C2C(C=C(C)C)C2(C)C)CC1=O,3.1010000000000004,tdc,
C1CS1,2.529,tdc,
CC1CS1,2.465,tdc,
ClCC1CS1,3.434,tdc,
COCC1CS1,1.6869999999999998,tdc,
CC1=NN(c2ccccc2)C(=O)C1C=O,2.451,tdc,
CCCC1=NN(c2ccccc2)C(=O)C1C=O,2.479,tdc,
CC1=NN(c2ccc(C)cc2)C(=O)C1,1.403,tdc,
CC1=NN(c2ccccc2)C(=O)C1,1.6969999999999998,tdc,
Cc1cccc(C)c1NC(=O)C1(N(C)C)CCN(C2CCCCC2O)CC1,4.888,tdc,
Cc1ccccc1C(=O)N=C1NCCS1,2.383,tdc,
O=C(Nc1c(Cl)c(Cl)c(Cl)c2[nH]c(C(F)(F)F)nc12)c1ccccc1,3.611,tdc,
c1ccc(-c2ccc(C(c3ccccc3)n3ccnc3)cc2)cc1,2.327,tdc,
O=C(O)c1ccccc1Nc1c(Cl)cc(Cl)c2ccccc12,1.592,tdc,
c1ccc(Nc2cccc3ccccc23)cc1,2.13,tdc,
CC=C1CC2C=CC1C2,1.6769999999999998,tdc,
CC1OC(n2ccc(NC(=O)c3ccc(NC(=O)C(C)(N)CO)cc3)nc2=O)CCC1OC1OC(C)C(N(C)C)C(O)C1O,2.235,tdc,
N#CC(OC1OC(CO)C(O)C(O)C1O)c1ccccc1,2.722,tdc,
CNC1=Nc2ccc(Cl)cc2C(c2ccccc2)=[N+]([O-])C1,2.756,tdc,
CC(CN(C)C)CN1c2ccccc2Sc2ccccc21,3.153,tdc,
CCN(CC)C(C)CN1c2ccccc2Sc2ccccc21,2.264,tdc,
COc1ccc2c(c1)N(CCCN(C)C)c1ccccc1S2,2.634,tdc,
COc1ccc2c(c1)N(CC(C)CN(C)C)c1ccccc1S2,2.475,tdc,
CCC(=O)c1ccc2c(c1)N(CCCN(C)C)c1ccccc1S2,2.833,tdc,
CCCC(=O)c1ccc2c(c1)N(CCCN(C)C)c1ccccc1S2,3.073,tdc,
CSc1ccc2c(c1)N(CCCN(C)C)c1ccccc1S2,2.358,tdc,
CN(C)CCCN1c2ccccc2Sc2ccc(Cl)cc21,3.3510000000000004,tdc,
COc1ccc2c(c1)Sc1ccc(C(C)C(=O)O)cc1N2C,2.631,tdc,
CN1c2ccccc2Sc2ccc(CC(=O)O)cc21,2.739,tdc,
CCN(CC)CCSC(=S)N1c2ccccc2Sc2ccccc21,2.273,tdc,
CN(C)CCCN1c2ccccc2Sc2ccc(C(F)(F)F)cc21,3.28,tdc,
CCCCCc1cc(O)c2c(c1)OC(C)(C)C1CC=C(C)CC21,2.563,tdc,
CC12CCC(C(Br)C1=O)C2(C)C,1.715,tdc,
CC12CCC(C1)C(C)(C)C2=O,1.539,tdc,
CC12CCC(CC1=O)C2(C)C=O,1.729,tdc,
CN1CCN=C(c2ccccc2)c2cc(Cl)ccc21,2.478,tdc,
CN(C)CCOc1ccc(C(=C(CCCl)c2ccccc2)c2ccccc2)cc1,2.378,tdc,
CCC(=C(c1ccc(OCCN(C)C)cc1)c1ccc(OP(=O)(O)O)cc1)c1ccc(C(C)C)cc1,2.812,tdc,
CCC(=C(c1ccccc1)c1ccc(OCCN(C)C)cc1)c1ccccc1,1.957,tdc,
OCCNCCOc1ccc(C(=C(c2ccccc2)C(F)(F)F)c2ccccc2)cc1,2.485,tdc,
CCN(CC)CCOc1ccc(C(=C(Cl)c2ccccc2)c2ccccc2)cc1,1.849,tdc,
CC(=O)OCC1=C(C(=O)O)N2C(=O)C(NC(=O)CSc3ccncc3)C2SC1,1.413,tdc,
CN1CCCC(n2nc(Cc3ccc(Cl)cc3)c3ccccc3c2=O)CC1,3.091,tdc,
CCCCC1C(=O)N(c2ccccc2)N(c2ccccc2)C1=O,3.1,tdc,
O=C1CC(=O)N(c2ccccc2)N1c1ccccc1,2.402,tdc,
CCC1C(=O)N(c2ccccc2)N(c2ccccc2)C1=O,2.573,tdc,
CCCC1C(=O)N(c2ccccc2)N(c2ccccc2)C1=O,2.745,tdc,
CC(C)(C)C(=O)CCC1C(=O)N(c2ccccc2)N(c2ccccc2)C1=O,2.904,tdc,
CCCCC1(COC(=O)CCC(=O)O)C(=O)N(c2ccccc2)N(c2ccccc2)C1=O,2.411,tdc,
CC(C)=CCC1C(=O)N(c2ccccc2)N(c2ccccc2)C1=O,2.378,tdc,
CC(=O)CCC1C(=O)N(c2ccccc2)N(c2ccccc2)C1=O,2.651,tdc,
CCCCC1C(=O)N(c2ccccc2)N(c2ccc(O)cc2)C1=O,2.994,tdc,
CCC(=C(CC)c1ccc(OP(=O)(O)O)cc1)c1ccc(OP(=O)(O)O)cc1,2.155,tdc,
CN(C)c1ccc(C=Cc2ccccc2)cc1,3.65,tdc,
Nc1ccc(C=Cc2ccc([N+](=O)[O-])cc2S(=O)(=O)O)c(S(=O)(=O)O)c1,1.45,tdc,
O=[N+]([O-])c1ccc(C=Cc2ccc([N+](=O)[O-])cc2S(=O)(=O)O)c(S(=O)(=O)O)c1,1.533,tdc,
C(CCOCC1CO1)COCC1CO1,2.251,tdc,
CC1CCCOC1=O,0.944,tdc,
CN(SC(Cl)(Cl)Cl)C(=O)ON=C1SC(=C(C#N)C#N)SC1(C)C,2.904,tdc,
COc1ccc2cc(C(C)C(=O)O)ccc2c1,2.8080000000000003,tdc,
O=C(O)c1ccc2ccccc2c1,1.5830000000000002,tdc,
Nc1ccc(S(=O)(=O)O)c2cccc(O)c12,1.586,tdc,
O=S(=O)(O)c1c(O)ccc2ccccc12,1.85,tdc,
S=C=Nc1cccc2ccccc12,2.967,tdc,
O=Cc1cccc2ccccc12,2.37,tdc,
Oc1cccc2ccccc12,1.779,tdc,
Cc1cccc2ccccc12,1.888,tdc,
Clc1cccc2ccccc12,2.024,tdc,
Oc1ccc2ccccc2c1,1.867,tdc,
COc1ccc2cc(C(C)C(=O)OCC(O)CO)ccc2c1,2.271,tdc,
O=C(O)c1cccc2c(Cl)ccc(C(=O)O)c12,1.855,tdc,
Nc1ccc2c(S(=O)(=O)O)cccc2c1S(=O)(=O)O,1.747,tdc,
Nc1ccc2ccccc2c1S(=O)(=O)O,1.061,tdc,
CC(C)COc1ccc2ccccc2c1,1.529,tdc,
COC(=O)Cc1cccc2ccccc12,2.023,tdc,
CN(CO)C(=O)Oc1cccc2ccccc12,1.635,tdc,
Nc1cccc2cc(S(=O)(=O)O)ccc12,1.196,tdc,
O=C(O)Cc1cccc2ccccc12,2.27,tdc,
COC(=O)COc1ccc2ccccc2c1,1.888,tdc,
Nc1cc2c(S(=O)(=O)O)cc(S(=O)(=O)O)cc2cc1S(=O)(=O)O,1.47,tdc,
Nc1ccc2ccccc2c1,2.294,tdc,
Nc1ccc2c(S(=O)(=O)O)cc(S(=O)(=O)O)cc2c1,2.181,tdc,
CCOP(C)(=S)NOc1cccc2ccccc12,3.051,tdc,
Nc1ccc(S(=O)(=O)O)c2cccc(S(=O)(=O)O)c12,0.7340000000000001,tdc,
O=C(O)c1ccc(C(=O)O)c2c(C(=O)O)ccc(C(=O)O)c12,1.608,tdc,
CN(C(=O)CF)c1cccc2ccccc12,3.511,tdc,
CC(=O)c1cccc2ccccc12,2.0380000000000003,tdc,
CON=C(C)C(=NOC(=O)N(C)SN(C)C(=O)Oc1cccc2ccccc12)C(=O)N(C)C,3.4730000000000003,tdc,
Nc1ccc2cc(S(=O)(=O)O)ccc2c1CS(=O)(=O)O,1.538,tdc,
CC(C)NCC(O)c1ccc2ccccc2c1,2.406,tdc,
CC(C)NCC(O)COc1cccc2ccccc12,2.594,tdc,
Nc1cccc2c(Cl)ccc(Cl)c12,1.784,tdc,
Oc1ccc2ccccc2c1Cl,1.888,tdc,
Clc1ccc2ccccc2c1,1.894,tdc,
CC(C)Cc1cccc2c(CC(=O)O)cccc12,2.6060000000000003,tdc,
O=C(O)COc1ccc2ccccc2c1,2.528,tdc,
CCC(CC)(C(=O)O)c1cccc2ccccc12,2.351,tdc,
ClCc1cccc2ccccc12,2.298,tdc,
CNC(=O)Oc1ccc(O)c2ccccc12,2.261,tdc,
CNc1cccc2ccccc12,2.047,tdc,
CCOc1ccc2cc(S(=O)(=O)O)ccc2c1N,1.348,tdc,
CC(C)=CCN(CC=C(C)C)CCC(C(N)=O)c1cccc2ccccc12,3.014,tdc,
CCOc1ccc2ccccc2c1,1.743,tdc,
NC(=O)Cc1cccc2ccccc12,1.462,tdc,
O=C(O)CSc1cccc2cccc(CCl)c12,2.028,tdc,
O=[N+]([O-])c1ccc2ccccc2c1,1.595,tdc,
Nc1ccc2c(O)cc(S(=O)(=O)O)cc2c1,1.318,tdc,
CC(C)=CCC(CCN(C)C)(C(N)=O)c1cccc2ccccc12,3.3560000000000003,tdc,
CN(CC=CC#CC(C)(C)C)Cc1cccc2ccccc12,1.862,tdc,
CC(C)C(CCN(C)C)(C(N)=O)c1cccc2ccccc12,2.462,tdc,
COc1ccc2cc(C(C)C(=O)OCCO)ccc2c1,2.2030000000000003,tdc,
COc1ccc2cc(CCC(C)=O)ccc2c1,1.77,tdc,
NC(=S)Cc1cccc2ccccc12,3.526,tdc,
CNC(=O)Oc1cccc2c(O)cccc12,2.864,tdc,
NC(=S)Nc1cccc2ccccc12,4.5280000000000005,tdc,
COc1ccc2cc(C(C)C(=O)OCCOCCO)ccc2c1,2.698,tdc,
c1ccc2ccccc2c1,2.418,tdc,
CCN(CC)CCC(CC=C(C)C)(C(N)=O)c1cccc2ccccc12,3.696,tdc,
O=C(Cl)Oc1cccc2ccccc12,1.909,tdc,
CC(C)=CCN(CC=C(C)C)CCC(CC=C(C)C)(C(N)=O)c1cccc2ccccc12,3.184,tdc,
CCOc1ccc(C(=O)COC(=O)CCC(=O)O)c2ccccc12,1.975,tdc,
O=S(=O)(O)c1ccc2ccccc2c1,2.716,tdc,
O=C(O)c1cc2ccccc2cc1O,2.354,tdc,
CCN(C)CCC(CC=C(C)C)(C(N)=O)c1cccc2ccccc12,3.678,tdc,
ClCc1ccc(CCl)c2ccccc12,2.051,tdc,
O=S(=O)(O)c1cccc2c(S(=O)(=O)O)cccc12,0.983,tdc,
O=C(O)c1ccc2cc(O)ccc2c1,1.786,tdc,
Cc1ccc2ccccc2c1,1.941,tdc,
CCN(CC)C(=O)C(C)Oc1cccc2ccccc12,1.735,tdc,
Nc1cc(S(=O)(=O)O)c2cccc(S(=O)(=O)O)c2c1,1.425,tdc,
O=C(O)c1c(O)c(O)cc2ccccc12,0.921,tdc,
CCOC(=O)Cc1cccc2ccccc12,1.777,tdc,
CNC(=O)Oc1cccc2ccccc12,2.942,tdc,
COc1ccc(C(=O)CCC(=O)O)c2ccccc12,2.157,tdc,
Cc1ccc2ccccc2c1N,2.404,tdc,
COC12CC(COC(=O)c3cncc(Br)c3)CN(C)C1Cc1cn(C)c3cccc2c13,2.609,tdc,
CCOC(=O)c1cnc2cc(OCC3CC3)c(OCC3CC3)cc2c1O,2.076,tdc,
CC=CCC(C)C(O)C1C(=O)NC(CC)C(=O)N(C)CC(=O)N(C)C(CC(C)C)C(=O)NC(C(C)C)C(=O)N(C)C(CC(C)C)C(=O)NC(C)C(=O)NC(C)C(=O)N(C)C(CC(C)C)C(=O)N(C)C(CC(C)C)C(=O)N(C)C(C(C)C)C(=O)N1C,2.91,tdc,
CC1=CC(C)(C)Nc2ccccc21,1.938,tdc,
CCOc1ccc2c(c1)C(C)=CC(C)(C)N2,2.434,tdc,
CCOC(=O)N1CC=Cc2ccccc21,3.018,tdc,
S=C(NNc1ccccc1)NNc1ccccc1,2.236,tdc,
CC(C(=O)COC(=O)c1ccncc1)c1ccc(-c2ccccc2F)cc1,2.492,tdc,
CCOP(=S)(OCC)Oc1ccc2c3c(c(=O)oc2c1)CCCC3,3.74,tdc,
CN(Sc1ccc(F)cc1)C(=O)Oc1cccc2c1OC(C)(C)C2,4.143,tdc,
CN(Sc1ccc([N+](=O)[O-])cc1)C(=O)Oc1cccc2c1OC(C)(C)C2,4.175,tdc,
CN(Sc1c(Cl)c(Cl)c(Cl)c(Cl)c1Cl)C(=O)Oc1cccc2c1OC(C)(C)C2,4.302,tdc,
CN(Sc1ccc(Cl)c(Cl)c1)C(=O)Oc1cccc2c1OC(C)(C)C2,4.202,tdc,
CN(Sc1ccccc1)C(=O)Oc1cccc2c1OC(C)(C)C2,4.12,tdc,
CN(Sc1cc(Cl)ccc1Cl)C(=O)Oc1cccc2c1OC(C)(C)C2,4.202,tdc,
Cc1ccc(SN(C)C(=O)Oc2cccc3c2OC(C)(C)C3)cc1,4.138,tdc,
CN1CCN(CCC(=O)NN=Cc2ccc([N+](=O)[O-])o2)CC1,3.013,tdc,
CCN1C(=O)c2ccccc2C1Nc1ccc(OCCN2CCCCC2)cc1,2.737,tdc,
O=c1sc2ccccc2c(O)c1C1CC(c2ccc(-c3ccc(Br)cc3)cc2)Cc2ccccc21,5.992000000000001,tdc,
Cc1ccc(N=CN(C)C=Nc2ccc(C)cc2C)c(C)c1,2.865,tdc,
CCN1CCCc2ccccc21,1.958,tdc,
CC(C)NCC1CCc2cc(CO)c([N+](=O)[O-])cc2N1,3.969,tdc,
CC=C(C)C(=O)N1CCCc2cc(C)ccc21,2.018,tdc,
O=C=NCCOC(=O)C1C2C=CC(C2)C1C(=O)OCCN=C=O,1.151,tdc,
C=CC(=O)OCC1CC2C=CC1C2,2.122,tdc,
O=C(Cl)C1C2C=CC(C2)C1C(=O)Cl,1.948,tdc,
ClCC1C(CCl)C2(Cl)C(Cl)=C(Cl)C1(Cl)C2(Cl)Cl,3.299,tdc,
COP(=S)(OC)SC(C)CSCC1CC2(Cl)C(Cl)=C(Cl)C1(Cl)C2(Cl)Cl,2.763,tdc,
C=CC1CC2C=CC1C2,1.44,tdc,
ClC1=C(Cl)C2(Cl)C(CBr)CC1(Cl)C2(Cl)Cl,1.4980000000000002,tdc,
C1=CC2CCC1C2,0.921,tdc,
ClC1=C(Cl)C2(Cl)C(C(Cl)Cl)CC1(Cl)C2(Cl)Cl,2.38,tdc,
O=C(CCl)OCC1CC2C=CC1C2,3.08,tdc,
COC(=O)C1C2C=CC(C2)C1C(=O)OC,2.323,tdc,
CCCC1C2C=CC(C2)C1C=O,1.5530000000000002,tdc,
CCOC(=O)C1CC2C=CC1C2,1.588,tdc,
S=C1N=CC=NC(=S)SSSS1,1.501,tdc,
CCOC(=O)c1noc(C)c1C(=O)c1ccccc1,2.414,tdc,
CCOC(=O)c1nocc1C(=O)c1ccccc1,2.39,tdc,
CN1CCN(C2=Nc3ccccc3Cc3ccccc32)CC1,2.645,tdc,
CCCN(CCC)C(=O)C(CCC(=O)OCCCOC(=O)Cc1c(C)n(C(=O)c2ccc(Cl)cc2)c2ccc(OC)cc12)NC(=O)c1ccccc1,3.083,tdc,
CCOP(=S)(N=C1SCCS1)OCC,4.287,tdc,
CN(SSC(C)(C)C)C(=O)ON=C1SCCS1,4.747,tdc,
COP(=S)(N=C1SCCS1)OC,4.386,tdc,
CCOP(=O)(N=C1SCC(C)S1)OCC,4.476,tdc,
CCOP(=O)(N=C1SCCS1)OCC,4.458,tdc,
CNC(=O)ON=C1SCCS1,4.807,tdc,
COP(=O)(N=C1SCC(C)S1)OC,3.838,tdc,
Cc1nnc(-c2ccccc2)c(=O)n1N,2.145,tdc,
C1=CCCC=CCCC=CCC1,1.96,tdc,
O=C(Cc1ccc2c(c1)OCc1ccccc1C2=O)OCC(O)CO,3.557,tdc,
O=C(O)Cc1ccc2c(c1)C(=O)c1ccccc1CO2,3.273,tdc,
CC(C(=O)O)c1ccc2c(c1)OCc1cc(Cl)ccc1C2=O,4.422,tdc,
CC(C(=O)O)c1ccc2c(c1)OCc1ccccc1C2=O,3.919,tdc,
CC(C(=O)O)c1ccc2c(c1)C(=O)c1ccccc1CO2,3.337,tdc,
O=C(O)Cc1ccc2c(c1)OCc1ccccc1C2=O,3.387,tdc,
O=C1CCCCCCCC(=O)OCCO1,1.367,tdc,
C1COCCOCCNCCOCCOCCN1,1.887,tdc,
CC=C1CC(C)C(C)(O)C(=O)OCC2CCN3CCC(OC1=O)C23,2.037,tdc,
ClC1CCC2SC1CCC2Cl,2.175,tdc,
CC(C)(C)C(O)(CCc1ccc(Cl)cc1)Cn1cncn1,1.963,tdc,
CCCn1c(C)cc(=NC(=O)c2ccccc2O)n1-c1ccccc1,2.508,tdc,
CCCCn1c(C)cc(=NC(=O)c2ccccc2O)n1-c1ccccc1,2.589,tdc,
Cn1ccc(=NC(=O)c2ccccc2O)n1-c1ccccc1,2.415,tdc,
Cc1cc(=NC(=O)c2ccccc2O)n(-c2ccccc2)n1C,2.385,tdc,
CCn1c(C)cc(=NC(=O)c2ccccc2O)n1-c1ccccc1,2.415,tdc,
OC1C=CCC1,2.253,tdc,
ClC1C=CCC1,2.506,tdc,
C1=CCCC1,1.614,tdc,
FC1(F)C(Cl)=C(Cl)C(F)(F)C1(F)F,2.942,tdc,
CN(c1ccc(Cl)cc1)S(=O)(=O)c1ccc(Cl)cc1,2.102,tdc,
O=[N+]([O-])c1ccc(NS(=O)(=O)c2ccc(Cl)c(C(F)(F)F)c2)c(Cl)c1,3.498,tdc,
Nc1ccc(S(=O)(=O)Nc2ccc(NC(=O)CCC(=O)O)cc2)cc1,2.384,tdc,
O=C(O)CCC(=O)Nc1ccc(NS(=O)(=O)c2ccc([N+](=O)[O-])cc2)cc1,2.419,tdc,
Cc1nn(C)c(=O)c2noc(C)c12,2.253,tdc,
Cc1n[nH]c(=O)c2noc(C)c12,2.218,tdc,
O=C1CC(N2C(=O)c3ccccc3C2=O)C(=O)N1,1.689,tdc,
CCC1OC(=O)C(C)C(OC2CC(C)(OC)C(O)C(C)O2)C(C)C(OC2OC(C)CC(N(C)C)C2O)C(C)(OC)CC(C)C(=O)C(C)C(O)C1(C)O,2.77,tdc,
CCC1OC(=O)C(C)C(OC2CC(C)(OC)C(O)C(C)O2)C(C)C(OC2OC(C)CC(N(C)C)C2O)C(C)(O)CC(C)C(=O)C(C)C(O)C1(C)O,2.2030000000000003,tdc,
C[N+](C)(C)CCOP(=O)([O-])OP(=O)(O)OCC1OC(n2ccc(N)nc2=O)C(O)C1O,1.422,tdc,
CCOC(=O)Nc1cccc(OC(=O)Nc2ccccc2)c1,1.495,tdc,
COC(=O)Nc1cccc(OC(=O)Nc2cccc(C)c2)c1,1.876,tdc,
Cc1c(Cc2cc(C(C)(C)C)c(O)c(C(C)(C)C)c2)c(C)c(Cc2cc(C(C)(C)C)c(O)c(C(C)(C)C)c2)c(C)c1Cc1cc(C(C)(C)C)c(O)c(C(C)(C)C)c1,2.713,tdc,
Clc1ccc2ocnc2c1,2.373,tdc,
CNc1nc2cc(Cl)ccc2o1,2.262,tdc,
Nc1nc2cc(Cl)c(Br)cc2o1,3.247,tdc,
Nc1nc2cc(I)ccc2o1,2.415,tdc,
Nc1nc2c(Cl)cccc2o1,2.528,tdc,
Nc1nc2cc(Cl)ccc2o1,2.334,tdc,
Nc1nc2cc(Br)ccc2o1,2.3280000000000003,tdc,
Nc1nc2cc(Cl)c(O)cc2o1,2.237,tdc,
Nc1nc2cc(F)ccc2o1,2.182,tdc,
Nc1nc2ccc(Br)cc2o1,2.629,tdc,
Nc1nc2cccc(Cl)c2o1,2.614,tdc,
Nc1nc2ccccc2o1,2.349,tdc,
CN(C)c1nc2cc(Cl)ccc2o1,2.391,tdc,
NC(=O)Cc1nc2cc(Cl)ccc2o1,2.448,tdc,
COc1ccc2oc(N)nc2c1,2.215,tdc,
Nc1nc2ccc(Cl)cc2o1,2.873,tdc,
CCN(CC)CCOc1ccccc1-n1c(C)ccc1-c1ccccc1,2.697,tdc,
[O-][N+]1=C(c2ccccc2)c2cc(Cl)ccc2N=C(NCC2CC2)C1,1.888,tdc,
C1CCSC1,1.702,tdc,
CCOP(=S)(OCC)SC1CCSC1,4.134,tdc,
O=c1oc(=O)c2cc3c(=O)oc(=O)c3cc12,1.987,tdc,
CCCCOC(=O)C(C)Oc1ccc(Oc2ccc(C(F)(F)F)cn2)cc1,2.12,tdc,
CCOCCOC(=O)C(C)Oc1ccc(Oc2ncc(C(F)(F)F)cc2Cl)cc1,2.923,tdc,
COC(=O)C(C)Oc1ccc(Oc2ncc(C(F)(F)F)cc2Cl)cc1,2.98,tdc,
ClC1=C(Cl)C(Cl)(C2(Cl)C(Cl)=C(Cl)C(Cl)=C2Cl)C(Cl)=C1Cl,2.597,tdc,
C1CN1P1(N2CC2)=NP(N2CC2)(N2CC2)=NP(N2CC2)(N2CC2)=N1,3.597,tdc,
CCOP(=S)(Oc1cnn(C)c(=O)c1OC)c1ccccc1,4.824,tdc,
Nc1ccc(-c2nc3cc(N)ccc3[nH]2)cc1,1.652,tdc,
CC(C)(C)C(O)C(Cc1ccc(Cl)cc1)n1cncn1,2.354,tdc,
CCCC(Cn1cncn1)c1ccc(Cl)cc1Cl,2.126,tdc,
CCCCC(C#N)(Cn1cncn1)c1ccc(Cl)cc1,2.256,tdc,
CCCCC(O)(Cn1cncn1)c1ccc(Cl)cc1Cl,2.157,tdc,
CC(C)(C)C(O)C(Cc1ccc(Cl)cc1Cl)n1cncn1,1.914,tdc,
CCc1nnc(CSP(=S)(OC)OC)o1,3.229,tdc,
CCCc1nnc(CSP(=S)(OC)OC)o1,2.971,tdc,
CCOP(=O)(OCC)SCc1nnc(CC)o1,4.415,tdc,
CCCc1nnc(CSP(=S)(OCC)OCC)o1,3.827,tdc,
COP(=S)(OC)SCc1nnc(C)o1,3.5010000000000003,tdc,
CCCc1nnc(CSP(=O)(OCC)OCC)o1,4.057,tdc,
COP(=S)(OC)SCc1nnc(C(C)C)o1,2.925,tdc,
CCOP(=S)(OCC)SCc1nnc(C)o1,4.703,tdc,
COP(=S)(OC)SCc1nnc(CC(C)C)o1,2.397,tdc,
CCOP(=S)(OCC)SCc1nnc(CC(C)C)o1,3.776,tdc,
CCOP(=O)(OCC)SCc1nnc(CC(C)C)o1,4.015,tdc,
CCOP(=S)(OCC)SCc1nnc(C(C)C)o1,3.667,tdc,
CCOP(=O)(OCC)SCc1nnc(C)o1,4.897,tdc,
CCOP(=S)(OCC)SCc1nnc(CC)o1,4.442,tdc,
COCC(=O)N(c1c(C)cccc1C)N1CCOC1=O,2.175,tdc,
O=C1CN=C(c2ccccc2F)c2cc(Cl)ccc2N1CC1CC1,1.5319999999999998,tdc,
CC(C)(Oc1ccccc1)C(=O)OCCN1CCOCC1,1.569,tdc,
CN1C(=O)CC(=O)N(c2ccccc2)c2cc(Cl)ccc21,1.7,tdc,
FC(F)(F)c1nnc2c3ccccc3ccn12,2.556,tdc,
C1COCCOCCOCCOCCO1,2.194,tdc,
O=C(Nc1ccc([N+](=O)[O-])cc1)OCc1cccnc1,4.29,tdc,
O=C(CCCN1CC=C(n2c(=O)[nH]c3ccccc32)CC1)c1ccc(F)cc1,2.704,tdc,
c1ccc2c(OCCN3CCCC3)ccnc2c1,2.937,tdc,
C1NNCN2CNNCN12,2.56,tdc,
O=C1CC2CC1C1CCCC21,2.345,tdc,
O=C(SC(=O)c1ccccc1)c1ccccc1,1.685,tdc,
COC(=O)C(C)N(C(=O)c1ccco1)c1c(C)cccc1C,2.506,tdc,
Cc1cc(-c2ccccc2)[nH]n1,1.944,tdc,
COc1c2occc2c(OC)c2c(=O)cc(C)oc12,3.5780000000000003,tdc,
COc1c2ccoc2cc2oc(C)cc(=O)c12,2.442,tdc,
COc1ccc(C(O)(c2cncnc2)C2CC2)cc1,1.756,tdc,
CN1C(=O)CN2CCc3ccccc3C2c2cc(Cl)ccc21,2.257,tdc,
CCC1C2CC3C4N(C)c5ccccc5C45CC(C2C5O)N3C1O,2.957,tdc,
CC(C)(C)C(=O)C(Oc1ccc(Cl)cc1)n1ccnc1,2.864,tdc,
CCOP(=O)(N=c1scc(CO)s1)OCC,3.2430000000000003,tdc,
Oc1ccc(-c2ccccc2)cc1CN1CCOCC1,4.032,tdc,
CC(CN1CCOCC1)C(C(=O)N1CCCC1)(c1ccccc1)c1ccccc1,3.738,tdc,
O=C(Oc1cc(C(=O)Oc2cc(C(=O)OC3C(OC(=O)c4cc(O)c(O)c(O)c4)CC(O)(C(=O)O)CC3OC(=O)c3cc(O)c(O)c(O)c3)cc(O)c2O)cc(O)c1O)c1cc(O)c(O)c(O)c1,2.411,tdc,
CC=C(C)C(=O)OC1CCN2CC=C(COC(=O)C(O)(C(C)OC)C(C)(C)O)C12,3.573,tdc,
CC12CCCC(C)(OC1)O2,1.935,tdc,
O=S1(=O)CCCO1,3.087,tdc,
NS(=O)(=O)c1ccc(NC(=O)c2cc(=O)c3ccccc3o2)cc1,1.838,tdc,
CN(C)CCNc1ncnc2ccccc12,2.509,tdc,
CNC(=O)ON=C1SC(C)C(=O)NC1(C)C,5.443,tdc,
CC1C(=NOC(=O)N(C)SC(Cl)(Cl)Cl)SCC(=O)N1C,5.032,tdc,
CNC(=O)ON=C1SCC(=O)NC1(C)C,5.319,tdc,
CNC(=O)ON=C1SCC(=O)NC1C,4.584,tdc,
CCN(C(=O)N(CC)c1ccccc1)c1ccccc1,1.989,tdc,
NS(=O)(=O)Cc1noc2ccccc12,2.028,tdc,
COc1c(OP(=S)(Oc2cnn(C)c(=O)c2OC)OC(C)C)cnn(C)c1=O,3.636,tdc,
CC(NCCNC(C)c1ccccc1)c1ccccc1,2.318,tdc,
CCOC(=O)C(NCCNC(C(=O)OCC)c1ccccc1O)c1ccccc1O,2.716,tdc,
CC(C)=CCC(CCN1CCCC1)(C(N)=O)c1cccc2ccccc12,3.693,tdc,
CC1(C)CC(=O)C(N)C(C)(C)N1,2.267,tdc,
CC1(C)CC(=O)CC(C)(C)N1,2.004,tdc,
CC(Cc1ccccc1)C(=O)C(C)Cc1ccccc1,2.001,tdc,
COc1ccc(Cc2nccc3cc(OC)c(OC)cc23)cc1OC,3.019,tdc,
CNC(=O)Oc1ccccc1C1OCC=CCO1,3.853,tdc,
CCCCCCC(O)C1C2=C(CC(C(O)C3CC=CC(=O)O3)CC3=C(C(=O)OC3=O)C1O)C(=O)OC2=O,3.113,tdc,
CC(C)Cc1ccc(C(C)C(=O)OCc2ccccn2)cc1,2.315,tdc,
COc1ccc(C2OCOCC2C)cc1,1.6769999999999998,tdc,
ClC1=C(Cl)C2(Cl)C(Cl)=C(Cl)C3C(Cl)C1CC32,1.867,tdc,
Cc1cccs1,1.487,tdc,
O=Cc1cccs1,2.088,tdc,
c1ccsc1,1.779,tdc,
Clc1sc(Cl)c(Cl)c1Cl,3.5010000000000003,tdc,
O=[N+]([O-])N1CN([N+](=O)[O-])CN([N+](=O)[O-])CN([N+](=O)[O-])C1,1.659,tdc,
O=C1C=C2C(=CCOC2O)O1,3.744,tdc,
Cc1c(CN2CCOC(c3ccccc3)C2C)c(=O)n(-c2ccccc2)n1C,3.179,tdc,
Cc1cc(NC(=O)c2ccccc2O)n(-c2ccccc2)n1,2.346,tdc,
O=C1OC(=O)C(OC(=O)c2ccccc2)=C1OC(=O)c1ccccc1,1.529,tdc,
O=C(CCl)OC1=C(OC(=O)CCl)C(=O)OC1=O,1.85,tdc,
CCC(=O)OC1=C(OC(=O)CC)C(=O)OC1=O,1.685,tdc,
O=C1C=CC(=O)O1,2.389,tdc,
CCCC(=O)OC1=C(OC(=O)CCC)C(=O)OC1=O,1.256,tdc,
O=C(CCCl)OC1=C(OC(=O)CCCl)C(=O)OC1=O,1.648,tdc,
CC1=CC(=O)OC1=O,1.635,tdc,
CC(=O)OC1=C(OC(C)=O)C(=O)OC1=O,1.5530000000000002,tdc,
CC(Cc1ccc(O)c(O)c1)C(C)Cc1ccc(O)c(O)c1,2.18,tdc,
O=C(c1cccnc1)N1CCN=C1Nc1c(Cl)cccc1Cl,3.622,tdc,
CN(C)C1CC(c2ccccc2)c2ccccc21,3.13,tdc,
Nc1ncnc2[nH]cnc12,2.259,tdc,
Nc1ncc2nc[nH]c2n1,2.272,tdc,
CON1CCC(=Cc2cc(C(C)(C)C)c(O)c(C(C)(C)C)c2)C1=O,3.314,tdc,
c1ccc2cc(Nc3ccc(Nc4ccc5ccccc5c4)cc3)ccc2c1,1.904,tdc,
c1ccc2nc3ccccc3cc2c1,1.952,tdc,
CN(C)CCCNc1c2ccccc2nc2cccc([N+](=O)[O-])c12,4.101,tdc,
CCCCCCCCCOC(=O)C1=CNC=C(C(=O)NC2CCCC2)C1c1ccccc1[N+](=O)[O-],4.684,tdc,
CCOC(C1=NCCCN1)c1cccc2ccccc12,2.855,tdc,
CCOC(C1=NCC(C)(C)CN1)c1cccc2ccccc12,3.732,tdc,
CN1C(=O)C2C3C=C(C(O)(c4ccccc4)c4ccccn4)C(C3=C(c3ccccc3)c3ccccn3)C2C1=O,4.641,tdc,
CCCCN1C(=O)C2C3C=C(C(O)(c4ccccc4)c4ccccn4)C(C3=C(c3ccccc3)c3ccccn3)C2C1=O,4.8,tdc,
O=C1NC(=O)C2C3C(C(O)(c4ccccc4)c4ccccn4)=CC(C3=C(c3ccccc3)c3ccccn3)C12,5.129,tdc,
COCCN1C(=O)C2C3C=C(C(O)(c4ccccc4)c4ccccn4)C(C3=C(c3ccccc3)c3ccccn3)C2C1=O,4.801,tdc,
CCCN1C(=O)C2C3C=C(C(O)(c4ccccc4)c4ccccn4)C(C3=C(c3ccccc3)c3ccccn3)C2C1=O,4.205,tdc,
CCSC(C)CC1CC(=O)C(C(=O)CC)C(=O)C1,3.202,tdc,
COc1ccc(-c2nc(C)c(C(N)=O)s2)cc1OC,1.652,tdc,
CNC(=O)c1sc(-c2cc(OC)c(OC)c(OC)c2)nc1C,1.7919999999999998,tdc,
CCCNC(=O)c1sc(-c2cc(OC)c(OC)c(OC)c2)nc1C,1.796,tdc,
O=C(O)Cc1csc(-c2ccc(Cl)cc2)n1,2.475,tdc,
CNCCC=C1c2ccccc2CCc2sccc21,2.7310000000000003,tdc,
CN(C)CCC=C1c2ccccc2CCc2sccc21,2.607,tdc,
C1=CC=CCC=C1,3.209,tdc,
O=C(O)c1c(O)cccc1C=NOCc1ccc(Cl)cc1,2.475,tdc,
CN1CCN2c3ccccc3Cc3ccccc3C2C1,2.456,tdc,
O=C(CCNNC(=O)c1ccncc1)NCc1ccccc1,2.244,tdc,
COc1c(OCc2ccc(-c3ccccc3-c3nnn[nH]3)cc2)cc(C)nc1C,2.287,tdc,
CN(Cc1cnc2nc(N)nc(N)c2n1)c1ccc(C(=O)NC(CCC(=O)O)C(=O)O)cc1,3.527,tdc,
O=[N+]([O-])C=C1SCCN1Cc1ccccc1,2.373,tdc,
CON=C(C(=O)NC1C(=O)N2C(C(=O)O)=C(COC(N)=O)CSC12)c1ccco1,1.628,tdc,
CS(=O)(=O)c1ccc(-c2cn3ccccc3n2)cc1,1.866,tdc,
CC(C(=O)O)c1ccc(-c2cn3ccccc3n2)cc1,2.96,tdc,
CCOC(=O)N(Cc1ccccc1)C1CC1,2.201,tdc,
COP(=O)(OC)ON1C(=O)c2cccc3cccc(c23)C1=O,3.662,tdc,
CCOP(=S)(OCC)ON1C(=O)c2cccc3cccc(c23)C1=O,2.864,tdc,
CCOP(=O)(OCC)ON1C(=O)c2cccc3cccc(c23)C1=O,3.698,tdc,
O=C(O)CCCN1C(=O)c2cccc3cccc(c23)C1=O,1.85,tdc,
CCN1CC(C)OC1=NP(=O)(OC)SC,6.402,tdc,
CCN1C(=NP(=O)(OC)SC)OCC1C,2.504,tdc,
CCC(C(O)c1ccc2[nH]c(=O)ccc2c1)N1CCN(c2cccc(Cl)c2)CC1,2.9160000000000004,tdc,
O=C1C(CCC2CC2)C(=O)N(c2ccccc2)N1c1ccccc1,2.904,tdc,
Cc1ccc(-c2nc3n(c2C=NNC(=O)CN(C)C)CCS3)cc1,2.633,tdc,
CN(C)CC(=O)NN=Cc1c(-c2ccc(Cl)cc2)nc2n1CCS2,2.658,tdc,
COC(=O)c1ccccc1N=CC(C)Cc1ccc(C(C)(C)C)cc1,2.051,tdc,
CON=CC1=CCCN(OC(=O)Nc2ccc(Cl)cc2)C1,2.792,tdc,
O=C1NC(=O)C(=O)C(=O)N1,1.436,tdc,
Nc1ccc(OP(=O)(Oc2ccc(N)cc2)Oc2ccc(N)cc2)cc1,3.43,tdc,
Cc1ccccc1OP(=O)(Oc1ccccc1C)Oc1ccccc1C,2.502,tdc,
Cc1ccc(OP(=O)(Oc2ccccc2)Oc2ccccc2)cc1,2.38,tdc,
CC(C)c1ccccc1OP(=O)(Oc1ccccc1)Oc1ccccc1,1.5659999999999998,tdc,
O=P(Oc1ccccc1)(Oc1ccccc1)Oc1ccccc1,1.97,tdc,
O=C1C=CC(=O)N1CCCCCCN1C(=O)C=CC1=O,2.701,tdc,
Cc1ccc2c(c1)C(N1CCN(C)CC1)=Nc1ccccc1S2,2.539,tdc,
CN1CCN(C2=Nc3ccccc3Sc3ccc(Cl)cc32)CC1,3.089,tdc,
N=C(N)NCCN1CCCCCCC1,2.276,tdc,
O=NN1CCCCCCC1,2.701,tdc,
Cc1ccc2c(-c3ccccc3)nc(=O)n(C(C)C)c2c1,2.564,tdc,
Cc1ccc2c(-c3cccc(O)c3)nc(=O)n(C(C)C)c2c1,2.266,tdc,
Cc1cccc(Nc2cc(Cl)nc(SCC(=O)O)n2)c1C,1.892,tdc,
COc1ccc2c(c1)c(CC(=O)O)c(C)n2C(=O)C=Cc1ccccc1,2.589,tdc,
CC1(C)C2CCC1(C)C(Oc1ccc(N)cc1)C2,2.57,tdc,
CCc1ccc([N+]([O-])=Cc2ccccc2)cc1,2.224,tdc,
CCCCOC(=O)c1ccc([N+]([O-])=Cc2ccc(N(CC)CC)cc2)cc1,2.186,tdc,
CCOC(=O)c1ccc([N+]([O-])=Cc2ccc(N(CC)CC)cc2)cc1,2.833,tdc,
C=Cc1ccc(OCC2CO2)cc1,2.246,tdc,
Cc1ccccc1OCC1CO1,1.6130000000000002,tdc,
c1ccc(OCC2CO2)cc1,1.591,tdc,
C=CCc1cccc(CC=C)c1OCC1CO1,1.71,tdc,
CCOCn1cc(F)c(=O)n(C(=O)c2cccc(C(=O)Oc3nc(OC(=O)c4ccccc4)ccc3C#N)c2)c1=O,2.48,tdc,
CCCc1c(OCc2cccn3c(=O)c(CCC(=O)O)cnc23)ccc(C(C)=O)c1O,2.026,tdc,
CCCc1c(OCc2cccn3c(=O)c(CC(=O)O)cnc23)ccc(C(C)=O)c1O,2.011,tdc,
CN(C)C(CSS(=O)(=O)c1ccccc1)CSS(=O)(=O)c1ccccc1,2.592,tdc,
CC(C)N1CCC(N(C(=O)Cc2ccccc2)c2ccc(Cl)cc2)CC1,2.9730000000000003,tdc,
O=P(Oc1ccccc1)(Oc1ccccc1)OC1CCCCC1,2.131,tdc,
CC12CCC(=O)C=C1CCC1C2CCC2(C)C1CCC2(C)O,2.083,tdc,
C#CC1(O)CCC2C3CCC4=CC(=O)CCC4C3CCC21CC,1.795,tdc,
CCC1CC2C3CCC4=CC(=O)CCC4C3CCC2(C)C1O,1.398,tdc,
CCC(=O)OC1CCC2C3CCC4=CC(=O)CCC4(C)C3CCC12C,2.537,tdc,
CC12CCC3C4CCC(=O)C=C4CCC3C1CCC2OC(=O)N(CCCl)N=O,2.271,tdc,
CCCC(=O)OC1(C(=O)COC(=O)CC)CCC2C3CCC4=CC(=O)CCC4(C)C3C(O)CC21C,1.98,tdc,
O=NN1CCCOC1,2.287,tdc,
O=C1CCCCCC=CCCCCCCCCO1,2.872,tdc,
COc1ccc2c(c1)C13CCCCC1C(C2)N(C)CC3,3.369,tdc,
C=CCN1CCC23CCCCC2C1Cc1ccc(O)cc13,2.475,tdc,
COc1ccc2c(c1OC)C13CCN(C)C(C2)C1(O)CCC(O)C3,2.9930000000000003,tdc,
CN1CCC23CCCCC2C1Cc1ccc(O)cc13,3.234,tdc,
CC1=CCC2CC(CC3(CCC(C)C(C(C)C)O3)O2)OC(=O)C2C=C(C)C(O)C3OCC(=CC=CC(C)C1)C23O,2.353,tdc,
O=[N+]([O-])c1cncn1CCN1CCOCC1,2.167,tdc,
c1cc(OCC2CO2)cc(OCC2CO2)c1,1.937,tdc,
COC(=O)Nc1nc2cc(Oc3ccc4[nH]c(NC(=O)OC)nc4c3)ccc2[nH]1,3.297,tdc,
O=C(O)C1C(=CCO)OC2CC(=O)N21,1.4,tdc,
Cc1ccc2c(c1)CC(=O)c1cc(C(C)C(=O)O)ccc1S2,3.495,tdc,
CC(C(=O)O)c1ccc2c(c1)CC(=O)c1ccccc1S2,2.846,tdc,
COP(=O)(Oc1cc(Cl)c(Br)cc1Cl)c1ccccc1,3.526,tdc,
O=[N+]([O-])c1ccc(OP(=O)(CCl)c2ccccc2)cc1,3.1860000000000004,tdc,
CP(=O)(Oc1ccc([N+](=O)[O-])cc1)c1ccccc1,4.346,tdc,
CCC1C(=O)OCC1Cc1cncn1C,2.714,tdc,
c1ccc2c(c1)Cc1ccccc1N2,1.928,tdc,
CN(C)CCCC1c2ccccc2Nc2ccc(Cl)cc21,2.9,tdc,
CN(C)CCCN1c2ccccc2C(C)(C)c2ccccc21,2.202,tdc,
O=c1[nH]c(=O)n(CC2CC2)c2nc[nH]c12,2.846,tdc,
CC(=O)C1(O)Cc2c(O)c3c(c(O)c2C(OC2CC(N)C(O)C(C)O2)C1)C(=O)c1c(O)cccc1C3=O,4.349,tdc,
COc1cccc2c1C(=O)c1c(O)c3c(c(O)c1C2=O)CC(O)(C(C)=O)CC3OC1CC(N)C(O)C(C)O1,3.196,tdc,
CN1CCC(Oc2ccc(N)cc2)(c2ccccc2)CC1,2.838,tdc,
CCC(C)CCCCC(=O)NC(CCN)C(=O)NC(C(=O)NC(CCN)C(=O)NC1CCNC(=O)C(C(C)O)NC(=O)C(CCN)NC(=O)C(CCN)NC(=O)C(C(C)O)NC(=O)C(CC(C)C)NC(=O)C(CCN)NC1=O)C(C)O,3.104,tdc,
COc1cc2c3c(c1O)C1(C=CC(=O)C=C1)CC3N(C)CC2,2.733,tdc,
CCC1(CC)C(=O)C=CN(CN2CCOCC2)C1=O,2.135,tdc,
O=c1ccc2ccc3occc3c2o1,2.762,tdc,
CCN1CCCC1CNC(=O)c1cc(S(N)(=O)=O)ccc1OC,1.5419999999999998,tdc,
C=C1CCC2CC1C2(C)C,1.462,tdc,
CCCNc1nnc(-c2ccccc2)c2ccccc12,2.7030000000000003,tdc,
CN(C)C1c2ccccc2NC(=O)c2ccccc21,2.101,tdc,
CCOC1c2ccccc2C(=O)N(C)c2ccccc21,1.825,tdc,
O=C1C(Cl)=C(Cl)C(=O)C1(Cl)Cl,2.369,tdc,
C[n+]1cccc(C(=O)[O-])c1,1.4380000000000002,tdc,
Nc1cc[n+]([O-])cc1,3.167,tdc,
O=[N+]([O-])c1cc[n+]([O-])cc1,3.117,tdc,
CCc1ccc(C)[n+]([O-])c1,1.836,tdc,
CC(NCCCCc1ccccc1)C(O)c1ccc2c(c1)CCS2,2.778,tdc,
c1coc(-c2nc3ccccc3[nH]2)c1,2.5660000000000003,tdc,
CC1CC=CC=CC=CC=CC(OC2OC(C)C(O)C(N)C2O)CC2OC(O)(CC(O)CC3OC3C=CC(=O)O1)CC(O)C2C(=O)O,2.387,tdc,
C(=Nc1ccccc1)Nc1ccccc1,2.013,tdc,
OCc1ccc(OCCn2ccnc2)cc1,1.652,tdc,
CC(=Nc1c(I)cc(I)c(C(=O)NCC(C)C(=O)O)c1I)N1CCOCC1,1.676,tdc,
CC(=O)Nc1ccc(OC(=O)c2ccccc2OC(C)=O)cc1,1.952,tdc,
O=C(O)c1cc(O)c(O)c(OC(=O)c2cc(O)c(O)c(O)c2)c1,2.154,tdc,
O=C(Oc1cccc(O)c1)c1ccccc1,2.127,tdc,
O=C(Oc1ccccc1)c1ccccc1O,1.854,tdc,
Cc1ccc(OC(=O)c2ccccc2)cc1,1.905,tdc,
Cc1ccc(OC(=O)c2ccccc2O)cc1,2.244,tdc,
COCCOC(=O)C1=C(C)NC(C)=C(C(=O)OCC=Cc2ccccc2)C1c1cccc([N+](=O)[O-])c1,2.048,tdc,
COC(=O)C1=C(C)NC(C)=C(C(=O)OCC=Cc2ccccc2)C1c1cccc([N+](=O)[O-])c1,2.1790000000000003,tdc,
CCC(C)(C)C(=O)OC1CC(C)C=C2C=CC(C)C(CCC3CC(O)CC(=O)O3)C21,1.975,tdc,
Cc1nn(C)c(Oc2ccccc2)c1C=NOCc1ccc(C(=O)OC(C)(C)C)cc1,3.236,tdc,
O=C(Nc1ccc(F)cc1F)c1cccnc1Oc1cccc(C(F)(F)F)c1,2.295,tdc,
CC1CCCCN1CCCOC(=O)c1ccc(Cl)c(Cl)c1,2.121,tdc,
CCCn1c(C)cc(OP(=S)(OCC)OCC)cc1=O,4.515,tdc,
C=CCn1c(C)cc(OP(=O)(OC)OC)cc1=O,5.046,tdc,
COP(=S)(OC)Oc1cc(C)n(C)c(=O)c1,5.511,tdc,
COP(=O)(OC)Oc1cc(C)n(C)c(=O)c1,4.928999999999999,tdc,
CCOP(=S)(OCC)Oc1cc(C)n(CC)c(=O)c1,1.635,tdc,
CCOP(=S)(OCC)Oc1cc(C)n(C)c(=O)c1,4.688,tdc,
CCOP(=O)(OCC)Oc1cc(C)n(CC)c(=O)c1,5.252000000000001,tdc,
O=c1[nH]c(Cl)c(Cl)cc1Cl,2.395,tdc,
C1COCCOCCOCCOCCOCCO1,2.279,tdc,
CCC(C(=O)C(C)C(O)C(C)CCc1ccc(C)c(O)c1C(=O)O)C1OC(CC)(C2CCC(O)(CC)C(C)O2)CC1C,3.685,tdc,
CN(C)C=C1C(=O)N(c2ccccc2)N=C1c1ccccc1,2.515,tdc,
CCCCCCCCCCCCCCCC(=O)OCC(O)C1OC(=O)C(O)=C1O,1.839,tdc,
O=C1OC(C(O)CO)C(O)=C1O,1.17,tdc,
CCC1OP(=S)(Cl)OC2CCCCC12,3.26,tdc,
CC1OP(=S)(Cl)OC2CCCCC12,3.302,tdc,
CC1CCCC2C(C)OP(=S)(Cl)OC12,3.365,tdc,
c1ccc2c(c1)-c1cccc3cccc-2c13,2.005,tdc,
CCCCCCCCn1sccc1=O,2.589,tdc,
O=C1CCCCC(=O)N1,0.75,tdc,
O=C1OC(=O)c2ccccc21,1.5659999999999998,tdc,
O=C1CC2OCC=C3CN4CCC56c7ccccc7N1C5C2C3CC46,5.153,tdc,
CCOP(=O)(OCC)SCn1nc(C)oc1=O,5.4510000000000005,tdc,
CN(C)P(=S)(c1ccccc1)n1ccnc1,2.224,tdc,
O=c1[nH]c2ccc(Cl)cc2o1,2.15,tdc,
O=c1[nH]c2cc(Cl)c(Br)cc2o1,2.696,tdc,
CCOP(=S)(OCC)SCn1c(=O)oc2cc(Cl)ccc21,3.636,tdc,
CCOP(=S)(OCC)SCn1c(=O)oc2ccccc21,3.614,tdc,
O=c1[nH]c2ccc(Br)cc2o1,2.33,tdc,
CCOP(=O)(OCC)OCn1c(=O)oc2cc(Cl)ccc21,3.982,tdc,
O=c1[nH]c2ccccc2o1,2.286,tdc,
O=c1oc2cc(Cl)ccc2n1CCl,1.967,tdc,
O=c1[nH]c2cc(Cl)c(Cl)cc2o1,2.465,tdc,
CCn1c(=O)oc2ccc(Cl)cc21,2.165,tdc,
O=c1oc2cc(Cl)ccc2n1CO,1.853,tdc,
O=c1[nH]c2cc(Br)ccc2o1,2.309,tdc,
O=c1[nH]c2cc(Cl)ccc2o1,2.347,tdc,
O=c1[nH]c2c(Cl)c(Cl)c(Cl)cc2o1,2.377,tdc,
O=c1[nH]c2c(Cl)c(Cl)cc(Cl)c2o1,2.678,tdc,
C[n+]1cc2c3c(ccc2c2ccc4cc5c(cc4c21)OCO5)OCO3,2.301,tdc,
c1cc2c(cc1C1CO1)O2,1.676,tdc,
c1ccc(OP(Oc2ccccc2)Oc2ccccc2)cc1,2.2880000000000003,tdc,
Cc1c(C(=O)NCCO)[n+]([O-])c2ccccc2[n+]1[O-],2.186,tdc,
COC(=O)NN=Cc1c[n+]([O-])c2ccccc2[n+]1[O-],2.489,tdc,
[O-][n+]1cc[n+]([O-])c2ccccc21,2.511,tdc,
O=C(Cc1ccc(-c2ccccc2)cc1)Nc1ccccn1,2.191,tdc,
CC(C(=O)Nc1cc(-c2ccccc2)nn1-c1ccccc1)N(C)C,2.431,tdc,
O=C(O)C1=Cc2sc(Cn3ccnc3)cc2CC1,2.141,tdc,
FC(F)(F)N=C1SC(=Nc2ccccc2)N(c2ccccc2)C1=NC(F)(F)F,2.287,tdc,
c1ccc(Oc2nncc3ccccc23)cc1,2.347,tdc,
Cc1c(N)nc(C)c2c1[nH]c1ccccc12,3.325,tdc,
OC(CCCN1CCCCC1)(c1ccccc1)c1ccccc1,2.579,tdc,
O=C1CCCCC1Cc1ccc2c(c1)OCO2,1.471,tdc,
CC(=O)OCC1OC(n2ncc(=O)[nH]c2=O)C(OC(C)=O)C1OC(C)=O,1.491,tdc,
CN(SSN(C)C(=O)ON=C1CSCCS1)C(=O)ON=C1CSCCS1,3.472,tdc,
c1ccc(C2(c3ccccc3)COC(c3ccccc3)(C3CCCCN3)OC2)cc1,3.124,tdc,
CC(C)(Oc1ccc(Cl)cc1)C(=O)OCCCOC(=O)C(C)(C)Oc1ccc(Cl)cc1,1.808,tdc,
O=C1C(CCS(=O)c2ccccc2)C(=O)N(c2ccccc2)N1c1ccccc1,3.053,tdc,
O=C(Nc1ccc(Nc2ccc(NC(=O)c3ccccc3)c3c2C(=O)c2ccccc2C3=O)c2c1C(=O)c1ccccc1C2=O)c1ccccc1,1.539,tdc,
CN1CCC(=C2c3ccccc3CCc3sccc32)CC1,2.858,tdc,
O=c1[nH]c(=O)c2ccccc2o1,2.337,tdc,
CCCOC(=O)C1c2cc3c(cc2CC(C)C1C(=O)OCCC)OCO3,2.383,tdc,
CN1CCN(CCC=C2c3ccccc3Sc3ccc(S(=O)(=O)N(C)C)cc32)CC1,2.79,tdc,
CN1CCC(c2c[nH]c3ccccc23)C1,2.6860000000000004,tdc,
CC(Cc1ccccc1)NCCC(c1ccccc1)c1ccccc1,3.12,tdc,
NC(=O)c1ncn(C2OC(CO)C(O)C2O)n1,1.956,tdc,
CC1Cc2c(Cl)cc(C(=O)NC(Cc3ccccc3)C(=O)O)c(O)c2C(=O)O1,4.305,tdc,
CC1(C)CON(Cc2ccccc2Cl)C1=O,2.2430000000000003,tdc,
Cc1ccc(CCOC(=O)c2cccnc2)cc1,1.838,tdc,
CC(CN1C(=O)N(CC2CO2)C(C)(C)C1=O)OCC1CO1,2.219,tdc,
Cn1c(=O)c2c(ncn2CCOC(=O)C(C)(C)Oc2ccc(Cl)cc2)n(C)c1=O,1.394,tdc,
O=C1CSc2ncccc2N1,2.199,tdc,
CC(C)(Oc1ccc(C2CCCc3ccccc32)cc1)C(=O)O,2.5380000000000003,tdc,
CCC(=O)OC1(c2ccccc2)CCN(C)C1C,2.99,tdc,
COc1cc(C=CC(=S)N2CCOCC2)cc(OC)c1OC,2.379,tdc,
CCN(CC)CCOc1ccc(C(O)(Cc2ccc(Cl)cc2)c2ccc(C)cc2)cc1,2.34,tdc,
O=C(OCC1CO1)c1ccccc1,2.102,tdc,
COP(=S)(OC)Oc1ccc2c(C)cc(=O)oc2c1,4.284,tdc,
CCOP(=O)(OCC)Oc1ccc2c(C)c(Cl)c(=O)oc2c1,4.54,tdc,
CCOP(=O)(OCC)Oc1ccc2c(C)cc(=O)oc2c1,4.032,tdc,
CCN(CC)c1ccc2c(C)cc(=O)oc2c1,1.665,tdc,
COc1ccc2ccc(=O)oc2c1,1.612,tdc,
O=C(O)c1cc2ccccc2oc1=O,2.978,tdc,
CCCCOP(=O)(OCCCC)Oc1ccc2c(C)c(Cl)c(=O)oc2c1,3.806,tdc,
Cc1cc(=O)oc2cc(O)ccc12,1.66,tdc,
Cc1cc(=O)oc2cc(OP(=O)(OCCCl)OCCCl)ccc12,3.432,tdc,
O=c1ccc2ccccc2o1,2.698,tdc,
CCCOP(=O)(OCCC)Oc1ccc2c(C)c(Cl)c(=O)oc2c1,3.671,tdc,
CCOP(=S)(OCC)Oc1ccc2c(C)cc(=O)oc2c1,4.349,tdc,
CCOP(=S)(OCC)Oc1ccc2c(C)c(Cl)c(=O)oc2c1,4.446000000000001,tdc,
CCOP(=S)(OCC)Oc1cc2ccccc2oc1=O,4.383,tdc,
Cc1ccc2oc(=O)ccc2c1,1.979,tdc,
COc1cc2ccc(=O)oc2cc1OC,2.849,tdc,
COc1cc2ccc(=O)oc2cc1O,1.704,tdc,
CCOC(=O)COc1ccc2c(C)c(CCN(CC)CC)c(=O)oc2c1Cl,2.501,tdc,
Cc1ccc2ccc(=O)oc2c1,1.625,tdc,
COc1ccc2ccc(=O)oc2c1CC=C(C)C,1.925,tdc,
Cc1c(Cl)c(=O)oc2cc(OP(=O)(OCCCCl)OCCCCl)ccc12,3.323,tdc,
Cc1c(Cl)c(=O)oc2cc(OP(=O)(OCCCl)OCCCl)ccc12,2.664,tdc,
Cc1c(Cl)c(=O)oc2cc(OP(=O)(OCC(C)Cl)OCC(C)Cl)ccc12,2.8110000000000004,tdc,
CCc1ccc(C(=O)C(C)CN2CCCCC2)cc1,2.3,tdc,
Cc1ccc(C(=O)C(C)CN2CCCCC2)cc1,2.228,tdc,
CC(C)c1cccc(C(C)C)c1N=C=Nc1c(C(C)C)cccc1C(C)C,3.258,tdc,
S=c1[nH]c(=S)[nH]c(=S)[nH]1,1.271,tdc,
CCc1nn(C)c(C(=O)NCc2ccc(C(C)(C)C)cc2)c1Cl,2.749,tdc,
O=C1CCCc2ccccc21,2.256,tdc,
C1CSCCO1,1.5659999999999998,tdc,
CCOP(=S)(OCC)SC1COCCS1,4.9830000000000005,tdc,
Cc1c(CC(=O)O)c2ccccc2n1C(=O)c1ccccc1,2.909,tdc,
CCOC(=O)C(C(=O)Cc1c(C)n(C(=O)c2ccc(Cl)cc2)c2ccc(OC)cc12)C(=O)OCC,2.983,tdc,
COc1ccc2c(c1)c(CC(=O)NO)c(C)n2C(=O)c1ccc(Cl)cc1,3.679,tdc,
COC(=O)C(C(=O)Cc1c(C)n(C(=O)c2ccc(Cl)cc2)c2ccc(OC)cc12)C(=O)OC,3.3560000000000003,tdc,
CCOC(=O)C(C(C)=O)C(=O)Cc1c(C)n(C(=O)c2ccc(Cl)cc2)c2ccc(OC)cc12,3.429,tdc,
COc1ccc2c(c1)c(CC(=O)OCC=C(C)CCC=C(C)CCC=C(C)C)c(C)n2C(=O)c1ccc(Cl)cc1,2.525,tdc,
COc1ccc2c(c1)c(CC(=O)OCC(=O)O)c(C)n2C(=O)c1ccc(Cl)cc1,4.235,tdc,
CCOC(=O)C(C#N)C(=O)Cc1c(C)n(C(=O)c2ccc(Cl)cc2)c2ccc(OC)cc12,3.742,tdc,
COc1ccc2c(c1)c(CC(=O)O)c(C)n2C(=O)c1ccc(Cl)cc1,5.17,tdc,
CN(C)CCCN1c2ccccc2CCc2ccc(Cl)cc21,2.7110000000000003,tdc,
CNCCCN1c2ccccc2CCc2ccccc21,2.8510000000000004,tdc,
CN(C)CCCN1c2ccccc2CCc2cc(O)ccc21,1.998,tdc,
CN(C)CCCN1c2ccccc2CCc2ccccc21,3.05,tdc,
c1ccc2c(c1)Sc1ccccc1N2CC1CN2CCC1CC2,3.119,tdc,
CCC(C)(C)C1CCC(C2=C(O)C(=O)c3ccccc3C2=O)CC1,2.213,tdc,
CCC1NC(=O)C2C(Cl)C(Cl)CN2C(=O)C(CO)NC(=O)CC(c2ccccc2)NC(=O)C(CO)NC1=O,5.059,tdc,
CCC1(CC)C(=O)C=CN(CN2CCNCC2)C1=O,2.297,tdc,
c1ccc(CNc2ncnc3c2ncn3C2CCCCO2)cc1,2.276,tdc,
CCCOC(C1=NCCN1)c1ccccc1,2.795,tdc,
CCOC(C1=NCC(C)(C)N1)c1ccc(Cl)c(Cl)c1,3.437,tdc,
CCOC(C1=NCC(C)(C)N1)c1ccccc1,2.659,tdc,
Cc1cc(C(C)(C)C)c(O)c(C)c1CC1=NCCN1,5.513,tdc,
CCOC(C1=NCC(C)N1)c1ccccc1,2.339,tdc,
COP(=S)(OC)SC1CCSc2ccc(Cl)cc21,3.232,tdc,
CCOP(=S)(OCC)SC1CCSc2ccc(Cl)cc21,3.768,tdc,
COP(=S)(OC)SC1CCSc2ccccc21,4.787,tdc,
O=c1n(CC2CO2)c(=O)n(CC2CO2)n1CC1CO1,3.032,tdc,
O=C1C(=C(Cl)Cl)C(=O)C2(Cl)C3C=CC(C3)C12Cl,2.053,tdc,
COc1ccc(-c2noc(CC(=O)O)c2-c2ccc(OC)cc2)cc1,2.583,tdc,
CCCCC(C)(O)CC=CC1C(O)CC(=O)C1CCCCCCC(=O)OC,3.674,tdc,
CCCCC(C)(C)C(O)C=CC1C(O)CC(=O)C1CCCCC=CC(=O)OC,3.844,tdc,
CCCCC(C)(C)C(O)C=CC1C(C)CC(=O)C1CC=CCCCC(=O)O,4.236000000000001,tdc,
CCCCCC(O)C=CC1C(O)CC(=O)C1CC=CCCCC(=O)O,2.8480000000000003,tdc,
CCCCCC(O)C=CC1C(O)CC(=O)C1CCCCCCC(=O)O,3.192,tdc,
CC(=O)C1CCCC1=O,2.158,tdc,
CCCCC(C)CC(O)C=CC1C(O)CC(=O)C1CC(=O)CCCCC(=O)OC,3.97,tdc,
CCCCC(C)C(O)C#CC1CCC(=O)C1CC=CCCCC(=O)OC,3.03,tdc,
O=C1CCc2cc(C(=O)CCCN3CC=C(c4ccc(Cl)cc4)CC3)ccc2N1,2.9130000000000003,tdc,
O=C1CCc2cc(C(=O)CCCN3CC=C(c4ccccc4)CC3)ccc2N1,2.874,tdc,
CC(C)(O)C=CC(=O)C(C)(O)C1C(O)CC2(C)C3CC=C4C(CC(O)C(=O)C4(C)C)C3(C)C(=O)CC12C,4.799,tdc,
CC(C(=O)O)c1ccc(N2CC=CC2)c(Cl)c1,2.8560000000000003,tdc,
OC1CC2CC1C1CC=CC21,1.672,tdc,
CCOC(C1=NCCCCN1)c1ccc(Cl)cc1,2.858,tdc,
CCOC(C1=NCCCCN1)c1ccccc1,2.792,tdc,
OCC(O)C1OC2OC(C(Cl)(Cl)Cl)OC2C1O,2.889,tdc,
CCOc1ccc(C(=O)NCc2ccc(OCCNC)cc2)cc1OCC,2.094,tdc,
Cc1cccc(C)c1NC(=O)N=C1CCCN1C,2.471,tdc,
CCOC(C1=NCC(C)(CC)CN1)c1ccc(Cl)cc1,3.428,tdc,
CCOC(C1=NCC(C)(C)CN1)c1ccccc1Cl,2.957,tdc,
CCOC(C1=NCC(C)(C)CN1)c1ccc(C(C)C)cc1,3.1180000000000003,tdc,
CCOC(C1=NCC(C)(C)CN1)c1cccc(F)c1,2.547,tdc,
CCOC(C1=NCC(O)CN1)c1ccccc1,2.127,tdc,
CCOC(CC)(C1=NCCCN1)c1ccccc1,2.516,tdc,
CCOC(C1=NCC(C)(C)CN1)c1ccc(Cl)cc1,3.17,tdc,
CCOC(C1=NCC(C)(C)CN1)c1ccccc1,2.45,tdc,
CCOC(C1=NCC(C)(CC)CN1)c1cccc(Cl)c1,3.525,tdc,
CCOC(C1=NCC(C)(CC)CN1)c1ccccc1,3.073,tdc,
CCOC(C1=NCC(CC)(CC)CN1)c1ccc(Cl)cc1,2.9160000000000004,tdc,
CCOC(C1=NCC(CC)(CC)CN1)c1cccc(Cl)c1,3.448,tdc,
CCOC(C1=NCC(CC)(CC)CN1)c1ccccc1,3.04,tdc,
CCOC(C1=NCC(OC)CN1)c1ccccc1,2.4530000000000003,tdc,
CCOC(C1=NCCCN1)c1ccccc1,2.152,tdc,
CCOC(CC)(C1=NCC(C)(C)CN1)c1ccc(Cl)cc1,3.726,tdc,
CCCCN1CC(C)CN=C1C(OCC)c1ccccc1,2.518,tdc,
CCOC(C1=NCC(C)(C)CN1)c1cccc(Cl)c1,3.471,tdc,
CCOC(C1=NCC(C)(C)CN1)c1ccc(OC)c(F)c1,2.964,tdc,
CCOC(C1=NCC(C)(CC)CN1)c1cccc(F)c1,3.227,tdc,
CCOC(C1=NCCCN1)c1cccc(Cl)c1,2.5610000000000004,tdc,
CCOC(C1=NCC(C)CN1)c1ccc(Cl)cc1,2.551,tdc,
CCOC(C1=NCC(C)(C)CN1)c1ccc(OC)cc1,2.6460000000000004,tdc,
CCOC(C1=NCCCN1)c1ccc(Cl)cc1,2.461,tdc,
CCOC(C1=NCCCN1)c1c(Cl)cccc1Cl,2.662,tdc,
CCOC(C1=NCCCN1)c1cccc(F)c1,2.373,tdc,
CCCCOC(C1=NCCCN1)c1ccccc1,2.9,tdc,
CCOC(C1=NCCCN1)c1ccc(Cl)c(Cl)c1,2.89,tdc,
CCCOC(C1=NCCCN1)c1ccccc1,2.57,tdc,
CCCCN1CCCN=C1C(OCC)c1ccccc1,3.096,tdc,
CON=C(Cc1cccnc1)c1ccc(Cl)cc1Cl,2.238,tdc,
O=c1[nH]c2c(c(=O)n1C1CCCCC1)CCC2,1.328,tdc,
C1CC2CC1CC2CNCC1CC2CCC1C2,2.219,tdc,
CCS(=O)(=O)Oc1ccc2c(c1)C(C)(C)CO2,2.073,tdc,
CNC(=O)Oc1cccc2c1OC(C)(C)C2,4.646,tdc,
CCCCN(CCCC)SN(C)C(=O)Oc1cccc2c1OC(C)(C)C2,3.873,tdc,
CCCCSN(C)C(=O)Oc1cccc2c1OC(C)(C)C2,3.712,tdc,
CCOC1Oc2ccc(OS(C)(=O)=O)cc2C1(C)C,2.404,tdc,
CCC1Cc2cc(CC(=O)O)ccc2O1,2.202,tdc,
CN(SC(Cl)(Cl)Cl)C(=O)Oc1cccc2c1OC(C)(C)C2,3.472,tdc,
CCOC(=O)CCN(SN(C)C(=O)Oc1cccc2c1OC(C)(C)C2)C(C)C,3.592,tdc,
CCCCOC(=O)N(C)SN(C)C(=O)Oc1cccc2c1OC(C)(C)C2,3.858,tdc,
CSN(C)C(=O)Oc1cccc2c1OC(C)(C)C2,4.728,tdc,
CCSN(C)C(=O)Oc1cccc2c1OC(C)(C)C2,4.051,tdc,
CON=C(C)C(=NOC(=O)N(C)SN(C)C(=O)Oc1cccc2c1OC(C)(C)C2)C(=O)N(C)C,4.695,tdc,
CNC(=O)Oc1cccc2c1OC(C)(C)C2O,4.12,tdc,
CNC(=O)Oc1ccc(C)c2c1OC(C)(C)C2,4.292,tdc,
CNC(=O)Oc1ccc(Cl)c2c1OC(C)(C)C2,3.013,tdc,
CNC(=O)Oc1cccc2c1OC(C)C2,3.683,tdc,
CNC(=O)Oc1cccc2c1OCC2,3.809,tdc,
CC(=C(CCO)SSCC1CCCO1)N(C=O)Cc1cnc(C)nc1N,2.258,tdc,
O=C(O)c1cn(C2CC2)c2cc(Cl)c(F)cc2c1=O,2.684,tdc,
CCN(CC)c1cc(C)nc2ncnn12,2.9410000000000003,tdc,
CCN(CC)CC1CCCCN1CC(=O)N1c2ccccc2C(=O)Nc2cccnc21,2.439,tdc,
CN1C(=O)C(O)N=C(c2ccccc2)c2cc(Cl)ccc21,2.177,tdc,
CN1C(=O)CN=C(c2ccccc2F)c2cc(Cl)ccc21,2.241,tdc,
CN1C(=O)CN=C(c2ccccc2)c2cc(Cl)ccc21,2.908,tdc,
CN1C(=O)CN=C(c2ccccc2)c2cc([N+](=O)[O-])ccc21,2.483,tdc,
CN1C(=O)CN=C(c2ccccc2F)c2cc([N+](=O)[O-])ccc21,2.878,tdc,
C#CCN1C(=O)CN=C(c2ccccc2)c2cc(Cl)ccc21,1.725,tdc,
CNC(=O)N1C(=O)CN=C(c2ccccc2)c2cc([N+](=O)[O-])ccc21,2.171,tdc,
CP(C)(=O)CN1C(=O)CN=C(c2ccccc2)c2cc(Cl)ccc21,2.064,tdc,
CCN(CC)CCN1C(=O)CN=C(c2ccccc2F)c2cc(Cl)ccc21,2.688,tdc,
C#CCN1C(=O)CN=C(c2ccccc2)c2cc([N+](=O)[O-])ccc21,2.562,tdc,
N#CCCN1C(=O)C(O)N=C(c2ccccc2F)c2cc(Cl)ccc21,2.01,tdc,
O=C1Nc2ccc(Cl)cc2C(c2ccccc2Cl)=NC1O,1.854,tdc,
O=C1C(O)N=C(c2ccccc2F)c2cc(Cl)ccc2N1CCO,2.136,tdc,
O=C1CN=C(c2ccccc2)c2cc([N+](=O)[O-])ccc2N1,2.533,tdc,
O=C1CN=C(c2ccccc2Cl)c2cc(Cl)ccc2N1,2.1830000000000003,tdc,
Cc1cc(S(=O)(=O)c2ccccc2)ccc1NS(=O)(=O)C(F)(F)F,2.778,tdc,
Nc1ccc(S(=O)(=O)c2ccc(N)cc2)cc1,2.395,tdc,
O=S(=O)(c1ccc(Cl)cc1)c1cc(Cl)c(Cl)cc1Cl,2.799,tdc,
O=S(=O)(c1ccccc1)c1ccc(Cl)cc1,2.257,tdc,
COP(=S)(OC)Oc1ccc(S(=O)(=O)c2ccc(OP(=S)(OC)OC)cc2)cc1,2.397,tdc,
O=S(=O)(c1ccc(O)cc1)c1ccc(O)cc1,1.74,tdc,
O=c1n(CCCN2CCN(c3cccc(Cl)c3)CC2)nc2ccccn12,2.732,tdc,
C=C1C(=O)OC2CC(C)C3C=CC(=O)C3(C)C(O)C12,3.322,tdc,
NCC1OC(OC2C(CO)OC(OC3C(O)C(N)CC(N)C3OC3OC(CO)C(O)C(O)C3N)C2O)C(N)C(O)C1O,1.454,tdc,
O=C(CCC(=O)OC1CCCCC1)OC1CCCCC1,1.372,tdc,
Cc1c(-c2ccccc2)[nH]c(N)nc1=O,2.449,tdc,
CCCCC1C(=O)NC(=O)N(C2CCCCC2)C1=O,2.378,tdc,
CCCCCOc1ccc(Br)cc1COCCN1CCOCC1,2.508,tdc,
NC(=O)CCCN=C(c1ccc(Cl)cc1)c1cc(F)ccc1O,2.394,tdc,
CN(C)c1ccc(C(=N)c2ccc(N(C)C)cc2)cc1,1.95,tdc,
O=C1NCCN1c1ncc([N+](=O)[O-])s1,2.377,tdc,
COc1ccc2c(=O)c3ccccc3oc2c1CN1CCCCC1,3.247,tdc,
CCOC(=O)c1ncn2c1CN(C)C(=O)c1cc(F)ccc1-2,1.859,tdc,
CCOC(=O)C1(c2ccccc2)CCN(CCOCc2ccccc2)CC1,3.112,tdc,
O=C(NC1CCSC1=O)c1cccnc1,1.694,tdc,
CCNC(C)CN1CCc2c(c(=O)oc3ccccc23)C1,2.98,tdc,
CC1C(=O)CC2(C(C)C)CC12,2.484,tdc,
COc1cc([N+](=O)[O-])ccc1N=NC(C(C)=O)C(=O)Nc1ccccc1OC,2.0429286092893664,lit,1
CCCCCCCCC=CCCCCCCCC(=O)OCCOCC(OCCO)[C@H]1OCC(OCCO)[C@H]1OCCO,1.201843983338032,lit,7
CCCCCCCCCc1ccc(OCCO)cc1,2.121246237993096,lit,1
CCCCCCCCCCCCCC=CC(=O)O,2.405541006172343,lit,1
C[C@@H]1C/C=C/C=C/C=C/C=C/[C@H](O[C@@H]2O[C@H](C)[C@@H](O)[C@H](N)[C@@H]2O)C[C@@H]2O[C@](O)(C[C@@H](O)C[C@H]3O[C@@H]3/C=C/C(=O)O1)C[C@H](O)[C@H]2C(=O)O,2.387137438170926,lit,6
CC(C)NC(C)(C)C(C)C,2.54296874937482,lit,2
CC[Sn](Cl)(Cl)Cl,3.104029358675686,lit,1
[O-][As]([O-])[O-],3.476835161702805,lit,6
CCOP(C)(=O)OCCN(C(C)C)C(C)C,1.9608718919331585,lit,1
O=C(O)CN(CCN(CC(=O)O)CC(=O)O)CC(=O)O,2.143526308782968,lit,3
O=C([O-])Cc1ccccc1Nc1c(Cl)cccc1Cl.[Na+],3.1485030120118203,lit,5
Cc1nn(-c2ccccc2)c(Oc2ccc(-c3nc4cc(C(=O)O)ccc4[nH]3)cc2)c1[N+](=O)[O-],3.0563616436585206,lit,1
O=C(Nc1cccc2c1C(=O)c1cccc(Cl)c1C2=O)c1cc2cc(F)ccc2[nH]1,2.707146262287585,lit,1
Cc1cc(C)cc(C)c1,1.301735151413073,lit,1
CCCCCCCCOC(=S)c1ccccc1,1.6277944535467324,lit,2
O=C1[N-]S(=O)(=O)c2ccccc21.[Na+],1.1360225993970108,lit,1
O=[V](=O)O[V](=O)=O,4.259792108897381,lit,1
O,0.7344961827545515,lit,3
[CH2]CCCC[C]=O,1.7365956742507378,lit,3
COc1cc(/C=C/C(=O)O)ccc1OCc1cn(CC(=O)Nc2ccccc2C)nn1,2.2259193492977913,lit,1
COc1cc(C=C2SC(=S)NC2=O)ccc1OS(=O)(=O)c1ccc(C)cc1,2.3274965016639624,lit,1
O=C(Cl)C(=O)Cl,3.200460606733477,lit,1
O=CC1=CCn2c(C(=O)c3ccccc3)ccc21,2.5403552852341895,lit,1
C[C@H](CCC(=O)NCC(=O)O)[C@H]1CC[C@H]2[C@@H]3[C@H](O)C[C@@H]4C[C@H](O)CC[C@]4(C)[C@H]3C[C@H](O)[C@]12C,4.954299407925117,lit,1
CCCCCCCC(=O)OCC(O)CO,1.6400698050784999,lit,1
ClC(Cl)(Cl)Br,1.9487557712975527,lit,2
CC(C)(C)N(NC(=O)c1ccc(Cl)cc1)C(=O)c1ccccc1,2.0647403333433902,lit,1
NS(=O)(=O)[O-].NS(=O)(=O)[O-].O.O.O.O.[Ni+2],2.468502017881698,lit,3
[Zr],1.5462952589309933,lit,2
CCOP(=O)(OCC)SCn1c(=O)oc2cc(Cl)ccc21,4.002163592413414,lit,1
CCOC(=O)c1cnn(CC(C)O)c1NC(=S)NC(=O)c1ccccc1F,2.206801653075691,lit,1
[Cu],1.6746889497032809,lit,13
Nc1nc2ncc(CNc3ccc(C(=O)N[C@@H](CCC(=O)O)C(=O)O)cc3)nc2c(=O)[nH]1,2.3438062687530836,lit,1
CCCCCC([Na])(CC)CC.O=C(O)CC(C(=O)O)S(=O)(=O)O,2.1363221724741344,lit,2
C[N+](C)(C)CC(=O)O,1.0310630949847668,lit,1
O=C([O-])C(O)C(O)C(=O)[O-].O=C([O-])C(O)C(O)C(=O)[O-].[K+].[Sb+3],3.2827019047947563,lit,2
CCCCOCC(C)OC(=O)C(C)Oc1cc(Cl)c(Cl)cc1Cl,2.5546068896521534,lit,1
O=C(O)c1cc(O)cc(O)c1,1.6315593174628078,lit,1
CC1C=[C-]C=C1.[C-]#[O+].[C-]#[O+].[C-]#[O+].[Mn],3.6062419926682248,lit,7
[Ca+2].[OH-].[OH-],1.004075258138584,lit,1
O=C1c2ccccc2C(=O)C1c1ccc2ccccc2n1,1.4366253297728067,lit,1
C/C=C/C=C/C(=O)[O-].[K+],1.4777519711570184,lit,3
c1ccc(-c2ccccc2)cc1.c1ccc(Oc2ccccc2)cc1,2.1166740780922177,lit,2
CN1C(=O)CN=C(c2ccc(O)cc2)c2cc(Cl)ccc21,1.7792284114249566,lit,1
CC1CCCO1,1.8744767756491627,lit,1
[Mo],1.2636798982835478,lit,2
CNC(C)C(=O)c1ccc(Cl)cc1,2.91198880660078,lit,5
CNC(=O)O/N=C/C(C)(C)SC,4.441618644872544,lit,4
O=c1c2cc(O)c(O)cc2oc2cc(O)c([C@@H]3O[C@H](CO)[C@@H](O)[C@H](O)[C@H]3O)c(O)c12,1.8762340798164505,lit,1
CCCCCC/C=C/CCCCCCCCCC(=O)O,2.149939259285844,lit,2
O=P([O-])([O-])OP(=O)([O-])OP(=O)([O-])[O-].[Na+].[Na+].[Na+].[Na+].[Na+],2.1891079706423255,lit,3
CCCCCCCCCCCC[N+](C)(C)Cc1ccccc1.[Cl-],2.929412538983774,lit,1
O=C1NC(C(=O)[O-])CS1,2.222781851879367,lit,1
CC(=O)CCc1ccc(O)cc1.CC(=O)O,1.8681563019531633,lit,1
C[N+](C)(C)CC(=O)[O-],1.0215379184966809,lit,5
c1ccc([Pb](c2ccccc2)c2ccccc2)cc1,3.219786118527427,lit,2
CC1(C)OC(=O)C(OCC2CC2)=C1c1ccc(S(C)(=O)=O)cc1,2.225837610362168,lit,1
O=C(O)CCc1ccc(O)cc1,1.7251627377687688,lit,1
C[C@H]1C/C=C/[C@H]2[C@@H]3O[C@]3(C)[C@@H](C)[C@H]3[C@H](Cc4ccccc4)NC(=O)[C@]32OC(=O)O/C=C/[C@@](C)(O)C1=O,4.73606536827838,lit,5
O[Ni]O,1.502403064670284,lit,6
CCOC(=O)C1=C[C@@H](OC(CC)CC)[C@H](NC(C)=O)[C@@H](N)C1,3.12365706458305,lit,1
CCCCCCCCCCCC(=O)OCCOCC(OCCO)[C@H]1OCC(OCCO)[C@H]1OCCO,1.138448962201311,lit,5
CC(C)(CO)CO,1.5085379349770118,lit,2
C[C@H](N)C(=O)NCC(=O)N[C@@H](CO)C(=O)O,3.6688032352812003,lit,1
CCOC(=O)C1=C[C@]2(CC)CCCN3CCc4c(n1c1ccccc41)[C@@H]32,2.845670930705642,lit,1
COC(=O)[C@@H](N)CS,1.7692103070297582,lit,1
[Li+].[O-]Cl,1.9572634976533627,lit,2
Cc1cc[cH-]c1.[C-]#[O+].[C-]#[O+].[C-]#[O+].[Mn],3.639665748155175,lit,2
CNC(C)Cc1ccc2c(c1)OCO2,2.7742271522406914,lit,8
C=C(c1ccccc1)c1ccccc1,2.2152729332773937,lit,1
N[C@@H](CCC(=O)[O-])C(=O)[O-].N[C@@H](CCC(=O)[O-])C(=O)[O-].[Ca+2].[Ca+2],1.4448005766167982,lit,1
Nc1ccc([As](=O)(O)O)cc1,3.002118044233997,lit,1
ClC=C[As](Cl)Cl,3.6176691010237896,lit,3
COc1c(C)c2c(c(O)c1CC=C(C)CCC(=O)OCCN1CCOCC1)C(=O)OC2,2.9380200993077703,lit,3
[CH3],0.4738120543178752,lit,3
Cc1cc(OCCN2CCOCC2)nn1-c1ccc2ccccc2c1,2.5459034493411026,lit,2
CNc1ccc(C)cc1C,2.3906461232963965,lit,1
O=S(=O)([O-])[O-].[Fe+2],2.01131893051765,lit,5
C[As](=O)(O)O,2.163311574933956,lit,3
CCOP(C)(=O)SCCSCC,5.367315977943209,lit,1
O=S1CCON=C1c1cc2ccccc2s1,1.840221538281602,lit,1
Cl[Cu],2.8495027720842074,lit,3
CC(C)=CCC/C(C)=C/CC/C(C)=C/CC/C=C(\C)CC/C=C(\C)CCC=C(C)C,1.6910826922420692,lit,1
CC(=O)O[C@H]1C[C@@]2(C)[C@@H](C[C@@H](O)[C@H]3[C@@]4(C)CC[C@@H](O)[C@@H](C)[C@@H]4CC[C@@]32C)C1=C(CCC=C(C)C)C(=O)O,2.713254431051075,lit,1
N[C@@H]1[C@@H](O)[C@H](O[C@@H]2O[C@H](CO)[C@@H](O)[C@H](O)[C@H]2N)[C@@H](CO)O[C@H]1O,1.832928953291554,lit,1
CC(=O)c1ccc2c(c1)N(CCCN(C)C)c1ccccc1S2,3.3998932755044318,lit,1
CCCCCc1cc(O)c2c(c1)OC(C)(C)[C@@H]1CCC(C)=C[C@@H]21,2.480544500331451,lit,38
CCCCCCCCc1ccc(O)cc1,1.6518024416373769,lit,1
N=C(N)NCCC[C@H](NC(=O)[C@@H]1CCCN1C(=O)[C@@H]1CSSC[C@H](N)C(=O)N[C@@H](Cc2ccc(O)cc2)C(=O)N[C@@H](Cc2ccccc2)C(=O)N[C@@H](CCC(N)=O)C(=O)N[C@@H](CC(N)=O)C(=O)N1)C(=O)NCC(N)=O,2.336160628127984,lit,1
CC1=C[C@H](O)CC(C)(C)[C@H]1/C=C/C(C)=C/C=C/C(C)=C/C=C/C=C(C)/C=C/C=C(C)/C=C/C1=C(C)C[C@@H](O)CC1(C)C,2.152965254801278,lit,1
CCCCCCCC/C=C\CCCCCCCC(=O)OC[C@H](COP(=O)(O)OC[C@H](N)C(=O)O)OC(=O)CCC(=O)O,3.8918697414150247,lit,1
CC1(C)[C@@H](OC(=O)CCC(=O)O)CC[C@]2(C)[C@H]3C(=O)C=C4[C@@H]5C[C@@](C)(C(=O)O)CC[C@]5(C)CC[C@@]4(C)[C@]3(C)CC[C@@H]12,2.378060954643381,lit,1
N#Cc1nn(-c2c(Cl)cc(C(F)(F)F)cc2Cl)c(N)c1S(=O)CF,3.616558879339741,lit,1
O=C(O)c1cc(/N=N/c2ccc(S(=O)(=O)Nc3ccccn3)cc2)ccc1O,1.85324203274244,lit,2
CC(=O)[O-].CC(=O)[O-].CC(=O)[O-].[Al+3],2.464774753600524,lit,1
CC(=O)[O-].CCCC[Sn+](CCCC)CCCC,3.4191019399520703,lit,1
COc1ccc(C2C(=O)Oc3c2ccc(O)c3O)cc1,1.583107858820831,lit,1
C[C@H](CC(=O)[C@H](O)C(C)(C)O)[C@H]1C(=O)C[C@@]2(C)C3=CC[C@H]4C(C)(C)[C@@H](O[C@@H]5OC[C@@H](O)[C@H](O)[C@H]5O)CC[C@@]45C[C@@]35[C@@H](O)C[C@]12C,2.4810432765976365,lit,1
CC[C@@H]([C@H](C)O)n1ncn(-c2ccc(N3CCN(c4ccc(OC[C@@H]5CO[C@@](Cn6cncn6)(c6ccc(F)cc6F)C5)cc4)CC3)cc2)c1=O,2.4142247515532125,lit,1
C/C=C/C(=O)O,2.0898546678036016,lit,1
O=C(/C=C/c1ccc(O)c(O)c1)O[C@@H]1C=C(C(=O)O)C[C@@H](O)[C@@H]1O,5.211171167301714,lit,1
Cc1cccc(N)c1N,2.267424193158007,lit,1
[Cl-].[Cl-].[Zn+2],2.5904150660447898,lit,4
C1=CCCC=CCC1,1.653951793314683,lit,1
O=C(c1ccccc1)c1ccc2n1CCC2C(=O)[O-].[NH3+]C(CO)(CO)CO,2.7446225132905617,lit,1
COC(=O)C1=CO[C@@H](O[C@@H]2O[C@H](CO)[C@@H](O)[C@H](O)[C@H]2O)[C@@H]2[C@H](C)O[C@@H](O)C[C@H]12,1.8619134232796988,lit,1
CC[Sn](C)C,4.103908740106132,lit,1
CN1CCOC(c2ccccc2)c2ccccc2C1.Cl,3.260684481818394,lit,2
CC(C)(C)NCC(O)c1cc(O)cc(O)c1,2.0974655544741556,lit,1
CC(C)(OO)OO,0.6720697343482347,lit,1
CCOC(=O)COc1ccc(NC(=O)COc2ccc(/C=C3\SC(=O)NC3=O)cc2)cc1,2.5802367026538735,lit,1
O=C(O)CN(CC(=O)O)CC(=O)O.[Cu],2.4975183485071786,lit,1
CC=C(C)C(=O)c1c(OC)c2c(c3c(-c4ccccc4)cc(=O)oc13)OC(C)(C)C=C2,2.221646842614345,lit,1
c1cnc2c(O[Ga](Oc3cccc4cccnc34)Oc3cccc4cccnc34)cccc2c1,2.569884450381855,lit,1
O=c1nc([O-])n(Cl)c(=O)n1Cl.[Na+],2.153389558967891,lit,1
O=[N+]([O-])c1ccc(O)cc1C(F)(F)F,2.7141347865128456,lit,1
NC(N)=[NH2+].O=C([O-])C1([N+](=O)[O-])N=NC=C1[N+](=O)[O-],2.559564185721923,lit,2
COc1ccc(OC[C@@H]2CN(C)CC[C@H]2c2ccccc2)cc1.Cl,2.355275587007548,lit,2
O=S(=O)([O-])c1cc(Nc2nc(Nc3ccccc3)nc(N3CCOCC3)n2)ccc1C=Cc1ccc(Nc2nc(Nc3ccccc3)nc(N3CCOCC3)n2)cc1S(=O)(=O)[O-].[Na+].[Na+],2.9962291003888115,lit,1
COc1cc(/C=C/C(=O)O)ccc1OCc1cn(CC(=O)Nc2ccccc2)nn1,2.2205187422751513,lit,1
FC12CC[N+](CCl)(CC1)[NH2+]C2.F[B-](F)(F)F.F[B-](F)(F)F,2.7431445961438428,lit,1
O=[N+]([O-])[O-].[NH4+],1.5575576644487545,lit,3
CCCCCCCCCCCCCCN1CCN(CCN2CCN(C(=O)N(CC)CC)CC2)C1=O,2.7592891552239784,lit,2
CC(C)Cc1ccc([C@H](C)C(=O)O)cc1,1.8373463947073407,lit,1
CC(C)(C)n1nc(-c2ccc(Cl)cc2)c2c(N)ncnc21,2.2584429138690463,lit,2
CCOP(=O)(OCC)SCCSCC.CCOP(=S)(OCC)OCCSCC,4.838168792915244,lit,9
Nc1ncnc2c1ncn2[C@@H]1O[C@H](C[C@@H](N)CC[C@H](N)C(=O)O)[C@@H](O)[C@H]1O,2.5150095155829253,lit,1
CCCCCC(O)(O)CC,2.0189084443163274,lit,1
C[C@]1(Cn2ccnn2)[C@H](C(=O)O)N2C(=O)C[C@H]2S1(=O)=O,1.7785795430161513,lit,1
O=C(CN1C(=O)SC(=Cc2ccccc2Cl)C1=O)Nc1ccc(C(=O)NNC(=O)c2cccc(Cl)c2)cc1,2.305188184837092,lit,1
O=C(O)CCCCO/N=C(/c1cccnc1)c1cccc(C(F)(F)F)c1,2.737917219840787,lit,2
CC(=O)[O-].CC(=O)[O-].[Cd+2],2.840226696219347,lit,1
c1ccc2c(c1)cc1ccc3cccc4ccc2c1c34,3.7029747867736607,lit,1
OCCOCCN1CCN(C(c2ccccc2)c2ccc(Cl)cc2)CC1,2.7350802505922123,lit,1
CCCCOCCOCCOCc1cc2c(cc1CCC)C2,1.6112926935437284,lit,1
O=C(Cn1ccnc1)c1ccc2ccccc2c1,2.670985397299483,lit,3
CN(C)c1ccc(/C=C/c2ccccc2)cc1,3.649955670119759,lit,1
C[C@H]1[C@H](C)CC[C@]2(C)CC[C@]3(C)C(=CC[C@@H]4[C@@]5(C)CC[C@H](O)C(C)(C)[C@@H]5CC[C@]43C)[C@H]12,2.3194843306806168,lit,1
CCCCCCCCCCCCCCCC[n+]1ccccc1.[Cl-],3.2304425346477554,lit,8
[Au],2.2943934702305824,lit,1
OC(CC[NH+]1CCCCC1)(c1ccccc1)C1CC2C=CC1C2.[Cl-],2.666430613682248,lit,3
Cc1ccc([C@H]2C[C@H]3CC[C@@H]([C@H]2c2cc(-c4ccc(Cl)cc4)no2)N3C)cc1,3.3390426831309283,lit,1
C/C(=C\c1ccccc1)CO,1.790651613994993,lit,1
CC(=O)OC/C=C(\C)CCC=C(C)C,1.4914944650006703,lit,1
Cl.Cl.Cl.Cl.Nc1ccc(N(CCO)CC(O)CN(CCO)c2ccc(N)cc2)cc1,2.3647594853316174,lit,1
O=C([O-])CF,4.648121821881681,lit,2
CCO[C@H]1O[C@@H]2O[C@@]3(C)CC[C@H]4[C@H](C)CC[C@@H]([C@H]1C)[C@@]24OO3,2.164204134078047,lit,1
Oc1cccc(Br)c1Br,3.702266783451331,lit,1
COc1cc(/C=C/C(=O)O)ccc1OCc1cn(CC(=O)Nc2ccc(F)cc2)nn1,2.233796373447867,lit,1
C/N=C(\S)n1nc(-c2ccc(Cl)cc2)nc1N,5.950600114634147,lit,1
Br.COc1ccc2c3c1O[C@H]1C[C@@H](O)C=C[C@@]31CCN(C)C2,3.691106257700929,lit,1
CC(=O)[O-].CC(=O)[O-].[Pb+2],1.8434163942036101,lit,8
O=[W](=O)([O-])[O-].[Na+].[Na+],2.1829684124065136,lit,5
O=C(OC[C@@H]1OC(O)[C@](O)(COC(=O)c2cc(O)c(O)c(O)c2)[C@H]1O)c1cc(O)c(O)c(O)c1,1.9467205210961502,lit,1
Cc1cccc(C(=O)Nc2nn[nH]n2)n1,2.3100408498298277,lit,1
[Hg],3.587979518624752,lit,15
CNC(=O)CSP(O)(=S)OC,2.805285011540148,lit,1
O=C([O-])[C@H](O)[C@@H](O)[C@H](O)[C@H](O)CO.O=C([O-])[C@H](O)[C@@H](O)[C@H](O)[C@H](O)CO.[Cu+2],2.423906660164492,lit,1
CC(C)[C@]12O[C@H]1[C@@H]1O[C@@]13[C@@]1(C)CCC4=C(COC4=O)[C@@H]1C[C@@H]1O[C@@]13C2=O,2.5631298075369675,lit,1
COc1ccc(C2C(=O)Oc3c2ccc(OC)c3O)cc1,1.692619427208648,lit,1
C=CCn1c(CSc2ccccc2[N+](=O)[O-])n[nH]c1=S,2.3207149104227174,lit,1
CS(=O)(=O)[O-].C[n+]1ccccc1/C=N/O,1.520878251547754,lit,1
CC(=O)OCOC(=O)CN(CC(=O)OCOC(C)=O)Cc1cc2c(cc1OC(C)=O)Oc1cc(OC(C)=O)c(CN(CC(=O)OCOC(C)=O)CC(=O)OCOC(C)=O)cc1C21OC(=O)c2ccccc21,1.836396150136065,lit,1
N[N+](=O)[O-].N[N+](=O)[O-].[NH4+],2.2324554700701476,lit,2
N#Cc1c(N(CC(=O)[O-])CC(=O)[O-])sc(C(=O)[O-])c1CC(=O)[O-].[Sr+2].[Sr+2],2.3839938591010696,lit,1
CC(C=O)Cc1ccc2c(c1)OCO2,1.7323350185610926,lit,2
O=C(O)COc1cc(Cl)c(Cl)c(Cl)c1Cl,3.2862003985555184,lit,1
NC(=S)SCCSC(N)=S.O.O.O.O.[Zn],1.6630558720560091,lit,1
CC[C@H](C)[C@H]1O[C@]2(CC[C@@H]1C)C[C@@H]1C[C@@H](C/C=C(\C)[C@@H](O[C@H]3C[C@H](OC)[C@@H](O[C@H]4C[C@H](OC)[C@@H](O)[C@H](C)O4)[C@H](C)O3)[C@@H](C)/C=C/C=C3\CO[C@@H]4[C@H](O)C(C)=C[C@@H](C(=O)O1)[C@]34O)O2.CO[C@H]1C[C@H](O[C@H]2[C@H](C)O[C@@H](O[C@@H]3/C(C)=C/C[C@@H]4C[C@@H](C[C@]5(CC[C@H](C)[C@@H](C(C)C)O5)O4)OC(=O)[C@@H]4C=C(C)[C@@H](O)[C@H]5OC/C(=C\C=C\[C@@H]3C)[C@]54O)C[C@@H]2OC)O[C@@H](C)[C@@H]1O,4.5406259954206,lit,13
COc1ccc(/C=C/C(=O)OCCC(C)C)cc1,1.4127439643859243,lit,1
CC[C@H](/C=C/[C@@H](C)[C@H]1CC[C@H]2[C@@H]3CC=C4C[C@@H](O)CC[C@]4(C)[C@H]3CC[C@]12C)C(C)C,3.4303778082255105,lit,1
Cl[Mn]Cl,2.3810305520249857,lit,4
COC(=O)c1ccc(O)cc1,1.8600498075671736,lit,2
Cc1cc(Cl)ccc1/N=C/N(C)C,2.762283490697578,lit,1
c1cnc(N2CCN(Cc3ccc4c(c3)OCO4)CC2)nc1,2.4834941438311016,lit,1
COc1cc(O)c2c(=O)cc(C)oc2c1,2.3142823423591197,lit,1
O=S([O-])S(=O)[O-].[Na+].[Na+],1.9408808154948987,lit,1
Oc1cccc2cccnc12,2.0826687053036137,lit,1
CCP(CC)CC.Cl[Au],3.64716004540347,lit,1
CN(C)C(=S)S[Zn]SC(=S)N(C)C,2.3393577292161636,lit,6
C=CCSS(=O)CC=C,1.6539598220521596,lit,1
COc1cc2ncnc(Nc3cccc(Cl)c3)c2cc1OC,2.6719102946710933,lit,1
COC(=O)/C=C/C(=O)O.[Ca],1.9809691067050812,lit,1
O=c1ccc2ccc(O)cc2o1,2.2754024313670094,lit,1
N#Cc1c(-c2nnc(S)n2-c2ccccc2)nn(-c2ccccc2)c1-c1ccccc1,3.5357018552474493,lit,1
COc1cc(C=CC=O)ccc1O,2.259649940314695,lit,3
COc1c(O)cc2oc3cc(O)c(CC=C(C)C)c(O)c3c(=O)c2c1CC=C(C)C,2.516367176160139,lit,3
CS(=O)C(C)(C)/C=N/O,1.2674774414507493,lit,1
O=C1OC(=O)c2c(Br)c(Br)c(Br)c(Br)c21,1.666238032479832,lit,1
CN(C)CC(CN(C)C)OC(=O)COc1ccc(Cl)cc1.Cl.Cl,2.187728347970154,lit,2
CC(C)=C1CC[C@@H](C)CC1=O,1.7845802084337592,lit,1
CCCCCCCCCCCCCCCC(=O)O.CCCCCCCCCCCCCCCC(=O)O.Cc1ccc2c(c1)[C@H]1CN(C)CC[C@H]1N2,2.5762525725929577,lit,2
CCCCCCCCCCCCCCCCCCOP(=O)([O-])OCC[N+](C)(C)C,2.8390884208979745,lit,1
CNC1C(OC2OC(CO)C(N)C(O)C2O)OC2CC(N)C(OC3C(N)CC(N)C(O)C3O)OC2C1O,1.3170849104447373,lit,1
CCN(CC)CC#CC(C)(C)OC(=O)C(O)(c1ccccc1)C1CCCCC1.Cl.O,2.296743877365791,lit,14
Cc1ccnc2c1NC(=O)c1cccnc1N2C1CC1,2.823317698448872,lit,1
CCCCCCCOP(=S)([S-])OCCCCCCC.CCCCCCCOP(=S)([S-])OCCCCCCC.[Zn+2],2.5763959140031565,lit,1
O=C([O-])CN(CCN(CC(=O)O)CC(=O)O)CC(=O)[O-].[Na+].[Na+],1.9289128572484904,lit,1
CN[C@@H](C)[C@@H](O)c1ccccc1,2.3985607375760782,lit,3
[Cu+2],2.1468603227675676,lit,4
Nc1nc(N)nc(-c2cc(Cl)ccc2Cl)n1,1.8769238781716098,lit,1
CC(C)=CCCC(C)C=O,1.4478585414604104,lit,1
[I-].[Na+],1.5382945196196722,lit,3
O=C(O)CC[Ge+3].O=C(O)CC[Ge+3].[O-2].[O-2].[O-2],1.4756635098958153,lit,2
CCC(O)(CCC(N)=O)c1ccccc1,2.040908945530947,lit,1
O=C(c1ccccc1)c1ccc2n1CCC2O,2.9422240471838648,lit,1
CN1CC(CC#N)C[C@@H]2c3cccc4[nH]cc(c34)C[C@H]21,3.3824427733532008,lit,2
O=P([O-])([O-])OP(=O)([O-])OP(=O)([O-])[O-].[NH4+].[NH4+].[NH4+].[NH4+].[NH4+],1.7853070517518228,lit,1
[Na+].[Na+].[Na+].[O-][As]([O-])[O-],3.670266222881679,lit,23
Cc1ccc(-c2cc(C(F)(F)F)nn2-c2ccc(S(N)(=O)=O)cc2)cc1,2.280326780001409,lit,1
COc1ccc(C2CC(c3ccc(F)cc3)=NN2C=O)cc1,2.484632329244388,lit,1
Nc1ccc(N(CCO)CCO)cc1.O=S(=O)(O)O,3.077897947790965,lit,1
C[N+](C)(C)CC(=O)O.[Cl-],1.1410936831056486,lit,1
CN(C)[C@@H]1C(O)=C(C(N)=O)C(=O)[C@@]2(O)C(O)=C3C(=O)c4c(O)cccc4[C@@](C)(O)[C@H]3[C@H](O)[C@@H]12,1.9819308646530978,lit,1
Cc1ncc(C[n+]2csc(CCO)c2C)c(N)n1,2.017632752595948,lit,4
CCOP(=O)(OCC)OP(=S)(OCC)OCC,5.787116019654138,lit,1
CCC(=O)O[C@](Cc1ccccc1)(c1ccccc1)[C@H](C)CN(C)C,3.216363131999151,lit,4
CC[C@H](CC[C@@H](C)[C@H]1CC[C@H]2[C@@H]3CC=C4C[C@@H](O)CC[C@]4(C)[C@H]3CC[C@]12C)C(C)C,2.6658134068912975,lit,5
CCc1ccc(CCOc2ccc(CC3SC(=O)NC3=O)cc2)nc1,2.510602278710735,lit,1
CSCCCCN=C=S,2.5086509005230857,lit,1
COc1ccc(CCNC(=O)C(C)c2ccc(-c3ccccc3)c(F)c2)cc1OC,2.601511454719897,lit,1
CCCCCCCCCCCC(=O)OC[C@@H](O)[C@H]1OC[C@H](O)[C@H]1O,0.966496306083986,lit,1
CN1CCN(CCCN2c3ccccc3Sc3ccc(C(F)(F)F)cc32)CC1,2.8082371711547274,lit,2
CC[N+](CC)(CC(=O)Nc1c(C)cccc1C)Cc1ccccc1.O=C([O-])c1ccccc1,2.8631585444856897,lit,1
O=S(=O)([O-])[O-].[Pd+2],2.102268584074448,lit,1
C[C@@H]1O[C@@H](OC[C@H]2OC(O)[C@H](O)[C@@H](O)[C@@H]2O)[C@H](O)[C@H](O)[C@H]1O,1.8289934338190568,lit,3
CN[C@@H](C)Cc1ccccc1.Cl,1.8885959846256908,lit,1
[C-]#[O+].[C-]#[O+].[C-]#[O+].[Mn].[c-]1[c-][c-][cH-][c-]1,3.9586746252700467,lit,3
Cc1ccc(N)cc1N,2.3161161170577316,lit,3
COc1cc(/C=C/C(=O)O)ccc1OCc1cn(CC(=O)Nc2cccc(C)c2)nn1,2.225573573418138,lit,1
CCCOC(=O)NCCCN(C)C,1.8123854314649495,lit,3
CC[C@H](C)C(=O)O[C@H]1C[C@H](O)C=C2C=C[C@H](C)[C@H](CC[C@@H](O)C[C@@H](O)CC(=O)[O-])[C@H]21.[Na+],1.5706557795223217,lit,1
[Cl-].[Cs+],1.8112604099573706,lit,1
Cc1nc(-c2ccccn2)nc(N2CCN(CCO)CC2)c1Cl,2.9088299134553695,lit,1
CC(=O)c1c(C)c2cnc(Nc3ccc(N4CCNCC4)cn3)nc2n(C2CCCC2)c1=O,3.083808402577923,lit,1
CCCCC(C#N)c1ccccc1,2.5210253004479153,lit,1
NS(=O)(=O)O,1.4875097834552078,lit,1
CCC(CC)COC(=O)[C@H](C)N[P@](=O)(OC[C@H]1O[C@@](C#N)(c2ccc3c(N)ncnn23)[C@H](O)[C@@H]1O)Oc1ccccc1,3.348654552527324,lit,3
CCN1CC(CCN2CCOCC2)C(c2ccccc2)(c2ccccc2)C1=O,3.2538017867017968,lit,1
CCCCCC[C@@H](O)[C@@H]1C2=C(C[C@H]([C@H](O)[C@@H]3CC=CC(=O)O3)CC3=C(C(=O)OC3=O)[C@@H]1O)C(=O)OC2=O,3.099536863821845,lit,6
[Cl-].[Cl-].[Cl-].[Cl-].[Cl-].[Nb+5],2.458510876667748,lit,1
p12p3p1p23,2.2849138595817244,lit,1
CCO[C@@H]1O[C@H](CO)[C@@H](OC(=O)/C=C/c2ccc(O)c(OC)c2)[C@H](O[C@@H]2O[C@@H](C)[C@H](O)[C@@H](O)[C@H]2O)[C@]1(O)c1ccc(O)c(OC)c1,2.1046006183286856,lit,2
CNNC.Cl.Cl,3.1239234732112133,lit,1
O=[N+]([O-])c1cccc(O)c1[N+](=O)[O-],3.7879490465685945,lit,1
COc1ccc2cc3[n+](cc2c1OC)CCc1cc2c(cc1-3)OCO2,2.4196034121840064,lit,1
C=CC(C)(CCC=C(C)C)OC(=O)CC,1.6239043739508667,lit,1
[Ca+],1.0981865423587651,lit,2
CC(=O)c1c(C)n([O-])c2ccccc2[n+]1=O,2.598515940307497,lit,2
C[C@@H](NCCc1ccc(O)cc1)[C@@H](O)c1ccc(O)cc1,2.72603104383616,lit,1
COc1cc(S(C)=O)ccc1-c1nc2ccncc2[nH]1,3.3280683646117497,lit,1
O=S(=O)(O)c1ccccc1C=Cc1ccc(-c2ccc(C=Cc3ccccc3S(=O)(=O)O)cc2)cc1.[Na].[Na],3.3806668578365966,lit,1
O=[As]/C=C/Cl,4.183019162073235,lit,1
[Na+].[O-][Cl+][O-],2.8071462430091065,lit,1
C=C1C(=O)O[C@@H]2C[C@@H](C)[C@@H]3C=CC(=O)[C@@]3(C)[C@@H](O)[C@H]12,3.348768702487033,lit,1
CCCNCC(O)COc1ccccc1C(=O)CCc1ccccc1,2.6882303489506842,lit,1
c1cc(N(CC2CO2)CC2CO2)ccc1OCC1CO1,2.4429811915267345,lit,1
[Na+].[O-][I+3]([O-])([O-])[O-],2.6440678164926847,lit,6
O=C(Nc1ccccc1-c1ccc(Cl)cc1)c1cccnc1Cl,1.9665411433841054,lit,1
N=C1NCCN1Cc1ccc(Cl)nc1,2.8764405409110574,lit,1
OC[C@H]1O[C@@H]2O[C@H]3[C@H](O)[C@@H](O)[C@@H](O[C@H]4[C@H](O)[C@@H](O)[C@@H](O[C@H]5[C@H](O)[C@@H](O)[C@@H](O[C@H]6[C@H](O)[C@@H](O)[C@@H](O[C@H]7[C@H](O)[C@@H](O)[C@@H](O[C@H]1[C@H](O)[C@H]2O)O[C@@H]7CO)O[C@@H]6CO)O[C@@H]5CO)O[C@@H]4CO)O[C@@H]3CO,1.9880440975720104,lit,1
O=C([O-])CN(CCN(CC(=O)[O-])CC(=O)[O-])CC(=O)[O-].[Ca+2].[Na+].[Na+],1.5731850171849184,lit,3
CCCCCCCCc1ccc(CCC(N)(CO)CO)cc1.Cl,2.8832689104458225,lit,1
O=C([O-])CN(CC(=O)[O-])CC(=O)[O-].[Na+].[Na+].[Na+],2.1802900347835665,lit,6
OC[C@H]1O[C@@H](O[C@H]2[C@H](O)[C@@H](O)[C@@H](O)O[C@@H]2CO)[C@H](O)[C@@H](O)[C@H]1O,1.6262824428634137,lit,2
O=C(O)CCCN1CCC(O[C@@H](c2ccc(Cl)cc2)c2ccccn2)CC1.O=C(O)c1cccnc1,2.616350987384772,lit,1
O=[N+]([O-])c1ccc(Oc2ccc(N=C=S)cc2)cc1,1.8905835796863832,lit,1
O=C(O)CCCN1CCC(O[C@@H](c2ccc(Cl)cc2)c2ccccn2)CC1.O=C(O)c1ccccc1O,2.423626757376193,lit,1
CCCCCCCCCCCCCCCCCCCCCCCC,1.5831821777795048,lit,1
CC(C)[C@H](N)C(=O)O.C[As](=O)([O-])[O-].[Na+].[Na+],2.6697989249037084,lit,1
CCOC(C)O,1.226805171795182,lit,2
O=[N+]([O-])[O-].[Ag+],2.593633903659737,lit,5
O=C1CCCCCCCCCCC(=O)OCCO1,1.764381178924265,lit,3
Cl.Cl.N=C(NOCC(O)CN1CCCCC1)c1cccnc1,2.4652409442936993,lit,1
CC(=O)O.CCCCC1(CC)OC(=O)c2ccccc21,2.1435581094757095,lit,1
COc1cccc2c1C(=O)c1c(O)c3c(c(O)c1C2=O)C[C@@](O)(C(=O)CO)C[C@@H]3O[C@H]1C[C@H](N)[C@H](O)[C@H](C)O1,3.004926945503521,lit,2
O=C(CCc1ccc(O)c(O)c1)NCCCNCCCCNCCCNC(=O)CCc1ccc(O)c(O)c1,2.823259420839423,lit,1
O=C(Cn1cc(CN2C(=O)c3ccccc3C2=O)nn1)NCc1ccccc1,2.875510381112121,lit,1
CC(=O)O.CC(=O)[O-].CC(=O)[O-].NC(=[NH2+])NCCCCCCCCNCCCCCCCCNC(N)=[NH2+],3.2157291774219834,lit,1
CC1(C)[C@H](C=C(Br)Br)[C@@]1(C(=O)[O-])C(C#N)c1cccc(Oc2ccccc2)c1,3.763081866011205,lit,1
[Na+].[Na+].[Na+].[Na+].[O-][Si]([O-])([O-])[O-],1.942697649399397,lit,8
COC(CNC(N)=O)C[Hg]Cl,3.6450984423489903,lit,2
Cl.Cl.Nc1ccc(N)cc1,3.0905195727792703,lit,1
O=NN1CN(N=O)CN([N+](=O)[O-])C1,3.0071839147625097,lit,3
CCCCc1c(O)ccc(O)c1C(C)(C)C,2.417575235499003,lit,1
CCOC(=O)[C@H](CCc1ccccc1)N[C@@H](C)C(=O)N1[C@H](C(=O)O)C[C@@H]2CCC[C@@H]21,1.6196337743664748,lit,1
COc1cc(/C=C/C(=O)O)ccc1OCc1cn(CC(=O)Nc2ccccc2Cl)nn1,2.2405776883783437,lit,1
CCOc1nc(C(Cl)(Cl)Cl)ns1.CNC(=O)O/N=C/C(C)(C)SC.O=[N+]([O-])c1c(Cl)c(Cl)c(Cl)c(Cl)c1Cl,5.879779924999589,lit,6
CCC/C=C\C=C/C(=O)N[C@@H](CC(N)=O)C(=O)NC(CC(N)=O)C(=O)N[C@@H](C(=O)N[C@H](CCCN)C(=O)N[C@@H](C(=O)N[C@@H](C(=O)N[C@@H](C(=O)N[C@H](C(=O)N[C@@H](Cc1ccccc1)C(=O)N[C@H](CCCN)C(=O)NC(C(=O)N[C@H](C(=O)NC(C(=O)NCC(=O)N[C@@H](CC(C)C)C(=O)N[C@H](C)C(=O)NC(C(=O)O)C1CCC(O)C(Cl)C1)C1CCC(O)CC1)[C@H](C)O)C1CCC(O)CC1)[C@H](C)O)C1CCC(O)CC1)C1CCC(O)CC1)[C@H](C)O)C1CCC(O)CC1,3.0519424126665284,lit,1
O.O.O=[Al]O[Si](=O)O[Si](=O)O[Al]=O,0.23870100171163822,lit,2
COCCCCC(=NOCCN)c1ccc(C(F)(F)F)cc1,2.2635903685649197,lit,1
Cl.OC(CCCN1CCCCC1)(c1ccccc1)c1ccccc1,2.8399981350119834,lit,1
COC(=O)Nc1nc2cc(C(=O)c3ccc(F)cc3)ccc2[nH]1,2.0877037949270494,lit,2
COC(C)(C)CCCC(C)C/C=C/C(C)=C/C(=O)OC(C)C,0.9605519151125277,lit,3
CCCC(=O)O[C@]1(C(=O)CCl)[C@@H](C)C[C@H]2[C@@H]3CCC4=CC(=O)C=C[C@]4(C)[C@@]3(F)C(=O)C[C@@]21C,1.9021733828658598,lit,1
C[C@@]12Sc3cc([N+](=O)[O-])ccc3C1=C1C(=C3c4ccc([N+](=O)[O-])cc4S[C@]32C)C(F)(F)C(F)(F)C1(F)F.C[C@@]12Sc3cc([N+](=O)[O-])ccc3C1=C1C(=C3c4ccc([N+](=O)[O-])cc4S[C@]32C)C(F)(F)C(F)(F)C1(F)F,2.7692847973453802,lit,1
CCN(CC)CC[C@H]1CC[C@@]2(C)C(=CC[C@@H]3[C@@H]2CC[C@]2(C)C(=O)CC[C@@H]32)C1,1.8711162192929183,lit,2
B.CNC,2.9979484023030105,lit,1
COC(C)(C)O,1.1159817303452284,lit,5
CCc1cc(CC)c2sc3ccccc3c(=O)c2c1,2.314808414453774,lit,1
O=NNC(=O)N(CCCl)CCCl,4.029489294366221,lit,1
O=[As][O-].[Na+],3.500858726052004,lit,7
CC(C)[C@H](C(=O)OC(C#N)c1cccc(Oc2ccccc2)c1)c1ccc(OC(F)F)cc1,3.7853962152260796,lit,3
COc1cc(/C=C/C(=O)O)ccc1OCc1cn(CC(=O)Nc2cccc(Cl)c2)nn1,2.2402365300875062,lit,1
CCCCCCCC[Sn+2]CCCCCCCC.O=C([O-])/C=C\C(=O)[O-],2.0088035518315435,lit,2
[Bi],3.126980126487418,lit,1
[C-]#N,3.609093935369001,lit,3
COc1ccc(CCc2cc(OC)c(OC)c(OC)c2)cc1O,1.6710609990301712,lit,1
COC(=O)c1ccc(C(=O)OC)cc1,1.4753045592385177,lit,1
Cl[Ni]Cl,2.7903823557500576,lit,7
[Ca+2].[Cl-].[Cl-],1.6833437545993952,lit,5
CCSP(=S)(OC)OC,3.6562264772533704,lit,3
COc1cc(/C=C/C(=O)O)cc(OC)c1O,2.2751118912657002,lit,1
CCCC[P+](CCCC)(CCCC)CCCC.[I-],2.6250764500522505,lit,1
Nc1c[nH]nn1,3.5267630247315145,lit,1
CCOC(=O)c1cnn(CC(C)O)c1NC(=S)NC(=O)c1ccccc1,2.1865273729977983,lit,1
N[C@@H](CCC(=O)O)C(=O)[O-].O.[Na+],1.012655872859412,lit,2
O=c1oc2cc(O)ccc2c2ccc(O)cc12,4.9874383326599,lit,1
CCCCCCCCCCCCCCCCCCCCCCCCCCCCCCC,1.2751330925255937,lit,1
CCCC(C)C(=S)OC(=O)[C@@H](N)CSC,1.817114593879407,lit,1
CCCCCCCCCCCCCC(=O)O,1.9837050413933282,lit,2
CN1CC[C@@]2(C)c3cc(OC(=O)Nc4ccccc4)ccc3N(C)[C@@H]12.O=C(O)C(O)C(O)C(=O)O,4.29004262903279,lit,1
I[Hg]I,4.05537641986339,lit,1
[Dy],1.7194916714806205,lit,1
C/C(=C/c1ccccc1)CN/N=C(\C)C(=O)O,2.5335085137261375,lit,1
CC1NC(C(=O)O)CS1,1.7471242400727713,lit,1
O=c1cc(-c2ccc(O)c(-c3c(O)cc(O)c4c(=O)cc(-c5ccc(O)cc5)oc34)c2)oc2cc(O)cc(O)c12,2.430126677385104,lit,1
CC(C#N)C(C(=O)[O-])c1cncc(Cl)n1.[K+],2.4791432479786133,lit,1
CC(C)=CCC[C@](C)(O)[C@@H]1CC=C(C)CC1,1.2009520664267437,lit,3
[K+].[K+].[K+].[K+].[K+].[K+].[K+].[K+].[Nb+5].[Nb+5].[Nb+5].[Nb+5].[Nb+5].[Nb+5].[O-2].[O-2].[O-2].[O-2].[O-2].[O-2].[O-2].[O-2].[O-2].[O-2].[O-2].[O-2].[O-2].[O-2].[O-2].[O-2].[O-2].[O-2].[O-2],2.5926211911859727,lit,1
O=C1C(O)=C([C@H]2CC[C@H](c3ccc(Cl)cc3)CC2)C(=O)c2ccccc21,2.3032185514747776,lit,1
C=C1C(CCl)(CCl)C2(Cl)C(Cl)C(Cl)C1(Cl)C2(Cl)Cl,3.3842353116490687,lit,17
CCCCCCCCCCCCOS(=O)(=O)Cc1ccccc1,2.2311241073797548,lit,1
Oc1ccc(C(=S)Nc2cc(Cl)ccc2Cl)c(O)c1,2.8176777613390427,lit,1
CNC(=O)CC(=O)O,1.4870656249266931,lit,2
CCCCn1cc[n+](C)c1.F[B-](F)(F)F,2.752098408027665,lit,1
On1ccccc1=S,5.248253396851402,lit,2
COC(=O)N(OC)c1ccccc1COc1ccn(-c2ccc(Cl)cc2)n1,2.8969686847006395,lit,1
Cc1ccc(C(=O)Nc2ccc(S(=O)(=O)[O-])c3cc(S(=O)(=O)[O-])cc(S(=O)(=O)[O-])c23)cc1NC(=O)c1cccc(NC(=O)Nc2cccc(C(=O)Nc3cc(C(=O)Nc4ccc(S(=O)(=O)[O-])c5cc(S(=O)(=O)[O-])cc(S(=O)(=O)[O-])c45)ccc3C)c2)c1,2.043903238697914,lit,1
[Ni],3.3061883104585044,lit,1
N#CC(=Cc1c[nH]nc1-c1ccccc1)c1nn(-c2ccccc2)c(N)c1C#N,1.8778445496001583,lit,1
CC(C)=CCC/C(C)=C/COC(=O)C(C)C,1.6519444546378823,lit,1
O=[Zr]([O-])[O-].[Ba+2],2.1451069021395055,lit,2
C[C@@]1(CO)C[C@@H](O)C[C@@]2(C)[C@@H]3CC[C@](C)([C@@H](O)CO)C=C3CC[C@H]12,5.205466697044864,lit,1
C[C@@H]1Cc2c(Cl)cc(C(=O)N[C@@H](Cc3ccccc3)C(=O)O)c(O)c2C(=O)O1,4.263762992691916,lit,49
NCCCNCCCCNCCCN,2.527943373243384,lit,3
O=C(O)c1cc(O)c2cccc(O)c2n1,2.0440020118847446,lit,1
C=C1[C@@H](O)[C@@H]2O[C@]3(CC[C@H](/C=C/[C@@H](C)[C@@H]4CC(C)=C[C@@]5(O[C@H](C[C@@](C)(O)C(=O)O)CC[C@H]5O)O4)O3)CC[C@H]2O[C@@H]1[C@@H](O)C[C@H](C)[C@H]1O[C@@]2(CCCCO2)CC[C@H]1C,3.398758100308911,lit,1
Cc1ccc(-c2nn(C(C)(C)C)c3ncnc(N)c23)cc1,2.5030365230074727,lit,2
[Er],1.431000402950518,lit,1
OC[P+](CO)(CO)CO.[Cl-],2.8297894728952757,lit,1
CC(=O)c1c(C)c([N+](=O)[O-])c(C(C)(C)C)c([N+](=O)[O-])c1C,1.4688005917809548,lit,2
C/C(=C\CO)CCC[C@H](C)CCC[C@H](C)CCCC(C)C,1.7240194450405406,lit,5
CCNCC#CC(C)(C)OC(=O)C(O)(c1ccccc1)C1CCCCC1.Cl,2.7291592777469145,lit,3
CN(C)C(=O)Oc1ccc[n+](C)c1.[Br-],3.6272577617073134,lit,1
CCCCCC1C(=O)CCC1CC(=O)OC,1.6557452542854176,lit,1
COc1ccc(CCN(C)CCC[C@@](C#N)(c2ccc(OC)c(OC)c2)C(C)C)cc1OC,3.6162472547690117,lit,3
CC(N(C)C)N(C)C,2.637101232788531,lit,2
O=C(Nc1ccc(O)c2c1C(=O)c1ccccc1C2=O)c1cc2cc(F)ccc2[nH]1,2.6999093250296173,lit,1
CN1Cc2c(N)cccc2[C@H](c2ccccc2)C1,2.8761267396717076,lit,3
Cl.O.O=C(O)C(O)(c1cccs1)c1cccs1,2.5875445164597703,lit,3
O=C(CCC1CCN(Cc2ccccc2)CC1)c1ccc2c(c1)NCCCC2,3.052459525118841,lit,1
C=C(C)COCC,2.6996686561879355,lit,2
O=S(=O)([O-])c1ccc2c(c1)-c1nc-2nc2[n-]c(nc3nc(nc4[n-]c(n1)c1ccccc41)-c1ccc(S(=O)(=O)[O-])cc1-3)c1ccccc21.[Cu+2].[Na+].[Na+],2.1932214686268345,lit,1
CCCCN(CCCC)C(=O)Cn1cc(CN2C(=O)c3ccccc3C2=O)nn1,2.900344184190964,lit,1
O=C1C(O)=C(C2CCCCC2)C(=O)c2ccccc21,2.232659041602362,lit,1
CC/C=C\C#N,2.657392137678617,lit,2
[Mn+4].[O-2].[O-2],1.4126600095466852,lit,2
CCCCCCCCOC(=O)CC(C(=O)OCCCCCCCC)S(=O)(=O)[O-].[Na+],2.369182644236468,lit,1
[Ca+2].[Ca+2].[Ca+2].[Ca+2].[Ca+2].[O-][I+]([O-])([O-])([O-])([O-])[O-].[O-][I+]([O-])([O-])([O-])([O-])[O-],1.9609381307411007,lit,1
O=C1CCC(=O)N1Br,2.1331121072614003,lit,1
c1cc(SSc2ccncc2)ccn1,1.6440878609561933,lit,2
[Na+].[O-]Cl,1.10839003904861,lit,5
CC[C@H]1CN2CC[C@]3(C(=O)Nc4ccccc43)[C@@H]2C[C@@H]1C(=COC)C(=O)OC,3.0729858742044107,lit,1
COc1ccccc1Oc1c(NS(=O)(=O)c2ccc(C(C)(C)C)cc2)nc(-c2ncccn2)nc1OCCO.O,2.76437440207349,lit,1
CN(C)C(=N)NC(=N)N,2.111151572881174,lit,1
C[C@H](CN1CCOCC1)C(C(=O)N1CCCC1)(c1ccccc1)c1ccccc1,3.7377627929914636,lit,1
O=C(O)C(O)c1ccc(Cl)cc1Cl,2.3444689071262244,lit,1
CC(=O)[O-].CC(=O)[O-].CC(=O)[O-].CC(=O)[O-].CC(=O)[O-].CC(=O)[O-].[U+6],3.462906432546908,lit,2
CCCCCOC(=O)c1ccccc1O,1.8616926817754713,lit,2
C#CCN[C@@H]1CCc2ccccc21,0.9282614581718094,lit,1
CC(C)(C)CC(C)(C)c1ccc(OCCO)cc1,2.0975731085003657,lit,5
CCCCCCCC[Sn]CCCCCCCC.O=CCCCCCCC=O.O=CCCCCCCC=O,2.8545510053486547,lit,1
OCC1=C[C@H](N[C@H]2C[C@H](CO)[C@@H](O[C@@H]3O[C@H](CO)[C@@H](O)[C@H](O)[C@H]3O)[C@H](O)[C@H]2O)[C@H](O)[C@@H](O)[C@@H]1O,1.4566116534517746,lit,1
COC(=O)C1=CO[C@@H](O[C@@H]2O[C@H](CO)[C@@H](O)[C@H](O)[C@H]2O)[C@H]2[C@@H]1C=C[C@@]21C=C([C@H](C)O)C(=O)O1,3.7746453083900864,lit,1
O=[N+]([O-])c1cccnc1N1CCNCC1,2.7971248997690323,lit,1
CCCCCCCCCCCCCCCC[N+](C)(C)C.[Br-],2.264979914105359,lit,7
O=[N+]([O-])[O-].O=[N+]([O-])[O-].O=[N+]([O-])[O-].[Cr+3],3.094851012247811,lit,2
O=C(O)[C@H]1/C(=C/CO)O[C@@H]2CC(=O)N21,1.123115219787962,lit,1
CO/C=C(/C(=O)OC)c1ccccc1COc1cc(C(F)(F)F)nc(Nc2cccc(Cl)c2Cl)n1,2.056374138824442,lit,1
CCCCCCC(C)(C)c1cc(O)c2c(c1)OC(C)(C)[C@@H]1CCC(=O)C[C@@H]21,2.571183401997288,lit,1
O=NN1CCSCC1,2.2181020447815305,lit,1
CCCCC(CC)COC(=O)c1ccccc1C(=O)[O-],2.2471128588075513,lit,1
O=[N+]([O-])c1ccc(COCc2ccc([N+](=O)[O-])cc2[N+](=O)[O-])c([N+](=O)[O-])c1,3.2789293047753496,lit,1
[Cl-].[Cl-].[O-]CCS(CC[O-])(CCO)CCSCCSCCO,3.2056838808110966,lit,1
ClC1=C(Cl)C(Cl)(Cl)C(Cl)CC1,1.8546279922491173,lit,1
C[C@H]1O[C@]2(CS1)CN1CCC2CC1.C[C@H]1O[C@]2(CS1)CN1CCC2CC1.Cl.Cl.O,3.629121392233124,lit,1
O=C([O-])CS.[NH4+],1.5609024853254962,lit,1
CC(N)Cc1ccc2c(c1)OCO2,2.952354054069168,lit,1
S,2.65172422227936,lit,42
Cc1ccc(O)cc1.Cc1cccc(O)c1.Cc1ccccc1O,3.195137274502351,lit,3
O=C(Nc1ccc(/C=C/c2ccc(NC(=O)c3ccccc3)cc2S(=O)(=O)O)c(S(=O)(=O)O)c1)c1ccccc1,2.616268407549039,lit,1
CNCC(=O)O,1.2298664896720266,lit,2
O=S([O-])[O-].[Na+].[Na+],1.4442092714698922,lit,2
CO[C@H]1/C=C/O[C@@]2(C)Oc3c(C)c(O)c4c(O)c(c(/C=N/N5CCN(C/C=C/c6ccccc6)CC5)c(O)c4c3C2=O)NC(=O)/C(C)=C\C=C\[C@H](C)[C@H](O)[C@@H](C)[C@@H](O)[C@@H](C)[C@H](OC(C)=O)[C@@H]1C,2.6044556808830874,lit,1
F[Sn]F,2.9209305472908933,lit,1
O=[W](=O)([O-])[O-],2.109057361519936,lit,1
COc1cc2c(cc1NS(=O)(=O)c1ccc(Br)cc1C)n(C)c(=O)n2C,2.4361205396670322,lit,4
CCOP(=O)(OCC)SCCN(CC)CC.O=C(O)C(=O)O,4.626888864587155,lit,2
CC(C)[C@]12CC(=O)[C@H](C)[C@H]1C2,2.899218988402247,lit,5
COc1cc(CC(CCC/C=C/C(C)C)C(N)=O)ccc1O,3.2955447045511814,lit,3
c12c3c4c5c1c1c6c7c2c2c8c3c3c9c4c4c%10c5c5c1c1c6c6c%11c7c2c2c7c8c3c3c8c9c4c4c9c%10c5c5c1c1c6c6c%11c2c2c7c3c3c8c4c4c9c5c1c1c6c2c3c41,3.0795791669701305,lit,7
C=C1CCC=C(C)CC[C@@H]2[C@@H]1CC2(C)C,1.8103895185306358,lit,4
CCN(CC)CCNc1ccc(C)c2sc3ccccc3c(=O)c12,2.577864403001342,lit,1
COc1cc([C@@H]2c3cc4c(cc3[C@@H](O[C@@H]3O[C@@H]5CO[C@@H](C)O[C@H]5[C@H](O)[C@H]3O)[C@H]3COC(=O)[C@H]23)OCO4)cc(OC)c1O,2.7070515859682427,lit,4
CN(C)CCC=C1c2ccccc2C=Cc2ccccc21,2.811567121004501,lit,4
C[C@H](N)Cc1ccccc1.C[C@H](N)Cc1ccccc1.O=S(=O)(O)O,3.5805609563383154,lit,3
CC(=O)[O-].CC(=O)[O-].[Zn+2],2.36376349503624,lit,3
C1=CC([Fe]C2C=CC=C2)C=C1.[Fe+2].c1cc[cH-]c1.c1cc[cH-]c1,2.3584370498699267,lit,1
S=C=NCCc1ccccc1,2.045522553479708,lit,1
c1ccc2c(c1)CCc1ccccc1C2N1CCCCC1,4.4937336712336124,lit,10
O=[N+]([O-])[O-].O=[N+]([O-])[O-].O=[N+]([O-])[O-].O=[N+]([O-])[O-].[Zr+4],2.5995580233696214,lit,2
c1ccc(B(c2ccccc2)c2ccccc2)cc1.c1ccncc1,2.877409202544994,lit,1
CCC[Sn](CCC)CCC,3.322531145687775,lit,1
C=C(C)C(=O)O.C=C(C)C(=O)O.C=C(C)C(=O)O.CCC(CO)(CO)CO,1.186727985461184,lit,1
CCCCCCCCCCCC(=O)OCC(COP(=O)(O)O)OC(=O)CCCCCCCCCCC,3.3317810669640893,lit,1
O=[N+]([O-])[O-].O=[N+]([O-])[O-].O=[N+]([O-])[O-].[Ho+3],2.068114092055767,lit,1
CC(=O)[O-].c1ccc([Pb+](c2ccccc2)c2ccccc2)cc1,3.2989071961689036,lit,3
C/C(=N\NC(=O)c1ccccc1Cl)c1ccc(NC(=O)c2cccnc2)cc1,2.019728067185222,lit,1
COCCCNC(=N)N,1.6407430611577034,lit,1
O=C([O-])[O-],1.3310511211122928,lit,1
C[N+]1(C)C=CC(c2cc[nH+]cc2)=CC1.[Cl-].[Cl-],3.41360148552896,lit,1
O=[N+]([O-])c1cccc([N+](=O)[O-])c1[N+](=O)[O-],2.882268122578157,lit,2
CNC(=O)c1cc(Oc2ccc(NC(=O)Nc3ccc(Cl)c(C(F)(F)F)c3)cc2)ccn1,2.751895248627825,lit,6
O=[Bi]Cl,1.0732716653165695,lit,1
O=C(O)[C@H]1O[C@@H](Oc2cc3oc(-c4ccccc4)cc(=O)c3c(O)c2O)[C@H](O)[C@@H](O)[C@@H]1O,2.348659165104677,lit,1
[Cd+2].[Cl-].[Cl-],3.3187224382941602,lit,17
CN(C)CCN1C(=O)C2C3C=C(C(O)(c4ccccc4)c4ccccn4)C(C3=C(c3ccccc3)c3ccccn3)C2C1=O,4.464418003672034,lit,1
ClC1=C(Cl)C2(Cl)C3C4CC(C5OC45)C3N1C2(Cl)Cl,3.71482501293874,lit,1
Cc1cc(Cl)ccc1OCC(=O)[O-].[Na+],2.648561008648593,lit,1
CC1=C(/C=C/C(C)=C/C=C/C(C)=C/C=C/C=C(C)/C=C/C=C(C)/C=C/C2=C(C)C[C@@H](O)CC2(C)C)C(C)(C)CCC1,2.3446963698457566,lit,1
O=C(NC[C@H]1CN(c2ccc(N3CCOCC3=O)cc2)C(=O)O1)c1ccc(Cl)s1,4.338345913730902,lit,1
O=C(C[C@H]1NCCC[C@@H]1O)Cn1cnc2cc(Br)c(Cl)cc2c1=O,4.14059916618388,lit,1
Nc1ncnc2nc[nH]c12,2.516660711794435,lit,4
N[C@@H](Cc1ccc(O)c(O)c1)C(=O)O,1.692824895672068,lit,3
CC1(C)C(C=C(Cl)c2ccc(Cl)cc2)C1C(=O)OC(C#N)c1ccc(F)c(Oc2ccccc2)c1,3.763533378194771,lit,2
[Al+3].[P-3],3.6839171577032994,lit,20
O=C(Nc1ccccc1)N1CCCN(c2ccc(C(F)(F)F)cc2[N+](=O)[O-])CC1,2.953053068142858,lit,1
Cl[Co]Cl.O.O.O.O.O.O,2.492218609657292,lit,4
Cn1c(CNc2ccc(C(=N)N)cc2)nc2cc(C(=O)N(CCC(=O)O)c3ccccn3)ccc21,3.4974097805012834,lit,1
CCc1cc(C(=CCl)OP(=O)([O-])[O-])c(Cl)c(CC)c1Cl,4.5683681583571865,lit,1
CCN(CC)C([O-])=S,2.3969818658115805,lit,1
CC(=O)Nc1ncnc(N2CCOCC2)n1,1.8071849881676574,lit,1
CCOC(=O)Nc1ccc(Br)cc1,2.3268485885437613,lit,2
C/C=C/C=C/C(=O)O,1.105680519112231,lit,4
NC(=O)c1ccccc1,2.03290422798844,lit,1
NNC(=O)/C=C\C(=O)O.OCCNCCO,2.000443308458264,lit,1
Nc1ccc(C(=O)O)cc1,1.438187807154009,lit,1
COc1cc(/C=C/C(=O)O)ccc1OCc1cn(CC(=O)Nc2ccc([N+](=O)[O-])cc2C)nn1,2.3165774689014658,lit,1
[Ag+],2.5650382525538484,lit,2
[Ca+2],1.6029060409371358,lit,1
CCCC(C)(Oc1ccc(Cl)cc1)C(=O)[O-],2.021538033259586,lit,1
CC(=O)N[C@@H](CS)C(=O)O,1.5094234540302711,lit,6
C/C=C/c1ccc(OC)cc1,1.8507165695955452,lit,6
Cl[Cd]Cl,3.3187224382941602,lit,18
O=S(=O)([O-])[O-].[Na+].[Na+],1.6083517918341244,lit,2
CCCC(O)CO.OCCCCCO,5.2148813790775606,lit,1
Brc1ncc2[nH]c(Br)nc2n1,2.297771450368965,lit,1
[Al+3].[OH-].[OH-].[OH-],2.0056205808307026,lit,1
O=C([O-])/C=C\C(=O)[O-].[Na+].[Na+],1.6753009876452678,lit,1
CC1=CC(O)N(CCCCNC(=O)/C=C/c2ccccc2)C1=O,5.128060403019872,lit,1
C[C@]1(C(=O)O)Cc2c(Cl)cc(C(=O)C(=O)C[C@@H](N)c3ccccc3)c(O)c2C(=O)O1,4.292888118017242,lit,1
CC1(C)S[C@@H]2[C@H](NC(=O)Cc3ccccc3)C(=O)N2[C@H]1C(=O)[O-],1.6198612794115266,lit,1
[OH-].[Rb+],2.2427203109704488,lit,1
Cl[Fe]Cl,2.3872695122988086,lit,2
N#Cc1ccc2[nH]cc(CCCCN3CCN(c4ccc5oc(C(N)=O)cc5c4)CC3)c2c1,2.5767792735839485,lit,1
S=P(Cl)(Cl)Cl,2.36883375429171,lit,2
S=[Se]=S,3.015742337564541,lit,1
CN1CCC(N(Cc2ccccc2)c2ccccc2)CC1.Cl,2.8381315155482523,lit,2
CCCC(C#N)C(=O)O,5.672928690442722,lit,1
CCOC(=O)[C@H](CCc1ccccc1)N[C@@H](C)C(=O)N1[C@H](C(=O)O)C[C@@H]2CCCC[C@@H]21,2.2360785413808943,lit,2
COc1ccc2c3c1O[C@H]1C[C@@H](O)C=C[C@@]31CCN(C)C2,3.583363540267429,lit,1
COC(=O)N[C@H](C(=O)N1CCC[C@@H]1c1ncc(C#CC#Cc2ccc(-c3cnc([C@H]4CCCN4C(=O)[C@@H](NC(=O)OC)C(C)C)[nH]3)cc2)[nH]1)C(C)C.Cl,2.4170057416824826,lit,3
COP(=O)(OC)O/C(C)=C/C(=O)N(C)C,4.042779049298454,lit,4
[Li+].[OH-],2.0570499547397283,lit,1
O=S(=O)([O-])c1ccc(N=Nc2c(O)ccc3cc(S(=O)(=O)[O-])ccc23)cc1.[Na+].[Na+],1.8413861600469121,lit,3
O=P([O-])([O-])[O-].O=P([O-])([O-])[O-].[Co+2].[Co+2].[Co+2],2.97664613142703,lit,1
Oc1ccccc1OC(Cl)(Cl)Cl,1.87981050978197,lit,1
CCCCCOC(=O)Nc1nc(=O)n([C@@H]2O[C@H](C)[C@@H](O)[C@H]2O)cc1F,2.7300963656207395,lit,1
CC1OCC(Br)([N+](=O)[O-])CO1,3.0531284036916464,lit,1
CC=C(C)C(=O)O[C@H]1[C@H](OC(C)=O)[C@]2(CO)[C@H](O)C[C@]3(C)C(=CC[C@@H]4[C@@]5(C)CC[C@H](O[C@@H]6O[C@H](C(=O)O)[C@@H](O[C@@H]7O[C@H](CO)[C@@H](O)[C@H](O)[C@H]7O)[C@H](O)[C@H]6O[C@@H]6O[C@H](CO)[C@@H](O)[C@H](O)[C@H]6O)[C@](C)(CO)[C@@H]5CC[C@]43C)[C@@H]2CC1(C)C,4.053565886379767,lit,1
O=C1Cc2ccccc2C1=O,4.8323455016898915,lit,1
CC1(C)C=C(CS(=O)(=O)O)c2cc(Cc3ccc4c(c3)C(CS(=O)(=O)O)=CC(C)(C)N4)ccc2N1,4.510760261025292,lit,1
O=S(=O)([O-])[O-].[Tl+].[Tl+],4.394644124523133,lit,4
CCCCCCCCCCCCCCCCCC,0.9311835604656284,lit,1
COCc1cnc(C2=NC(C)(C(C)C)C(=O)N2)c(C(=O)O)c1,1.7858051628523608,lit,1
CCc1ccc(OCCC(CC)CCC2OC2(C)CC)cc1,1.5804602257778342,lit,2
CC(=O)O.CCCCCCCCCCCCNC(=N)N,2.458559291266963,lit,7
Cc1cc(=O)c2c(o1)O[C@@]1(C)CC[C@@H]3[C@@]4(C)CC[C@H](O)C(C)(C)[C@@H]4CC[C@@]3(C)[C@@H]1C2,2.4134946498211547,lit,2
Cc1ccc(N)c(Cl)c1,2.3348250204025636,lit,1
Cc1c(I)cc2c(=O)n(-c3ccc(S(=O)(=O)Nc4ncccn4)cc3)cnc2c1I,2.801107649067557,lit,1
CC/C(=C(\c1ccccc1)c1ccc(OCCN(C)C)cc1)c1ccccc1,2.286473690820293,lit,2
NC(=S)NNC(=O)CC1C(=O)c2ccccc2C1=O,2.9484691620036703,lit,1
CCOC(=O)c1c(CSc2ccccc2)n(C)c2cc(Br)c(O)c(CN(C)C)c12,2.2017829923883983,lit,2
C1CCN2C[C@@H]3C[C@@H](CN4CCCC[C@@H]34)[C@H]2C1,2.736465064800462,lit,1
CC(C)(C)c1cc(CCC(=O)O)cc(C(C)(C)C)c1O.CC(C)(C)c1cc(CCC(=O)O)cc(C(C)(C)C)c1O.CC(C)(C)c1cc(CCC(=O)O)cc(C(C)(C)C)c1O.CC(C)(C)c1cc(CCC(=O)O)cc(C(C)(C)C)c1O.OC[C@@H](O)[C@@H](O)CO.OC[C@@H](O)[C@@H](O)CO.OC[C@@H](O)[C@@H](O)CO.OC[C@@H](O)[C@@H](O)CO.OC[C@@H](O)[C@@H](O)CO,2.537609576130763,lit,1
CCOP(=O)(SCC)c1ccccc1,3.4871742115454523,lit,1
N=C(N)Nc1ccc(C(=O)Oc2ccc3cc(C(=N)N)ccc3c2)cc1,2.056502471076483,lit,1
COc1ccc2cc([C@H](C)C(=O)O)ccc2c1,2.52037336332394,lit,4
O=C1O[C@H]([C@@H](O)CO)C([O-])=C1O.[Na+],4.255504943976641,lit,1
O=NO,2.4169454602282125,lit,1
O=C1CC2(CCCC2)CC(=O)N1CCCCN1CCN(c2ncccn2)CC1,3.228286928424306,lit,2
C=C(C)[C@H](O)CC[C@@H](C)[C@H]1CC[C@H]2[C@@H]3[C@H](O)C[C@@H]4C[C@H](O)CC[C@]4(C)[C@H]3C[C@H](O)[C@]12C,5.1610294201051055,lit,1
O=C1c2c(O)cccc2Cc2cccc(O)c21,1.8472360751305446,lit,2
Cl[Pd]Cl,2.9477424219938064,lit,1
O=S(=O)([O-])OOS(=O)(=O)[O-].[NH4+].[NH4+],2.5501380163936282,lit,4
O[C@]12C=C(c3nccc4c3[nH]c3ccccc34)[C@@H]3CCN(CCCC/C=C\CC1)C[C@@]31C[C@@H]3/C=C\CCCCN3[C@H]12,3.4383643227611125,lit,1
CC1(C)C2CCC1(CS(=O)(=O)O)C(=O)C2,1.5708664896552507,lit,1
NCCN.O=[N+]([O-])O.O=[N+]([O-])O,1.5185232734221636,lit,1
C=C/C=C\CC1=C(C)[C@@H](OC(=O)[C@@H]2[C@@H](/C=C(\C)C(=O)OC)C2(C)C)CC1=O.C=C/C=C\CC1=C(C)[C@@H](OC(=O)[C@@H]2[C@@H](C=C(C)C)C2(C)C)CC1=O,2.5738225084847213,lit,7
C[NH3+].c1ccccc1,2.644162759365265,lit,1
C[C@]12C=CC(=O)C[C@@H]1CC[C@@H]1[C@@H]2CC[C@]2(C)[C@@H](O)CC[C@@H]12,2.8316530056275155,lit,1
CCCCCC(O)CC,1.4543707434414448,lit,3
CC1(C)[C@@H](O[C@H]2O[C@H](C(=O)O)[C@@H](O)[C@H](O)[C@H]2O[C@@H]2O[C@H](C(=O)O)[C@@H](O)[C@H](O)[C@H]2O)CC[C@]2(C)[C@H]3C(=O)C=C4[C@@H]5C[C@@](C)(C(=O)O)CC[C@]5(C)CC[C@@]4(C)[C@]3(C)CC[C@@H]12.N,2.0730069776529634,lit,1
O.O.O.O.O.O.O.O=S(=O)([O-])[O-].[Co+2],2.563501170555329,lit,1
COc1cc2nc(N3CCN(C(=O)C4CCCO4)CC3)nc(N)c2cc1OC,1.8100532056548402,lit,5
COc1cc2c(c3oc4cccc(O)c4c(=O)c13)[C@@H]1C=CO[C@@H]1O2,3.298816842926568,lit,16
C=C1C[C@H](C)[C@H]2[C@H]3Cc4ccc(O)cc4[C@@]2(CCN3CC2CCC2)C1.CS(=O)(=O)O,2.7620420323355677,lit,2
O=S1OC[C@@H]2[C@H](CO1)C1(Cl)C(Cl)=C(Cl)C2(Cl)C1(Cl)Cl,3.479006224174822,lit,2
O=S(=O)([O-])[O-].O=[V+2],2.560925576411542,lit,1
COC(=O)[C@H]1[C@@H](OC(=O)c2ccccc2)C[C@@H]2CC[C@H]1N2C,3.033249132515066,lit,1
O=S([O-])S(=O)(=O)[O-].[Na+].[Na+],2.1125519807947946,lit,8
O=c1cccc2n1C[C@@H]1CNC[C@H]2C1,3.5574885005129513,lit,4
COc1cc(/C=C/C(=O)O)ccc1O,1.9449042493464197,lit,16
C[C@@H]1O[C@@H](O[C@H]2[C@H](OC(=O)[C@]34CCC(C)(C)C[C@H]3C3=CC[C@@H]5[C@@]6(C)CC[C@H](O[C@@H]7O[C@H](C(=O)O)[C@@H](O)[C@H](O[C@@H]8OC[C@@H](O)[C@H](O)[C@H]8O)[C@H]7O[C@@H]7O[C@H](CO)[C@H](O)[C@H](O)[C@H]7O)[C@@](C)(C=O)[C@@H]6CC[C@@]5(C)[C@]3(C)C[C@H]4O)O[C@H](C)[C@H](O)[C@@H]2O)[C@H](O)[C@H](O)[C@H]1O[C@@H]1OC[C@@H](O)[C@H](O[C@@H]2OC[C@](O)(CO)[C@H]2O)[C@H]1O,3.016890678523337,lit,2
COc1ccc(-c2cc(=O)c3c(O)cc(O[C@@H]4O[C@H](CO)[C@@H](O)[C@H](O)[C@H]4O)cc3o2)cc1,2.624376941019936,lit,3
O=C([O-])C(=O)O,1.551576851989814,lit,1
Nc1ncnc2c1ncn2[C@@H]1O[C@H](COP(=O)(O)OP(=O)(O)O)[C@@H](O)[C@H]1O,3.486683177406628,lit,1
CCOP(=O)(F)N=C(C)N(CC)CC,4.758489843118999,lit,3
Cc1ccccccc[sH+]1.[Cl-],2.199278593473075,lit,1
CC=C1C[C@@H](C)[C@](O)(CO)C(=O)OCC2=CC[N+]3([O-])CC[C@@H](OC1=O)[C@@H]23,3.8838955504370767,lit,4
[O-][n+]1ccccc1[S-].[O-][n+]1ccccc1[S-].[Zn+2],3.5382430572218206,lit,1
O=C(O)CCCC(=O)O,1.6816194352710125,lit,1
Cc1ccc(S(=O)(=O)NC(=O)NC2CCCCC2)cc1N,2.1922983750190035,lit,1
O=C(CSc1nc2ccccc2n2cnnc12)Nc1ccc(C(=O)Nc2ccccc2)cc1,2.510181112678903,lit,1
Cc1cc(-c2ccc(N=Nc3c(S(=O)(=O)[O-])cc4cc(S(=O)(=O)[O-])cc(N)c4c3O)c(C)c2)ccc1N=Nc1c(S(=O)(=O)[O-])cc2cc(S(=O)(=O)[O-])cc(N)c2c1O.[Na+].[Na+].[Na+].[Na+],2.190251249077712,lit,1
CC(C)=C1CC[C@H](C)[C@](C)(COc2ccc3ccc(=O)oc3c2)[C@H]1CCC(=O)O,3.1087854424301367,lit,1
CCc1cc(Cl)c(OC)c(C(=O)NC[C@@H]2CCCN2CC)c1O,1.8882244736576168,lit,1
Cc1c(C)c2c(c(C)c1OC(=O)CCC(=O)O)CC[C@@](C)(CCC[C@H](C)CCC[C@H](C)CCCC(C)C)O2,1.8798246922155775,lit,2
O=C(O)c1ccc(-n2nc(-c3ccccc3O)nc2-c2ccccc2O)cc1,2.5721370934230428,lit,3
CCOP(O)(=S)OCC.N#CC=NOc1ccccc1,1.5707063532938461,lit,2
O=S(=O)(O)O,1.5055903909902053,lit,2
CCCCn1cc[n+](C)c1.[Cl-],2.501868062432137,lit,5
CC(=O)[O-].CC(=O)[O-].[Mn+2],1.6664025361068622,lit,1
O=P([O-])([O-])OP(=O)([O-])[O-],2.462250712154086,lit,1
O=C(O)C(F)(OC(F)(F)C(F)(F)C(F)(F)F)C(F)(F)F,2.275540372554802,lit,4
[Fe+4].[NH-]CC(=O)[O-].[NH-]CC(=O)[O-],1.8580793746009103,lit,1
NCCCCCCCCCCCCN,2.2584704201632677,lit,1
O=C([O-])[O-].[Ba+2],2.232954208390812,lit,2
O=C(C(F)(F)F)C(F)(F)F,2.9414068085717666,lit,1
Nc1ccn(CCC(=O)N[C@@H](CCCC[NH3+])C(=O)[O-])c(=O)n1.Nc1ccn(CCC(=O)N[C@@H](CCCC[NH3+])C(=O)[O-])c(=O)n1,2.122169848638447,lit,5
[Br-].c1ccc([P+](c2ccccc2)(c2ccccc2)c2ccccc2)cc1,3.405042989706219,lit,1
CCCCN(CCCC)CCC(O)c1cc2c(Cl)cc(Cl)cc2c2cc(C(F)(F)F)ccc12,2.167866155719891,lit,2
Cn1cnc2c1c(=O)n(CC(=O)Nc1ccc(C(=O)Nc3ccc(F)cc3)cc1)c(=O)n2C,2.3418734470765403,lit,1
COc1cc2c(cc1O)C(c1ccc(OC)c(OC)c1)C(=O)O2,1.5681454344266577,lit,1
CC(C)NCCCC1(C(N)=O)c2ccccc2-c2ccccc21,3.489149573406167,lit,3
Nc1ccc(N)c2c(S(=O)(=O)O)cccc12,2.6323347501677756,lit,3
COc1ccc(S(=O)(=O)Oc2ccc(C=C3SC(=S)NC3=O)cc2Br)cc1,2.462969826048346,lit,1
C[C@H]1O[C@@H](O[C@H]2[C@@H](O)C[C@H](O[C@H]3[C@@H](O)C[C@H](O[C@H]4CC[C@@]5(C)[C@H](CC[C@@H]6[C@@H]5C[C@@H](O)[C@]5(C)[C@@H](C7=CC(=O)OC7)CC[C@]65O)C4)O[C@@H]3C)O[C@@H]2C)C[C@H](O)[C@@H]1O,5.943380753216508,lit,2
CC(=O)[O-].CC(=O)[O-].[Ni+2],2.7033675419004712,lit,9
CCCCNC(=O)OC#CCI,2.25019294364332,lit,1
CC(=O)[O-].CC(=O)[O-].O.O.O=[U+2]=O,3.3178841842955906,lit,1
ClC=CC[N+]12CN3CN(CN(C3)C1)C2.[Cl-],2.2090604866153494,lit,9
O=C(C=Cc1ccccc1O)OC1CCC(NCc2ccccc2)CC1,2.0687373500170243,lit,1
O=C(O)CC[Se][Se]CCC(=O)O,4.085022139122511,lit,3
Cc1cccc(Nc2cc(Cl)nc(SCC(=O)NCCO)n2)c1C,1.8655469304871564,lit,1
C=C(C)C(=O)OCC(C)C,1.137148860275356,lit,2
C=CCC1(C(=O)[O-])Nc2ccccc2N1C(=O)OC(C)(C)C,4.203173218050775,lit,1
C=CCc1ccc(O)c(OC)c1.CCC(=O)OCCc1ccccc1,1.9346950750822307,lit,1
CCN(O)CC,1.745942902886155,lit,1
O=C(CCl)c1ccc(Cl)cc1Cl,2.187882320252294,lit,1
O.O.O.O.O.O.O.O.O.O.OB1O[B-]2(O)OB(O)O[B-](O)(O1)O2.[Na+].[Na+],1.967340971428365,lit,8
CCC=CCC=CCC=CCCCCCCCC(=O)O,1.4223015517047637,lit,1
C=C(C)[C@@H]1CC[C@@H](C)[C@@H]2CCC(C)=C[C@@H]21,1.8710568247003732,lit,1
Cc1cc(/C=C/C#N)cc(C)c1Nc1ccnc(Nc2ccc(C#N)cc2)n1,2.5727625764782056,lit,1
[Eu+3].[Eu+3].[O-2].[O-2].[O-2],4.847480114947017,lit,1
C=C1CC[C@H]2O[C@]2(C)CC[C@@H]2[C@@H]1CC2(C)C,1.6441548759304556,lit,1
COc1ccc(/C=C2\CCCC3C2=NNC3c2ccc(OC)cc2)cc1,2.3299478789794414,lit,1
ClC1=C(Cl)[C@]2(Cl)[C@H]3[C@H]([C@@H]4C=C[C@H]3C4)[C@@]1(Cl)C2(Cl)Cl,3.871994445452091,lit,15
N#Cc1nn(-c2c(Cl)cc(C(F)(F)F)cc2Cl)c(N)c1S(=O)C(F)(F)F,3.6538607353893724,lit,3
CC(O)(P(=O)(O)O)P(=O)(O)O,2.186819340366629,lit,7
CC(C)=CCc1cc(C2CC(=O)c3ccc(O)cc3O2)ccc1O,2.4355017526633937,lit,1
Cc1ccc(C2=NN(C(N)=S)[C@H](c3ccc(Cl)cc3)C2)cc1,2.873885798730935,lit,3
COc1cc(/C=C/C(=O)O)ccc1OCc1cn(CC(=O)Nc2cccc([N+](=O)[O-])c2)nn1,2.302191489795715,lit,1
N#C[Se]Cc1ccccc1,3.195591941217194,lit,1
CCCCCC=CCC=CCC=CCC=CCCCC(=O)NCCO,2.2399785499741123,lit,1
Cc1ccc(OCCO)cc1,2.141001992694957,lit,1
CC1=CCC2(C)CCC3(C)C(CCC4C5(C)CCC(O)C(C)(C)C5CCC43C)C2C1C,0.7850541179892097,lit,1
CCNC(=O)/C=C/c1cccc(Br)c1,1.7579613808756136,lit,1
CCC[Pb](Cl)(CCC)CCC,4.1444265174851544,lit,1
N[C@@H](CC(=O)O)C(=O)O,1.4252178397845072,lit,1
COc1ccccc1OCC1O[C-]=NC1=O,2.0206059089215667,lit,2
CN(C)C/C=C(/c1ccc(Br)cc1)c1cccnc1,2.547131741773638,lit,1
[C-]#N.[C-]#N.[C-]#N.[C-]#N.[C-]#N.[C-]#N.[Fe+3].[K+].[K+].[K+],2.313401843834749,lit,1
COc1ccc2c(c1)C(c1cc(OC)c(OC)c(OC)c1)C(=O)O2,2.3041120576128007,lit,1
[Ce+3].[Cl-].[Cl-].[Cl-],1.9446148439438047,lit,1
N=C(N)NCC1COC2(CCCCC2)O1.N=C(N)NCC1COC2(CCCCC2)O1.O=S(=O)(O)O,2.357568289155486,lit,3
O=C(c1ccccc1)c1ccc2n1CCC2,3.9410101323337674,lit,1
CC=C1NC(=O)[C@H](Cc2ccccc2)NC(=O)[C@@H](C(C)C)NC(=O)[C@@H]([C@@H](C)CC)NC(=O)[C@H](NC(=O)[C@H](NC(=O)[C@H](CCCN)NC(=O)[C@H]2CCCN2C(=O)[C@H](NC(=O)[C@@H](NC(=O)[C@@H](NC(=O)[C@H](NC(=O)CCCC(C)C)C(C)C)[C@@H](C)O)C(C)C)C(C)C)[C@@H](C)CC)[C@@H](C)OC(=O)[C@H](C(C)C)NC1=O,3.17841867958318,lit,1
OCCC(F)(F)C(F)(F)C(F)(F)C(F)(F)C(F)(F)C(F)(F)F,2.3181838230350307,lit,2
C=Cc1ccc(O)c(OC)c1,1.7874373400616195,lit,1
CCCCCCCCCCCCCCCCCOC(=O)c1ccccc1,5.0304063341487435,lit,1
O=S(=O)(O)c1ccc2c(c1)-c1nc3nc(nc4[nH]c(nc5[nH]c(nc-2n1)c1cc(S(=O)(=O)O)ccc51)c1cc(S(=O)(=O)O)ccc41)-c1cc(S(=O)(=O)O)ccc1-3,2.258418671811178,lit,2
C[n+]1ccc(-c2cc[n+](C)cc2)cc1.[Cl-].[Cl-],3.2341189132228267,lit,13
Nc1ccccc1Cl,2.6975222074503344,lit,1
COc1ccc2c(c1)OC(=O)C2c1ccc(OC)c(OC)c1,2.157423507867849,lit,1
CCOC(C)(C)C,1.4258304241387991,lit,2
CC=C1C[C@@H](C)[C@](O)(CO)C(=O)OCC2=CCN3CC[C@@H](OC1=O)[C@@H]23,4.001909812354961,lit,2
O=[Ge]=O,1.4513631748332805,lit,5
CC1(C)C(=CC=CC=CC=CC2=[N+](CCCCS(=O)(=O)[O-])c3ccc4ccccc4c3C2(C)C)N(CCCCS(=O)(=O)[O-])c2ccc3ccccc3c21.[Na+],2.5882610594922566,lit,1
CC(C)Oc1ccccc1N(C)C(=O)[O-],3.2216478854045385,lit,1
N[C@@H](CCC(=O)[O-])C(=O)[O-],0.9856180543430786,lit,4
O=C(Nc1ccc(Cl)c(Cl)c1)c1ccccc1OCCc1nnn[nH]1,2.6746533550419094,lit,1
O=S(=O)([O-])[O-].[Cu+2],2.5245628581780855,lit,6
ClC(Cl)(c1ccccc1)C(Cl)(Cl)c1ccccc1,1.9031524123370032,lit,1
[Ag],2.174890954657781,lit,4
CCSCCOP(=S)(OC)OC.CCSCCSP(=O)(OC)OC,3.3208842804798526,lit,3
O=P(O)(O)OC[C@H]1O[C@@H](n2cnc3c(O)ncnc32)[C@H](O)[C@@H]1O,1.3377187620574489,lit,3
OCC(O)CO.OCC(O)CO,0.8259286383088136,lit,5
CC(C)NC[C@H](O)c1ccc(O)c(O)c1,2.0929094040813974,lit,2
CCOC(=O)c1cnn(CC(C)O)c1NC(=S)NC(=O)c1ccc(F)cc1,2.206801653075691,lit,1
O=c1c2ccccc2nnn1CSP([O-])([O-])=S,4.282186920776108,lit,1
Cl[Hg]Cl,3.8655617113653307,lit,25
O=[N+]([O-])[O-].O=[N+]([O-])[O-].O=[N+]([O-])[O-].O=[N+]([O-])[O-].O=[N+]([O-])[O-].[Ce+4].[NH4+],2.60971037880638,lit,2
[Mg+2].[Mg+2].[Mg+2].[O-2].[O-2].[O-2].[O-2].[O-2].[O-2].[O-2].[O-2].[O-2].[O-2].[OH-].[OH-].[Si+4].[Si+4].[Si+4].[Si+4],2.6151526486827645,lit,1
O=C([O-])[O-].[Li+].[Li+],2.023487626544509,lit,1
CC(=O)[C@H]1CC[C@H]2[C@@H]3C[C@H](C)C4=CC(=O)CC[C@]4(C)[C@H]3[C@@H](O)C[C@]12C,1.7378423734862376,lit,1
CC(C(=O)NCCc1ccccc1)c1ccc(-c2ccccc2)c(F)c1,2.7475697127640877,lit,1
CCCC[n+]1ccccc1.[Cl-],2.494334247462252,lit,1
Cc1cc(C(S)c2nn(CN3CCOCC3)c(=S)o2)nc(N2CCOCC2)n1,2.4818028554387825,lit,1
OO,1.5895546621358987,lit,4
COc1ccc2c(OC)c3ccoc3nc2c1OC,2.2964658961669517,lit,2
COc1cc(NC(C)CCCN)c2ncccc2c1.O=P(O)(O)O.O=P(O)(O)O,3.4103634906278746,lit,1
COP(=O)(OC)Oc1ccc(S(C)=O)c(C)c1,3.9673388904773255,lit,1
[P-3].[P-3].[Zn+2].[Zn+2].[Zn+2],3.804363268148635,lit,19
CCc1cc(Br)ccc1OC(N)=O,2.3268485885437613,lit,1
CNCCc1ccc(O)c(O)c1,2.5242870479101565,lit,1
N=C(N)NC(=O)c1nc(Cl)c(N)nc1N,3.5792751424364564,lit,1
O=C1NC(=O)[C@]2(c3ccc(Cl)cc3)C[C@H]12,2.1415340371690115,lit,1
C=C(C)CCCC(C)=CCO,1.6319311184260052,lit,3
O=C(Nc1cccc2c1C(=O)c1ccccc1C2=O)c1cc2cc(F)ccc2[nH]1,2.6816549771620912,lit,1
O=S(=O)([O-])[O-].[Li+].[Li+],2.2537150090939457,lit,1
O=P([O-])([O-])OP(=O)([O-])O.[Mg+2].[Na+],2.0915575398952306,lit,3
CO[C@@H]1[C@@H](OC)[C@H](C)[C@@](O)(CC(=O)O)O[C@H]1[C@H](C)[C@H]1O[C@@]2(CC[C@@](C)([C@H]3CC[C@@](C)([C@@H]4O[C@@H]([C@H]5O[C@](C)(O)[C@H](C)C[C@@H]5C)C[C@@H]4O[C@@H]4C[C@H](OC)[C@@H](OC)[C@H](C)O4)O3)O2)C[C@H](O)[C@H]1C.N,5.137279269198406,lit,3
CC(=O)c1cc(NC(CCCCCCCCC(=NNC(=N)N)Nc2cc(C(C)=NN)cc(C(C)=NN)c2)=NNC(=N)N)cc(C(C)=O)c1.N=[C]N.N=[C]N,2.8732799029690597,lit,1
C[Si](C)(C)c1cccc(C(=O)C(F)(F)F)c1,2.9935314562073483,lit,1
CN1CCc2cc(O)c(O)cc2C1Cc1ccc(O)c(O)c1,4.016661668447622,lit,1
CCOC(=O)c1cnn(CC(O)CC)c1NC(=S)NC(=O)c1ccc(F)cc1,2.221978132371225,lit,1
CCC(O)(Cl)Cl,5.9373563065947295,lit,1
Brc1ccc(Oc2cc(Br)c(Br)cc2Br)c(Br)c1,1.988382872478379,lit,4
C/C(=C\C(=O)NC(C)C)OP(=O)([O-])[O-],4.089412474797371,lit,1
O=C1O[C@H]2[C@@H]3OC(=O)c4cc(O)c(O)c(O)c4-c4c(cc(O)c(O)c4O)C(=O)OC[C@H]2O[C@@H](OC(=O)c2cc(O)c(O)c(O)c2)[C@@H]3OC(=O)c2cc(O)c(O)c3c2[C@@H]2C1=CC(=O)[C@](O)(O3)C2(O)O,2.6779024643689784,lit,6
O=[N+]([O-])[O-].[Ce].[NH4+],1.9625252022081452,lit,1
O=C(O)c1ccccc1C(=O)O,1.8139131129740234,lit,3
CC1C(C=O)=CNC=C1C=O,1.4804812440617554,lit,1
CC[Sn](CC)CC,4.711590027495326,lit,1
CC(=O)O[C@@H]1C[C@]2(O)[C@H](CC[C@]3(C)[C@@H](c4ccc(=O)oc4)CC[C@@]32O)[C@@]2(C)CC[C@H](O[C@@H]3O[C@H](CO)[C@@H](O)[C@H](O)[C@H]3O)C=C12,5.820634811794209,lit,20
CN(C)[C@@H]1C(O)=C(C(N)=O)C(=O)[C@@]2(O)C(O)=C3C(=O)c4c(O)cccc4[C@@](C)(O)[C@H]3[C@H](O)[C@@H]12.Cl,1.8871808653991868,lit,1
CCN(CC)C(C)=NP(=O)(F)OC,4.919489462808011,lit,3
CC(C)(C)C(=O)Oc1ccc(S(=O)(=O)Nc2ccccc2C(=O)NCC(=O)O)cc1,1.7490690443275994,lit,1
CC(=O)[O-].CC(=O)[O-].O=[U+2]=O,3.4128691687689545,lit,1
O=S([O-])O,1.908870886946596,lit,1
COc1cc(/C=C/C(=O)O)ccc1OCc1cn(CC(=O)Nc2ccc(Cl)cc2Cl)nn1,2.260659575519157,lit,1
[Co],2.539909628155418,lit,3
CCC1CCC(CCC(=O)O)C1.CCC1CCC(CCC(=O)O)CC1,2.072532960935721,lit,1
N[C@@H](CCCCC(=O)O)C(=O)O,2.753535958999564,lit,1
NC[C@@H]1O[C@H](O[C@H]2[C@@H](O)[C@H](O[C@@H]3[C@@H](O)[C@H](N)C[C@H](N)[C@H]3O[C@H]3O[C@H](CN)[C@@H](O)[C@H](O)[C@H]3N)O[C@@H]2CO)[C@H](N)[C@@H](O)[C@@H]1O,2.365096175029249,lit,2
C=CCc1c(C)ccc(C(C)C)c1O,2.2881807612208576,lit,1
Cl.N=C(N)NN=C(c1ccc(F)cc1)c1ccc(C(F)(F)F)cc1,3.3788817060786265,lit,2
Cn1cnc2nc(N)[nH]c(=O)c21,2.786530591764649,lit,1
O.O.O=[W](=O)([O-])[O-].[Na+].[Na+],2.2945798532606094,lit,2
C[C@H]1[C@H](OC(=O)CCC(=O)O)O[C@@H]2O[C@@]3(C)CC[C@H]4[C@H](C)CC[C@@H]1[C@@]24OO3,3.039504506570749,lit,1
N->[Pt](<-N)(Cl)Cl,4.062214493464552,lit,5
[Mg+2].[Mg+2].[O-][Si]([O-])([O-])[O-],1.4492993990359522,lit,1
Cc1cc(N=Nc2ccc(S(=O)(=O)[O-])cc2)c(N)cc1N.Nc1cc(N)c(N=Nc2ccc(S(=O)(=O)[O-])cc2)cc1N=Nc1ccc(S(=O)(=O)[O-])cc1.[Na+].[Na+].[Na+],2.025709755637608,lit,1
CCCCCCCC/C=C\CCCCCCCCOCCO,0.892842837350531,lit,1
O=C(O)C1=C[C@@H](O)[C@@H](O)[C@H](O)C1,2.2937704350143457,lit,2
Cc1cc(Cl)c(N)cc1O.Cl,2.0399649986163335,lit,1
Cc1nc(N2N=C(c3ccccc3)[NH2+]N2c2ccccc2)sc1C.[Br-],2.793440022072768,lit,1
CC(C)(C)CC(C)(C)c1ccc(OCCOCC[N+](C)(C)Cc2ccccc2)cc1,3.021020665297246,lit,6
CC(C)(C)C(O)/C=C/c1ccc2c(c1)OCO2,1.89264176586373,lit,1
Cc1c(COC(=O)[C@@H]2[C@H](C=C(Cl)C(F)(F)F)C2(C)C)cccc1-c1ccccc1,3.8898327591318256,lit,10
O=C(O)/C=C/c1ccccc1,1.6954297881891047,lit,2
O=S(=O)([O-])c1cccc2ccccc12.[Na+],1.7823594529651494,lit,5
CCCCCCCCCCCCc1[nH+]ccc2ccccc12.[Br-],3.216220996280716,lit,1
C#Cc1cccc(Nc2ncnc3cc(OCCOC)c(OCCOC)cc23)c1,2.773912977869874,lit,1
CCC(=O)C1C=C(C(C)C)CCC1C,1.748183557093511,lit,1
N#C[C@H](O)c1ccccc1.OC[C@H]1O[C@@H](O)[C@H](O)[C@@H](O)[C@@H]1O,2.5514860398140145,lit,1
CCCCCCCCCCCC[N+](C)(C)CC(=O)[O-],3.5824234976689815,lit,2
N,0.6871721045947998,lit,1
C[C@@H]1CCCCN1N=O,2.3296520757287933,lit,2
CCOc1ccc(Cc2nc(C)cc3cc(OC)c(OC)cc23)cc1OC.O=P(O)(O)O,2.3521022801525375,lit,3
[In],1.436760687279766,lit,1
[CH](N[CH]c1ccccc1)c1ccccc1,2.4947443884165694,lit,1
CCC(Cl)(Br)Br,2.8964049508322307,lit,3
ClC1=C[C@@H](Cl)[C@H](Cl)[C@H](Cl)[C@H]1Cl,1.861399552964627,lit,1
COc1ccc(C(=O)Nc2ccccc2CCC2CCCCN2C)cc1,3.814738255754752,lit,2
O=C(CN1C(=O)SC(=Cc2ccc(Cl)cc2Cl)C1=O)Nc1ccc(C(=O)NNC(=O)c2ccccc2O)cc1,2.519743431703626,lit,1
N[C@@H](CCC(=O)[O-])C(=O)[O-].N[C@@H](CCC(=O)[O-])C(=O)[O-].[Mg+2].[Mg+2],1.3568058412300972,lit,1
CON=C(C(=O)N[C@@H]1C(=O)N2C(C(=O)[O-])=C(C[n+]3cccc4c3CCC4)CS[C@H]12)c1csc(N)n1.O=S(=O)(O)O,1.8841352104832296,lit,2
CCCCCCCCCCCCCC[n+]1ccc(C)cc1.[Cl-],3.1152349591702952,lit,4
COc1cc2c(ccc3c4cc(OC)c(OC)cc4c[n+](C)c23)cc1O,2.7383766868991386,lit,1
O=S1(=O)OC(c2ccc(O)cc2)(c2ccc(O)cc2)c2ccccc21,6.118109116146112,lit,3
C[C@@H]1O[C@@H](O[C@H]2[C@H](Oc3cc(O)c4c(c3)O[C@H](c3ccc(O)cc3)CC4=O)O[C@H](CO)[C@@H](O)[C@@H]2O)[C@H](O)[C@H](O)[C@H]1O,2.011256411341617,lit,2
O=[As]([O-])([O-])[O-].O=[As]([O-])([O-])[O-].[Pb+2].[Pb+2].[Pb+2],2.6694004035159917,lit,2
O=[Se](=O)([O-])[O-],4.951082405175245,lit,1
[Re],1.2699960031986572,lit,1
NC(=O)c1ncn([C@@H]2O[C@H](COP(=O)(O)OP(=O)(O)OP(=O)(O)O)[C@@H](O)[C@H]2O)n1,2.499761148206205,lit,1
[Al+3],2.0144336306133046,lit,3
F[Sn]F.[Na],2.9060412564393747,lit,3
C=CCc1cc2c(c(OC)c1OC)OCO2,2.2499122153854842,lit,1
C=CCC1=C(C)C(OC(=O)[C@@H]2[C@@H](C=C(C)C)C2(C)C)CC1=O,2.8759114164166775,lit,6
CC(=O)C1c2cccc(O)c2C(=O)c2c(O)cccc21,2.8882393967172337,lit,1
O=C1C(=C2Nc3ccc(S(=O)(=O)[O-])cc3C2=O)Nc2ccc(S(=O)(=O)[O-])cc21.[Na+].[Na+],2.3676912979646585,lit,3
[I-].[K+],3.4207727710185907,lit,1
C/C=C/C=C\CC/C=C/C(=O)NCC(C)C,1.7029001195936417,lit,1
COc1cc2c(cc1OC)C(=O)C(CC1CCN(Cc3ccccc3)CC1)C2,4.06599418016356,lit,4
CCCCCCCCCC(=O)[N+](C)(C)[O-],1.2467588276449901,lit,1
COc1cc(C2C(=O)Oc3ccc(O)cc32)cc(OC)c1OC,1.5344395779347244,lit,1
CCCC(=O)N1CCN(CC=Cc2ccccc2)CC1.Cl,2.6453444345825528,lit,2
Sc1nc2ccccc2s1,1.857190019459702,lit,4
c1ccc2c(c1)Nc1ccccc1S2,1.6004893515346508,lit,1
C[n+]1ccc(-c2cc[n+](C)cc2)cc1.O.[Cl-].[Cl-],3.3392447429774887,lit,1
CCn1cc(C(=O)O)c(=O)c2cc(F)c(N3CCN(C)CC3)cc21,2.1427061540576995,lit,1
C[NH+](C)Cc1ccccc1.[Cl-],2.442305247458241,lit,1
Nc1nc(/C(=C/CC(=O)O)C(=O)N[C@@H]2C(=O)N3C(C(=O)O)=CCS[C@H]23)cs1,1.9142722677037343,lit,1
Cc1cc(O)c2c(c1)C(=O)c1cccc(O)c1C2=O,2.007305579394649,lit,2
CCCNC1CC(=O)OC1C(O)C(=O)NC(CC(C)C)C1Cc2cccc(O)c2C(=O)O1,2.620369476077802,lit,1
COc1ccc(C2C(=O)Oc3cc(OC)c(OC)cc32)cc1,2.1574235078678488,lit,1
NCCNCCN.[Na],2.158910184874603,lit,1
O=C(CCCCCCC(=O)Nc1ccccc1)NO,2.2180182582229815,lit,1
[Fe+2].[Fe+2],2.2998262639318545,lit,1
CC(C)(Cl)OC(C)(C)Cl,2.852954997518814,lit,2
Cl.N=C(NN=Cc1ccc(Cl)cc1)NN=Cc1ccc(Cl)cc1,2.091867354960728,lit,1
c1ccc2c(c1)c[nH+]c1ccccc12,2.0362425564889794,lit,2
C=CC=CCC1=C(C)[C@@H](OC(=O)[C@@H]2[C@@H](C=C(C)C(=O)OC)C2(C)C)CC1=O,2.511951749576746,lit,2
CCCCCCN(N=O)C(N)=O,2.4789201607213367,lit,1
CCCCCCCC/C=C\CCCCCCCC(=O)O,1.5163533950843375,lit,2
C=CC(=O)OCCCOC(=O)C=C,2.3551778601482583,lit,1
CC(O)CCc1ccccc1,2.574670657362934,lit,1
CC1(C)S[C@@H]2[C@H](NC(=O)[C@H](N)c3ccccc3)C(=O)N2[C@H]1C(=O)OC1OC(=O)c2ccccc21,2.080563358135896,lit,1
O=S(=O)([O-])OOS(=O)(=O)[O-].[K+].[K+],2.527707023658729,lit,3
O=c1cc(-c2ccc(O)c(O)c2)oc2cc(O[C@@H]3O[C@H](CO)[C@@H](O)[C@H](O)[C@H]3O)cc(O)c12,0.9355304897947054,lit,2
CC(=O)N[C@H]1[C@H]([C@H](O)[C@H](O)CO)O[C@@](OC[C@H]2O[C@@H](O[C@@H]([C@H](O)[C@@H](O)C=O)[C@H](O)CO)[C@H](O)[C@@H](O)[C@H]2O)(C(=O)[O-])C[C@@H]1O.[Na+],1.5155658886170058,lit,2
C=C1CC[C@H](O)CC1=CC=C1CCC[C@]2(C)[C@@H]([C@H](C)/C=C/[C@H](C)C(C)C)CC[C@@H]12,3.576736173654224,lit,4
CN1CC[C@]23c4c5ccc(O)c4O[C@H]2C(=O)CC[C@@]3(O)[C@H]1C5,3.3329316306683396,lit,1
CCSC#N,3.2500563612640723,lit,1
O.O.O.O.O.O=S(=O)([O-])[O-].[Cu+2],2.974222157154103,lit,2
CNc1ccccc1C(=O)OC,1.8427348138396662,lit,2
[C-]#N.[K+],2.911140935182588,lit,76
CCCC(NC(C)C(=O)OCC)C(C)=O,1.1869018737978516,lit,1
O=C(O)CCCCCNC(=O)OCc1ccccc1,2.0905062837155812,lit,1
CC(C)C1(C)N=C(c2ncc(CO[C@@H]3O[C@H](CO)[C@@H](O)[C@H](O)[C@H]3O)cc2C(=O)O)NC1=O,1.957557486381151,lit,1
O=[N+]([O-])c1cc(Cl)ccc1Oc1ccc(Cl)cc1,2.0732569346652503,lit,1
Oc1ccc(Cl)c(Cl)c1Cl,4.824161027958862,lit,3
O=[N+]([O-])c1cc(N(CCO)CCO)ccc1NCCO,1.9604517499769822,lit,1
CCOc1ccc(Cc2nc(C)cc3cc(OC)c(OC)cc23)cc1OC.Cl,2.3138027109692434,lit,2
C/C=C/C(=O)Oc1c(C(C)CCCCCC)cc([N+](=O)[O-])cc1[N+](=O)[O-],2.5703499089878634,lit,1
CCCCCCCCCCCCCCCC(=O)O,1.7401002719344596,lit,2
NC(=S)Nc1ccc2ccccc2c1,3.0755083175543003,lit,2
C=CCO/N=C(\CCC)C1=C(O)CC(C)(C)C(C(=O)OC)C1=O,2.5359971847099727,lit,1
CC1(C)S[C@@H]2[C@H](NC(=O)C(C(=O)Oc3ccc4c(c3)CCC4)c3ccccc3)C(=O)N2[C@H]1C(=O)O,2.3931968952717906,lit,1
Cc1cn([C@H]2C[C@H](N=[N+]=[N-])[C@@H](CO[P+](=O)O)O2)c(=O)[nH]c1=O,1.419291433818271,lit,1
NC1CCCCC1.O=P1(N(CCCl)CCCl)NC(SCCS(=O)(=O)O)CCO1,2.6482090389456174,lit,2
Cl[Sb](Cl)(Cl)(Cl)Cl,2.4284326316699145,lit,1
O=C1C[C@@H]2OCC=C3CN4CC[C@]56c7ccccc7N1[C@H]5[C@H]2[C@H]3C[C@H]46.O=C1C[C@@H]2OCC=C3CN4CC[C@]56c7ccccc7N1[C@H]5[C@H]2[C@H]3C[C@H]46.O=S(=O)(O)O,5.1461877373811955,lit,2
O=C(O)c1cc(O)c2c(c1)C(C1c3cc(C(=O)O)cc(O)c3C(=O)c3c(O[C@@H]4O[C@H](CO)[C@@H](O)[C@H](O)[C@H]4O)cccc31)c1cccc(O[C@@H]3O[C@H](CO)[C@@H](O)[C@H](O)[C@H]3O)c1C2=O,2.0604359942320913,lit,4
COc1ccc(CCC(=O)c2c(O)cc(O[C@@H]3O[C@H](CO)[C@@H](O)[C@H](O)[C@H]3O[C@@H]3O[C@@H](C)[C@H](O)[C@@H](O)[C@H]3O)cc2O)cc1O,2.088193518132704,lit,1
CC(C)CCBr,1.3902369882371652,lit,1
O=C1OC2(c3ccc(O)cc3Oc3cc(O)ccc32)c2ccc(N=C=S)cc21.O=C1OC2(c3ccc(O)cc3Oc3cc(O)ccc32)c2ccc(N=C=S)cc21,5.063978663743862,lit,1
COP(=S)([S-])OC,3.9922662494844827,lit,1
Cc1ccc(-c2nc3ccc(C)cn3c2CC(=O)N(C)C)cc1,2.551940521000056,lit,1
CCCCCCCCC(=O)O,1.9898040042321474,lit,1
O=c1cc(OCCCOc2ccnc(SCc3ccc(F)cc3)n2)c2cc(F)ccc2o1,2.7843509768300168,lit,1
COC(=O)OCc1ccccc1,1.842352151165084,lit,1
CCCSP(=S)(OC)OC,4.2188196846433454,lit,7
ClC1OC(Cl)C2C1C1(Cl)C(Cl)C(Cl)C2(Cl)C1(Cl)Cl,4.810791186843083,lit,6
COc1ccc2cc3[n+](cc2c1OC)CCc1cc2c(cc1-3)OCO2.[Cl-],1.394241487477641,lit,1
CC(=O)O[C@H]1C(=O)[C@@]2(C)[C@H]([C@H](OC(=O)c3ccccc3)[C@]3(O)C[C@H](OC(=O)[C@H](O)[C@@H](NC(=O)c4ccccc4)c4ccccc4)C(C)=C1C3(C)C)[C@]1(OC(C)=O)CO[C@@H]1C[C@@H]2O,3.5789910098052307,lit,2
CCCNN=O,3.5648139595308566,lit,1
CC[C@@H](CO)NCCN[C@@H](CC)CO,1.708238135042277,lit,1
O=C(O)CC(O)C(=O)O,1.5833186298328448,lit,4
O=C1O[C@H]([C@@H](O)CO)C([O-])=C1O.[Li+],1.4585293229593002,lit,1
Nc1ncnc2c1ncn2Cc1c(F)cccc1Cl,2.831259747785615,lit,2
CNC(=N[N+](=O)[O-])NCC1CCOC1,1.9255999783478641,lit,4
COCCNCC1CCCN(C2Cc3ccccc3C2)C1.Cl.Cl,2.0407405740884923,lit,7
CCCCc1nc(Cl)c(CO)n1Cc1ccc(-c2ccccc2-c2nn[nH]n2)cc1,3.2139818454277127,lit,2
N[C@@H](CCC(=O)O)C(=O)O,0.9475931469313132,lit,1
O=C(OCCOCCN1CCCCC1)N1c2ccccc2Sc2cccnc21,2.8533461498166908,lit,1
[131I-],3.9708319303359256,lit,3
Cc1cc(C)nc(NS(=O)(=O)c2ccc(-n3cnc4c(I)c(C)c(I)cc4c3=O)cc2)n1,2.6295347565725558,lit,1
CN(C)[C@@H]1C(O)=C(C(N)=O)C(=O)[C@@]2(O)C(O)=C3C(=O)c4c(O)cccc4[C@@](C)(O)[C@H]3C[C@@H]12,1.9665719015465162,lit,5
CN1[C@@H]2CC[C@H]1CC(OC(=O)C(CO)c1ccccc1)C2.CN1[C@@H]2CC[C@H]1CC(OC(=O)C(CO)c1ccccc1)C2.O=S(=O)(O)O,2.9861882153318153,lit,3
O=C([O-])C(Cl)Cl,1.4547407149162896,lit,2
CC(C)CCCCCCCC=CC(=O)O,1.392519044590609,lit,1
CCC1(CC)C(=O)NC(=O)NC1=O,2.1683678240260544,lit,1
CCCC[Sn](=O)CCCC,2.6971281700124328,lit,1
COc1ccc(N)cc1[N+](=O)[O-],1.863425071542153,lit,1
CCCCCCCCN=c1ccn(CCCCCCCCCCn2ccc(=NCCCCCCCC)cc2)cc1.Cl.Cl,2.8919846231762354,lit,1
O=C1[C@H]2CC=CC[C@H]2C(=O)N1SC(Cl)(Cl)Cl,1.5237377981725175,lit,1
Fc1ccc([C@@H]2CCNC[C@H]2COc2ccc3c(c2)OCO3)cc1,2.9448137561596304,lit,3
O=[N+]([O-])[O-].O=[N+]([O-])[O-].O=[N+]([O-])[O-].[Nd+3],2.0795127625436107,lit,1
O=c1ccc(=O)[nH][nH]1.OCCNCCO,1.9658419436231918,lit,2
II,4.258377271210074,lit,3
O=S(=O)([O-])[O-].[NH4+].[NH4+],1.5769695447334855,lit,3
C1CCNC1.NC(=S)S,2.0335471037399313,lit,2
C/C=C(\C)C(=O)O[C@H]1C[C@@H](OC(C)=O)[C@@]2(C(=O)OC)CO[C@H]3[C@@H](O)[C@@](C)([C@]45O[C@@]4(C)[C@H]4C[C@@H]5O[C@@H]5OC=C[C@@]54O)[C@H]4[C@]1(CO[C@]4(O)C(=O)OC)[C@@H]32,1.7438238241875292,lit,1
CCCC(C)(C)Oc1ccccc1,1.928871150385961,lit,1
O=[N+]([O-])[O-].O=[N+]([O-])[O-].O=[N+]([O-])[O-].[Ga+3],2.16475212113378,lit,2
CC[C@H]1OC(=O)[C@H](C)[C@@H](O[C@H]2C[C@@](C)(OC)[C@@H](O)[C@H](C)O2)[C@H](C)C(O[C@@H]2O[C@H](C)C[C@H](N(C)C)[C@H]2O)[C@](C)(O)C[C@@H](C)C(=O)[C@H](C)[C@H]2OC(=O)O[C@@]21C.N[C@H](CC(=O)O)C(=O)O,2.2475766157433363,lit,1
CC(=O)[O-].CCCC[Pb+](CCCC)CCCC,3.8073428972377696,lit,2
CCOC(=O)Nc1ccc(Cl)cc1,2.239543194627114,lit,2
CCC(C)C#CO,2.1168069159623437,lit,1
N#CC(CCc1ccc(Cl)cc1)(Cn1cncn1)c1ccccc1,2.5377867330069344,lit,3
CCN=C=NCCCN(C)C,1.9815026071409143,lit,1
N#Cc1c(C(=O)NNC(=S)Nc2ccccc2)nn(-c2ccccc2)c1-c1ccccc1,3.1484995097859465,lit,1
O=C([O-])c1cc(C(=O)[O-])cc(C(=O)[O-])c1.[Eu+3],1.8562224216381185,lit,1
CCOC(=O)[C@H](Cc1ccccc1)NC(=O)c1cc(Cl)c2c(c1O)C(=O)O[C@H](C)C2,4.292932367078769,lit,1
COc1c(N2C[C@@H]3CCCN[C@@H]3C2)c(F)cc2c(=O)c(C(=O)O)cn(C3CC3)c12,2.483044549076146,lit,2
C/C=C/C(=O)Oc1ccccc1[N+](=O)[O-].CCCCCCCC.O=NO,2.532968467542548,lit,4
O.O.O.O.O.O.O.O.O=P([O-])([O-])[O-].O=P([O-])([O-])[O-].[Co+2].[Co+2].[Co+2],2.9767122837310507,lit,1
CCN(CC)C(=O)N1CCN(C)CC1,2.7029058448536456,lit,1
CC(C)=C[C@@H]1C[C@H](C)[C@@H](COc2ccc3ccc(=O)oc3c2)[C@]1(C)CCC(=O)O,8.29939724024374,lit,1
CO/C=C(/C(=O)OC)c1ccccc1Oc1cc(Oc2ccccc2C#N)ncn1,1.9067594299813075,lit,2
NCP(=O)(O)O,1.420910604149735,lit,2
COc1ccc2nc3cc(Cl)ccc3c(Nc3cc(CN4CCCC4)c(O)c(CN4CCCC4)c3)c2n1,2.60683176977596,lit,1
C=CCC=CCC=CCCCCCCCc1cccc(O)c1,2.775930681249248,lit,1
[Na+].[O-][Cl+2]([O-])[O-],1.5499836111596887,lit,4
O=C(O)c1cc(O)c2c(c1)C(=O)c1cccc(O)c1C2=O,1.976537964434475,lit,1
CC(CC(=O)[O-])C(=O)[O-],1.9211668495871121,lit,2
CN(C)C1CSSSC1,2.6903182306290807,lit,1
Cl[Hg][Hg]Cl,3.351801826618961,lit,2
CCCCCCCCCCCCS,1.6072555236380879,lit,1
CC1(C)CC[C@]2(C)CC[C@]3(C)C(=CC[C@@H]4[C@@]5(C)CC[C@H](O)C(C)(C)[C@@H]5CC[C@]43C)[C@@H]2C1,1.5414495671301165,lit,2
N#C[Fe-4](C#N)(C#N)(C#N)(C#N)C#N,2.122119585331236,lit,1
N#C[S-],2.0786687114335374,lit,2
CC1(C)C2(Cl)C(Cl)C(Cl)C(Cl)(C(Cl)Cl)C1(Cl)C2Cl,3.3157751838022627,lit,1
Cc1noc(NS(=O)(=O)c2ccc(-n3cnc4c(I)c(C)c(I)cc4c3=O)cc2)c1C,2.641181071582704,lit,1
CCCCCCCCO,1.5126543840443023,lit,2
O=C1CCCCCCCCCCCCCCCO1,1.7065710018363234,lit,1
C/C1=C/CC(C)(C)/C=C/C/C(C)=C/CC1,2.164261482852398,lit,1
COC(=O)[C@H](C)N(C(=O)Cc1ccccc1)c1c(C)cccc1C,2.6799193129479146,lit,1
O=C([O-])CF.[Na+],4.602164209497939,lit,20
C=C(C)[C@@H]1CCC(C)=C[C@H]1c1c(O)cc(CCCCC)cc1O,1.1967650998532593,lit,4
CC(=O)[O-].CC(=O)[O-].CCCC[Pb+2]CCCC,4.051914035049988,lit,3
C=CC(=O)OCC(C)OCC(C)OCC(C)OC(=O)C=C,1.6451201695360491,lit,1
CNCC[C@H](Oc1ccc(C(F)(F)F)cc1)c1ccccc1,2.8362479712652773,lit,2
Br[Al](Br)Br,2.222436470197456,lit,1
C1=NOc2ccccc2-c2ccccc21,1.4154652696806305,lit,1
COC(=O)N(C(=O)N1CO[C@@]2(C(=O)OC)Cc3cc(Cl)ccc3C2=N1)c1ccc(OC(F)(F)F)cc1,3.294366681394947,lit,5
Cl/C=C\CCl,2.373111641702341,lit,3
NO.O=S(=O)(O)O,2.381236002656608,lit,1
c1ccc(NCNc2ccccc2)cc1,2.7569253413741563,lit,1
CCCCCCC=CCCCCCCCC(=O)NCCO,2.394280906480327,lit,5
[3H]c1cc([3H])c(=O)n2c1[C@H]1CNC[C@H](C1)C2,3.849055382149703,lit,1
Cc1ccc2c(c1)c1c3n2CCNC3CCC1,1.9939460013572492,lit,1
COCC(C)OCC(C)OC(C)CO,1.7703932890919503,lit,1
Nc1cc([N+](=O)[O-])cc([N+](=O)[O-])c1O.[Na],3.30517933756404,lit,1
OC[C@H]1O[C@@H](c2ccc(Cl)c(Cc3ccc(O[C@H]4CCOC4)cc3)c2)[C@H](O)[C@@H](O)[C@@H]1O,2.176973427934157,lit,1
[Cu+2].[O-]c1cccc2cccnc12.[O-]c1cccc2cccnc12,1.87426216605494,lit,1
CC12CCC(CC1=O)C2(C)C,1.6379024673468865,lit,8
Cl[Cu]Cl,2.9824392311451478,lit,4
Cl[As](Cl)Cl,3.1184732018224324,lit,1
O=c1cc[nH]c(=S)[nH]1,1.9572239459375287,lit,2
COc1cc(O)c2c(c1)OC(C)(C)CC2,2.3643570985280045,lit,1
O=C(O)c1cc(C(=O)O)c2c(n1)C(=O)C(=O)c1cc(C(=O)O)[nH]c1-2.[Na].[Na].[Na],2.5755903366674793,lit,2
[Be+2].[Cl-].[Cl-],2.968146155608089,lit,2
O=Cc1cc([N+](=O)[O-])sn1,2.1308503801488836,lit,1
N=C(N)N1CCc2ccccc2C1.N=C(N)N1CCc2ccccc2C1.O=S(=O)([O-])[O-].[H+].[H+],3.707327220641808,lit,1
C[C@H]1C(=O)O[C@@H]2CCN3CC=C(COC(=O)[C@](C)(O)[C@]1(C)O)[C@H]23,3.635191326351123,lit,12
CCN(CC)[N+](=O)[O-],2.0734693575130936,lit,1
CCc1c(-c2ccccc2)c(=O)nc(C=Cc2ccc(OC)c(OC)c2)n1-c1ccc(CNS(N)(=O)=O)cc1,2.041041196426468,lit,1
CC1(C)Cc2c(-c3ccccc3)c(-c3ccc(Cl)cc3)c(CC(=O)O)n2C1,2.4114045137915197,lit,1
C=C1C(=O)NC(C)C(=O)NC(CC(C)C)C(=O)NC(C(=O)O)C(C)C(=O)NC(CCCN=C(N)N)C(=O)NC(C=CC(C)=CC(C)C(Cc2ccccc2)OC)C(C)C(=O)NC(C(=O)O)CCC(=O)N1C,6.997905567039566,lit,1
O=C(/C=C/c1ccc(O)cc1)c1ccc(O)cc1O,1.8523732367886265,lit,1
COc1ccc(NC(=O)CN2C(=O)S/C(=C\c3cc4cc(OC)ccc4[nH]c3=O)C2=O)cc1,2.5473336254174157,lit,1
N[C@@H](CCC(=O)N[C@@H](CS)C(=O)NCC(=O)O)C(=O)O,2.037611827111775,lit,1
N[C@@H](Cc1ccc(O)cc1)C(=O)O,1.4081647095582492,lit,1
C=C1/C(=C\C=C2/CCC[C@]3(C)[C@@H]([C@H](C)/C=C/[C@H](C)C(C)C)CC[C@@H]23)C[C@@H](O)C[C@@H]1O,4.916620264646913,lit,1
ClCCCCCl,1.5698254872434947,lit,1
CCCC(=O)OCCS(=O)(=O)[O-].[Na+],1.7053982326116266,lit,1
N#CC(C#N)=C(Cl)c1ccccc1,1.5047288213692829,lit,1
Cc1nc(NN=C2CCc3cc(Br)ccc32)sc1N=Nc1cccc(Cl)c1,2.5221334742052486,lit,2
CCCCCCCCCc1ccccc1O,2.1743328599522935,lit,2
CN(C)c1ccc(C2CC(c3ccc(F)cc3)=NN2C=O)cc1,2.484624328415489,lit,1
O=C([O-])c1ccc2ccccc2c1.O=C([O-])c1ccc2ccccc2c1.[Pb+2],2.0410372078670282,lit,1
COc1ccc2cc(CC(=O)O)ccc2c1,2.697638451373968,lit,1
Cc1c([N+](=O)[O-])cc(C(C)(C)C)c(O)c1[N+](=O)[O-],3.886733356385461,lit,1
CC(C)C[C@H](N)C(=O)O,1.4188810685343576,lit,1
CN(C)CCOc1ccc(/C(=C(/CCCl)c2ccccc2)c2ccccc2)cc1.O=C(O)CC(O)(CC(=O)O)C(=O)O,2.299646738665374,lit,1
Cc1ccc(S(=O)(=O)O)cc1.O,2.3250136678991824,lit,1
CC[C@H]1CCC[C@H](O[C@H]2CC[C@H](N(C)C)[C@@H](C)O2)[C@@H](C)C(=O)C2=C[C@@H]3[C@@H](C=C(C)[C@@H]4C[C@@H](O[C@@H]5O[C@@H](C)[C@H](OC)[C@@H](OC)[C@H]5OC)C[C@@H]34)[C@@H]2CC(=O)O1.CC[C@H]1CCC[C@H](O[C@H]2CC[C@H](N(C)C)[C@@H](C)O2)[C@@H](C)C(=O)C2=C[C@@H]3[C@@H](C=C[C@@H]4C[C@@H](O[C@@H]5O[C@@H](C)[C@H](OC)[C@@H](OC)[C@H]5OC)C[C@@H]34)[C@@H]2CC(=O)O1,2.5970242648258943,lit,15
CCCCCCOCC(COCCCCCC)O[N+](=O)[O-],1.7859203586307912,lit,1
CCCCSP(=S)(OC)OC,4.105912207211468,lit,8
O=[N+]([O-])c1ccc(Oc2ccc([N+](=O)[O-])cc2-c2ccc(Cl)cc2Cl)c(-c2ccc(Cl)cc2Cl)c1,2.303868544079642,lit,10
CC#C[C@]1(O)CC[C@H]2[C@@H]3CCC4=CC(=O)CCC4=C3[C@@H](c3ccc(NC)cc3)C[C@@]21C,2.1415302489164603,lit,1
CN(C)CCC=C1c2ccccc2OCc2c1oc1ccccc21,2.827646741022463,lit,1
Cc1ccccc1N=C(N)Nc1ccccc1C,2.6800126192228184,lit,2
O=P([O-])([O-])[O-].[K+].[K+].[K+],1.4756179952957762,lit,2
NC(=O)CCC(N)=O,1.5550327421549173,lit,1
O=C(Oc1cccc(B(O)O)c1)c1c(Cl)cccc1Cl,2.752456494585333,lit,1
NCCc1ccc(Cl)cc1,2.5900277449729767,lit,1
O=[As]([O-])([O-])[O-],3.1427585221537235,lit,5
CCCCCCCCCCCCCCCCCCOC(=O)CCc1cc(C(C)(C)C)c(O)c(C(C)(C)C)c1,1.984632038716434,lit,1
COc1ccc(CCNC(=O)C(C)c2ccc(-c3ccccc3)c(F)c2)cc1,2.5577534945491798,lit,1
COc1ccc(CCN2CC(=O)NC(=O)C2)cc1OC,2.444525690365374,lit,1
O=[Zn],2.5303544707683017,lit,1
COC(=O)C(c1ccccc1)C1CCCC[NH2+]1.[Cl-],2.88692882731424,lit,1
O=[N+]([O-])c1cc([As](=O)(O)O)ccc1O,3.2296851444853023,lit,2
COP(=O)(OC)C(OC(=O)COc1ccc(Cl)cc1Cl)c1ccco1,2.157046187063887,lit,1
CCC(N)=O,1.1649176661009568,lit,1
COc1cccc(OC)c1C(=O)N[C@@H]1C(=O)N2[C@@H]1SC(C)(C)[C@@H]2C(=O)O,1.9677010888657254,lit,1
CC1=C(/C=C/C(C)=C/C=C/C(C)=C/C(=O)O)C(C)(C)CCC1,2.1767306486908966,lit,1
C/C=C\c1cc(OC)c(OC)cc1OC,2.314278234184687,lit,9
CNCC[C@@H](Oc1ccc(C(F)(F)F)cc1)c1ccccc1.Cl,2.883676506711701,lit,1
CC(C)=CCC/C(C)=C/CO,1.6319311184260052,lit,13
N#C/N=C1\SCCN1Cc1ccc(Cl)nc1,2.5964768233817765,lit,3
CC(=O)[O-].CC(=O)[O-].[Co+2],2.546456804713421,lit,1
COc1cc(-c2ccc(N=Nc3c(S(=O)(=O)[O-])cc4cc(S(=O)(=O)[O-])cc(N)c4c3O)c(OC)c2)ccc1N=Nc1c(S(=O)(=O)[O-])cc2cc(S(=O)(=O)[O-])cc(N)c2c1O.[Na+].[Na+].[Na+].[Na+],2.297900512948118,lit,1
CC1(C)[C@@H]2CC[C@@]1(C)[C@H](OC(=O)CSC#N)C2,2.4037500491773134,lit,1
CN(C)C1S[Fe]23(SC(=S->2)N(C)C)(SC(=S->3)N(C)C)<-S=1,2.163781396176722,lit,2
C=CC=CCC1=C(C)[C@@H](OC(=O)[C@@H]2[C@@H](C=C(C)C)C2(C)C)CC1=O,2.7736111974638833,lit,6
C[C@]12CC[C@H]3[C@@H](CCC4=CC(=O)CC[C@@]43C)[C@@H]1CC[C@@H]2O,2.159011940013846,lit,1
COP(=S)(NC(C)C)Oc1ccccc1C(=O)OC(C)C,4.125528074073838,lit,8
Oc1ccc2ccccc2n1,2.0826687053036137,lit,1
O.O=C1OC2(c3ccccc31)c1cc(I)c(O)c(I)c1Oc1c2cc(I)c(O)c1I,2.0805417833192177,lit,2
Cc1ccc2c(c1)C(=O)c1ccccc1C2=O,5.022545635562784,lit,1
CCCCCCCCCCCCCCN(CC)C(C)(CO)CO.Cl,2.537940420620222,lit,2
[CH2]C,1.4230122549758306,lit,2
CC1=C[C@H]2O[C@@H]3[C@H](O)C[C@](C)([C@@]2(CO)[C@H](O)C1=O)[C@]31CO1,3.626661459358484,lit,1
CNC(=O)/C=C(\C)OP(=O)(OC)OC,4.202498047513954,lit,1
Cn1cnc([N+](=O)[O-])c1Sc1ncnc2nc[nH]c12,3.4984186439421823,lit,5
O=Cc1ccc2ccccc2c1C=O,3.4523621225875103,lit,1
Nc1ncnc2c1ncn2[C@@H]1O[C@H](CO[C@H]2[C@H](O)[C@@H](O)[C@@H](O[C@@H](C(=O)O)[C@H](O)[C@H](OP(=O)(O)O)[C@H](O)C(=O)O)O[C@@H]2CO)[C@@H](O)[C@H]1O,3.6155713247938626,lit,1
C[N+]1(C)CCC(OC(=O)C(O)(c2ccccc2)C2CCCC2)C1,2.395813554123327,lit,1
[Cl-].[Cl-].[Mg+2],1.531529095228455,lit,2
OC[C@H]1O[C@@H](Oc2ccc(O)cc2)[C@H](O)[C@@H](O)[C@@H]1O,1.49470528256956,lit,1
O=S(=O)(O)C(F)(F)C(F)(F)C(F)(F)C(F)(F)C(F)(F)C(F)(F)C(F)(F)C(F)(F)F,3.2994057112770183,lit,1
C/C=C/C(=O)C1=C(C)CC(C)(C)CC1,1.4846432516046955,lit,2
CC(O)CO.CCC(C)O.CCCCOCCO,1.467358193034653,lit,2
COc1cc(/C=C/C(=O)CC(=O)/C=C/c2ccc(O)c(OC)c2)ccc1O,2.265271942500747,lit,3
CNC(=O)O/N=C/C1(C)SCC(C)S1,5.316779101559695,lit,1
Cl[Pt]Cl,2.9839464308038095,lit,1
CN[C@@H](C)C(=O)N[C@H](C(=O)N1CCC[C@H]1C(=O)N[C@H]1c2ccccc2C[C@H]1OCC#CC#CCO[C@@H]1Cc2ccccc2[C@@H]1NC(=O)[C@@H]1CCCN1C(=O)[C@@H](NC(=O)[C@H](C)NC)C1CCCCC1)C1CCCCC1,2.6156635565587756,lit,1
CC1=CC(=O)C=C[C@]2(C)[C@H]3C(=O)C=C(C)[C@@]4(Cc5c(c(C)c(C)oc5=O)O4)[C@]3(C)CC[C@@H]12,2.5393780386539078,lit,1
Sc1ncnc2nc[nH]c12,2.600299924457346,lit,1
CC(=O)[O-],0.8361726201100224,lit,1
Cc1cc(=O)oc2cc(OCc3ccc(C(=O)NCCNC(=O)NCc4cccs4)cc3)ccc12,1.9926144826663448,lit,2
CCN1C(=O)CC(c2cc3ccccc3[nH]2)C1=O,2.969340631943061,lit,1
CCCCCCCC/C=C\CCCCCCCC(=O)OC(=O)CNC.[Na],1.7976564077262722,lit,1
Cl[Bi](Cl)Cl,1.9758120905663121,lit,1
O=C(Nc1ncc([N+](=O)[O-])s1)c1ccccc1,2.3174556633377166,lit,1
O=C(O)CCCC[C@@H]1CCSS1,2.193992656659161,lit,12
COc1ccc2c(c1)C(c1ccc(OC)c(OC)c1OC)C(=O)O2,2.2008925706977367,lit,1
NNc1ccc([N+](=O)[O-])cc1[N+](=O)[O-],1.6966793115436303,lit,8
CON=C(C(=O)N[C@@H]1C(=O)N2C(C(=O)[O-])=C(CSc3nc(C)c(CC(=O)[O-])s3)CS[C@H]12)c1csc(N)n1.[Na+].[Na+],1.4973768517105452,lit,1
[C-]#N.[Na+],3.835631998974582,lit,8
CC(=O)O[Sn](c1ccccc1)(c1ccccc1)c1ccccc1,3.2916545296425723,lit,1
O=S(=O)([O-])C(F)(F)C(F)(F)C(F)(F)C(F)(F)C(F)(F)C(F)(F)C(F)(F)C(F)(F)F,3.298529510897031,lit,6
ClC(Cl)=C(Cl)Cl.ClC(Cl)=C(Cl)Cl,1.9898986496181401,lit,2
[O-2].[O-2].[O-2].[O-2].[O-2].[V+5].[V+5],3.325293657653813,lit,1
CC(CN)CCCN,1.837349322203646,lit,1
C#CCN(C)[C@H](C)Cc1ccccc1,2.7910626857122725,lit,4
CC(=O)O[C@@H]1[C@@H](O)[C@H]2O[C@@H]3C=C(C)C(=O)[C@@H](O)[C@]3(CO)[C@]1(C)[C@@]21CO1,4.905985888612165,lit,6
C[C@@H]1CCC[C@H](C)N1CCCC(O)(c1ccccc1)c1ccccn1.Cl.O,3.038178655364546,lit,1
CC(=O)[O-].CC[Sn+](CC)CC,4.821089179864433,lit,1
[K+].[O-][Br+2]([O-])[O-],2.716208838169165,lit,8
CC(Cc1ccc(O)cc1)NCC(O)c1cc(O)cc(O)c1,2.042622758589883,lit,1
Cc1c(C(=O)NCCO)[n+](=O)c2ccccc2n1[O-],2.201050820634852,lit,3
CCN(CC)C(=S)OCc1ccc(Cl)cc1,2.297315975420225,lit,1
CCc1cc(Cl)ccc1OC(N)=O,2.239543194627114,lit,1
O[B-]1(O)OO[B-](O)(O)OO1.[Na+].[Na+],1.978002161018285,lit,1
O=C(O)CCCCC(=O)O,1.8549571166492034,lit,6
O=[Si]([O-])[O-].[Na+].[Na+],1.979374069964471,lit,9
NNC(=O)CC1C(=O)c2ccccc2C1=O,2.2665037204415115,lit,1
N#C[Fe-4](C#N)(C#N)(C#N)(C#N)C#N.[Na+].[Na+].[Na+].[Na+],2.1025380358856505,lit,1
CCC(=O)O[C@H]1[C@H](O[C@@H]2[C@@H](C)[C@H](O[C@H]3C[C@@](C)(OC)[C@@H](O)[C@H](C)O3)[C@@H](C)C(=O)O[C@H](CC)[C@@](C)(O)[C@H](O)[C@@H](C)C(=O)[C@H](C)C[C@@]2(C)O)O[C@H](C)C[C@@H]1N(C)C.CCCCCCCCCCCCOS(=O)(=O)O,2.955879867149588,lit,2
O=c1ccoc2ccccc12,2.479042223003234,lit,1
CCc1cc([N+](=O)[O-])ccc1Sc1ccccc1.O=[PH](O)O,4.436605799720862,lit,4
O=C(O)/C=C\C(=O)O.c1ccc2nc(N3CCNCC3)ccc2c1,2.9711229160745836,lit,1
CN(C(=O)[O-])c1cccc2c1OC(C)(C)C2,4.365188368127098,lit,4
CN(C)CCC[N+](C)(C)[O-],2.914628357287453,lit,2
Cc1c2oc3c(C)ccc(C(=O)N[C@@H]4C(=O)N[C@H](C(C)C)C(=O)N5CCC[C@H]5C(=O)N(C)CC(=O)N(C)[C@@H](C(C)C)C(=O)O[C@@H]4C)c3nc-2c(C(=O)N[C@@H]2C(=O)N[C@H](C(C)C)C(=O)N3CCC[C@H]3C(=O)N(C)CC(=O)N(C)[C@@H](C(C)C)C(=O)O[C@@H]2C)c(N)c1=O,5.241462773447026,lit,4
C=CC(C)(C)O,1.6285709399508943,lit,4
CN(C)c1ccc(N=Nc2ccc(S(=O)(=O)[O-])cc2)cc1.[Na+],3.7368491544312086,lit,3
N[C@@H](CS)C(=O)O,1.8069010449435798,lit,5
Nc1nc2ncc(CNc3ccc(C(=O)O)cc3)nc2c(=O)[nH]1,2.3249322084997766,lit,3
O=C1c2ccccc2CN2C(=O)c3ccccc3CN12,1.422070871334332,lit,1
O=P([O-])([O-])[O-].[Al+3].[Na+],1.4145600507518088,lit,1
O=C([O-])CCCCCCCNC(=O)c1ccccc1O.[Na+],1.2237525710346264,lit,1
CC(C)CCC(C)C,0.7056052624769693,lit,1
O=[NH+]C=C1C=CN(COCN2C=CC(=C[NH+]=O)C=C2)C=C1,2.4184625018864767,lit,1
[O-2].[Zn+2],1.211595708143889,lit,3
O=[Se]([O-])[O-].[Se+2],4.216782189372105,lit,1
[Cl-].[Na+],1.2896112463483003,lit,17
COc1cc(/C=C/C(=O)O)ccc1OCc1cn(CC(=O)Nc2ccc(Cl)cc2)nn1,2.240748368074745,lit,1
[Al],1.8400095309250863,lit,4
CCc1c([SH]=P([O-])([O-])[O-])ccc([N+](=O)[O-])c1CC,4.9856614475056436,lit,1
CC.CC.CC.CC.CC,1.168503260674619,lit,1
Cc1cnc(Nc2ccc(OCCN3CCCC3)cc2)nc1Nc1cccc(S(=O)(=O)NC(C)(C)C)c1,2.288539850670457,lit,1
O=[Ti]=O,0.8231752499488723,lit,9
C=CCSC[C@H](N)C(=O)O,1.199064615674639,lit,2
O=S([O-])S(=O)[O-],1.7097108174744493,lit,1
CC1(C)[C@@](C#N)(C=C(Cl)Cl)[C@]1(Cc1cccc(Oc2ccccc2)c1)C(=O)[O-],3.1064743871637672,lit,1
CCCCCCCCCOC(=O)c1ccccc1C(=O)OCCCCCCCCC,1.667575389032061,lit,1
O=C(Nc1ccc(-c2nn[nH]n2)cc1)c1ccc(-c2nn[nH]n2)cc1,1.5228548584269381,lit,1
CCCC([O-])Cc1ccc2c(c1)OCO2,1.376103505804374,lit,6
CC[C@H](C)[C@H](NC(=O)[C@H](C)NC(=O)[C@@H](N)CCC(N)=O)C(=O)O,2.916960330113637,lit,1
CC(C)CC1NC(=O)C2CCCN2C1=O,2.3685492629172407,lit,1
CN(C)CCCN1c2ccccc2CCc2ccccc21.Cl,2.705009329885751,lit,1
CCCCCCC(O)CC=CCCCCCCCC(=O)OCCN(CCOC(=O)CCCCCCCC=CCC(O)CCCCCC)CCOC(=O)CCCCCCCC=CCC(O)CCCCCC,5.416091051942552,lit,1
Cc1ccccc1N(C(C)C)C(C)C,2.737687787845972,lit,1
CC(=O)O[C@H]1[C@H]2O[C@H]2C2=CC(=O)[C@]3(C[C@]2(C)[C@H]1C)O[C@]3(C)C=O,3.444914686615618,lit,3
CCCCCCCCCC(=O)[O-].[Na+],1.720159303405957,lit,1
O=c1c(O)c(-c2ccc(O)c(O)c2)oc2cc(O[C@@H]3O[C@H](CO)[C@@H](O)[C@H](O)[C@H]3O[C@@H]3O[C@H](CO)[C@@H](O)[C@H](O)[C@H]3O)cc(O)c12,2.3561832387791553,lit,1
CN(C)C(=S)[S-].CN(C)C(=S)[S-].[Zn+2],2.3393577292161636,lit,6
Nc1ncnc2c1ncn2C[C@@H](O)[C@@H](O)C(=O)O,1.7313967163275361,lit,1
OC[C@H]1O[C@@H](O)[C@@H](O)[C@@H](O)C1O[C@@H]1O[C@H](CO)[C@@H](O[C@@H]2O[C@H](CO)[C@@H](O[C@@H]3O[C@H](CO)[C@@H](O)[C@H](O)[C@@H]3O)[C@H](O)[C@H]2O)[C@H](O)[C@@H]1O,2.3766935961224362,lit,1
OCC[N+](CCO)(CCO)Cc1ccccc1.[Cl-],3.1975184193859603,lit,1
COC(=O)[C@@]12Oc3ccc(-c4ccc5c(c4O)C(O)=C4C(=O)C[C@H](C)[C@@H](O)[C@]4(C(=O)OC)O5)c(O)c3C(O)=C1C(=O)C[C@H](C)[C@H]2O,4.410776394456677,lit,2
NC(=O)c1cnccn1,2.1167213459976657,lit,1
CC1(C)[C@@H](O[C@H]2O[C@H](C(=O)O)[C@@H](O)[C@H](O)[C@H]2O[C@@H]2O[C@H](C(=O)O)[C@@H](O)[C@H](O)[C@H]2O)CC[C@]2(C)[C@H]3C(=O)C=C4[C@@H]5C[C@@](C)(C(=O)O)CC[C@]5(C)CC[C@@]4(C)[C@]3(C)CC[C@@H]12,2.216399223382231,lit,1
NC1CCCc2nc3ccccc3cc21,3.2878039203663363,lit,1
C[NH2+]C(C)(C)C(=O)[O-],1.7677048828739665,lit,1
C[C@H]1CCC/C=C/[C@@H]2C[C@H](O)C[C@H]2[C@H](O)/C=C/C(=O)O1,3.008389553677332,lit,1
Cl,1.9201870093267333,lit,2
Cn1c(-c2ccccc2)c(O)c(=O)c2ccccc21,2.6887811858504405,lit,1
Clc1ccc(C(Cn2ccnc2)OCc2csc3c(Cl)cccc23)c(Cl)c1,1.7381649378898976,lit,1
O=c1c(O[C@@H]2O[C@H](CO)[C@@H](O)[C@H](O)[C@H]2O)c(-c2ccc(O)c(O)c2)oc2cc(O)cc(O)c12,2.437402641037971,lit,2
CC1=C2C(=CO[C@@H](C)[C@@H]2C)C(O)=C(C(=O)O)C1=O,3.699404081815337,lit,3
COP(=S)(OC)OCC=[SH](=O)C(C)C,3.384211538519601,lit,2
[F-].[Na+],2.74231159624974,lit,23
c1ccc2c(c1)Oc1ccccc1[As]2O[As]1c2ccccc2Oc2ccccc21,4.09884525398054,lit,1
[Y],1.9150702592544682,lit,2
F[Co]F,2.8103624731624652,lit,1
CCNP(=S)(OC)O/C(C)=C/C(=O)OC(C)C,3.3736443846064814,lit,1
CN(C)C(=O)Oc1cccc([N+](C)(C)C)c1.[Br-],3.6886764528703155,lit,2
COc1cc(O)cc2c1C(=O)C(O)(Cc1ccc(O)cc1)O2,2.0410795931642327,lit,1
CC(=Nc1ccc(N=Cc2ccc(C=Nc3ccc(N=C(C)N(C)C)cc3)cc2)cc1)N(C)C,2.3544732182728647,lit,3
O=c1ccn(O)c(-c2c(O)c(=O)ccn2O)c1O,2.416287610613794,lit,1
C[Hg]N=C(N)NC#N,3.697082518269333,lit,1
CCCCC(O)Cn1ncc(C(=O)OCC)c1NC(=S)NC(=O)c1cccc(F)c1,2.250827118110143,lit,1
CC(=O)OC[C@]12CCC(C)=C[C@H]1O[C@@H]1[C@H](OC(C)=O)C[C@@H](OC(C)=O)[C@@]2(C)[C@@]12CO2,5.264072150631481,lit,1
O=[PH]([O-])[O-],0.30091597839706097,lit,1
N=C(N)N.O=[N+]([O-])O,2.157179722850988,lit,2
CCCCCCCCCC(=O)O,1.6680028875997608,lit,5
N#Cc1c(-c2nnc(NN)n2-c2ccccc2)nn(-c2ccccc2)c1-c1ccccc1,3.610468414447261,lit,1
N->[Ag+]<-N.[F-],2.490628270306034,lit,1
CC(CO)CC(C)c1ccccc1,1.6947879443525933,lit,3
CC(C1=C(CCN(C)C)Cc2ccccc21)c1ccccn1.O=C(O)/C=C\C(=O)O,2.820032834175076,lit,1
O=C1c2ccccc2C(=O)c2ccccc21,1.6195440947324595,lit,1
Cl.O=C(O)CCP(CCC(=O)O)CCC(=O)O,-1.0867191283878244,lit,1
[Na+].[O-]c1c(Cl)c(Cl)c(Cl)c(Cl)c1Cl,3.0531663461618175,lit,6
COc1cc2c(cc1O)N=CC1CCC(O)N1C2=O,3.3468583293342347,lit,1
O=C([O-])CS.[Na+],2.3548589142179024,lit,1
[NH-]Cc1ccccc1O,1.785852809256237,lit,1
CC1=CC(=O)C(C(C)C)=CC1=O,2.315399169751502,lit,39
CC(=O)OC[C@]12C[C@H](OC(=O)CC(C)C)C(C)=C[C@H]1O[C@@H]1[C@H](O)[C@@H](OC(C)=O)[C@@]2(C)[C@]12CO2,5.046120449463093,lit,36
O=C(O)/C=C\C(=O)O.O=C1Cc2cc3c(CCC4CCN(Cc5ccccc5)CC4)noc3cc2N1,4.068313108885046,lit,1
O=C(CN1C(=O)SC(=Cc2ccc(Cl)cc2Cl)C1=O)Nc1ccc(C(=O)Nc2cccc(Cl)c2)cc1,2.477931987386346,lit,1
CC[C@@H](C(N)=O)N1CCCC1=O,1.987952126040366,lit,1
N#Cc1ccc(C(c2ccc(C#N)cc2)n2cncn2)cc1,3.0528664549182563,lit,1
C[C@]12CC[C@@H]3c4ccc(O)cc4CC[C@H]3[C@@H]1CC[C@@H]2O,1.657036720520182,lit,1
Cc1c2c(nn1C)CCCC2N,1.950943457901535,lit,1
O=[N+]([O-])[O-].O=[N+]([O-])[O-].O=[N+]([O-])[O-].[Al+3],1.69692360060588,lit,1
O=c1[nH]c(=O)c2ccccc2[nH]1,2.2754131450320254,lit,1
O=c1cc(O)c1=O,3.3723852714857823,lit,24
CC(C)=CCC[C@](C)(O)[C@H]1CC[C@]2(C)[C@@H]1[C@H](O)C[C@@H]1[C@@]3(C)CC[C@H](O[C@@H]4O[C@H](CO)[C@@H](O)[C@H](O)[C@H]4O[C@@H]4O[C@H](CO)[C@@H](O)[C@H](O)[C@H]4O)C(C)(C)[C@@H]3CC[C@]12C,2.99179350056753,lit,3
COc1ccc(-c2c3n(c4c(=O)oc5cc(O)c(OC)cc5c24)CCc2c-3cc(OC)c(OC)c2OC)cc1O,0.16384207548249252,lit,1
O=P([O-])([O-])OP(=O)([O-])[O-].[K+].[K+].[K+].[K+],2.0192648789083587,lit,5
O=C([O-])CCl.[Na+],2.5503737897515633,lit,2
[O-]Cl,1.7819833352516428,lit,1
S=C([S-])NCCNC(=S)[S-].[Zn+2],1.7101591013673993,lit,5
CC(O)Oc1ccccc1,2.0400306395338452,lit,1
O=C1NC(=S)SC1=Cc1ccc(OS(=O)(=O)c2ccc3ccccc3c2)cc1,2.542120000424393,lit,1
[Br-].c1cc[n+]2c(c1)-c1cccc[n+]1CC2,2.6814813489961358,lit,1
CCCCCCCCCCCC(=O)O[Sn](CCCCCCCC)(CCCCCCCC)OC(=O)CCCCCCCCCCC,2.06188886880204,lit,1
C[C@H]1CCCC(=O)CCC/C=C/c2cc(O)cc(O)c2C(=O)O1,1.461538088152448,lit,10
O=S(=O)([O-])[O-].[K+].[K+],1.4216512819277476,lit,2
O=N[O-].[Na+],2.5835451138790235,lit,8
CS(=O)(=O)OCCCCOS(C)(=O)=O,4.245346955678336,lit,1
CCCCCCCCCCCCOS(=O)(=O)c1ccccc1.[Na],2.443066693918016,lit,2
C=C1C[C@@]23CC[C@H]4[C@@](C)(CCC[C@@]4(C)C(=O)O[C@@H]4O[C@H](CO)[C@@H](O)[C@H](O)[C@H]4O)[C@@H]2CC[C@]1(O[C@@H]1O[C@H](CO)[C@@H](O)[C@H](O)[C@H]1O[C@@H]1O[C@H](CO)[C@@H](O)[C@H](O)[C@H]1O)C3,1.9919172836082675,lit,3
CC1CCN(CCCC(=O)c2ccc(F)cc2)CC1,2.9020292773939595,lit,2
CCCC[N+]1(C)CCCC1.[Cl-],2.5093711713670515,lit,1
CN1C(C)(C)CCCC1(C)C,2.519031648457016,lit,1
CC(C)(O/N=C/c1ccc(Cl)cc1)C(=O)O,2.5381318902283025,lit,1
NCC(=O)O.NCC(=O)O.[Fe+2].[Fe+2],1.9708514221400417,lit,1
CN1CCCC1CCOC(=O)C(C)(c1ccccc1)c1ccccc1,3.4351548566377703,lit,1
Cc1sc2ccccc2c1CC1=NCCN1,2.3209691354785735,lit,1
O=S(=O)(O)CC(S)CS,3.7129129673969565,lit,2
O=S(=O)([O-])[O-].[Cd+2],2.8718959511664988,lit,2
CCCCCCCCCCOS(=O)(=O)[O-].[Na+],2.12549127525351,lit,1
CC[C@@H](C(=O)O)[C@@H]1O[C@@H]([C@@H](C)[C@H](O)[C@H](C)C(=O)[C@H](CC)[C@H]2O[C@]3(C=C[C@@H](O)[C@]4(CC[C@@](C)([C@H]5CC[C@](O)(CC)[C@H](C)O5)O4)O3)[C@H](C)C[C@@H]2C)[C@@H](C)C[C@@H]1C,4.559400552117941,lit,1
CCOC(=O)OCC,1.3821714766955862,lit,1
CCOC(=O)/C=C\C(=O)OCC,1.7588614487621772,lit,1
Cc1ccc(O)cc1.Cc1cccc(O)c1,2.0318203034830984,lit,5
Cc1ccc(S(=O)(=O)[O-])cc1,3.1418327516731375,lit,2
O=C([O-])C1=NN(c2ccc(S(=O)(=O)[O-])cc2)C(=O)C1/N=N/c1ccc(S(=O)(=O)[O-])cc1.[Na+].[Na+].[Na+],1.795745363874594,lit,4
CCC(=O)O.N#CC#N,3.178560466785167,lit,5
O.O.O.O.O.O=S(=O)([O-])[O-].O=[V+2],2.7519815278219366,lit,3
N#Cc1c(-c2nnc(S)o2)nn(-c2ccccc2)c1-c1ccccc1,3.0290227984191658,lit,1
O=[AsH]1c2ccccc2Oc2ccccc21,3.8131204323277927,lit,2
CC(=O)OC[C@]12CCC(C)=C[C@H]1O[C@@H]1[C@H](O)C[C@@H](OC(C)=O)[C@@]2(C)[C@@]12CO2,4.716959888193296,lit,3
C[n+]1ccccc1C=NO.[I-],2.74283007225013,lit,1
COc1ccc2c(c1)[C@]13CCCC[C@@H]1[C@H](C2)N(C)CC3,3.118463340129308,lit,2
CCC[14C](=O)[O-],1.3477701472546624,lit,2
[Mn],1.8514525447034722,lit,14
O=[N+]([O-])[O-].O=[N+]([O-])[O-].[Co+2],2.4228330013405794,lit,3
C=CCC1(C(C)CCC)C(=O)NC(=O)NC1=O,3.3278823269265096,lit,1
Cl.ClCCN(CCCl)CCCl,4.681728224856785,lit,6
CC(C)C[C@H](NC(=O)CNC(=O)[C@H](Cc1ccc(O)cc1)NC(=O)[C@H](CO)NC(=O)[C@H](Cc1c[nH]c2ccccc12)NC(=O)C(Cc1cnc[nH]1)NC(=O)C(N)CCC(=O)O)C(=O)N[C@H](CCCN=C(N)N)C(=O)N1CCC[C@@H]1C(=O)NCC(N)=O,4.778269217694726,lit,1
O=P([O-])([O-])O.[Na+].[Na+],1.0405613472048376,lit,1
NC(=O)CN1CCCC1=O,1.4045832778088148,lit,1
CO[C@@]12[C-](COC(N)=O)C3=C(C(=O)C(C)=C(N)C3=O)N1C[C@@H]1N[C@@H]12,2.427000131386055,lit,1
CC[C@@H]1NC(=O)[C@@H]2C(Cl)C(Cl)CN2C(=O)[C@H](CO)NC(=O)C[C@H](c2ccccc2)N[C@@H](CO)C(=O)NC1=O,5.058764520722857,lit,1
CN(C)c1ccc(C(=C2C=CC(=[N+](C)C)C=C2)c2ccc(N(C)C)cc2)cc1.[Cl-],2.797735097369326,lit,10
C=CC,0.925116047373391,lit,1
CCCCCCBr,2.1291882048627744,lit,1
O=C([O-])c1snc(Cl)c1Cl.[K+],2.293951528501532,lit,1
C[C@H]1C(=O)CC[C@@H]2[C@]1(C)CC[C@H]1[C@@]2(C)CC[C@@]2(C)[C@@H]3CC(C)(C)CC[C@]3(C=O)CC[C@]12C,2.204822182100193,lit,1
ClC(=C(Cl)c1cccc(Cl)c1Cl)c1ccccc1,2.5579854170793213,lit,1
O=[Hg],4.080363891042825,lit,1
CC(C)=CCC/C(C)=C/CC/C(C)=C/CC/C(C)=C/CC/C(C)=C/CC/C(C)=C/CC/C(C)=C/CC1=C(C)C(=O)c2ccccc2C1=O,2.511225407802116,lit,1
COC[C@H]1OC(=O)c2coc3c2[C@@]1(C)C1=C(C3=O)[C@@H]2CCC(=O)[C@@]2(C)C[C@H]1OC(C)=O,5.029826978306067,lit,1
Cl.NNc1ccccc1,2.886025460533474,lit,1
C=CCc1ccc(O)c(C)c1,1.9107914677215243,lit,1
C[C@@H]1O[C@@H](O[C@H]2[C@H](OC(=O)[C@]34CCC(C)(C)C[C@H]3C3=CC[C@@H]5[C@@]6(C)C[C@H](O)[C@H](O[C@@H]7O[C@H](CO)[C@@H](O)[C@H](O)[C@H]7O)C(CO)(CO)[C@@H]6CC[C@@]5(C)[C@]3(C)C[C@H]4O)OC[C@H](O)[C@@H]2O)[C@H](O)[C@H](O)[C@H]1O[C@@H]1OC[C@@H](O)[C@H](O[C@@H]2OC[C@](O)(CO)[C@H]2O)[C@H]1O,3.185164851718173,lit,1
c1ccc([Se][Se]c2ccccc2)cc1,3.000183701116001,lit,3
C[n+]1cc2c3c(ccc2c2ccc4cc5c(cc4c21)OCO5)OCO3.[Cl-],2.3460130289792627,lit,3
O=C1NC(c2ccc(OC(F)F)cc2)Nc2ccccc21,2.015276731376712,lit,1
O=S=O,1.6475891630011246,lit,2
O=C1C[C@@H]2OCC=C3CN4CC[C@]56c7ccccc7N1[C@H]5[C@H]2[C@H]3C[C@H]46,4.697684687001152,lit,12
ClP(Cl)Cl,2.3974122177051296,lit,1
CCCCCCCCCCCCCC(=O)OC,2.535052988224686,lit,2
CC(=O)Nc1ccc(C(=O)N/N=C(\C)c2ccc(NC(=O)c3cccnc3)cc2)cc1,1.787228154994151,lit,1
CC(CCO)CC(C)(C)C,1.7974120707981567,lit,1
CN1CCN(C[C@H]2C(=O)Nc3ccccc3S[C@H]2c2ccccc2)CC1.Cl,2.661876117660529,lit,3
Nc1c(Oc2ccccc2)cc(O)c2c1C(=O)c1ccccc1C2=O,1.8212868238587139,lit,1
O=C(O)CCP(CCC(=O)O)CCC(=O)O,1.8541966951600273,lit,1
Oc1ccc([C@H]2COc3cc(O)ccc3C2)cc1,4.66514131558111,lit,3
CC[C@H](C)[C@@H]1NC(=O)C(C(C)=O)C1=O,3.0546908890952675,lit,8
O=C=[Fe],0.4464077085571989,lit,1
[F-],2.4036466199462754,lit,3
CCOP(=O)(NC(=O)Nc1ccccc1NC(=O)NS(=O)(=O)c1ccc(C)cc1)OCC,3.676667613924317,lit,1
O=C(O)c1cc(Br)ccc1O,1.494510952191468,lit,1
[Cl-].[Cl-].[Cl-].[Cl-].[Cl-].[Cl-].c1ccccc1,3.4596083789981007,lit,2
CC(C)N(CC[SH]=P(C)(O)O)C(C)C,5.583283360370602,lit,1
O=P(O)(NCCCl)NCCCl,1.7929894363531784,lit,1
O[C@@H]1CCN2Cc3ccccc3N=C12,2.4685088682536716,lit,1
O=C(/C=C/c1ccc(O)c(O)c1)O[C@@H]1C[C@](O)(C(=O)O)C[C@@H](OC(=O)/C=C/c2ccc(O)c(O)c2)[C@H]1O,2.379786787391089,lit,3
C=C1C2CCC(C2)[C@]1(C)CC/C=C(\C)CO,1.7633412836496642,lit,1
[Ce+4].[O-2].[O-2],3.2789092717095367,lit,2
O=C1CCC[C@@H]2[C@H]3C[C@@H](CN12)[C@@H]1CCCCN1C3,2.1739458153578655,lit,15
CN1CCOC(c2ccccc2)c2ccccc2C1,3.1532923351954856,lit,5
CCCc1nc2cc([N+](=O)[O-])ccc2n1Cc1cccc2c1ccn2-c1ccccc1C(=O)O,2.247046967015813,lit,1
[Br-].[K+],2.0755542603981176,lit,2
CCCCC(=O)O,1.8477980865934271,lit,1
CC(C)=CCC/C(C)=C/C(=O)O,1.6577172098945612,lit,1
Nc1ncnc2c1ncn2[C@@H]1O[C@H](CSCC[C@H](N)C(=O)O)[C@@H](O)[C@H]1O,2.797456610987341,lit,1
CC(=O)OCC[N+](C)(C)C,1.7670370684388486,lit,1
O=C(O)c1cc(O)c(O)c(O)c1,1.9297253783780048,lit,3
OC[C@H]1O[C@@](CO)(O[C@H]2O[C@H](CO)[C@@H](O)[C@H](O)[C@H]2O)[C@@H](O)[C@@H]1O,1.0572818381396432,lit,15
O=C(O)c1ccc(C(=O)O)cc1,2.1673748499245593,lit,1
CCCC(O)Cn1ncc(C(=O)OCC)c1NC(=S)NC(=O)c1cccc(F)c1,2.236642126040229,lit,1
CCCNC(=N)C(OCC)c1ccccc1.Cl,2.685280250962588,lit,1
CS(C)=O.O,0.8215858031593211,lit,1
O=C(Cn1cc(CN2C(=O)c3ccccc3C2=O)nn1)N1CCOCC1,2.8516912040540796,lit,1
CC[Sn](C)CC,4.340999022531442,lit,1
O=C([O-])C[NH+](CC[NH+](CC(=O)[O-])CC(=O)[O-])CC(=O)[O-].[Na+].[Na+],2.2255780475100218,lit,3
COc1cc([C@@H]2c3cc4c(cc3[C@H](O)[C@H]3COC(=O)[C@H]23)OCO4)cc(OC)c1OC,2.9184602223539082,lit,1
CC(=O)c1c(C(C)=O)c(-c2ccccc2)c2c(c1C(C)=O)N(c1ccccc1)C(=O)C2=O,2.9298683156514733,lit,2
CN1CCN(CC/C=C2/c3ccccc3Sc3ccc(S(=O)(=O)N(C)C)cc32)CC1,3.9066660492531637,lit,1
CNNCc1ccc(C(=O)NC(C)C)cc1,2.198861228055744,lit,3
O=C1c2c(O)cc(O)cc2O[C@@H](c2ccc(O)c(O)c2)[C@@H]1O,5.128935734224806,lit,1
CO[C@@H]1[C@@H](OC(N)=O)[C@@H](O)[C@H](Oc2ccc3c(O)c(NC(=O)c4ccc(O)c(CC=C(C)C)c4)c(=O)oc3c2C)OC1(C)C,2.243131633494843,lit,1
O=N[O-].[K+],2.628914874179493,lit,1
CC(C)=CCC/C(C)=C/CC/C(=C/CC/C(C)=C/CO)CO,1.4756924437541192,lit,1
O=[W](=O)=O,2.3402867882306415,lit,1
CC(C)[C@H](C(=O)O[C@H](C#N)c1cccc(Oc2ccccc2)c1)c1ccc(Cl)cc1,3.6836348961864056,lit,2
CCC(C)C(C(=O)OC1CC[N+](C)(C)CC1)c1ccccc1,2.6201988241873653,lit,1
CCCCCCCCCCCCC[N+](C)(C)Cc1ccccc1,3.1229922705445694,lit,1
CCN(CC)c1ccc(C(=C2C=CC(=[N+](CC)CC)C=C2)c2cc(O)c(S(=O)(=O)[O-])cc2S(=O)(=O)[O-])cc1.CCN(CC)c1ccc(C(=C2C=CC(=[N+](CC)CC)C=C2)c2cc(O)c(S(=O)(=O)[O-])cc2S(=O)(=O)[O-])cc1.[Ca+2],2.0642520249082015,lit,1
[Co+2].[Co+3].[Co+3].[O-2].[O-2].[O-2].[O-2],1.816744792220394,lit,1
[Al+3].[Al+3].[O-2].[O-2].[O-2],1.0084340862357561,lit,1
O=C(CC(=O)Nc1ccccc1)NCc1ccccc1,1.5681887755135686,lit,1
COc1ccc(N2CCNCC2)cc1,3.0797734730796553,lit,1
O=[Os](=O)(=O)=O,4.259091928632214,lit,2
C=C1/C(=C\C=C2/CCC[C@]3(C)[C@@H]([C@H](C)CCCC(C)(C)O)CC[C@@H]23)C[C@@H](O)C[C@@H]1O,5.489433448252851,lit,2
NC(=O)c1cc[n+](C/C=C/C[n+]2ccc(CN=O)cc2)cc1,2.7734113342955204,lit,1
O=[N+]([O-])NC1=NCCN1Cc1ccc(Cl)nc1,2.784421987697797,lit,1
[Pt+4],5.290208294420983,lit,1
CC1=C(O)c2c(cc(O)c3c2O[C@H](C)[C@@]3(C)C/C=C(/C)C2(C)CCCC2C)C(=O)C1=O,3.841874336388248,lit,1
CC(=O)Nc1ccc2cc(S(=O)(=O)[O-])c(/N=N/c3ccc(S(=O)(=O)CCOS(=O)(=O)[O-])cc3)c(O)c2c1.[Na+].[Na+],2.0917000119501497,lit,1
CC(C)I,2.1164876859892927,lit,1
[Fe+2].c1cc[cH-]c1.c1cc[cH-]c1,2.1490207274040536,lit,2
CC(C)[C@@H](C)C=C[C@@H](C)[C@H]1CC[C@H]2[C@@H]3CC=C4C[C@@H](O)CC[C@]4(C)[C@H]3CC[C@]12C,2.72442426369284,lit,1
CC(C)(CO)[C@@H](O)C(=O)NCCC(=O)O,1.3409138506326022,lit,2
CCCCOC(=O)c1ccccc1C(=O)Oc1ccc2ccccc2c1,1.6752491783857875,lit,1
CC#Cc1ccccc1OC(C)=O,1.8431056489127617,lit,1
C=C1C(=O)N[C@H](C)C(=O)N[C@@H](CC(C)C)C(=O)N[C@@H](C(=O)O)[C@H](C)C(=O)N[C@@H](CCCNC(=N)N)C(=O)N[C@@H](/C=C/C(C)=C/[C@H](C)[C@H](Cc2ccccc2)OC)[C@H](C)C(=O)N[C@@H](C(=O)O)CCC(=O)N1C,5.298935562703547,lit,1
CC[Sn](Cl)Cl,4.385564569793937,lit,1
CC1=C(/C=C/C(C)=C/C=C/C(C)=C/C=C/C=C(C)/C=C/C=C(C)/C=C/C2=C(C)C[C@@H](O)CC2(C)C)C(C)(C)C[C@H](O)C1,4.75502524612924,lit,1
CC(C)CCCCCOC(=O)CS[Sn](Cc1ccccc1)(Cc1ccccc1)SCC(=O)OCCCCCC(C)C,2.5945343451858736,lit,1
CC1=C(O)C(=O)C=C2C1=CC=C1[C@@]2(C)CC[C@@]2(C)[C@@H]3C[C@](C)(C(=O)O)CC[C@]3(C)CC[C@]12C,1.539866147156415,lit,1
O=C(Nc1ccccc1)C(=NNc1ccccc1)NN=C1CCc2cc(Br)ccc21,2.2515700927978806,lit,2
O=C([O-])[O-].[Tl+].[Tl+],4.309235680026436,lit,1
CCCC(O)Cn1ncc(C(=O)OCC)c1NC(=S)NC(=O)c1ccccc1F,2.236642126040229,lit,1
Nc1ccc(S(=O)(=O)[N-]c2nccs2)cc1.[Na+],2.4984765942495506,lit,3
O.Oc1cc(O)c2c(c1)O[C@H](c1ccc(O)c(O)c1)[C@@H](O)C2,1.909170206212841,lit,1
CCCCCN(CCC12CC3CC(CC(C3)C1)C2)C(=O)NCCCc1ccncc1,2.4432998988633283,lit,2
CC=C(C)C(=O)O[C@@H]1CCN2CC=C(COC(=O)[C@@](O)([C@H](C)O)C(C)(C)O)[C@H]12,2.884972409768403,lit,1
Cl.NO,2.5586273326716427,lit,1
O=c1c2ccccc2c(=O)c2c1ccc1c2[nH]c2c3c(=O)c4ccccc4c(=O)c3c3[nH]c4c(ccc5c(=O)c6ccccc6c(=O)c54)c3c12,2.1116750990587962,lit,1
CC#C[C@]1(O)CC[C@H]2[C@@H]3CCC4=CC(=O)CCC4=C3[C@@H](c3ccc(N(C)C)cc3)C[C@@]21C,2.155947061663272,lit,1
CCN(C(=S)[S-])c1ccccc1.CCN(C(=S)[S-])c1ccccc1.[Zn+2],2.9181687930043396,lit,1
CC(CN1c2ccccc2Sc2ccccc21)[N+](C)(C)C,2.748391091047485,lit,2
O=[Si]=O,1.2790717548281303,lit,7
C=C(c1ccccc1OCc1cccc(Cl)c1)n1ccnc1.Cl,2.1426959923523228,lit,1
CO[C@H]1C[C@@H](C[C@H]2O[C@@](O)([C@H](C)C(=O)O)[C@H](C)[C@H](OC)[C@@]2(C)O[C@H]2CC[C@@H](OC)[C@H](C)O2)O[C@]2(O[C@@](C)([C@@H]3CC[C@H]([C@H]4CC[C@H]([C@H]5O[C@](C)(O)[C@H](C)C[C@@H]5C)O4)O3)[C@H](OC)[C@H]2C)[C@@H]1C,4.961500826061723,lit,1
NCCc1ccccc1,2.110313846065339,lit,1
[Rh+3],1.898497345010742,lit,1
CN1CCN(CCCN2c3ccccc3Sc3ccc(S(=O)(=O)N(C)C)cc32)CC1,2.77489829616458,lit,1
Cc1cc(C2CCCCC2)n([O-])c(=O)c1.[NH3+]CCO,2.0316423782335113,lit,3
C=CS(=O)(=O)F,3.3428528140961484,lit,1
C=C1C=COC1=O,1.4888224620140378,lit,2
Cc1cc(OC(C)(N)O)ccc1[N+](=O)[O-],2.3267556125852424,lit,1
CO/C=C(/C(=O)OC)c1ccccc1COc1cc(-c2ccc(Cl)cc2)nn1C,2.61109103503732,lit,6
CC1=C(N2CCCC2)C(=O)C(C)O1,0.9572120764794345,lit,1
O.O.O.O.O.O.O.O.O.O=[N+]([O-])[O-].O=[N+]([O-])[O-].O=[N+]([O-])[O-].[Al+3],2.014034799490002,lit,1
COc1nc(N)nc2c1ncn2[C@H]1CC[C@@H](CO)O1,2.247601789842079,lit,1
O=C(O)CI,3.1690209664635005,lit,1
CCOC(=O)C(C)(CCl)Oc1ccccc1,2.4119455015760143,lit,1
O=C(C(Cl)c1ccccc1)C(Cl)c1ccccc1,3.4846555117940143,lit,6
CCOc1c(OC)cc2c3c1Oc1cc4c(cc1OC)CCN(C)[C@H]4Cc1ccc(cc1)Oc1cc(ccc1OC)C[C@@H]3N(C)CC2,2.8039955527186797,lit,1
O=C(CN1C(=O)SC(=Cc2ccc(Cl)cc2Cl)C1=O)Nc1ccc(C(=O)NNC(=O)c2cccc(Cl)c2)cc1,2.4823093906428695,lit,1
CN(C)c1ccc(N=O)cc1,3.6084132677415983,lit,1
CCOP(C)(=O)SCCN(C(C)C)C(C)C,6.347939551531959,lit,7
CCCCCCCCCCCC(=O)[O-].CCCCCCCCCCCC(=O)[O-].CCCC[Sn+2]CCCC,3.5573841315018875,lit,3
CCCCCCCCN(N=O)C(N)=O,2.1576510109172937,lit,1
[Cl],1.2072303098483537,lit,3
C/C=C/C[C@@H](C)[C@@H](O)[C@H]1C(=O)N[C@@H](CC)C(=O)N(C)CC(=O)N(C)[C@@H](CC(C)C)C(=O)N[C@@H](C(C)C)C(=O)N(C)[C@@H](CC(C)C)C(=O)N[C@@H](C)C(=O)N[C@H](C)C(=O)N(C)[C@@H](CC(C)C)C(=O)N(C)[C@@H](CC(C)C)C(=O)N(C)[C@@H](C(C)C)C(=O)N1C,2.909872123467324,lit,4
CC(CO)Cc1ccc(C(C)C)cc1,1.585013796722258,lit,1
CCCBr,1.788850399125966,lit,1
CC(=O)[O-].CC(=O)[O-].CCCC[Sn+2]CCCC,3.5079189733241987,lit,1
CC1=C(CO)C(=O)O[C@@H]([C@@H](C)[C@H]2CC[C@H]3[C@@H]4C[C@H]5O[C@]56[C@@H](O)C=CC(=O)[C@]6(C)[C@H]4CC[C@]23C)C1,2.846582657220095,lit,1
CCCCC[C@H](O)/C=C/[C@H]1[C@H](O)CC(=O)[C@@H]1CC=CCCCC(=O)O,1.9311733390098054,lit,1
CCC#CC[C@H](C)[C@H](O)C#C[C@@H]1[C@H]2CC(=CCOCC(=O)O)C[C@H]2C[C@H]1O,4.57342514892513,lit,1
C[N+]1(C)[C@@H]2CC[C@H]1CC(OC(=O)C(CO)c1ccccc1)C2.O=[N+]([O-])[O-],2.3401140332445083,lit,2
[Li],1.1212627409964027,lit,1
CCCCOC(=O)CC(O)C(=O)OCCCC,1.8197608698213656,lit,1
CN(C)CCN(Cc1cccs1)c1ccccn1.Cl,3.1729748991995663,lit,1
O=P([O-])([O-])[O-],1.4594530014472635,lit,1
COc1ccc(CCO)c(N)c1N.O=S(=O)(O)O,2.724590728682046,lit,4
N#C[Fe-3](C#N)(C#N)(C#N)(C#N)C#N.[K+].[K+].[K+],1.8492197945180666,lit,6
C=C(C)[C@H]1CC=C(C)C(=O)C1,1.9618868006431986,lit,3
O=c1c2cc(F)ccc2nc(-n2cncn2)n1-c1ccc(Cl)cc1Cl,3.526175370463415,lit,1
O=C(CS)O[14CH2]C(O)CO,2.9902723485208718,lit,5
CCn1cc(C(=O)O)c(=O)c2cc(F)c(-n3cccc3)cc21,1.7785694193488153,lit,1
C[C@H]1CCCC(=O)CCCCCc2cc(O)cc(O)c2C(=O)O1,1.5056721747975796,lit,1
Cc1ccc(S(=O)(=O)NCl)cc1,2.342350890677088,lit,1
CC1CCN(C(=O)Cn2cc(CN3C(=O)c4ccccc4C3=O)nn2)CC1,2.866179786181577,lit,1
CCN(CC)c1ccc2c(-c3ccccc3C(=O)O)c3ccc(=[N+](CC)CC)cc-3oc2c1.[Cl-],2.981383642081278,lit,1
CCN1CCC(OC(=O)C(C)(c2ccccc2)c2ccccc2)CC1,3.8692613203493984,lit,1
Cn1c(=O)c2c(ncn2CC(O)CN2CCN(CCCSc3ccccc3)CC2)n(C)c1=O,2.3522882065528017,lit,1
Cc1c(C(=O)O)cc(C(=O)O)cc1C(=O)O,1.6516036127752867,lit,2
CC[C@H](C)[C@H](N)C1=N[C@H](C(=O)N[C@@H](CC(C)C)C(=O)N[C@H](CCC(=O)O)C(=O)N[C@H](C(=O)N[C@H]2CCCCNC(=O)[C@H](CC(N)=O)NC(=O)[C@@H](CC(=O)O)NC(=O)[C@H](Cc3c[nH]cn3)NC(=O)[C@@H](Cc3ccccc3)NC(=O)[C@H]([C@@H](C)CC)NC(=O)[C@@H](CCCN)NC2=O)[C@@H](C)CC)CS1,3.654688552437541,lit,2
O=[Mo](=O)([O-])[O-].[Na+].[Na+],2.978736589126987,lit,2
O=P(Cl)(Cl)Cl,2.605849203854926,lit,1
C=C(CCOC(C)=O)c1ccccc1,1.8021151898884897,lit,2
[Pt],2.2902082944209834,lit,1
CCCCCCCCCCCCCCCCCC(=O)O,2.0649995930323906,lit,2
CNC(=O)Oc1ccc2ccccc2c1,2.6047119317276204,lit,5
COc1ccc2c(c1)C(O)(CCCN(C)C)c1ccccc1S2,2.884340829468124,lit,1
C[C@H](N)Cc1ccccc1,3.2279188257986964,lit,9
CC(=O)N[C@@H](CC(C)C)C(=O)N[C@@H](CC(C)C)C(=O)N[C@H](C=O)CCCNC(=N)N,2.45389090493776,lit,1
c1ccc2cc3ccccc3cc2c1,0.046870571163390995,lit,1
O=S(=O)([O-])[O-].[Zn+2],1.9253288340125,lit,4
C[N+](C)(C)CCCCCC[N+](C)(C)C,1.8824805199849854,lit,2
COc1ncnc(NS(=O)(=O)c2ccc(N)cc2)c1OC,1.569058604849856,lit,1
NCC(=O)OCO.[Na],1.78527219647735,lit,1
O=S(=O)([O-])[O-].O=S(=O)([O-])[O-].O=S(=O)([O-])[O-].[La+3].[La+3],2.1295679080944314,lit,1
CCCN(CCC)C(=S)OCC,1.8706654911467897,lit,1
COc1ccc(/C=C/C(=O)O)cc1O,1.3905908245909315,lit,3
O=CN(O)CCCP(=O)(O)O,1.202401378698772,lit,2
CCN1C[C@]2(COC)[C@H](O)C[C@H](OC)[C@]34C1[C@H]([C@H](OC)[C@H]23)[C@]1(OC(C)=O)[C@H]2[C@@H](OC(=O)c3ccccc3)[C@](O)(C[C@H]24)[C@@H](OC)[C@@H]1O,5.492244465997969,lit,6
CCCC[O-].CCCC[O-].CCCC[O-].CCCC[O-].[Ti+4],2.0374635066898845,lit,1
COC(=O)/C=C\C(=O)OC,1.9978313116778563,lit,2
CCCCCCCCCCCCCCC,1.783874548359944,lit,1
CC(=O)[O-].[Na+],1.3662191829957009,lit,3
Cc1c(Cl)c(C(=O)N(c2ccccc2)c2ccccc2)nn1-c1ccccc1C(=O)N1Cc2ccccc2C[C@H]1CN,2.760497875226527,lit,1
Cl[Al](Cl)Cl.O.O.O.O.O.O,2.274363324796695,lit,1
C/C=C/C(=O)C1=C(C)CCCC1(C)C,1.821585803159321,lit,1
CC(C)[C@@](O)(C(=O)OCC1=CCN2CC[C@@H](O)[C@@H]12)[C@H](C)O,2.923448832854562,lit,2
N#Cc1c(C(=O)NN)nn(-c2ccccc2)c1-c1ccccc1,2.960626253648779,lit,1
NCCCCNCCCN,2.3839648906787247,lit,5
O=C(O)/C=C\C(=O)O.O=C1CSC2(CCN(CC3COc4ccccc4O3)CC2)N1,1.8996076290622281,lit,1
CCCCC/C=C\C/C=C\CCCCCCCC(=O)N(CCO)CCO,2.0656577017717517,lit,1
NC(=O)NCO.O=CC=O,1.6520938993702443,lit,1
NCCCCCN,1.3104001442779567,lit,1
O=C(NC(=O)c1c(F)cccc1F)Nc1cc(Cl)c(OC(F)(F)C(F)C(F)(F)F)cc1Cl,2.4075200687471523,lit,1
O=C1OC(c2ccc(O)cc2)(c2ccc(O)cc2)c2ccccc21,2.5608667876429014,lit,1
C[C@H]1C(=O)CC[C@@H]2[C@]1(C)CC[C@H]1[C@@]2(C)CC[C@@]2(C)[C@@H]3CC(C)(C)CC[C@]3(C)CC[C@]12C,2.1908194641732037,lit,1
COc1ccc2c(c1)CC[C@@H]1[C@@H]2CC[C@]2(C)[C@@H](O)CC[C@@H]12,2.1559657632464195,lit,1
CCCCCCCCCCCCNC(=N)N,3.2704229903049082,lit,1
CCCCCCCCCCCCOCCO,2.0358611379321863,lit,2
Cl[Sn]Cl,2.432779231148249,lit,6
CC(=O)CC(c1ccccc1)c1c([O-])c2ccccc2oc1=O.[Na+],3.3826130380250863,lit,2
[Ca+2].[Ca+2].[O-][Si]([O-])([O-])[O-],1.704650056844665,lit,2
CCOC(=O)[C@H](CCc1ccccc1)N[C@@H](C)C(=O)N1CCC[C@H]1C(=O)O,2.10251585323138,lit,1
CC(C)CNC(c1ccccc1)(c1ccccc1)c1ccccc1,3.002706753815664,lit,1
C[n+]1ccccc1/C=N/O,4.101403983813519,lit,3
O[As](O)O,3.4873901773942206,lit,1
CNC(=S)[S-].[Na+],2.457999575770589,lit,3
O=C(O)c1cc(C(=O)O)cc(C(=O)O)c1,1.582148105113515,lit,1
CCC(C)OC(=O)N1CCCCC1CCO,1.6843888084507657,lit,1
OB(O)c1ccccc1,2.216885977680941,lit,4
O=[N+]([O-])O[Pb]O[N+](=O)[O-],2.0200016262753056,lit,1
CCCC/C=C/C=O,1.9359411110030833,lit,1
CCC1OCCN1C1(CC)OCCN1C1(CC)NCCO1,1.87421356237462,lit,1
CSCC[C@H](N)C(=O)N[C@H]([C]=O)C(C)C,1.6770805039466858,lit,1
O=P([O-])([O-])OP(=O)(O)O.[Na+].[Na+],2.0909572061251023,lit,1
CCCCCCCCCCCCCCCCBr,2.007668135823151,lit,1
CCCC(=O)OC(F)C(F)(F)F,2.174064424956479,lit,1
CC(C(=O)[O-])C(O)(CC(=O)[O-])C(=O)[O-],1.6698756998020379,lit,5
O=S(=O)([O-])[O-].[Ni+2],2.6777641349451202,lit,7
CC[NH+](CC)CC(=O)Nc1c(C)cccc1C.[Cl-],2.936541845507465,lit,2
CSc1ccc(O)c(NC(=S)c2ccc(O)cc2O)c1,2.629702716369133,lit,1
C[N+]([O-])=NCO,2.5232742556586913,lit,1
C[C@@H]1C(=O)C[C@@H](C(C)(C)O)O[C@@H]2C[C@@]3(C)[C@@H]4CC=C5[C@@H](C=C(O)C(=O)C5(C)C)[C@]4(C)C(=O)C[C@]3(C)[C@@H]12,3.6991093743823527,lit,3
[O-][n+]1ccccc1S,2.2718689283874665,lit,1
COc1cc(C(=O)OCCN2CCN(CCCN3c4ccccc4Sc4ccc(Cl)cc43)CC2)cc(OC)c1OC.O=C(O)/C=C/C(=O)O.O=C(O)/C=C/C(=O)O,2.8734062666156577,lit,2
O.O.O.O.O.O=[N+]([O-])[O-].O=[N+]([O-])[O-].O=[N+]([O-])[O-].[Bi+3],2.079205420599534,lit,1
C[C@@H]1O[C@@H](O[C@@H]2[C@@H](O)[C@H](OCCc3ccc(O)c(O)c3)O[C@H](CO)[C@H]2OC(=O)/C=C/c2ccc(O)c(O)c2)[C@H](O)[C@H](O)[C@H]1O,2.0966264129931504,lit,1
[Nd],1.7197530198840831,lit,1
Br.CN(C)CCOc1c(Cl)cccc1Cl,2.6658540290038784,lit,1
[Na],1.0191162904470732,lit,3
C[N+](C)(C)CCO.[Cl-],1.6134873795052367,lit,4
CCOP(=S)(OCC)OCC,3.4309593556896036,lit,2
NC(C(=O)O)c1cc(O)no1,3.091757609304956,lit,1
CCCCOC(=O)Cl,2.0131648705011,lit,1
c1ccc2c(c1)ccc1ccccc12,2.405892513805059,lit,1
O=C(O)c1cccc2nc3ccccc3nc12,2.8506745827999023,lit,2
N#CC(Br)(Br)C(N)=O,3.067611659149567,lit,1
Nc1ncc2ncn([C@@H]3O[C@@H]([C@@H](NC(=O)[C@@H]4CCC[C@@H]4N)C(=O)O)C[C@@](O)([C@@H](O)CO)[C@@H]3O)c2n1,4.394007527773161,lit,3
Br.Br.[NH-]C(=O)c1cc[n+](CCCN2C=CC(=CN=O)C=C2)cc1,2.894820014023722,lit,1
NC(=S)SCCSC(N)=S.[Mn],1.7280744449129894,lit,1
COc1cccc(C23CN(C)CC2CC3(OC)OC)c1,4.142020096199679,lit,1
CO[C@H]1/C=C/O[C@@]2(C)Oc3c(C)c(=O)c4c(O)c(c5[nH]c6ccccc6nc5c4c3C2=O)NC(=O)/C(C)=C\C=C\[C@H](C)[C@H](O)[C@@H](C)[C@@H](O)[C@@H](C)[C@H](OC(C)=O)[C@@H]1C,2.5932168181194255,lit,1
CCCOC(C(=O)OC1CCN(C)CC1)(c1ccccc1)c1ccccc1.Cl,2.5872162932828324,lit,6
COC(=O)c1cccc(CCNCCc2ccccc2)c1.Cl,2.6298606504530424,lit,1
COC(=O)C1=C(C)NC(C)=C(C(=O)OCCc2ccc(N3CCN(C(c4ccccc4)c4ccccc4)CC3)cc2)C1c1cccc([N+](=O)[O-])c1,3.2448638495011597,lit,2
CC(O)C1Sc2ccccc2N(CCCN(C)C)C1c1ccccc1,2.6490121827099866,lit,1
C=CC(C)(C)C12CC3C(=O)N/C(=C/c4cnc[nH]4)C(=O)N3C1Nc1ccccc12,4.693384741184309,lit,1
F[Ni]F,2.4940153747571436,lit,3
Cc1ccc(C)n1Nc1ccc(N2CCOCC2)nn1.Cl,2.138900297163926,lit,1
O=P1([O-])OP(=O)([O-])OP(=O)([O-])O1.[Na+].[Na+].[Na+],1.4602494756906492,lit,4
CCOC(=O)c1ccc(O)cc1,1.5870998453353757,lit,1
C[C@H](CCC(=O)O)[C@H]1CC[C@H]2[C@@H]3[C@H](O)C[C@@H]4C[C@H](O)CC[C@]4(C)[C@H]3CC[C@]12C,1.797562015704485,lit,1
O=C[O-].O=C[O-].[Ca+2],1.6765667898015382,lit,1
O=[V]([O-])([O-])[O-].[Na+].[Na+].[Na+],3.7046987193555503,lit,1
COc1cc(OC)c(C(=O)/C=C/c2cccc([N+](=O)[O-])c2)c(O)c1OC,2.686068410835364,lit,2
N#C[Fe-3](C#N)(C#N)(C#N)(C#N)C#N,2.122119585331236,lit,1
CCC(C)c1cccc(OC(=O)N(C)Sc2ccccc2)c1,3.220612015734411,lit,2
CCCCCCCCCCCCOP(=O)([O-])[O-].[K+].[K+],1.513882551601311,lit,1
[I-].[Rb+],1.6542608028374386,lit,1
Cl[Pd]Cl.O.O,2.550953610218068,lit,1
O.O.O.O.O.O.O=S(=O)([O-])[O-].[Ni+2],2.860992801762325,lit,3
CCOC(=O)c1ccc(OCC)cc1,1.9786861427403926,lit,1
N#C[O-].[Na+],1.6368688652439356,lit,2
CCN(CC)CCN1C(=O)CN=C(c2ccccc2F)c2cc(Cl)ccc21.Cl.Cl,2.5729093023560554,lit,1
NC(=O)/C(=C/c1ccc([N+](=O)[O-])o1)c1ccco1,2.218700019322228,lit,1
[Cl-].[Cl-].[Cl-].[La+3],1.7663862871954477,lit,1
O=C(O)C(Cl)c1ccc(C2CCCCC2)c(Cl)c1,3.00331840470192,lit,4
COc1ccc2cc3[n+](cc2c1OC)CCc1cc2c(cc1-3)OCO2.O=S(=O)([O-])[O-],2.635915815675599,lit,1
O=[Cr](=O)([O-])O[Cr](=O)(=O)[O-].[Na+].[Na+],3.214123288349909,lit,2
CCCCCCOc1nsnc1C1=CCCN(C)C1,3.4493626747610717,lit,1
COc1cc(C(C)O)ccc1O,1.8807072948573733,lit,2
CC(c1ccc(O)cc1)(c1ccc(O)cc1)c1ccc(O)cc1,1.7872634741087965,lit,1
CC(=O)/C=C/C1=C(C)CCCC1(C)C,1.7667879031083027,lit,3
CCCCC(C)(O)C/C=C/[C@H]1[C@H](O)CC(=O)[C@@H]1CCCCCCCO,3.9597046143296755,lit,1
CCC(C)S,1.2411689345670043,lit,1
CCCOC(=O)c1ccc(O)cc1.COC(=O)c1ccc(O)cc1,2.199379001845024,lit,1
Nc1nc(N)nc(N)n1.O=c1[nH]c(=O)[nH]c(=O)[nH]1,1.862809222123742,lit,3
[U],3.319725020731481,lit,1
CC(=O)C[C@H](c1ccccc1)c1c(O)c2ccccc2oc1=O,3.7255920149486315,lit,19
CC(C)(C)NC(=O)Cn1cc(CN2C(=O)c3ccccc3C2=O)nn1,2.8342566200146853,lit,1
CC(C)N.O=C(O)CNCP(=O)(O)O,1.497839125982901,lit,10
O=C(OCC1CO1)C1CCCCC1C(=O)OCC1CO1,2.440951855551479,lit,1
CCCc1cc(O)c2c(c1)OC(C)(C)[C@@H]1CCC(C)=C[C@@H]21,1.2006000141997284,lit,4
N#C[Fe-2](C#N)(C#N)(C#N)(C#N)N=O.[Na+].[Na+],3.6495322189359083,lit,19
O=CN1N=C(c2ccc(F)cc2)CC1c1ccccc1O,2.4846346756302053,lit,1
CCN(CC)C(=O)N[C@H]1C[C@@H]2c3cccc4[nH]cc(c34)C[C@H]2N(C)C1,2.943248400709407,lit,1
Cc1ccc(S(=O)(=O)NNC(=O)COC(=O)c2ccccc2Nc2cccc(C(F)(F)F)c2)cc1,2.404397493310221,lit,1
O=C(O)CC(O)C(O)CO,1.075087140902534,lit,2
O=C([O-])[O-].[Co+2],2.574272323304648,lit,1
O=P([O-])([O-])F.[Na+].[Na+],2.4023337965496645,lit,2
Oc1cc(O)c2c(c1)oc1cc3cc(O)c(O)cc3[o+]c12,1.979380311505103,lit,1
CNC(=O)C(C)(C(C)C)C(C)C,2.5252551519683397,lit,2
CCCCOC(=O)[C@@H](C)Oc1ccc(Oc2ccc(C(F)(F)F)cn2)cc1,2.2825835978359392,lit,1
N[C@@H](Cc1ccc(N(CCCl)CCCl)cc1)C(=O)O,4.443198958982489,lit,1
CNC1(C)C2CCC(C2)C1(C)C,2.990489446836259,lit,1
CC[Sn](Cl)(CC)CC,4.467995416739198,lit,2
CCCCCCCN(N=O)C(N)=O,2.3973443273685984,lit,1
CCCCCCCCCCCCOCCOCCO,2.137425327294097,lit,1
CCc1c(C)[nH]c2c1C(=O)[C@@H]1CN(C)CC[C@H]1C2,3.0491369373975075,lit,1
C=C1C(=O)C23CC1C[C@H](OC(C)=O)C2C1(C)C[C@H](O)[C@H](OC(C)=O)C(C)(C)C1C(OC(C)=O)[C@@H]3OC(C)=O,2.928690029709434,lit,1
CC(CO)([N+](=O)[O-])[N+](=O)[O-],3.2898610324305895,lit,2
Cl.O=P1(c2ccccc2)CCNCC1,2.489795412698742,lit,1
CC(C)NCN1CCc2cc(CO)c([N+](=O)[O-])cc2C1,3.3184968762587097,lit,2
CC[C@H](C)[C@H]1O[C@]2(CC[C@@H]1C)C[C@@H]1C[C@@H](C/C=C(\C)[C@@H](O[C@H]3C[C@H](OC)[C@@H](O[C@H]4C[C@H](OC)[C@@H](O)[C@H](C)O4)[C@H](C)O3)[C@@H](C)/C=C/C=C3\CO[C@@H]4[C@H](O)C(C)=C[C@@H](C(=O)O1)[C@]34O)O2,4.351782691158365,lit,2
O=C([O-])[C@H](O)[C@@H](O)[C@H](O)[C@H](O)CO.O=C([O-])[C@H](O)[C@@H](O)[C@H](O)[C@H](O)CO.[Fe+2],1.9867123578108004,lit,1
CCCCCCCC[Sn](Cl)(Cl)CCCCCCCC,1.6897422581243533,lit,2
CCCCn1cc[n+](C)c1,2.500211166580179,lit,2
Fc1ccc(C(c2ccc(F)cc2)N2CCN(C/C=C/c3ccccc3)CC2)cc1,3.112768226538843,lit,1
O=S(=O)([O-])[O-].OC[P+](CO)(CO)CO.OC[P+](CO)(CO)CO,3.1464306527300576,lit,1
C[NH+](C)CCCN1c2ccccc2CCc2ccccc21.[Cl-],2.8106932672013127,lit,1
O=N[O-],2.6980955721810203,lit,4
CCCCCCCC[Sn]CCCCCCCC.O=C(CS)OCCOC(=O)CS,2.8001505706172267,lit,1
COc1ccc(C2C(=O)Oc3ccc(OC)cc32)cc1,2.1137570025695642,lit,1
Cc1cc(C#N)cc(C)c1Oc1nc(Nc2ccc(C#N)cc2)nc(N)c1Br,3.3782253289117095,lit,1
C=C(C)C(=O)OCC1CO1.CC(C)(c1ccc(O)cc1)c1ccc(O)cc1,5.267693741699652,lit,1
O=c1[nH]c2ccccc2n1CCN1CCN(c2cccc(C(F)(F)F)c2)CC1,2.0067364417944686,lit,1
CC(Cc1ccc(C(C)(C)C)cc1)CN1C[C@@H](C)O[C@@H](C)C1,1.946723667581237,lit,1
CCCCCC[C@@H](O)C/C=C\CCCCCCCC(=O)OCC,1.8149411135594047,lit,2
CCCC(O)Cl.CCCC(O)Cl.O,2.8942255752412724,lit,1
CCCCCC(O)/C=C/C=O,2.193750533339446,lit,1
O=C(O)c1ccc(O)cc1,1.8392328626224366,lit,1
CC(=O)OC[C@H]1O[C@](O)(C(=O)C(C)c2ccc3c(c2)Cc2cccnc2O3)[C@H](OC(C)=O)[C@@H](OC(C)=O)[C@@H]1OC(C)=O,3.8448474274652256,lit,1
C#CC(OC(=O)C1C(C=C(C)C)C1(C)C)/C(C)=C/CC,1.8168714134687758,lit,2
C=Cc1cccc(C=C)c1,1.4480596464452855,lit,1
CC1(C)c2nc(-c3ccc(F)cc3)c(Nc3ccc(F)cc3)n2CCN1C(=O)CN,2.4833467081397615,lit,1
C[C@H](/C=C/[C@H](C)[C@H](C)C(=O)O)[C@H]1CC[C@H]2C3=CC(=O)[C@@]45O[C@@H]4[C@H](O)[C@@H]4O[C@@H]4[C@]5(C)[C@]34CC[C@]12CO4,4.153894634539006,lit,1
CC(=O)OCC(CCn1cnc2cnc(N)nc21)COC(C)=O,1.9766047699420342,lit,1
[14CH2]=[14C]([14CH3])C#N,2.5626955956822126,lit,1
Cc1cc(C2CCCCC2)n(O)c(=O)c1.NCCO,1.9515916734732581,lit,1
CC(=C[C@@H](C)C(=O)c1ccc(N(C)C)cc1)/C=C/C(=O)NO,2.2252719399865137,lit,1
C[As](=O)([O-])O.[Na+],1.9541138105253872,lit,5
CCOc1ccc(C=C2NCCc3cc(OCC)c(OCC)cc32)cc1OCC,2.866959761331327,lit,1
[Cl-].[NH4+],1.5108048917204806,lit,1
CCNC1=NC(Cl)N(N)C(C(C)C)=N1,1.8607451539354352,lit,1
CC(C)N1CCN(c2ccc(OC[C@@H]3CO[C@@](Cn4cncn4)(c4ccc(Cl)cc4Cl)O3)cc2)CC1,2.495847853990322,lit,3
COC(C)COC(C)CO,1.4718840601919254,lit,1
ClCC(CCl)(CCl)CCl,2.278419626485763,lit,1
N#Cc1c(N)nc(NC2CC2)nc1N,2.531045318563939,lit,1
FC(Cl)(Cl)Cl,2.6366405545909366,lit,2
C=CC(=O)OCCCOCC(COCCCOC(=O)C=C)OCCCO,2.017068137141987,lit,1
O=[N+]([O-])c1ccc2c(c1)CS(=O)(=O)O2,1.6052727556882451,lit,1
O=C(c1ccccc1)c1ccc2n1CC(O)C2O,2.3860742730112614,lit,1
COc1ccc(CC2c3cc(O)c(OC)cc3CCN2C)cc1O,5.156746437311579,lit,1
O=S(=O)([O-])O.O=S(=O)([O-])O.O=[Zr].[Na+].[Na+],2.180925569285519,lit,3
COc1cc([C@H]2Oc3c(O)cc(CCCO)cc3[C@@H]2CO)ccc1O[C@@H]1O[C@@H](C)[C@H](O)[C@@H](O)[C@H]1O,2.1570241236400163,lit,10
CC(=O)Oc1cc(O[C@H](C)CCCc2ccccc2)cc2c1[C@@H]1C[C@H](O)CC[C@H]1[C@H](C)N2,2.9625390849065276,lit,1
O=S(=O)(O)CCNC(CO)(CO)CO,2.707104408157871,lit,1
[Cr],1.204086574103126,lit,1
[Gd],1.6525226097670314,lit,1
O=CN1N=C(c2ccc(F)cc2)CC1c1ccccc1Cl,2.4846487222049194,lit,1
NC(=O)c1ncn([C@@H]2O[C@H](CO)[C@@H](O)[C@H]2O)n1,1.7094320250355455,lit,2
O=C1CCCCCCCCCCCN1,1.9278195876724666,lit,2
CCCCCCCCCCCOCC(C)OCCCCCCCCCCC,2.505928521991445,lit,1
CCc1nn(C)c(C(=O)NCc2ccc(Oc3ccc(C)cc3)cc2)c1Cl,3.202855072937787,lit,4
C[Sn](C)C,4.260113807840735,lit,1
CCCCCCCCCCCCCCCC(=O)OC(CCCl)OC(=O)CCCCCCCCCCCCCCC,2.5184917587965527,lit,3
C[Pb](C)(C)C,3.389040613770631,lit,4
Cc1cc(Cl)ccc1O,0.9110357912764231,lit,1
CC(=O)C1=C2C(CCC1C)C2(C)C,1.759728751285608,lit,1
CCCCC(CC)COS(=O)(=O)[O-].[Na+],1.4417269221558735,lit,1
O=P([O-])(O)O.[Na+],1.466310521744461,lit,1
O=C1c2cc3c(c(O)c2C(=O)c2c(O)ccc(O)c21)[C@]1(O)C[C@H](O)O[C@@H]1O3,2.093754283383057,lit,1
CC[C@H](C)C(=O)O[C@H]1C[C@@H](C)C=C2C=C[C@H](C)[C@H](CC[C@@H]3C[C@@H](O)CC(=O)O3)[C@H]21,1.9079989805860338,lit,1
O=C(NC1CCN(Cc2ccccc2)CC1)c1ccc(F)cc1,2.526211394084494,lit,1
CC1(C)Cc2cccc(O)c2O1.COC(N)=O,4.264946712360997,lit,1
OC[C@H]1O[C@H](O[C@H]2O[C@H](CO)[C@@H](O)[C@H](O)[C@H]2O)[C@H](O)[C@@H](O)[C@@H]1O,1.871645261177731,lit,1
COC(=O)N/N=C/c1c[n+]([O-])c2ccccc2[n+]1[O-],2.4892551683692603,lit,1
N#Cc1ccc(C2N=C(Nc3nc4ccccc4s3)NC(=O)C2C#N)cc1,2.5710248327006124,lit,1
O=C(Oc1ccccc1C(=O)O)c1ccccc1O,2.1109750177611675,lit,1
CC(=O)N[C@H]1[C@H]([C@H](O)[C@H](O)CO)O[C@@](O[C@H]2[C@@H](O)[C@@H](CO)O[C@@H](O[C@H]3[C@H](O)[C@@H](O)[C@H](O)O[C@@H]3CO)[C@@H]2O)(C(=O)O)C[C@@H]1O,1.5007529560649395,lit,2
[3H]c1ccc(N(CCN(C)C)Cc2ccc(OC)cc2)nc1,3.9021828263781657,lit,1
CCOC(C)O.[14CH3][14CH2]O,1.4186464149623137,lit,2
Cc1cc(CCCCCOc2c(Cl)cc(C3=NCCO3)cc2Cl)on1,1.9814505009862957,lit,1
CCOC(=O)Cc1nc(-c2ccc(Cl)cc2)oc1-c1ccco1,2.2197874813315606,lit,1
NC(N)=O.OO,0.6113458247311621,lit,1
COc1cc(/C=C/C(=O)/C=C(O)/C=C/c2ccc(O[C@@H]3O[C@H](CO)[C@@H](O)[C@H](O)[C@H]3O)c(OC)c2)ccc1O[C@@H]1O[C@H](CO)[C@@H](O)[C@H](O)[C@H]1O,2.535053606018365,lit,1
CCCCB(CCCC)CCCC,2.209300495159705,lit,1
COc1cccc(C2CC(c3ccc(F)cc3)=NN2C=O)c1,2.484632329244388,lit,1
S=C=Nc1ccccc1,3.140741549704253,lit,4
C=C(C)[C@@H]1CC=C(CO)CC1,1.8603009223718772,lit,3
CO[AsH2]=O,1.7933772043898433,lit,1
CC(CC(=O)O)CC(=O)O,3.9945133311137644,lit,1
CN(C)C(=O)Oc1ccc[n+](C)c1,3.3551041563908317,lit,4
[O-][Cl+][O-],2.807799093652034,lit,1
c1ccc2nc(-c3nnn[nH]3)ccc2c1,2.394924550354893,lit,1
c1csc(C2(N3CCCCC3)CCCCC2)c1,2.7841844205990363,lit,1
N#C[C@H](O[C@@H]1O[C@H](C(=O)O)[C@@H](O)[C@H](O)[C@H]1O)c1ccccc1,2.6290264500678324,lit,4
CN1C[C@@H]2C[C@H]1CN2c1cc2c(cc1F)c(=O)c(C(=O)O)cn2C1CC1,2.252106324878513,lit,1
CC(=O)C(NC(=O)C(C)C(O)C(C)NC(=O)C(NC(=O)c1nc(C(CC(N)=O)NCC(N)C(N)=O)nc(N)c1C)C(O[C@@H]1O[C@@H](CO)[C@@H](O)[C@H](O)[C@]1(C)O[C@@H]1OC(CO)[C@H](O)[C@](O)(C(N)=O)[C@H]1O)c1cnc[nH]1)C(=O)NCCC1=NC(c2nc(C(N)=O)cs2)CS1,3.3104275244355374,lit,2
C=CCOC(O)CC,2.356635703221306,lit,1
NC(=O)OCC(COC(N)=O)c1ccccc1,1.6780501448231,lit,1
C/C=C/C=O,2.4654510144680266,lit,3
CN1CCC(OC(=O)C(C)(c2ccccc2)c2ccccc2)CC1,3.341585610506393,lit,1
COc1cc(C=O)ccc1O.COc1cc(C=O)ccc1O,1.8836343191766578,lit,1
CCCC[Sn]CCCC,3.3672496643139658,lit,1
CCCCCCCCCC[N+](C)(C)CCCCCCCCCC.[Cl-],3.14051044189194,lit,7
CC1(C)C(=O)[C@]2(C)CC[C@H]1C2,1.6372148631915933,lit,2
CN(C)c1ccc(C(=C2C=CC(=[N+](C)C)C=C2)c2ccccc2)cc1.CN(C)c1ccc(C(=C2C=CC(=[N+](C)C)C=C2)c2ccccc2)cc1.O=C(O)C(=O)O.O=C([O-])C(=O)O.O=C([O-])C(=O)O,3.522298202860344,lit,2
CCCCCCCCCCCCCCCCCCCCC,1.7195570042713468,lit,1
C=CCCC(=O)C1=CCCC(C)(C)C1,1.4052897006621685,lit,1
O=C1OC2(c3ccc(O)cc3Oc3cc(O)ccc32)c2ccccc21,1.694110821924375,lit,3
COc1ccc(/C=C2\CCCN=C2c2cccnc2)c(OC)c1,2.7023361902640004,lit,1
CC(CCc1ccccc1)NCC(O)c1ccc(O)c(C(N)=O)c1,2.215389021962985,lit,1
CC1(C)S[C@@H]2[C@H](NC(=O)C3(N)CCCCC3)C(=O)N2[C@H]1C(=O)O,1.8334677681384455,lit,1
O=[N+]([O-])/N=C1\NCCN1Cc1ccc(Cl)nc1,2.7544587643203537,lit,2
OC[C@H]1O[C@@H]2O[C@H]3[C@H](O)[C@@H](O)[C@@H](O[C@H]4[C@H](O)[C@@H](O)[C@@H](O[C@H]5[C@H](O)[C@@H](O)[C@@H](O[C@H]6[C@H](O)[C@@H](O)[C@@H](O[C@H]7[C@H](O)[C@@H](O)[C@@H](O[C@H]8[C@H](O)[C@@H](O)[C@@H](O[C@H]1[C@H](O)[C@H]2O)O[C@@H]8CO)O[C@@H]7CO)O[C@@H]6CO)O[C@@H]5CO)O[C@@H]4CO)O[C@@H]3CO,1.7808330379389439,lit,5
NCCc1ccc(O)c(O)c1,1.7380468690269275,lit,1
Oc1cccc(O)c1O,1.9868096171445013,lit,1
C[C@@H]1Cc2c(Cl)cc(C(=O)O)c(O)c2C(=O)O1,4.108296043169031,lit,1
[SiH3]Cl,2.2499177444604226,lit,2
O=C1OC2(c3ccccc31)c1cc(I)c(O)c(I)c1Oc1c2cc(I)c(O)c1I,2.6573339044479805,lit,2
O=C(N[C@H](CO)[C@H](O)c1ccc([N+](=O)[O-])cc1)C(Cl)Cl,2.6687094073164297,lit,3
O=C(Nc1cccc(C(F)(F)F)c1)c1cc(Cl)ccc1OCCc1nnn[nH]1,2.915685752750594,lit,1
CCC/C=C/COC(=O)c1ccccc1O,1.6965476822628598,lit,1
CC1=CC(=O)C=C[C@]2(C)[C@H]3[C@@H](O)C=C(C)[C@@]4(Cc5c(c(C)c(C)oc5=O)O4)[C@]3(C)CC[C@@H]12,4.941061998548722,lit,1
CCCCCCCNC(=O)Oc1ccc2c(c1)[C@]1(C)CCN(C)[C@@H]1N2C,4.193987971091741,lit,1
C=COOOCCCCCCCCCCCC.O=S(=O)([O-])[O-].[Na+].[Na+],2.3269859603965792,lit,2
[Ca],1.3151043110069094,lit,1
CC(C)NCC(O)c1ccc(NS(C)(=O)=O)cc1,1.8973401757447257,lit,1
Sc1cnn[nH]1,2.36669755382528,lit,1
O=S([O-])S(=O)(=O)[O-].[K+].[K+],2.091715795884395,lit,3
CCN[C@H]1C[C@H](C)S(=O)(=O)c2sc(S(N)(=O)=O)cc21,2.226264725281295,lit,1
C[C@H]1[C@H](C)CC[C@]2(C(=O)O)CC[C@]3(C)C(=CC[C@@H]4[C@@]5(C)CC[C@H](O)C(C)(C)[C@@H]5CC[C@]43C)[C@H]12,1.4777978838806867,lit,1
COc1ccc2c(=O)oc3c(OC)cc(CCN(C)C)c4c(=O)oc1c2c34.Cl,3.608348428586517,lit,3
OC[C@@H](O)[C@@H](O)[C@H](O)[C@@H](O)CO,1.0407600125898218,lit,2
O=C([O-])CCCO,1.8257253071783657,lit,1
[Cl-].[K+],1.4454545145397752,lit,3
C[C@@H]1O[C@@H](O[C@H]2[C@H](O[C@H]3CC[C@@]4(C)[C@@H](CC[C@]5(C)[C@@H]4CC=C4[C@@H]6CC(C)(C)CC[C@]6(C(=O)O)CC[C@]45C)[C@]3(C)CO)OC[C@H](O)[C@@H]2O)[C@H](O)[C@H](O[C@@H]2O[C@H](CO)[C@@H](O[C@@H]3O[C@H](CO)[C@@H](O)[C@H](O)[C@H]3O)[C@H](O)[C@H]2O)[C@H]1O,3.9274318411698954,lit,1
CC(=O)[C@H](O)[C@@H](O)[C@H](O)[C@H](O)CO.CCCCCCCC/C=C\CCCCCCCC(=O)O.CCCCCCCC/C=C\CCCCCCCC(=O)O.CCCCCCCC/C=C\CCCCCCCC(=O)O,2.336454313472667,lit,1
NC(N)=NCCN1CCCCCCC1,2.2973533743572347,lit,1
CN1CC[C@H](c2c(O)cc(O)c3c(=O)cc(/C=C/c4c(Cl)cccc4Cl)oc23)[C@H](O)C1,2.6649511358022724,lit,1
[Mg],0.4772106065319113,lit,1
N[C@@H](COP(=O)(O)O)C(=O)O,2.1533973659310828,lit,1
Cn1c(=O)c2c(ncn2CCN2CCN(c3ccccc3Cl)CC2)n(C)c1=O,2.152293731386006,lit,2
O=[N+]([O-])c1ccc(N2CCCN(C(=S)Nc3ccc(F)cc3Br)CC2)nc1,2.9743195970202403,lit,1
O=C([O-])CC(O)(CC(=O)[O-])C(=O)[O-].[Na+].[Na+].[Na+],1.583720774734763,lit,1
O=[Sn]=O,3.5870745811449805,lit,1
O=[N+]([O-])[O-].[Na+],1.4193797556109526,lit,5
O=C1Nc2ccc(Cl)cc2C(c2ccccc2)=NC1O,1.758484954237554,lit,1
Cc1cc(C(C)C)ccc1O,2.2682456298122466,lit,1
Clc1ccc(-c2csc(NN=C3CCc4cc(Br)ccc43)n2)cc1,2.718061618841372,lit,2
CCCCCCc1c(CC)c(CC)cc(C(=O)[O-])c1C(=O)[O-],1.0063034187975006,lit,1
C=C1C[C@@]23CC[C@H]4[C@@](C)(CCC[C@@]4(C)C(=O)O)[C@@H]2CC[C@]1(O)C3,1.3665501635172133,lit,2
CCC(CC)(N=O)C(N)=O,2.137697648729397,lit,1
Cc1ccc(-c2c(Cl)ncn2-c2ccc(S(C)(=O)=O)cn2)cc1,1.8423932866598505,lit,1
CCN1C[C@]2(COC)[C@H](O)C[C@H](OC)[C@]34C1[C@H]([C@H](OC)[C@H]23)[C@]1(O)[C@H]2[C@@H](O)[C@](O)(C[C@H]24)[C@@H](OC)[C@@H]1O,2.0965633076576573,lit,1
O=Cc1ccc2n1CC=C2C(=O)O,2.1691819741330143,lit,1
COc1cc(/C=C/C(=O)O)ccc1OCc1cn(CC(=O)Nc2ccc(C)cc2)nn1,2.225573573418138,lit,1
O=C([O-])C(F)(F)C(F)(F)C(F)(F)C(F)(F)C(F)(F)C(F)(F)C(F)(F)F,2.9365810384396545,lit,9
CCCCCCCCCCCC[NH+](C)C.[Cl-],2.8876412470342587,lit,2
CCCOS(=O)(=O)CCCS(=O)(=O)O,1.2011432931862824,lit,3
CCc1c2c(nc3ccc(OC(=O)N4CCC(NCCCCC(=O)O)CC4)cc13)-c1cc3c(c(=O)n1C2)COC(=O)[C@]3(O)CC,2.6703742627045712,lit,2
CC(=O)[O-].CC(=O)[O-].[Ca+2],1.567669362491395,lit,1
COc1ccc(O)c([N+](=O)[O-])c1[N+](=O)[O-],3.203903024488486,lit,1
C#CC(C)(O)CCC=C(C)C,1.691158523271524,lit,3
CSC(C)=NOC(=O)NSNC(=O)ON=C(C)SC,3.7636608860014538,lit,1
C=CC(=C)CCC=C(C)C,1.435328255138936,lit,1
C1N2CN3CN1CN(C2)C3,2.393900604555704,lit,3
O=C1NS(=O)(=O)c2ccccc21.[Na],1.0837934011194958,lit,3
O=C(O)c1ccc2c(c1)C(=O)OC2=O,1.854641850945105,lit,1
CCCCC(O)Cn1ncc(C(=O)OCC)c1NC(=S)NC(=O)c1ccc(F)cc1,2.250827118110143,lit,1
CCOP(=S)(OCC)O/C(C)=C/C(=O)OC,4.337610651533966,lit,3
C=C(C)C(Cc1c(OC)ccc(C(=O)/C=C/c2ccc(O)cc2)c1O)OO,2.0004704264426203,lit,1
C=C(C)C(=O)OCCCO,1.1096568757858152,lit,1
COC(=O)C(C(=O)OC)C1CCS(=O)(=O)C1,1.416141031168329,lit,4
O=CCCC[14CH]=O,3.026341664541868,lit,1
CC(O)COC(C)(C)C,1.5447847780288946,lit,1
CC1(C)NC(=O)[C@H](CCCCCC(=O)C2CO2)NC(=O)[C@H]2CCCN2C(=O)[C@H](Cc2ccccc2)NC1=O,3.572289781491275,lit,2
COc1ccc(C2C(=O)Oc3cc(OC)c(O)cc32)cc1,1.692619427208648,lit,1
COC(=O)C1=CO[C@@H](O[C@@H]2O[C@H](CO)[C@@H](O)[C@H](O)[C@H]2O)[C@@H]2C(CO)=CC[C@H]12,2.4335745750819524,lit,3
CCOC(=O)c1cnn(CC(O)CC)c1NC(=S)NC(=O)c1ccccc1F,2.221978132371225,lit,1
Fc1ccc([C@@]2(Cn3cncn3)O[C@@H]2c2ccccc2Cl)cc1,1.918872064953347,lit,2
CN(CCO)c1nc(Nc2ccccc2)nc(Nc2ccc(/C=C/c3ccc(Nc4nc(Nc5ccccc5)nc(N(C)CCO)n4)cc3S(=O)(=O)[O-])c(S(=O)(=O)[O-])c2)n1.[Na+].[Na+],3.1391046233641333,lit,1
CCCC(O)Cn1ncc(C(=O)OCC)c1NC(=S)NC(=O)c1ccccc1,2.2177438522383626,lit,1
CC(Cl)(CCl)OP(=O)(OC(C)(Cl)CCl)OC(C)(Cl)CCl,5.078081048407366,lit,1
CC(C)[O-].CC(C)[O-].CC(C)[O-].CC(C)[O-].[Ti+4],1.5941545488988926,lit,1
Oc1ccc(C(=S)Nc2ccccc2Cl)c(O)c1,2.522229272538146,lit,1
O[C@H](CS)[C@H](O)CS,2.586182074189073,lit,2
[Al]#P,3.6839171577032994,lit,2
Cc1cc(Br)c2c(c1NC(=O)c1cc3cc(F)ccc3[nH]1)C(=O)c1ccccc1C2=O,2.769760571157915,lit,1
O=S(=O)([O-])[O-].O=S(=O)([O-])[O-].O=S(=O)([O-])[O-].[Ga+3].[Ga+3],2.33004324737606,lit,1
C/C=C/c1cc2c(o1)C(=O)[C@](C)(OC(=O)c1c(C)cc(O)cc1O)[C@H](O)C2,2.792826933267999,lit,1
COc1ccc([C@@H]2CC(=O)c3c(O)cc(O)cc3O2)cc1O,2.514270554255463,lit,1
CCCCCCCCCCCCCC(=O)NCCC[N+](C)(C)Cc1ccccc1.[Cl-],2.5634098837413446,lit,2
CCc1ccccc1NC(=O)Oc1ccc2c(c1)[C@]1(C)CC[N@@+](C)([O-])[C@@H]1N2C.Cl,4.808197464332116,lit,1
[Se],2.8974071396615804,lit,5
CCCC[N+](CCCC)(CCCC)CCCC.[I-],2.2686144218156237,lit,1
COc1ccc2c(c1)OC(=O)C2c1cc(OC)c(OC)c(OC)c1,2.2008925706977367,lit,1
[K+].[O-][I+3]([O-])([O-])[O-],2.511623233252009,lit,6
CC(N)Cc1ccccc1.O=S(=O)(O)O,3.3820189041946307,lit,3
CC(=O)O.CC(=O)O.[Cr],1.86194972525373,lit,1
C=C(C)[C@@H]1CCC(C)=C[C@H]1c1c(O)cc(CCCCC)cc1O.CCCCCc1cc(O)c2c(c1)OC(C)(C)[C@@H]1CCC(C)=C[C@@H]21,2.895517848302269,lit,1
O[Sn](c1ccccc1)(c1ccccc1)c1ccccc1,3.331712552864238,lit,14
CC[N+]1(CCOC(=O)C(O)(c2ccccc2)c2ccccc2)CCCCC1.[Br-],1.951293993456909,lit,2
COC(C)(C)OC(C)=O,1.1908618575915049,lit,2
C=C1[C@@H]2CCC3[C@@]4(C)CC(OC5OC(CO)C(OS(=O)(=O)O)C(OS(=O)(=O)O)C5OC(=O)CC(C)C)CC(C(=O)[O-])(C(=O)[O-])C4CC[C@@]3(C2)[C@@H]1O.[K+].[K+],3.3838179296947173,lit,1
O=[N+]([O-])[O-].O=[N+]([O-])[O-].[Cu+2],2.299998477267224,lit,1
CCO[C@@H](Cc1ccc(OCCc2ccc(OS(C)(=O)=O)cc2)cc1)C(=O)O,2.0548597910380755,lit,2
Cc1cccc(C)c1NC(=O)C(C)N,2.2047122096879552,lit,1
CC(C(=O)NCCc1cccc(Cl)c1)c1ccc(-c2ccccc2)c(F)c1,2.9881956406713943,lit,1
CC(O)CO.CCCCO.OCCO,1.0130541335555332,lit,1
[N-]=[N+]=[N-].[Na+],3.3816230822549236,lit,4
Cc1cc(N)ccc1N.O=S(=O)(O)O,3.343002793356879,lit,4
CCOC(=O)c1cnn(CC(O)CC)c1NC(=S)NC(=O)c1cccc(F)c1,2.221978132371225,lit,1
O=C(NCc1ccc([N+](=O)[O-])cc1[N+](=O)[O-])c1ccccc1Cl,3.094591458166249,lit,1
CCc1cc(CC)c2oc(C(=O)O)cc(=O)c2c1O,2.5156437258473936,lit,1
CC[C@H](C)[C@H]1O[C@]2(C=C[C@@H]1C)C[C@@H]1C[C@@H](C/C=C(\C)[C@@H](O[C@H]3C[C@H](OC)[C@@H](O[C@H]4C[C@H](OC)[C@@H](NC)[C@H](C)O4)[C@H](C)O3)[C@@H](C)/C=C/C=C3\CO[C@@H]4[C@H](O)C(C)=C[C@@H](C(=O)O1)[C@]34O)O2.O=C(O)c1ccccc1,4.08711686656726,lit,8
O=c1oc2ccccc2c(O)c1C(c1ccc(Cl)c(Cl)c1)c1c(O)c2ccccc2oc1=O,2.0030456235568876,lit,2
COc1cc(/C=C/C(=O)O[C@H](C(=O)[O-])[C@](O)(Cc2ccc(O)cc2)C(=O)[O-])cc(OC)c1O,3.186005570471495,lit,1
[O-][NH+]1c2ccccc2[As](O[As]2c3ccccc3Nc3ccccc32)c2ccccc21,3.7937937496061673,lit,1
O=C(O)Cc1nc(-c2ccc(F)cc2)oc1-c1ccsc1,2.180862460747655,lit,1
[Br-].[Br-].c1cc[n+]2c(c1)-c1cccc[n+]1CC2,3.1135396038851804,lit,5
CC(=O)[C@H]1CC[C@H]2[C@@H]3CCC4=CC(=O)CC[C@]4(C)[C@H]3CC[C@]12C,1.7986078352942125,lit,1
CC(C)(C)C(O)C(Oc1ccc(-c2ccccc2)cc1)n1cncn1,2.0096607425027835,lit,1
CN(C)CCC(O)(P(=O)(O)O)P(=O)(O)O,2.1084049510607503,lit,1
Oc1ccc2c(c1)[C@@]13CCCC[C@@]1(O)[C@@H](C2)N(CC1CCC1)CC3,2.693655338969065,lit,1
Cl[Ce](Cl)Cl,1.9446148439438047,lit,1
O=C[C@H](O)[C@@H](O)[C@H](O)[C@H](O)CO,0.8440290246835294,lit,8
O=S(=O)([O-])c1cc(-n2nc3ccc4ccccc4c3n2)ccc1/C=C/c1ccccc1.[Na+],2.7496078242185513,lit,1
CC(C)(O)CC[C@@H](O)[C@](C)(O)[C@H]1CC[C@@]2(O)C3=CC(=O)[C@@H]4C[C@@H](O)[C@@H](O)C[C@]4(C)[C@H]3CC[C@]12C,3.123949913955124,lit,2
O=NCNCc1ccccc1,3.9213424867052877,lit,1
CCCCCCOC[n+]1ccn(C)c1.F[B-](F)(F)F,2.3073523699537994,lit,1
CC(C)(C)NN.Cl,2.2629018006958637,lit,2
N#Cc1nn(-c2c(Cl)cc(C(F)(F)F)cc2Cl)c(N)c1[S@+]([O-])C(F)(F)F,3.6538607353893724,lit,27
[Mn+2],1.5637815859674504,lit,1
CCCCCCCCCCCCOS(=O)(=O)[O-].[Na+],2.3500568043043004,lit,17
C1CO1.CC1CO1,1.0369632504493373,lit,3
CCB(CC)CC,2.620149350177625,lit,1
CC[C@H](C)[C@H]1O[C@]2(C=C[C@@H]1C)C[C@@H]1C[C@@H](C/C=C(\C)[C@@H](O[C@H]3C[C@H](OC)[C@@H](O[C@H]4C[C@H](OC)[C@@H](O)[C@H](C)O4)[C@H](C)O3)[C@@H](C)/C=C/C=C3\CO[C@@H]4[C@H](O)C(C)=C[C@@H](C(=O)O1)[C@]34O)O2.CO[C@H]1C[C@H](O[C@H]2[C@H](C)O[C@@H](O[C@@H]3/C(C)=C/C[C@@H]4C[C@@H](C[C@]5(C=C[C@H](C)[C@@H](C(C)C)O5)O4)OC(=O)[C@@H]4C=C(C)[C@@H](O)[C@H]5OC/C(=C\C=C\[C@@H]3C)[C@]54O)C[C@@H]2OC)O[C@@H](C)[C@@H]1O,5.2178899077587,lit,12
O=C([O-])[O-].[K+].[K+],1.8686790063481928,lit,1
CCC(=O)N1[C@H](C)CN(C/C=C/c2ccccc2)C[C@@H]1C,2.4558579486791023,lit,8
C=C1CC[C@H](O)C/C1=C/C=C1\CCC[C@]2(C)[C@@H]([C@H](C)CCCC(C)C)CC[C@@H]12,3.492048902266463,lit,2
Cc1cc(NS(=O)(=O)c2ccc(-n3cnc4c(I)c(C)c(I)cc4c3=O)cc2)no1,2.644405091756162,lit,1
CCCC/C=C\CCCCCCOC(C)=O,1.226723672594575,lit,1
C[As](C)(=O)[O-].[Na+],1.9481240119630416,lit,6
O1[As]2O[As]3O[As]1O[As](O2)O3,3.988867690511483,lit,12
CCCCOC(COC(=O)c1ccccc1C(=O)[O-])OCCCC,1.6038554946303307,lit,1
C1=CC(c2ccc(C3CC=CCC3)cc2)CCC1,1.3666642346191757,lit,2
CN(C)C(=O)Cn1cc(CN2C(=O)c3ccccc3C2=O)nn1,2.797013955199037,lit,1
N[C@@H](CCC(=O)O)C(=O)[O-].[NH4+],1.444417977337575,lit,1
N#Cc1c(-c2nnc(Nc3ccccc3)s2)nn(-c2ccccc2)c1-c1ccccc1,3.2572693648080215,lit,1
c1ccc2cc3cc4c(cc3cc2c1)sc1c2cc3cc5ccccc5cc3cc2sc41,2.148631044086627,lit,2
C[C@H]1[C@H](C)CC[C@]2(C(=O)O)CC[C@]3(C)C(=CC[C@@H]4[C@@]5(C)C[C@@H](O)[C@H](O)[C@@](C)(CO)[C@@H]5CC[C@]43C)[C@H]12,2.503791571714698,lit,1
C[N+](C)(C)CCO,1.486276254219994,lit,1
Cl[Fe]Cl.O.O.O.O,2.6452278959999282,lit,1
N#Cc1ccc(C2N=C3SCC=C(N)N3C(=O)C2C#N)cc1,2.6453576958798157,lit,1
CN1CC2CC1C[C@H](OC(=O)C(C)(c1ccccc1)c1ccccc1)C2,3.28766008420674,lit,1
CCOc1ccc2c(C)cc(=O)oc2c1,2.125417473914066,lit,1
CP(=O)([O-])CCC(N)C(=O)O.[NH4+],2.071187810474901,lit,7
C[C@]12CCC(=O)C=C1[C@@H]1C[C@@H]1[C@@H]1[C@@H]2CC[C@@]2(C)[C@H]1CC[C@@]2(O)CCC(=O)[O-].[K+],2.3648207256926157,lit,2
CC(C)(C)[O-].[Na+],2.150237070341306,lit,1
CN1CCC(OC(=O)C(C)(c2ccccc2)c2ccccc2)C1,3.360843049980757,lit,1
CN[C@H]1CC[C@@H](c2ccc(Cl)c(Cl)c2)c2ccccc21,3.1990406095928927,lit,2
Cl.O=C1CC2(CCCC2)CC(=O)N1CCCCN1CCN(c2ncccn2)CC1,2.813709657588364,lit,9
O=P1([O-])OP(=O)([O-])OP(=O)([O-])OP(=O)([O-])OP(=O)([O-])OP(=O)([O-])O1.[Na+].[Na+].[Na+].[Na+].[Na+].[Na+],2.3536160457449946,lit,5
CC(C)OC(=O)CCCCC(=O)OC(C)C,4.0612714853434175,lit,1
CC(=O)Oc1ccccc1C(=O)Nc1ncc([N+](=O)[O-])s1,2.2834242048452027,lit,1
O=C1CC(=O)NC(=O)N1,1.397895932834703,lit,1
CCOP(=S)(OCC)O/N=C(/C#N)c1ccccc1,2.0160212278908234,lit,1
CC(C)(C)c1ccc(O)c(C(C)(C)C)c1,2.0135302776549695,lit,3
COc1cc([C@H]2Oc3cc([C@H]4Oc5cc(O)cc(O)c5C(=O)[C@@H]4O)ccc3O[C@@H]2CO)ccc1O,1.6834442089934476,lit,3
CCN(CC)C(=NP(C)(=O)F)N(CC)CC,3.6527564853535237,lit,3
C1CCC2=NCCCN2CC1,2.5312536139677326,lit,2
CCCCCCCCCCCCN(CCC(=O)[O-])CCC(=O)O.[Na+],1.0503352741945413,lit,1
O=C1C=CCCCCCCCCCCCCC1,1.3736456350882342,lit,1
[O-][N+]1=c2ccccc2=[As]c2ccccc21,3.491064523283142,lit,1
CCN(CC)C(=O)Cn1cc(CN2C(=O)c3ccccc3C2=O)nn1,2.8342566200146853,lit,1
ClNc1ccccc1,1.935500457367226,lit,1
COc1cc(/C=C/C(=O)O)ccc1OCc1cn(CC(=O)Nc2ccccc2[N+](=O)[O-])nn1,2.3033455059270955,lit,1
[149Tb],1.6288944493827882,lit,1
CCC[S-](CCC)P([O-])(=S)OCC,3.595560740170038,lit,1
Oc1ccc(-c2[o+]c3c(Cl)c(O)c(Cl)c(O)c3c(Cl)c2O)cc1O,2.905970486317821,lit,1
Nc1ccc(N(CCO)CCO)cc1,2.871205738547459,lit,1
C=C(C)[C@H]1Cc2c(ccc3c2O[C@@H]2COc4cc(OC)c(OC)cc4[C@@H]2C3=O)O1,3.475388300828639,lit,23
CCCCc1cc([N+](=O)[O-])cc(CCCC)c1O,2.724146160187277,lit,2
CC/C=C\CCO,1.0668765349003675,lit,2
O=C(O)/C=C/c1ccc(O)cc1,1.7604224834232123,lit,3
[CH2]Cc1ccccc1,2.2089372207914693,lit,1
[2H]C([2H])([2H])C([2H])([2H])OP(=S)(OC([2H])([2H])C([2H])([2H])[2H])SCCSCC,5.15301261091926,lit,1
[Cl-].[Cl-].c1cc[n+]2c(c1)-c1cccc[n+]1CC2,3.043180188534021,lit,1
CC1(OO)C=C(C(C)(C)C)C(=O)C(C(C)(C)C)=C1,2.138374124429129,lit,1
C=CC(C)(CCC=C(C)C)OC(=O)c1ccccc1,1.7132569524982508,lit,1
N#C/C=C/C#N,2.771932499131376,lit,1
Cc1ccc(C(C)C)c(O)c1.Cc1ccc(C(C)C)cc1O,2.4865345686623828,lit,1
CCC1(c2ccccc2)C(=O)N=C([O-])NC1=O.[Na+],2.986578735368337,lit,13
C=CCSSSCC=C,3.5522958040711625,lit,1
O=C([O-])COc1ccc(Cl)cc1Cl.[Na+],2.5621695744282604,lit,1
CCc1nn(C)c(C(=O)NCc2ccc(Oc3ccc(C(=O)O)cc3)cc2)c1Cl,4.304218860960793,lit,2
Br.CCN1C[C@]2(OC(=O)c3ccccc3NC(C)=O)CC[C@H](OC)[C@@]34[C@@H]2C[C@@H]([C@@H]13)[C@@]1(O)C[C@H](OC)[C@H]2C[C@@H]4[C@]1(O)[C@H]2OC,4.522197672066859,lit,1
c1ccc2sccc2c1,2.0273916791273567,lit,1
Cc1cn([C@H]2C[C@H](O)[C@@H](COP(=O)(O)O)O2)c(=O)[nH]c1=O,1.797319557924372,lit,1
COc1cc([C@@H]2c3cc4c(cc3C[C@H]3COC(=O)[C@@H]32)OCO4)cc(OC)c1OC,1.5211500746010032,lit,1
CC(C)[C@@H]1NC(=O)[C@H](C)OC(=O)[C@@H](C(C)C)NC(=O)[C@@H](C(C)C)OC(=O)[C@H](C(C)C)NC(=O)[C@H](C)OC(=O)[C@@H](C(C)C)NC(=O)[C@@H](C(C)C)OC(=O)[C@H](C(C)C)NC(=O)[C@H](C)OC(=O)[C@@H](C(C)C)NC(=O)[C@@H](C(C)C)OC1=O,5.443786173112622,lit,1
CCCCCCCCCCOC(=O)CCCCC(=O)OCCCCCCCCCC,2.1182209611268363,lit,1
Clc1ccc(C(c2ccc(Cl)cc2)C(Cl)(Cl)Cl)cc1.Clc1ccc(C(c2ccccc2Cl)C(Cl)(Cl)Cl)cc1,3.3613800408618904,lit,7
CCC(C)C1(CC)C(=O)NC(=O)NC1=O,3.2282019269481443,lit,1
O=S(=O)([O-])[O-].[Co+2],2.347625200788319,lit,4
COC1=C(OC)C(=O)C(CC=C(C)CCC=C(C)CCC=C(C)CCC=C(C)CCC=C(C)CCC=C(C)CCC=C(C)CCC=C(C)C)=C(C)C1=O,2.937330985295368,lit,1
CCOC(=O)c1cnn(CC(C)O)c1NC(=S)NC(=O)c1cccc(F)c1,2.206801653075691,lit,1
CCCCCCCCCCCCCCCCOCCOCCOCCOCCOCCOCCOCCOCCOCCOCCOCCOCCOCCOCCOCCOCCOCCOCCOCCOCCO,2.4954813340530215,lit,3
Cc1ccc2c(c1)[C@@]13CCCC[C@H]1[C@@H](C2)N(C)CC3.O=P(O)(O)O,2.6672187615817835,lit,2
Cc1ccccc1C,1.469691135397981,lit,5
CCCC(CCC)C(=O)[O-].[Na+],2.0374959646480164,lit,6
CCOC(=O)C(=O)Nc1cccccc1=O,2.0704198867225454,lit,1
[I],2.9908206703613995,lit,2
CC(=O)OCCOCCO,0.7591054008285556,lit,1
ON=C(O)c1ccccc1,1.961066552434347,lit,1
CC(=O)N(O)CCC[C@@H]1NC(=O)CNC(=O)CNC(=O)CNC(=O)[C@H](CCCN(O)C(C)=O)NC(=O)[C@H](CCCN(O)C(C)=O)NC1=O,1.6011674487595329,lit,1
O=C([O-])c1cc(C(=O)[O-])c2c(n1)C(=O)C(=O)c1cc(C(=O)[O-])[nH]c1-2.[H+].[Na+].[Na+],2.0060449191415715,lit,3
CC(=O)[O-].[K+],1.4799715430849492,lit,2
B,2.3327995804181016,lit,1
O=P(O)(O)OC(CO)CO,1.5367427261256283,lit,1
O=C([O-])O.[Na+],1.1933101305151963,lit,5
CC1(C)[C@H](C(=O)OCc2coc(Cc3ccccc3)c2)[C@@H]1C=C1CCSC1=O,2.6482323363836184,lit,2
CCCC[Sn](CCCC)CCCC,3.3493862343889753,lit,6
C[C@@H]1CN(CCCn2c3ccccc3c3ccccc32)C[C@H](C)N1,2.5495304612262863,lit,1
Cc1cccc(C)c1NC(=O)[C@]1(C)CCCC2(C)C3=C(CCC21)CC(C(C)C)CC3,1.6102789236870403,lit,1
CCOC(=O)c1cnn(CC(O)CC)c1NC(=S)NC(=O)c1ccccc1,2.202416026862618,lit,1
O=S(=O)([O-])c1cc(O)ccc1O.O=S(=O)([O-])c1cc(O)ccc1O.[Ca+2],1.7118342396872945,lit,2
CCCCCCCCCCCCCCCC(=O)OC,1.3207917332803558,lit,2
O=C(COC(=O)c1ccccc1Nc1cccc(C(F)(F)F)c1)NNS(=O)(=O)c1ccccc1,2.392224599035209,lit,1
CCOC(=O)C[C@H](SP(=S)(OC)OC)C(=O)OCC,1.51899271584818,lit,2
OB(O)O,1.253401222941673,lit,23
C=CC1=C(C(=O)O)N2C(=O)C(NC(=O)C(=NOCC(=O)O)c3csc(N)n3)C2SC1.O.O.O,4.705438613835684,lit,1
O=C(COc1ccc(Cl)c(Cl)c1)NCCN1CCOCC1,2.6534928236358266,lit,1
CN(C)c1ccc(C(=C2C=CC(=[N+](C)C)C=C2)c2ccccc2)cc1.[Cl-],3.1228649723614943,lit,5
COc1ccc(CCN(C)CCCC2(c3ccc(OC)c(OC)c3)S(=O)(=O)CCCS2(=O)=O)cc1OC,2.488856392807819,lit,1
O=C(O)C(Br)Br,2.098345784370573,lit,3
CO/N=C1\CN(c2nc3c(cc2F)c(=O)c(C(=O)O)cn3C2CC2)CC1CN,2.386261465497505,lit,1
CN1CCCC1=O.CN1CCCC1=O,1.679200148111463,lit,1
C[C@@H](O)[C@H](N)C(=O)[O-].C[C@@H](O)[C@H](N)C(=O)[O-].[Zn+2],2.0131233095416308,lit,4
CCCCCCCCCCCCOS(N)(=O)=O.[Na],2.3500929456912485,lit,1
CCC/C=C/C=O,2.011864807770298,lit,12
CC(C)CC(=O)C1C(=O)c2ccccc2C1=O,3.3622241586034702,lit,1
CC(C)(CO)Cc1ccccc1,1.9210338638251594,lit,3
FC(F)(F)c1ccnc(NCCNC(=S)NCc2ccco2)n1,3.5725874891220597,lit,1
CC[Pb](CC)(CC)CC,4.358128239232491,lit,10
NC(=S)NN=Cc1ccc([N+](=O)[O-])cc1,3.651752764006117,lit,1
Clc1ccc(COC(Cn2ccnc2)c2ccc(Cl)cc2Cl)c(Cl)c1,2.705549608147602,lit,2
O=C([O-])c1ccccc1.[Na+],1.6655866415361058,lit,6
CCCCCc1cc(O)c2c(c1)OC(C)(C)[C@@H]1CCC(C)C[C@@H]21,2.50035313118875,lit,2
CC(C)=CCC/C(C)=C/C=O,1.4898617941176089,lit,2
CC(C)SP(=O)([O-])[O-],2.935025694201045,lit,2
CN1CCC2CC1C[C@@H](OC(=O)C(C)(c1ccccc1)c1ccccc1)C2,3.241191305860761,lit,1
CN1CCCC(COC(=O)C(C)(c2ccccc2)c2ccccc2)C1,3.4896060010641308,lit,1
OCCOC[C@H]1O[C@H](OCCO)[C@H](OCCO)[C@@H](OCCO)[C@@H]1OCCO.OC[C@H]1O[C@H](O)[C@H](O)[C@@H](O)[C@@H]1O,2.0792388489028286,lit,1
CN1CCCCC1COC(=O)C(C)(c1ccccc1)c1ccccc1,3.106622236144003,lit,1
CCCC(O)Cn1ncc(C(=O)OCC)c1NC(=S)NC(=O)c1ccc(F)cc1,2.236642126040229,lit,1
OC(c1ccc(F)cc1)C(Cl)(Cl)Cl,2.325786856560778,lit,1
COc1ccc(C2C(=O)Oc3cc(OC)c(OC)cc32)cc1OC,2.17851179082038,lit,1
CC/C=C\C1=C(CC2=NC(C)(C)C(=O)O2)CCCC1,2.3380661836981416,lit,1
C[S+](C)C.O=C([O-])CNCP(=O)(O)O,2.104894357558022,lit,2
O=C(/C=C/c1ccc(O)c(O)c1)OC[C@H]1O[C@@H](OCCc2ccc(O)c(O)c2)[C@H](O)[C@@H](O)[C@@H]1O,1.9347617673360413,lit,1
O=Cc1c2ccccc2nc2ccccc12,3.4133668314092986,lit,1
C#C[C@]1(O)CC[C@H]2[C@@H]3CCc4cc(O)ccc4[C@H]3CC[C@@]21C,2.3927116053229556,lit,2
Cl[Al](Cl)Cl,1.5650570827869812,lit,8
Cc1oc(=O)oc1CN1CCN(c2cc3c(cc2F)c(=O)c(C(=O)O)c2n3C(C)S2)CC1,1.96517440972428,lit,4
NC(N)=[Se],3.3909951273963195,lit,1
N=C(NCCCCCCNC(=N)NC(=N)Nc1ccc(Cl)cc1)NC(=N)Nc1ccc(Cl)cc1.O=C(O)[C@H](O)[C@@H](O)[C@H](O)[C@H](O)CO.O=C(O)[C@H](O)[C@@H](O)[C@H](O)[C@H](O)CO,2.4760428666499408,lit,1
CC(COCCO)OCCO,0.8651277793527883,lit,1
CCCC[C@](C#N)(Cn1cncn1)c1ccc(Cl)cc1,2.211371762447284,lit,1
COc1cc(CNC(=O)CCCC/C=C/C(C)C)ccc1O,3.308803369834698,lit,30
CC(C)(C)Nc1ccccc1,2.7577817796245303,lit,2
NC(=O)c1ccc[n+](-c2ccccc2)c1,1.7928562420990666,lit,1
c1ccc(C(c2ccccc2)(c2ccccc2)n2ccnc2)cc1,2.5888317255942073,lit,1
C=C[C@@]12CN(C)[C@H]3C[C@]14C(=Nc1ccccc14)[C@@H]1C[C@@H]2[C@@H]3CO1,3.009180262745255,lit,1
O=C([O-])C(F)(F)C(F)(F)C(F)(F)C(F)(F)C(F)(F)C(F)(F)C(F)(F)F.[NH4+],2.90217922595135,lit,10
O=C1c2cc(Cl)c(Cl)cc2C(=O)N1CCc1ccccn1,1.7857397618756505,lit,1
O=C([O-])c1ccccc1O.[Na+],2.532304324428472,lit,4
CC(=O)OC[C@]12CCC(C)=C[C@H]1O[C@@H]1[C@H](O)[C@@H](OC(C)=O)[C@@]2(C)[C@@]12CO2,4.700644457728946,lit,5
CC(C)(C)c1ccccc1OCC1CO1,1.6661076384460713,lit,1
c1ccc2c(c1)CN1CCNC1=N2,2.2843530176334013,lit,1
CCCCCCN=C(N)N=C(N)N,1.5688468176027852,lit,1
C[N+]1(C)C2CCC1CC(OC(=O)C(O)c1ccccc1)C2.[Br-],2.334276186498781,lit,2
O=C1CC(c2ccccc2)c2ccc3ccccc3c2N1,2.1356652501290845,lit,2
C[C@@H](O)C(=O)[O-],1.2965189385403635,lit,2
O=C[C@H](O)[C@@H](O)[C@@H](O)CO,0.875437488935153,lit,1
CC1(C)[C@@H](O)CC[C@]2(C)[C@H]3C(=O)C=C4[C@@H]5C[C@@](C)(C(=O)O)CC[C@]5(C)CC[C@@]4(C)[C@]3(C)CC[C@@H]12,2.8874088273206904,lit,7
Cc1ccc(N)c(C)c1.Cc1cccc(N)c1C,2.7151548147629065,lit,1
CS(=O)C(C)(C)C#N,1.5158738437116788,lit,1
CC1(C)Cc2cccc(CNC(=O)[O-])c2O1,4.643941969079928,lit,1
C[Si]1(C)O[Si](C)(c2ccccc2)O[Si](C)(C)O[Si](C)(c2ccccc2)O1,1.7489752473749176,lit,1
C=C1CC/C=C(\C)CCC(C2=CC[C@H](C(C)(C)O)OC2)C[C@H]1O,3.418969088783993,lit,1
N#C[Fe-3](C#N)(C#N)(C#N)(C#N)(C#N)[N+](=O)[O-].[Na+].[Na+].[Na+],3.6705966950350346,lit,5
CCCCCCCC/C=C\CCCCCCCC(N)=O,1.5488451870765978,lit,2
FC(F)(F)c1cccc([Se][Se]c2ccccc2)c1,3.210715145735568,lit,3
Cl[Nb](Cl)(Cl)(Cl)Cl,2.458510876667748,lit,1
OCC1OC(OCC2OC(O)C(O)C(O)C2O)C(O)C(O)C1O,1.2791305877559993,lit,1
Cl[Cu]Cl.O.O,2.6758588485761425,lit,1
CC(=O)Nc1cc[c]cc1,1.5835485309227826,lit,1
O=C1NS(=O)(=O)c2ccccc21,1.5343726078704911,lit,4
CCOc1ccc(Sc2nc3ccccc3n2CCN(CC)CC)cc1.Cl,3.246792849072457,lit,1
Cc1c(I)cc2c(=O)n(-c3ccc(S(=O)(=O)NC(=O)c4ccccc4)cc3)cnc2c1I,2.7317175352427125,lit,1
COc1ccc(O)cc1C(C)(C)C,1.913445364306913,lit,1
CN1[C@@H]2C[C@@H](OC(=O)[C@H](CO)c3ccccc3)C[C@H]1[C@@H]1O[C@@H]12,2.3781517314641887,lit,1
Nc1ccccc1C[N+](=O)[O-],2.42336862736293,lit,1
C[C@@H]1CCC[C@H](C)N1CCCC(O)(c1ccccc1)c1ccccn1,4.271873683119638,lit,1
COc1c(Cl)cc2c(c1OC)N(C)[C@@H]1N3C(=O)[C@@]4(C)SS[C@@]3(C(=O)N4C)[C@H](O)[C@]21O,4.42046918570094,lit,3
Nc1ccc(O)c(N)c1,2.7137109944860165,lit,1
C=CCc1cc(C)c(O)c(OC)c1,2.179469438702509,lit,8
NCC(=O)[O-].NCC(=O)[O-].[Fe+2],1.8623933598423315,lit,1
CC1(C)[C@](Cc2cccc(Oc3ccccc3)c2)(C(=O)[O-])[C@]1(C#N)/C=C(\Cl)C(F)(F)F,3.9039112673658893,lit,1
N#CNC(=N)N.[NH4+],4.69105172393439,lit,1
O=[N+]([O-])[N+](=O)[O-],2.891953023396022,lit,1
Cl.NN,2.728524980035102,lit,1
CCCC(OCC1CO1)OCC1CO1,2.1566694176289296,lit,3
CC(=O)C(C)O,1.2460354804456464,lit,2
O=C(O)C1N=C(c2ccccc2)c2cc(Cl)ccc2NC1=O,2.5256940458739,lit,2
CC(C)NC(=O)Cn1cc(CN2C(=O)c3ccccc3C2=O)nn1,2.8160343806630315,lit,1
COC1CC(=C(c2cccs2)c2cccs2)C[N+](C)(C)C1.[Br-],2.4510410946440686,lit,2
CCOP(=S)(OCC)Oc1cc(C(F)(F)F)nn1-c1ccccc1,2.891293731582033,lit,1
CC(C)(Oc1ccc(Cl)cc1)C(=O)Nc1nnn[nH]1,2.1073687912132946,lit,1
CC(N)(Cc1cccc(O)c1)C(=O)O,3.5581260993082555,lit,1
c1ccc(CSSCc2ccccc2)cc1,1.814148903655163,lit,1
Nc1nc(C(=NO)C(=O)N[C@@H]2C(=O)N3C(C(=O)O)=C(C=C4CCN([C@@H]5CCNC5)C4=O)CS[C@H]23)ns1,1.8249227196692845,lit,1
NC(=O)c1ccc[n+]([C@@H]2O[C@H](COP(=O)(O)OP(=O)(O)OC[C@H]3O[C@@H](n4cnc5c(N)ncnc54)[C@H](OP(=O)(O)O)[C@@H]3O)[C@@H](O)[C@H]2O)c1,2.28075167538211,lit,1
O=C([O-])CN1CCN(CC(=O)[O-])CCN(CC(=O)O)CCN(CC(=O)[O-])CC1.[Gd+3],2.446106697827124,lit,1
CCCCC(CC)C(=O)[O-].CCCCC(CC)C(=O)[O-].[Sn+2],2.0761079829903406,lit,1
CN1C[C@H](CC(N)=O)C[C@@H]2c3cccc4[nH]cc(c34)C[C@H]21.O=C(O)[C@H](O)[C@@H](O)C(=O)O.O=C(O)[C@H](O)[C@@H](O)C(=O)O,2.7660758407046506,lit,1
O=C(CN1CCn2nnc(-c3nc(-c4ccsc4)no3)c2C1=O)Nc1ccc(Cl)cc1,2.181735953387627,lit,1
CC(=O)OC(C)CC(C)(C)c1ccccc1,1.3926732986613843,lit,2
CN(Cc1cnc2nc(N)nc(N)c2n1)c1ccc(C(=O)N[C@@H](CCC(=O)O)C(=O)O)cc1,3.5271494723089516,lit,8
CCCCC(CC)COC(=O)CC(C(=O)OCC(CC)CCCC)S(=O)(=O)[O-].[Na+],2.369182644236468,lit,1
CN(C)c1ccccc1C=O,2.474778442576163,lit,2
CC(C)(Cc1ccccc1)OC=O,1.949953248133617,lit,1
O=S(=O)(O)CCS,-0.500309863282054,lit,1
[Si],0.9488028088926823,lit,1
N#Cc1c(-c2nnc(S)n2N)nn(-c2ccccc2)c1-c1ccccc1,3.4713811364647738,lit,1
CC[SH]=C([O-])N1CCCCCC1,2.435791977859239,lit,2
CO[C@H]1C[C@H](O[C@H]2[C@H](C)O[C@@H](O[C@@H]3C(C)=CC[C@@H]4C[C@@H](C[C@]5(CC[C@H](C)[C@@H](C(C)C)O5)O4)OC(=O)[C@@H]4C=C(C)[C@@H](O)[C@H]5OCC(=C/C=C/[C@@H]3C)[C@]54O)C[C@@H]2OC)O[C@@H](C)[C@@H]1O,4.46243280018765,lit,1
O.O=[Si]([O-])[O-].[Ca+2],1.5961959236812193,lit,1
FP(F)OCCOP(F)F,2.9956176469912563,lit,1
[Na+].[Na+].[Na+].[Na+].[Na+].[Na+].[Na+].[Na+].[Na+].[Na+].[Na+].[Na+].[O-]B([O-])[O-].[O-]B([O-])[O-].[O-]B([O-])[O-].[O-]B([O-])[O-],2.033298548075983,lit,2
Cl[Fe](Cl)Cl,2.5568490460659326,lit,5
CSc1ccc(-c2cc(C(=O)O)nn2C2CCCCC2)cc1,2.563256053810294,lit,1
CN[C@@]1(C)[C@@H]2CC[C@@H](C2)C1(C)C.Cl,3.218501829873927,lit,1
O=C(NNCS(=O)(=O)[O-])c1ccncc1.O=C(NNCS(=O)(=O)[O-])c1ccncc1.[Ca+2],1.4987281069397689,lit,4
CCCCCCCCCCCC(=O)OC(=O)CNC.[Na],1.7699545244609527,lit,5
[Eu+3],2.8051637594862417,lit,1
[Pr],1.604867606368916,lit,1
O=P(O)(O)O,3.290733291448306,lit,12
O=S(=O)(O)c1ccc2c(N=Nc3ccc(S(=O)(=O)O)c4ccccc34)c(O)c(S(=O)(=O)O)cc2c1,1.9530642963289346,lit,1
O=C1C[C@@H]2OCC=C3CN4CC[C@]56c7ccccc7N1[C@H]5[C@H]2[C@H]3C[C@H]46.O=[N+]([O-])O,4.685540591682216,lit,2
Cc1cccc(C)c1NC1=NCCCS1.Cl,3.233507142683741,lit,1
Oc1cc(O)c2cc(O)c(-c3ccc(O)c(O)c3)[o+]c2c1,1.5038586312463071,lit,2
CC[C@@H](C)Nc1cc(C(=O)N[C@H]2C[C@H]3CC[C@@H](C2)N3c2ccc(C(=O)C3CC3)cn2)c(C)cc1C(N)=O,2.8328945316655525,lit,1
CCCCCCCCCCCCCCCCCC[N+](C)(C)CCCCCCCCCCCCCCCCCC.[Cl-],1.6837050670435918,lit,1
CS(=O)(=O)O.N=C(N)c1ccc2cc(OC(=O)c3ccc(NC4=NCCN4)cc3)ccc2c1,2.050138678445224,lit,6
CCOC(=O)/C=C(\C)OP(=S)(OCC)OCC,3.973586546586872,lit,5
CN1CCN(c2c(F)cc3c(=O)c(C(=O)O)cn4c3c2SCC4)CC1,2.8104681113068906,lit,2
CCCC[Sn],1.8930103077140228,lit,2
O.O.O.O.O.O.O.O.O.O=[N+]([O-])[O-].O=[N+]([O-])[O-].O=[N+]([O-])[O-].[Cr+3],3.3204746811618757,lit,2
CC1=C(C=O)CCC(C)(C)C1,2.0363921814275585,lit,1
C=C(OP(=O)(O)O)C(=O)[O-],1.046711022284005,lit,1
O=C(O[C@@H]1Cc2c(O)cc(O)cc2O[C@@H]1c1cc(O)c(O)c(O)c1)c1cc(O)c(O)c(O)c1,3.360190927304678,lit,9
COc1ccc(-c2ccc3cc(C(=O)O)ccc3c2)cc1C12CC3CC(CC(C3)C1)C2,1.9164844796948435,lit,2
COCC(C)OCC(C)O,1.4544383402216905,lit,2
Nc1ccc2cc(S(=O)(=O)[O-])cc(O)c2c1N=Nc1ccc(-c2ccc(N=Nc3ccc(O)c(C(=O)[O-])c3)cc2)cc1.[Na+].[Na+],1.4473975473790066,lit,1
CN1CCC(=C2c3ccccc3CCc3sccc32)CC1.O=C(O)CC(O)C(=O)O,2.4569103316035377,lit,1
[Mg+2].[Mg+2].[Mg+2].[P-3].[P-3],4.080674793570294,lit,1
O=C([O-])[O-].[Ca+2],1.221499461923623,lit,2
Cl[Hg],3.804789401621904,lit,5
[Cl-].[Cl-].[Mn+2],2.7018925053799294,lit,1
CN(C(=O)[O-])c1cccc2c1OC(C)(C)O2,3.3690595379692745,lit,1
CCOc1ccccc1CNCC(=O)N(CC(=O)N(CC(N)=O)Cc1ccccc1C)Cc1ccc(C(C)(C)C)cc1,2.9128670578471785,lit,1
Oc1cccc(Cl)c1Cl,2.4487676039174384,lit,1
CC=C(C)C(=O)O[C@H]1CCN2CC=C(COC(=O)[C@@](O)([C@@H](C)OC)C(C)(C)O)[C@H]12,3.5729718773898154,lit,1
CCCCCN(CCCOC)C(=O)C(CCC(=O)O)NC(=O)c1ccc(Cl)c(Cl)c1,2.403993024447526,lit,1
CCN(CC)c1ccc(C(=C2C=CC(=[N+](CC)CC)C=C2)c2ccc(N(CC)CC)cc2)cc1.[Cl-],3.078036841408889,lit,4
CN(C(N)=S)c1ccccc1,4.919729046005669,lit,1
CC(C)=CCC/C(C)=C/CO.COc1cc(/C=C/C(=O)OC(=O)C(O)CC(=O)OC/C=C(\C)CCC=C(C)C)cc(OC)c1O,2.602593914138722,lit,1
[C-]#N.[C-]#N.[Zn+2],3.3373705075005544,lit,1
CC(C)Oc1ccccc1.N=C(N)N,2.026973214585754,lit,2
Cn1c(=O)c2c(ncn2CCCN2CCN(CCCSc3ccccc3)CC2)n(C)c1=O,2.455431142610351,lit,1
CCN1CCN(C(=O)N[C@@H](C(=O)N[C@@H]2C(=O)N3[C@@H]2SC(C)(C)[C@@H]3C(=O)O)c2ccccc2)C(=O)C1=O,2.0149940563209916,lit,1
O=[Mo](=O)([O-])[O-],3.199624856327694,lit,1
COc1cc(OC)nc(Oc2cccc(Oc3nc(OC)cc(OC)n3)c2C(=O)O)n1,2.116480969329319,lit,2
CCC(CO)(CO)CO.O=P(O)(O)O,4.872373595642026,lit,2
O=C([O-])CN(CC(=O)[O-])CC(=O)O.[Na+].[Na+],2.2069053151317957,lit,1
ClCc1ccc(Oc2ccccc2)cc1,2.2520336053142613,lit,1
Clc1ccc(COC(Cn2ccnc2)c2ccc(Cl)cc2Cl)cc1,2.756934319423489,lit,3
CC(C)CP(=O)(O)O,1.3038789971173133,lit,5
CCP(CC)CC.[Au],3.6008585237168136,lit,1
O=C(CO)[C@H](O)[C@H](O)[C@H](O)CO,1.0515287479908344,lit,10
CCCCCCCCC#CCCCCCCCCCC,2.0055299298033007,lit,1
CC(=O)C(Cl)Cl,2.2776263168886883,lit,1
O=[Cr](=O)([O-])[O-].[Pb+2],2.5094606021060906,lit,1
C[N+](C)(C)CCCl.[Cl-],2.490534694552575,lit,6
OC/C=C/c1ccccc1,1.8266513185159265,lit,1
CCCCCCCCCCC(CO)CCCCCCCC,1.8570400928893145,lit,1
O=NCCNCCO,1.1973209984801798,lit,2
COc1ccc(COC=O)cc1,1.9665459737415214,lit,2
Cl.NC12CC3CC(CC(C3)C1)C2,2.1679864794124195,lit,5
CCCCCCC/C=C/CCCCCCCCC(=O)O,2.149939259285844,lit,1
CC(C(=O)[O-])c1cccc(Oc2ccccc2)c1.[Na+],2.400835557788651,lit,1
CCCCCCCCCCCCOC[C@H](O)COS(=O)([O-])=S.[Na+],2.3180312114018236,lit,2
CNCC(=O)[O-].[Na+],1.3802104985684513,lit,2
C[C@H](N)C(=O)N[C@@H](CCC(N)=O)C(=O)O,2.0358798102309468,lit,1
Cc1ccc(N)cc1Cl,2.334825020402563,lit,5
CP(=O)(O)CC[C@H](N)C(=O)O,1.979701680758712,lit,4
C[Hg]Cl,4.18232471633979,lit,6
COc1cccc(C=NNC(N)=S)c1,2.6217452710264006,lit,1
C=C(CC=CC=C(C)C=O)CCCCCC,1.7559495815267847,lit,4
S=c1cccc[nH]1.[Zn],1.9205539994620935,lit,3
C=C(C)[C@H]1CC=C(C)CC1,1.4534343414661584,lit,10
CC(C(=O)OC1CN2CCC1CC2)(c1ccccc1)c1ccccc1,3.280605041469748,lit,1
O=C(NC(=O)c1c(F)cccc1F)Nc1cc(Cl)c(F)c(Cl)c1F,1.8820826191979814,lit,1
C[N+](C)(C)CCOC(=O)C(O)(c1ccccc1)C1CC2C=CC1C2.[Br-],2.3344029535040045,lit,1
CC1=C2C(=O)[C@H]3[C@@H](CC=C4C[C@@H](O)CC[C@@]43C)[C@@H]2CC[C@]12O[C@@H]1C[C@H](C)CN[C@H]1[C@H]2C,4.166616886759371,lit,1
C[N+](C)(C)CCOP(=O)([O-])OP(=O)(O)OC[C@H]1O[C@@H](n2ccc(N)nc2=O)[C@H](O)[C@@H]1O,1.7856207504538362,lit,4
Nc1ccn([C@@H]2O[C@H](CO)[C@@H](O)C2(F)F)c(=O)n1,2.7213158806058995,lit,2
CCCCCC(CC)OS(=O)(=O)[O-].[Na+],1.8608562298978493,lit,1
CCCCOc1cc(C(=O)NCCN(CC)CC)c2ccccc2n1,3.328403400534899,lit,4
COc1cc2c3cc1Oc1cc(ccc1O)C[C@@H]1c4c(cc(OC)c(O)c4Oc4ccc(cc4)C[C@@H]3N(C)CC2)CC[N+]1(C)C,2.4841168275426586,lit,1
C=C1NC(=O)c2csc(n2)[C@H]([C@@H](C)O)NC(=O)[C@H](C)NC(=O)[C@H]([C@@H](C)CC)NC(=O)[C@H](CCCNC(=N)N)NC(=O)CNC(=O)[C@H](CCCNC(=N)N)NC(=O)[C@H]([C@@H](C)O)NC(=O)[C@H](CCCNC(=N)N)NC(=O)[C@H]([C@@H](C)CC)NC(=O)[C@H]([C@@H](C)O)NC(=O)[C@H](Cc2c[nH]c3ccccc23)NC(=O)c2ccc(-c3nc(C(=O)OC)cs3)nc2-c2csc1n2,4.748561231484366,lit,1
O=C(CN1C(=O)SC(=Cc2ccccc2Cl)C1=O)Nc1ccc(C(=O)NNC(=O)c2ccccc2O)cc1,2.1818278237936286,lit,1
CCCC[Sn](Cl)(CCCC)CCCC,3.1852381261408,lit,4
O=C1c2cc(Cl)c(Cl)cc2C(=O)N1c1ncccn1,1.8416371797482296,lit,1
[Cl-].[Cl-].[Cl-].[Cr+3],1.927790174074036,lit,3
c1ccc([C@@H]2CN3C(=N2)Sc2ccccc23)cc1,3.330107533541156,lit,1
Cc1c(C)c(C(=O)O)c(O)c(C)c1O,1.8777300821094869,lit,1
Cc1ccc(C(C)C)c(O)c1C(C)C,2.375498782179627,lit,1
C=CC(C)(O)CCC=C(C)CC,1.5270624990089399,lit,1
O[C@@H]1C=C[C@H]2[C@@H]1[C@@]1(Cl)C(Cl)=C(Cl)[C@]2(Cl)C1(Cl)Cl,2.0060073611836384,lit,1
O[C@@H](c1cc(C(F)(F)F)nc2c(C(F)(F)F)cccc12)[C@H]1CCCCN1,2.63337203701138,lit,3
CC1=C[C@H]2O[C@@H]3[C@H](O)[C@@H](O)[C@](C)([C@@]2(CO)[C@H](O)C1=O)[C@@]31CO1,4.204562403528585,lit,6
COc1ccc(CCN2CCC(Nc3nc4ccccc4n3Cc3ccc(F)cc3)CC2)cc1,2.5697490994138166,lit,3
CC(=O)OCC1C(OC(=O)CC(C)C)C(C)=CC2OC3C(O)C(OC(C)=O)C(C)(C21)C31CO1,5.191755528650505,lit,1
CNC(=O)O/N=C1\[C@@H](Cl)[C@@H]2C[C@H](C#N)[C@H]1C2,3.9852971096153733,lit,1
O=Cc1ccccc1C=O,2.9646758825222,lit,2
CCC(=O)O[C@](Cc1ccccc1)(c1ccccc1)[C@H](C)CN(C)C.[Cl-].[H+],3.128515160556767,lit,2
[Na+].[Na+].[Na+].[O-]B([O-])[O-],1.5561294958629748,lit,4
OC[C@@H](O)[C@H](O)[C@@H](O)CO,0.9442144358804541,lit,1
N#CC(O[C@@H]1O[C@H](CO[C@@H]2O[C@H](CO)[C@@H](O)[C@H](O)[C@H]2O)[C@@H](O)[C@H](O)[C@H]1O)c1ccccc1,2.715843870580787,lit,5
CCCCCC/C=C/C=O,1.4478585414604104,lit,1
CN(C)C=O.CN(C)C=O,1.842698371367038,lit,1
COc1nc(C)ccc1CN1CC1C#N,2.228838624335975,lit,1
CCC1(C(C)C=C(C)C)C(=O)NC(=O)NC1=O,4.024917831485329,lit,1
CN1C(=O)CN=C(C2=CCCCC2)c2cc(Cl)ccc21,2.1595341085987956,lit,1
N=C(N)c1ccc(OCCCCCCOc2ccc(C(=N)N)cc2)cc1.O=S(=O)(O)CCO.O=S(=O)(O)CCO,2.907927047930254,lit,3
CCN(CC)C(=O)N1CCN(C)CC1.Cl,2.2325891943325438,lit,1
CCCCCCCCCCCCCCCCCCCC,1.6024179572828467,lit,1
CCC(O)c1ccccc1,1.7362179665678066,lit,3
O[C@@H]([C@H](O)[C@H](O)CBr)[C@H](O)CBr,2.146080091433265,lit,1
O=[N+]([O-])c1cc(C(F)(F)F)c(Cl)c([N+](=O)[O-])c1Nc1ncc(C(F)(F)F)cc1Cl,2.0547559463818676,lit,2
O=S(=O)([O-])c1cc(S(=O)(=O)[O-])c2c(N=Nc3ccc(S(=O)(=O)[O-])c4ccccc34)c(O)ccc2c1.[Na+].[Na+].[Na+],1.878294104623361,lit,1
O=C1C[C@@H](c2ccc(O)cc2)Oc2cc(O)cc(O)c21,2.1339474638866163,lit,2
CN1CC(=O)NC1=N,2.1450543775741746,lit,1
O=[Cr](=O)([O-])Cl.c1cc[nH+]cc1,2.032530120278537,lit,2
[N]=c1cccco1,3.730519266829672,lit,1
O=[N+]([O-])[O-].O=[N+]([O-])[O-].[Pb+2],2.1679183000796654,lit,1
CCCCCCCCCCCCCC[P+](CCCC)(CCCC)CCCC.[Cl-],2.637782244562028,lit,1
c1ccc(-c2ccc(-c3ccccc3)cc2)cc1,1.3623127953265102,lit,1
[O-2].[O-2].[Ti+4],0.8231752499488723,lit,3
O=[Mn](=O)(=O)[O-].[K+],2.161318538483906,lit,2
ClP(Cl)(Cl)(Cl)Cl,2.4990181340064646,lit,1
O=S(=O)([O-])OOS(=O)(=O)[O-].[K+].[NH4+].[Na+],2.583714325296496,lit,1
Cl[Fe](Cl)Cl.O.O.O.O.O.O,2.778623891539317,lit,3
CCCCCC(CC)OC(=O)c1ccccc1C(=O)[O-],2.2518238594827285,lit,2
O=C([O-])CN(CC(=O)[O-])CC(=O)[O-].[Na+].[Zn+2],1.1721743379253566,lit,1
[12C],2.2279228973285496,lit,1
C[C@@H]1COc2c(N3CCN(C)CC3)c(F)cc3c(=O)c(C(=O)O)cn1c23,2.013887656754956,lit,2
CC(CCO)CCc1ccccc1,1.8893626091022875,lit,7
CC(C)CC(C)(C)C,2.358817776252313,lit,1
O=C(O)CNCP(=O)(O)O.O=C(O)CNCP(=O)(O)O,1.7809162274249752,lit,1
O=C(O)/C=C\Cl,2.522232251289306,lit,1
O=C(CNc1ccc(Cl)cc1Cl)NC1C=Cc2ccc(S(=O)(=O)Nc3ccc(Cl)cc3Cl)cc2C1=O,2.688194310043553,lit,1
[Ce],1.6024196863313223,lit,1
C=C(C)C(=O)OCCCCCCCCCCCC,1.0448537012475452,lit,1
CCCCCCCCCCCCCCCC(=O)OC/C=C(C)/C=C/C=C(C)/C=C/C1=C(C)CCCC1(C)C,1.8218785767229413,lit,1
CCCCCCCCCCCCCCCCCC(=O)OCC(O)CO,1.212142792008883,lit,1
