canonical_smiles,label,n_extractions
CC(C)n1c(=O)ccc2cnc(N[C@H]3CC[C@H](O)CC3)nc21,0.1,1
COc1ccc2c(c1OC)CN1CCc3cc4c(cc3C1C2)OCO4,0.256,1
*N=C=S,0.2475,8
COc1ccc(CCN(C)CCCC2(c3ccc(OC)c(OC)c3)S(=O)(=O)CCCS2(=O)=O)cc1OC,0.4575,6
CN1CCN=C1c1ccc(C(=O)Nc2ccccc2C(=O)Nc2ccc(Cl)cn2)cc1,0.22,1
C[C@H](c1nc2c(cnn2C2CCCC2)c(=O)[nH]1)N1CC(c2ncccn2)C1,0.71,3
CN1C(=N)N[C@@]2(c3cc(-c4cccc(C#N)c4)cs3)CN(c3ncc(F)cn3)C[C@H]2C1=O,0.97,1
CC(C)(C)c1ccc(C(C)(C)C)c(S)c1,0.21,1
CNc1ncnc(-c2cccnc2Oc2cc(NC(=O)c3cccc(OC(F)(F)C(F)F)c3)ccc2C)n1,0.04,1
CS(=O)(=O)N1CCC(n2nnc3cnc4[nH]ccc4c32)CC1,0.046,1
Br.NCc1nn[nH]n1,0.81,5
c1ccc2c(c1)Nc1ccccc1S2,0.1,1
CS(=O)(=O)N1CC2(CCN(C(=O)Nc3cc(-c4ccccc4)n[nH]3)CC2)c2ccccc21,0.13,1
Cl.Cn1ncc(Cl)c1-c1csc(C(=O)N[C@@H]2CNCC[C@H]2c2cccc(F)c2)c1,0.525,1
C#C[C@]1(O)CC[C@H]2[C@@H]3CCC4=CC(=O)CC[C@@H]4[C@H]3C(=C)C[C@@]21CC,0.7755,10
C=C1C[C@@H]2CC[C@@]34C[C@@H]5O[C@@H]6[C@@H](O[C@H]7CC[C@H](CC(=O)C[C@@H]8[C@@H](OC)[C@@H](C[C@H](O)CN)O[C@H]8C[C@H]8O[C@@H](CC[C@@H]1O2)C[C@@H](C)C8=C)O[C@@H]7[C@@H]6O3)[C@H]5O4,0.3495,2
CC(C)[NH-].c1ccc2occc2c1,0.81,2
C[C@]12CC[C@@H]3c4ccc(O)cc4CC[C@H]3[C@@H]1CC[C@@H]2OC(=O)[C@@H]1CCCN1C(=O)c1ccc(S(N)(=O)=O)cc1,1.0,1
N[C@@]1(C(=O)O)CC[C@H]2[C@H](C(=O)O)[C@H]21,0.74,7
CCC#CC[C@H](C)[C@H](O)C#C[C@@H]1[C@H]2CC(=CCOCC(=O)O)C[C@H]2C[C@H]1O,0.595,2
C=C1C[C@@]2(O)O[C@@]3(C[C@H]2C(C)C)[C@@H](C)CC[C@@H]13,0.092,2
CC1=CC(=O)C(C(C)C)=CC1=O,0.585,4
O=C(O)CCC(=O)O.O=C(O[C@H]1CN2CCC1CC2)N1CCc2ccccc2[C@@H]1c1ccccc1,0.9,1
CC(=O)Oc1ccccc1C(=O)O,0.525,24
N#C[C@@H]1CC[C@H](C#N)N1C(=O)CNC12CC3CC(CC(O)(C3)C1)C2,0.42,1
CC1=C(O)C(=O)C=C2C1=CC=C1[C@@]2(C)CC[C@@]2(C)[C@@H]3C[C@](C)(C(=O)O)CC[C@]3(C)CC[C@]12C,0.23535,6
[Ni+],0.006000000000000001,2
CC(C)[C@@H](C)[C@@]1(C)CC[C@]2(C)[C@H]3CC[C@@H]4[C@@]5(COC[C@@]4(C)[C@@H](OC[C@H]4CCCN4C)[C@H](n4ncnc4-c4ccncc4)C5)C3=CC[C@@]2(C)[C@@H]1C(=O)O,0.23,1
CC1(C)C(=O)N(c2ccc(C#N)c(C(F)(F)F)c2F)C(=S)N1c1ccc(CCCc2ncco2)nc1,0.4,1
C[C@@H]1CCCN1CCCOc1ccc(-c2ccc(=O)n(C)n2)cc1,0.335,2
CNCc1ccc(-c2[nH]c3cc(F)cc4c3c2CCNC4=O)cc1.O=P(O)(O)O,0.36,3
[O]=[Ce]=[O],1.0000000000000001e-7,1
O=C(O)c1ccccc1NC(=O)c1cccc2cccnc12,0.76725,2
O=C1Cc2cccnc2N1,0.91,1
O=C(O)[C@H](Cc1ccc2ccccc2c1)NC(=O)[C@@H]1CCCN1S(=O)(=O)c1cc(Cl)cc(Cl)c1,0.15,1
CN(C)CCCN1c2ccccc2Sc2ccccc21,0.1,1
O=C1c2c(O)cc(O)cc2O[C@H](c2ccc(O)c(O)c2)[C@H]1O,0.0017000000000000001,2
CN(C)C(=O)c1cc(Cl)c(NC(=O)N2CCN3C(=O)N([C@H]4C[C@@H]4c4ccccc4)C(=O)[C@@H]3C2)c(Cl)c1,0.021,1
CC1(C)C(=O)Nc2nc(-n3nc(Cc4c(F)ccc(F)c4F)c4cc(Cl)ccc43)nc(N)c21,0.53,1
CC(C)c1nc(N(C)S(C)(=O)=O)nc(-c2ccc(F)cc2)c1/C=C/[C@@H]1C[C@@H](O)CC(=O)O1,0.2,1
CC(=O)/C=C/c1cccs1,0.33,1
CNC(=O)c1cc(Oc2ccc(NC(=O)Nc3ccc(Cl)c(C(F)(F)F)c3)cc2)ccn1,0.5,11
CCOC(=O)CSC1=N/C(=C\c2ccc(C(C)C)cc2)C(=O)N1c1ccccc1,0.38,1
COc1cc2c(cc1Cc1cccc(Cl)c1F)c(=O)c(C(=O)O)cn2[C@H](CO)C(C)C,0.325,3
C=C1/C(=C\C=C2/CCC[C@]3(C)[C@@H]([C@H](C)CCCC(C)(C)O)CC[C@@H]23)C[C@@H](O)CC1O,0.054400000000000004,1
Cc1ccc(C(=O)c2ccc([Si](C)(C)C)c3ncccc23)cc1,0.55,1
C=CC(=O)N1CC[C@H](n2c(=O)cc(C)c3cnc(Nc4ccc(N5CCN(C)CC5)cc4OC)nc32)C1,0.425,2
O=C1CCN([C@@H]2O[C@H](CO)[C@@H](O)[C@H]2O)C(=O)N1,0.2,1
Cc1nc(NC2(c3ccc(C(F)(F)F)cc3)CC2)c2cnn(C)c2n1,0.16899999999999998,1
Cc1c(CN2CCN(C(=O)[C@H](C)O)CC2)sc2c(N3CCOCC3)nc(-c3cnc(N)nc3)nc12,1.0,3
O=NN(O)c1ccccc1,0.15,1
COc1cc(O)c2c(c1)O[C@H](c1ccccc1)CC2=O,0.07815000000000001,2
O=c1c(O)c(-c2cc(O)c(O)c(O)c2)oc2cc(O)cc(O)c12,0.0968,9
CCCCNc1nc(SCCC)nc2c1nnn2[C@@H]1C[C@H](CO)[C@@H](O)[C@H]1O,0.05,1
COc1cc(Nc2cc(Oc3cc(C)c(C)nc3-c3ccccn3)ccn2)cc(OC)c1OC,0.04,2
C#CCN(Cc1ccc2nc(C)cc(Br)c2c1)c1ccc(C(=O)N[C@@H](CCC(=O)O)C(=O)O)c(F)c1,0.14,5
C[C@@H](CN1CC(C)(C)c2cc(F)ccc21)NC(=O)[C@H](CC1CCCCC1)Nc1nc2cccc(Cl)c2o1,0.15,1
CC[C@H](CC[C@@H](C)[C@H]1CC[C@H]2[C@@H]3CC=C4C[C@@H](O)CC[C@]4(C)[C@H]3CC[C@]12C)C(C)C,0.0040999999999999995,7
Cc1cc(O)c(C(=O)CCC(C)C)c(=O)o1,0.7139,5
CCCCCCCCCC=CC=CC=CC=CC=CC=CC(=O)[C@]1(n2c(F)c(F)c(N)nc2=O)C[C@H](O)[C@@H](CO)O1,0.68,1
O=C(O)CSc1nnc(Br)n1-c1ccc(C2CC2)c2ccccc12,1.0,8
Cc1c(-c2cn(CCCC(F)(F)F)c(=O)c3ccccc23)c2cc(F)ccc2n1CC(=O)O,0.05,1
CC(=O)N[C@@H]1CCN(C(=O)OCCn2nnnc2[C@@H](COCc2ccccc2)NC(=O)C(C)(C)N)C1,0.05,1
CC[C@H](C)[C@H]1C(=O)O[C@H](C(C)C)C(=O)N(C)[C@@H]([C@@H](C)CC)C(=O)O[C@H](C(C)C)C(=O)N(C)[C@@H]([C@@H](C)CC)C(=O)O[C@H](C(C)C)C(=O)N1C,0.2,1
Cc1nc(N2N=C(c3ccccc3)[NH2+]N2c2ccccc2)sc1C.[Br-],0.0375,1
CCCCCCC(C)(C)c1cc(O)c2c(c1)OC(C)(C)[C@@H]1CCC(=O)C[C@@H]21,0.8,1
CO[C@H]1/C=C/O[C@@]2(C)Oc3c(C)c(O)c4c(O)c(c5c(nc6cc(C)ccn65)c4c3C2=O)NC(=O)C(C)=CC=C[C@H](C)[C@H](O)[C@@H](C)[C@@H](O)[C@@H](C)[C@H](OC(C)=O)[C@@H]1C,0.0001,1
CN(CC(=O)O)C(=N)N.O,0.53,5
COC(=O)N[C@H](C(=O)N1CCC[C@H]1C(=O)Nc1ccc([C@@H]2CC[C@@H](c3ccc(NC(=O)[C@@H]4CCCN4C(=O)[C@@H](NC(=O)OC)C(C)C)cc3)N2c2ccc(C(C)(C)C)cc2)cc1)C(C)C,0.49,4
O=C(O)CNC(=O)C1C(=O)N(C2CCCCC2)C(=O)N(C2CCCCC2)C1=O,0.65,5
CC(C)(C)NC(=O)[C@@H]1CN(Cc2cccnc2)CCN1C[C@@H](O)C[C@@H](Cc1ccccc1)C(=O)N[C@H]1c2ccccc2C[C@H]1O.O=S(=O)(O)O,0.65,1
Nc1nc(=O)c2[nH]cc(Cc3cccnc3)c2[nH]1,0.4815,4
O=C(O)Cc1ccccc1OCCC1Oc2ccccc2N(CCCCCCO)C1=O,0.04,1
O=C(/C=C/c1cnccc1-c1cnn(C2CC2)c1)Nc1ccc(CN2CC(F)(F)C2)cc1,0.225,1
COc1c(C)c2c(c(O)c1CC=C(C)CCC(=O)[O-])C(=O)OC2.[Na+],0.715,4
CC1(C)S[C@@H]2[C@H](NC(=O)Cc3ccccc3)C(=O)N2[C@H]1C(=O)[O-],0.028700000000000003,1
O=C(N[C@H]1CCN(CC2CC2)C[C@@H]1C(=O)NC1(c2ncccn2)CC1)c1cc(-c2ccc(F)cc2F)on1,0.53,1
CC(=O)N1CCCn2nc(COc3ccccc3)cc21,0.29,1
Cc1nnc(-c2c(-c3nnc(C4(C(F)(F)F)CC4)o3)nn(-c3ccc(Cl)cc3Cl)c2-c2ccc(Br)cc2)s1,0.07200000000000001,1
O=C(O)c1cccnc1,0.685,2
C=C1[C@@H](C)C2[C@H](Cc3ccccc3)NC(=O)[C@]23C(=O)C=CC2=C(C(=O)CCC[C@@H](C)C/C=C/C3[C@@H]1O)C(OC)C1C(O)C(O)C21C(N)=O,0.32,1
COc1cc2oc(-c3ccc(O)cc3)c(OC)c(=O)c2c(O)c1OC,0.295,1
C=CCNC(=O)C(=O)C(CCC)NC(=O)[C@@H]1[C@@H]2[C@H](CN1C(=O)[C@@H](NC(=O)N[C@@H](CN(C)C(C)=O)C(C)(C)C)C(C)(C)C)C2(C)C,0.07,2
O=C(O)C[C@@H]1Cc2ccc(OCCCNc3ccccn3)cc2Cc2ccccc21,1.0,2
CCCC[C@H](N[C@@H](Cc1ccccc1)C(=O)N1CCC(OCOC)CC1)C(=O)N[C@@H](CC1CCCCC1)[C@@H](O)C[C@H](C(=O)NCCCN1CCOCC1)C(C)C,0.56,1
CC(C)NCC(O)COC(Cn1c2ccccc2c2cc(F)ccc21)Cn1c2ccccc2c2cc(F)ccc21,0.371,1
CC1C(=O)OC2CC[N+]3([O-])CC=C(COC(=O)C(C)(O)C1(C)O)C23,0.782,1
CC(C)N1C(=O)[C@H](NC(=O)[C@@H](Cc2ccccc2OC(F)(F)F)NC(=O)c2ccc(F)cc2)CCc2ccccc21,0.5,1
ClC(Cl)Cl,0.0012,2
O=C(Nc1ccc([N+](=O)[O-])cc1Cl)c1cc(Cl)ccc1O,0.1,1
O=c1cc(Cn2c(C3CCC3)nc3nccnc32)c2cccc(F)c2[nH]1,0.91,1
CC(C)N1C(=O)[C@H](NC(=O)[C@@H](Cc2ccccc2OC(F)(F)F)NC(=O)c2ccc(F)cc2C(F)(F)F)CCc2ccccc21,0.86,1
CC(C)NC[C@H](O)COc1ccc2c(=O)cc(-c3cc(O)cc(O)c3)oc2c1,0.005200000000000001,1
C/C=C/CCCO,0.16,1
CN1C[C@@H]2C[C@H](C1)c1cccc(=O)n1C2,0.555,1
CCOC(=O)[C@H](Cc1ccc(-c2c(C)n(C)c(=O)n(C)c2=O)cc1)NC(=O)c1c(F)cccc1F,0.09,1
CC[C@@H](C)[C@@H]1C(=O)N[C@H](C2Cc3ccccc3C2)C(=O)N1[C@@H](C(=O)NC(C)C)c1ccc(N2CCOCC2)cc1,0.61,3
CC1COc2c(N3CCN(C)CC3)c(F)cc3c(=O)c(C(=O)O)cn1c23.CC1COc2c(N3CCN(C)CC3)c(F)cc3c(=O)c(C(=O)O)cn1c23.O,1.0,3
O=C(c1cc2cc(Cl)ccc2[nH]1)N1C[C@]2(CCN(C3CCNC3)C2)c2ccccc21,0.14,1
C[C@@H]1C(=O)N[C@H](Cc2ccc(F)cc2)C(=O)NCCCc2ccc(F)cc2OCCN[C@@H](C2CC2)C(=O)N1C,0.215,2
CC(C)N1C(=O)[C@H](NC(=O)[C@@H](Cc2ccccc2F)NC(=O)c2ccc(F)cc2C(F)(F)F)CCc2cc(F)ccc21,0.56,1
Cc1cc(N)c(-c2c(F)cccc2Cl)c(CC(=O)O)c1,0.74,1
CNCC[C@H](Oc1cccc2ccccc12)c1cccs1,0.465,8
COc1cc2c(Nc3ccc(Br)cc3F)ncnc2cc1OCC1CCN(C)CC1.Cl,0.5,2
N#Cc1ccc(NCCNCC(=O)N2CCC[C@H]2C#N)nc1,0.74,3
NC(=O)C[C@H]1CCc2sc3ncnc(OC4CCC(N5CCOCC5)CC4)c3c21,0.03,1
CCCOc1ccc(S(=O)(=O)NCCC2CCCN2C)cc1-c1nc(=O)c2c([nH]1)c(CCC)nn2C,0.38,8
CO[C@H]1/C=C/O[C@@]2(C)Oc3c(C)c(O)c4c(O)c(c(/C=N/N5CCN(C6CCCC6)CC5)c(O)c4c3C2=O)NC(=O)C(C)=CC=C[C@H](C)[C@H](O)[C@@H](C)[C@@H](O)[C@@H](C)[C@H](OC(C)=O)[C@@H]1C,0.7000000000000001,2
CC(C)(C)OC[C@@H]1C(=O)NCCN1C(=O)C[C@H](N)Cc1cc(F)c(F)cc1F,0.5,2
Nc1ncnc2c1nc(Sc1cc3c(cc1Br)OCO3)n2CCC1CCN(C(=O)CO)CC1,0.5,1
CC[C@H](C)[C@@H](C(=O)N[C@@H](Cc1ccccc1)[C@H](O)CN(CC1CCCC1)S(=O)(=O)c1ccc(/C=N/O)cc1)N1CCN(Cc2cccnc2C)C1=O,1.0,1
CC(C)(C)OC(=O)Nc1cccn([C@@H](CC2CC2)C(=O)N[C@@H](C[C@@H]2CCNC2=O)C(=O)C(=O)NCc2ccccc2)c1=O,0.17,1
NC(=O)CCCCCCCCC(N)=O,0.32,2
[2H]C([2H])([2H])NC(=O)c1nnc(NC(=O)C2CC2)cc1Nc1cccc(-c2ncn(C)n2)c1OC,0.99,1
C=CCSS(=O)CC=C,1.0,1
Cc1ccc2c(c1)c(=O)c1cc(C(=O)NCCCCCN3C(=O)c4cccc5c(Br)ccc(c45)C3=O)ccc1n2-c1ccc(C(=O)NCCCCCN2C(=O)c3cccc4c(Br)ccc(c34)C2=O)cc1,0.45,1
CC(CS)C(=O)N1CCC[C@@H]1C(=O)O,0.62,1
Cc1ccc(-c2nc3ccc(C)cn3c2CC(=O)N(C)C)cc1.O=C(O)[C@H](O)[C@@H](O)C(=O)O,0.68,4
C=CCN=C=S,0.538,3
NCCCC[C@H](NC(=O)[C@@H](Cc1cc(Br)c(O)c(Br)c1)NC(=O)N1CCC(N2Cc3ccccc3NC2=O)CC1)C(=O)N1CCN(c2ccncc2)CC1,0.01,4
C=CCN(C(=O)C(F)(F)Br)c1ccc(Cl)cc1,0.8,1
O=C(O)CC(O)(CC(=O)O)C(=O)O.O=C([O-])CC(O)C(=O)[O-].[Ca+2],0.32299999999999995,3
CCC(=O)c1sc(-c2ccc(Cl)cc2)c(C)c1-c1ccc(S(N)(=O)=O)cc1,0.74,1
NC(=O)CN1CC(O)CC1=O,0.53,1
O=C(O)c1c[nH]c2cc(Cl)c(-c3ccc(C4(O)CCC4)cc3)cc12,0.47000000000000003,5
O=C(N[C@@H]1CC[C@@H](c2cccc(F)c2F)CN(Cc2ccccn2)C1=O)N1CCC(n2c(=O)[nH]c3ncccc32)CC1,0.085,2
CC(C)(C)OC(=O)N[C@H](Cc1ccccc1F)C(=O)NCc1nc2cccnc2n1C1(c2ccccc2)CC1,0.47000000000000003,1
[CH2]CCCCCC,0.24,1
O=C1NC[C@H](c2cccc(F)c2F)CC[C@H]1NC(=O)N1CCC(n2c(=O)[nH]c3ncccc32)CC1,0.158,2
CCC[C@@H](C(=O)Nc1ccc(C(N)=O)c(F)c1)n1cc(OC)c(-c2cc(Cl)ccc2-n2cc(C(F)F)nn2)cc1=O,0.6,1
CC(=O)O[C@@H]1CC2=C(C(=O)OC2)[C@@]2(C)CCCC(C)(C)[C@H]12,0.61,2
NS(=O)(=O)c1cc(NC(=O)Cc2cc(F)ccc2Cl)ccc1OCC1CCOCC1,0.44,1
C#C[C@H](O)CCCCCC,0.26,1
CN1N=C(c2ccc(OC3CCN(C4CCC4)CC3)cc2)C2CC2C1=O,0.06,1
C[C@@H]1CC(=O)NN=C1c1ccc(NN=C(C#N)C#N)cc1,0.8200000000000001,6
Cc1nc(-c2cnc3ccc(-c4cncc(NS(=O)(=O)c5ccccc5)c4)cn23)no1,0.242,1
Cc1c(C(=O)Nc2ccc(F)c(C(F)F)c2)sc(N)c1C(N)=O,0.25,1
O=C1OCCc2cc([C@@H]3CN4CCN(C(=O)Cc5cnc(-n6cnnn6)nc5)C[C@H]4CO3)ccc21,0.12,1
COc1c(Nc2ncc(Cl)c(Nc3ccccc3-c3nccn3C)n2)ccc2c1CCCC(N1CCN(CCO)CC1)C2,0.19,1
Cc1n[nH]c2ccc(-c3cncc(OC[C@@H](N)Cc4c[nH]c5ccccc45)c3)cc12,0.0,1
C=C(C)C(=O)OCC(C)(COC(=O)C(=C)C)Nc1cccc2c1C(=O)c1ccccc1C2=O,0.3,1
CCOc1ccc([C@H](CO)NC(=O)[C@H]2C[C@@H]2c2ccccc2)cc1,0.7000000000000001,1
Cl.Cn1c(Cl)cc2ccccc21,0.89,1
O=c1cc(-c2ccc(O)cc2)oc2c(C3O[C@H](CO)[C@@H](O)[C@H](O)[C@H]3O)c(O)cc(O)c12,0.027999999999999997,1
Cc1nnc2sc(C(=O)NC3CN(c4cccc(F)c4F)C3)c(N)c2c1C,0.38,1
Cl.NCc1c(Cl)ccc(NC(=O)Nc2ccccc2Br)c1O,0.67,1
O=C(c1ccccc1)c1cc2c(cc1O)C(C(=O)O)CC2,0.6659999999999999,1
Nc1nnc(-c2ccccc2O)cc1-c1ccc(N2CCC(N3CCC(c4ccc(OC5CCC(=O)NC5=O)cc4)CC3)CC2)cc1,0.334,1
c1ccc2c(c1)ccc1c3ccccc3ccc21,0.789,2
COc1ccc(C(Cc2ccc(-c3cc(C(=O)O)on3)cc2)c2nc(-c3ccc(Cl)cc3)no2)cc1,0.41500000000000004,1
O=C(O)CCC(CP(=O)(O)O)C(=O)O,0.02,1
CC(C)CCC(=O)C1(O)C(O)=C(C(=O)CC(C)C)C(=O)C1CCC(C)C,0.23,1
NC(=O)[C@@H]1CCCN1C(=O)[C@H](Cc1cnc[nH]1)NC(=O)[C@@H]1CCC(=O)N1,0.015,1
CN(C)C(=O)Cn1c(-c2ccccc2)c(C2CCCCC2)c2sc(C(=O)O)cc21,0.25,1
COC1COCCC1N[C@@H]1C[C@H]2SCC[C@@]2(C(=O)N2CCc3ncc(C(F)(F)F)cc3C2)C1,0.67,1
C1N2CN3CN1CN(C2)C3,0.8993000000000001,1
CC(NC(C)(C)C)C(=O)c1cccc(Cl)c1.Cl,0.32,1
C[C@@H]1CCCN1CCCOc1ccc(-c2cnn(-c3ccccn3)c(=O)c2)cc1,0.78,1
CCOc1cc([C@@H](CS(C)(=O)=O)N2C(=O)c3cccc(NC(C)=O)c3C2=O)ccc1OC,0.73,11
Cc1ccc(CCN2CC[C@H](CNC(=O)c3cc(CC(C)C)n(-c4ccccc4)n3)C2)cc1C(F)(F)F,0.182,1
C/C=C/[C@](C)(NC(=O)C(C)(C)C)c1ccccc1,0.655,1
COC(=O)C1=CO[C@@H](O)[C@@H]2C(CO)=CC[C@H]12,0.802,1
C[C@@H]1Cc2cc(O)ccc2[C@@H](c2ccc(/C=C/C(=O)O)cc2)N1c1ccc(OC(F)(F)F)cc1,0.79,1
CC(C)C(=O)N1CCC(C[C@@H](c2nc3ccc(F)cc3n2C2CC2)N2C(=O)CN(c3ccc(Oc4ccc(F)cc4)cc3)C2=O)CC1,0.554,1
CN[C@H](CNc1cc(F)c(S(=O)(=O)Nc2nccs2)cc1Cl)Cc1ccccc1,0.25,1
CC(C)(Oc1ccc(C(=O)c2ccc(Cl)cc2)cc1)C(=O)O,0.81,15
C=C1C(=O)O[C@H]2c3c(C)c(OCc4ccccc4Br)cc(C)c3CC[C@@H]12,0.168,1
CC[C@H](C)[C@@H]1C(=O)N[C@H](C2Cc3ccccc3C2)C(=O)N1[C@@H](C(=O)N(C)C)c1ccc(C)nc1C,0.425,2
Cc1nc2cccc3c2nc1NCCCC[C@H]1CNC(=O)c2cc-3[nH]c21,0.16,1
Nc1nccc(-c2cccnc2Oc2ccc(Nc3nnc(-c4ccc(F)cc4)c4ccccc34)cc2)n1,0.5700000000000001,1
COc1cc(OC)c2nnc3c(C)nc(-c4cnccc4C)n3c2c1,1.0,1
[As+3],0.21789999999999998,19
CC(C)=CCC[C@](C)(O[C@@H]1O[C@H](CO)[C@@H](O)[C@H](O)[C@H]1O)[C@H]1CC[C@]2(C)[C@@H]1[C@H](O)C[C@@H]1[C@@]3(C)CC[C@H](O)C(C)(C)[C@@H]3[C@@H](O[C@@H]3O[C@H](CO)[C@@H](O)[C@H](O)[C@H]3O[C@@H]3O[C@@H](C)[C@H](O)[C@@H](O)[C@H]3O)C[C@]12C,0.0633,10
Cc1nc(C)nc(CCC=CN)n1,0.01,1
C[C@@H](CCC1(O)O[C@H]2C[C@H]3[C@@H]4CC[C@@H]5C[C@@H](O[C@@H]6O[C@H](CO)[C@H](O)[C@H](O)[C@H]6O[C@@H]6O[C@H](CO)[C@@H](O)[C@H](O)[C@H]6O)CC[C@]5(C)[C@H]4CC[C@]3(C)[C@H]2[C@@H]1C)CO[C@@H]1O[C@H](CO)[C@@H](O)[C@H](O)[C@H]1O,0.0068000000000000005,2
Nc1ccc2c(c1)C(=O)OC21c2ccc(O)cc2Oc2cc(O)ccc21,0.095,1
COc1cc2c(cc1-c1cnn(CCO)c1)-c1c(c(C(=O)N(C)C(C)(C)C)nn1-c1cc(Cl)cc(Cl)c1)CO2,0.22,3
COc1cc2ccc(C#N)cc2cc1[C@@H](c1ccnc(OC)c1OC)[C@@](O)(CCN(C)C)c1cccc2c1OCC2,0.21,1
CC(=O)N[C@H]1C(O)O[C@H](CO)[C@H](O)[C@@H]1O,0.12,3
CC[C@H](Nc1ncnc2c1ncn2[C@@H]1O[C@H](CO)[C@@H](O)[C@H]1O)c1ccccc1,0.568,1
Cc1cc(Oc2ccnc(Nc3ccc(S(N)(=O)=O)cc3)c2)c(-c2ccccn2)nc1C,0.2,1
CN[C@@H](C)Cc1ccccc1,0.64,1
Cc1onc(-c2ccc(F)cc2)c1COc1ccc(C(=O)N2CCS(=O)(=O)CC2)cn1,0.48,5
[Pt],0.05,3
CC1(C)CC(C)(C)c2cc(NC(=S)Nc3ccc([N+](=O)[O-])cc3)ccc2S1,0.223,2
CC(O)COC[C@H]1O[C@@H]2O[C@H]3[C@H](OCC(C)O)[C@@H](O)[C@@H](O[C@H]4[C@H](O)[C@@H](O)[C@@H](O[C@H]5C[C@@H](O)[C@@H](O[C@H]6[C@H](O)[C@@H](OCC(C)O)[C@@H](O[C@H]7[C@H](O)[C@@H](OCC(C)O)[C@@H](O[C@H]8[C@H](O)[C@@H](O)[C@@H](O[C@H]1[C@H](O)[C@H]2O)O[C@@H]8CO)O[C@@H]7CO)O[C@@H]6CO)O[C@@H]5COCC(C)O)O[C@@H]4COCC(C)O)O[C@@H]3CO,0.0215,2
[3HH],0.31,3
CCc1nc(C(N)=O)c(Nc2ccc(N3CCC(N4CCN(C)CC4)CC3)c(OC)c2)nc1NC1CCOCC1,0.612,1
CC(=O)N(CCC(CCN1CCCCC1)(C(N)=O)c1ccccc1Cl)C(C)C,0.4825,2
COc1cccc2c1C(=O)N1CCc3c([nH]c4cccc(OC)c34)[C@H]1N2C,0.01,2
CC(C)N(CCC(C(N)=O)(c1ccccc1)c1ccccn1)C(C)C.O=P(O)(O)O,0.86,4
CC[C@@H]1[C@@H]2CN(C(=O)[C@H](C(C)(C)C)NC(=O)O[C@@H]3C[C@H]3CCCCCc3nc4ccc(OC)cc4nc3O2)[C@@H]1C(=O)N[C@]1(C(=O)NS(=O)(=O)C2CC2)C[C@H]1CC,1.0,1
CC(C)(C)Cn1c(-c2ccccc2)cc(=O)c2ccccc21,0.25,1
C=C1CNCC1C(=O)O,0.37,1
CC(C)(CCCC(=O)N1CCc2c(n(Cc3cccc(F)c3)c3ncccc23)C1)C(=O)O,0.8200000000000001,1
CC(C)(O)c1ccc(NC2CCN(c3nnc(Cc4ccccc4)c4ccccc34)CC2)nc1,0.401,1
COc1cc(C)c(/C=C/C(C)=C/C=C/C(C)=C\C(=O)O)c(C)c1C,0.655,1
O=C(O)CCCN1CC(C(=O)O)Oc2c(CCc3ccc(OCCCCc4ccccc4)cc3)cccc21,0.79,1
CO[C@@H]1C[C@H](C(=O)Nc2ccc(-n3ccccc3=O)cc2F)N(C(=O)Nc2ccc(Cl)cc2)C1,0.615,1
CS(=O)(=O)NC(=O)[C@@H](c1ccc(OCc2ccc3ccccc3n2)cc1)C1CCCCCC1,0.684,1
COc1cc(C(=O)NS(=O)(=O)c2ccccc2C)ccc1Cc1cn(C)c2ccc(NC(=O)OC3CCCC3)cc12,0.68,3
C#C[C@]1(O)CC[C@H]2[C@@H]3CC[C@H]4C[C@H](O)CC[C@]4(C)[C@H]3CC[C@@]21C,0.455,2
CC(C)(C)NS(=O)(=O)c1cncc(-c2ccn3nc(N)nc3c2)c1,0.81,1
CNCc1ccc(-c2[nH]c3cc(F)cc4c3c2CCNC4=O)cc1,0.36,1
COC(=O)Nc1ccc(-c2cc([C@H](Cc3ccc(F)cc3)NC(=O)/C=C/c3cc(Cl)ccc3-n3cnnn3)nnc2Cl)cc1,0.12,1
Cn1cnc2c(F)c(Nc3ccc(Br)cc3Cl)c(C(=O)NOCCO)cc21,0.621,7
C[C@@]1(CO)[C@H](O)CC[C@@]2(C)[C@H]1CC[C@H]1C[C@@H]3C[C@@]12CC[C@]3(O)CO,0.23800000000000002,1
Brc1ccc2c(c1)CC=C2CCC1=CCc2ccccc21,0.06,1
Brc1ccc(N2C3CCC(CC3)N2c2ccc(Br)cc2)cc1,0.6,1
COc1ccc(CN2C3CC2CN(c2ccc(-c4cc(OCC(C)(C)O)cn5ncc(C#N)c45)cn2)C3)cn1,0.73,1
O=C(O)Cc1[nH]c2ccc(O)cc2c1O,0.28,1
CONC(=O)Nc1ccc(-c2sc3c(c2CN(C)C)c(=O)n(-c2ccc(OC)nn2)c(=O)n3Cc2c(F)cccc2F)cc1,0.12,3
C[C@@H]1CC[C@@]2(OC1)O[C@H]1C[C@H]3[C@@H]4CC[C@H]5C[C@@H](O[C@@H]6O[C@H](CO)[C@@H](O[C@@H]7O[C@H](CO)[C@@H](O)[C@H](O)[C@H]7O)[C@H](O)[C@H]6O)CC[C@]5(C)[C@H]4CC[C@]3(C)[C@H]1[C@@H]2C,0.042,6
Cc1cncc(Cc2ccc(NC3CC3)nc2)c1,0.02,1
CCCC=CC=C/C=C/C(=O)O.CCCCCC(=O)O,1.0,1
CN1[C@@H]2CC[C@H]1CN(c1cc3c(cc1F)c(=O)c(C(=O)O)cn3C1CC1)C2,1.0,2
NC(CC(=O)N1CCn2nc(C(F)(F)F)nc2[C@@H]1C(O)C1CC1)Cc1cc(F)c(F)cc1F,0.5700000000000001,2
C#C[C@@]1(O)[C@H](O)[C@@H](CO)O[C@H]1n1cc(C(N)=O)c2c(N)ncnc21,0.015,3
CC(C)C[C@H](Nc1cc(C(=O)OCc2cccc3c2Cc2ccccc2-3)c([N+](=O)[O-])cc1[N+](=O)[O-])C(N)=O,0.445,1
N#CCCN1CCC(n2nnc3cnc4[nH]ccc4c32)CC1,0.049,1
CCCCNCc1ccc(-c2nc(CN([C@@H]3CCOC3)S(=O)(=O)c3ccc(OC)cc3)cs2)cc1,0.01,1
O=C1CN(N=Cc2ccc(-c3ccc([N+](=O)[O-])cc3)o2)C(=O)N1,0.6,3
Brc1ccc(SCSc2ccc(Br)cc2)cc1,0.115,2
Cc1nn(C2CCOCC2)c(NS(=O)(=O)c2ccc(C3CC3)cc2)c1C(=O)N[C@@H](C)C(C)(C)C,0.8300000000000001,1
CNC(=O)c1cc(Oc2ccc(NC(=O)Nc3ccc(Cl)c(C(F)(F)F)c3)c(F)c2)ccn1,0.6900000000000001,5
CC(=O)CC(=O)NN,0.7000000000000001,1
CN1CCc2cc3c(c4c2[C@H]1Cc1ccccc1-4)OCO3,0.84,1
C[C@@]12C[C@@H](c3ccoc3)OC(=O)[C@@H]1CC[C@]1(C)[C@H]2[C@H]2C=C[C@]1(O)C(=O)O2,0.0318,1
CCCN(CCC)C1CCc2ccc3[nH]cc(C#N)c3c2C1,0.54,1
CC(C)(C)NC(=O)[C@@H]1CN(C(C)(C)c2cc3cnccc3o2)CCN1C[C@@H](O)C[C@@H](Cc1ccccc1)C(=O)N[C@H]1c2ccccc2OC[C@H]1O,0.81,1
C[C@@H]1CC[C@@]2(OC1)O[C@H]1C[C@H]3[C@@H]4CC=C5C[C@@H](O)CC[C@]5(C)[C@H]4CC[C@]3(C)[C@H]1[C@@H]2C,0.07,6
CON=C1C[C@@H](C)O[C@@H](O[C@@H]2[C@@H](C)[C@H](O[C@H]3C[C@@H](C)N(C)C[C@H](C)O3)[C@@H](C)C(=O)O[C@H](C(C)CO[C@@H]3O[C@H](C)[C@@H](O)[C@@H](OC)[C@H]3OC)[C@H](C)[C@@H](OC(=O)CC(C)C)[C@@H](C)C(=O)[C@@](C)(OC(=O)NCc3ccccc3)C[C@@H]2C)[C@@H]1O,0.17,1
CCOC[C@@H]1[C@@H](c2ccc(Cl)c(Cl)c2)C[C@@H]2CC[C@H]1N2C,0.9,2
O=C(O)[C@@H](C1CCCCC1)N1C[C@H](CN2CCC(CCCc3ccccc3)CC2)[C@@H](c2ccccc2)C1,0.26,3
[As],0.127,44
N#Cc1cccc(S(=O)(=O)N2C[C@H](N3CCCC(F)(F)C3)C[C@H]2C(=O)N[C@@H](Cc2ccc(NC(=O)c3c(Cl)cncc3Cl)cc2)C(=O)O)c1,0.05,1
COC(=O)Nc1ccc(NCc2ccc(F)cc2)c(F)c1N,0.77,1
CC[C@H](C)[C@@H](C(=O)O)N1CCN(Cc2cccnc2)C1=O,0.65,2
Cc1nc2cccc3c2nc1NC/C=C/C[C@H]1CNC(=O)c2cc-3[nH]c21,0.065,2
CCCCCCCCCC(CC(=O)[O-])N=O,0.02,1
COc1cc(Cc2cnc(N)nc2N)c2cc(Cc3c(C(=O)N(C)C)[nH]c4ccc(Cl)cc34)oc2c1OC,0.0275,2
COC(=O)N[C@H]1CC[C@H](n2c(C)nc3cnc4[nH]ccc4c32)CC1,0.0055000000000000005,1
CC(=O)O[C@H]1C(=O)[C@@]2(C)[C@H]([C@H](OC(=O)c3ccccc3)[C@]34OC(=O)O[C@H]3[C@H](OC(=O)[C@H](O)[C@H](CC(C)C)NC(=O)OC(C)(C)C)C(C)=C1C4(C)C)[C@]1(OC(C)=O)CO[C@@H]1C[C@@H]2O,0.2,1
Cc1cc(F)ccc1-c1cc2c(cn1)ncn2-c1ccc(OC(F)F)cc1,0.48,1
O=C1CC(c2ccccc2)Oc2cc(O)cc(O)c21,0.505,2
CC[C@@H]1[C@@H]2CN(C(=O)[C@H](C(C)(C)C)NC(=O)O[C@@H]3C[C@H]3CCCCCc3nc4ccc(OC)cc4nc3O2)[C@@H]1C(=O)N[C@]1(C(=O)NS(=O)(=O)C2CC2)C[C@H]1C(F)F,0.36,1
Cn1cc(-c2nc(N[C@@H]3CCCC[C@@H]3N)c(F)c3c2C(=O)NC3)cn1,0.29600000000000004,15
COc1cc(N)c(Cl)cc1C(=O)NC1CCN(CCCOc2ccc(F)cc2)CC1OC,0.45,1
CCCc1nc(C(C)(C)O)c(C(=O)OCc2oc(=O)oc2C)n1Cc1ccc(-c2ccccc2-c2nn[nH]n2)cc1,0.26,1
COCCCOc1cc(C[C@@H](C[C@H](N)[C@@H](O)C[C@H](C(=O)NCC(C)(C)C(N)=O)C(C)C)C(C)C)ccc1OC.COCCCOc1cc(C[C@@H](C[C@H](N)[C@@H](O)C[C@H](C(=O)NCC(C)(C)C(N)=O)C(C)C)C(C)C)ccc1OC.O=C(O)/C=C/C(=O)O,0.026000000000000002,1
C[C@H]1OC(=O)[C@@H]2C[C@@H]3COCC[C@H]3[C@H](/C=C/c3ccc(-c4ccccc4F)cn3)[C@H]12,0.71,1
C#CCN(C)[C@H](C)Cc1ccccc1.Cl,0.45,1
CC(O)(CS(=O)(=O)c1ccc(F)cc1)C(=O)Nc1ccc(C#N)c(C(F)(F)F)c1,0.35700000000000004,13
COc1ccc2cc1Oc1ccc(cc1)C[C@H]1c3cc(c(OC)cc3CCN1C)Oc1c(OC)c(OC)cc3c1[C@H](C2)N(C)CC3,0.336,1
CCC1=CC2CN(C1)Cc1c([nH]c3ccccc13)C(C(=O)OC)(c1cc3c(cc1OC)N(C)C1C(O)(C(=O)OC)C(OC(C)=O)C4(CC)C=CCN5CCC31C54)C2,0.38,1
O=C(O)c1ccc(-n2ncc(C(=O)NC3C4CC5CC(C4)CC3C5)c2SC2CCCCC2)cc1,0.8200000000000001,1
C/C=C1/[C@H](O[C@@H]2O[C@H](CO)[C@@H](O)[C@H](O)[C@H]2O)OC=C(C(=O)OC)[C@H]1CC(=O)OC[C@H]1O[C@@H](OCCc2ccc(O)cc2)[C@H](O)[C@@H](O)[C@@H]1O,0.0193,1
C(#Cc1ccccc1)c1ccccc1.OBOBO,0.8975,2
CSc1ccc(C(=O)C2=NC(=O)N=C2C)cc1,0.55,1
COc1cc([C@@H]2c3cc4c(cc3[C@H](O)[C@H]3COC(=O)[C@H]23)OCO4)cc(OC)c1OC,0.037000000000000005,1
CC1(C)[C@H](C(=O)O)N2C(=O)C[C@H]2S1(=O)=O,0.745,2
Cc1ccc2cc(Br)c(C(F)(F)P(=O)(O)O)cc2n1,0.05,1
COC(=O)[C@H](CO[P@@]1(=O)COC(Cn2ccc(N)nc2=O)CO1)NC(=O)[C@@H](N)C(C)C,0.18,1
Cc1cc(COc2ccc(NC(=O)[C@H]3CCN(C(=O)c4ccco4)C[C@@H]3C(=O)NO)cc2)c2ccccc2n1,0.05,2
Cc1ncn(-c2cc(Cl)c(C(=O)NC[C@@H](c3cccc(F)c3)c3nc4c(F)ccc(C)c4c(=O)[nH]3)c(Cl)c2)n1,0.141,1
CNC1CCCCC1NC(=O)c1ccc(Cl)c(Cl)c1,0.38200000000000006,3
CC(C)[C@]1(C(=O)N2COc3ccc(C(F)(F)F)cc3C2)CC[C@@H](N2CC[C@H](c3cccc(C(=O)O)c3)[C@@H](C)C2)C1,0.48,1
COc1c(O[C@@H]2O[C@H](CO)[C@@H](O)[C@H](O)[C@H]2O)cc2oc(-c3ccc(O)cc3)cc(=O)c2c1O,0.0075,1
O=S1CCCCS1,0.15,1
O.O.O.O.O.O.O=C([O-])P(=O)(O)O.O=C([O-])P(=O)(O)O.O=C([O-])P(=O)(O)O.[Na+].[Na+].[Na+],0.22,1
CC(=O)N[C@@H]1[C@@H](O[C@@H]2O[C@@H](C(=O)[O-])[C@@H](O)[C@H](O)[C@H]2O)[C@@H](OS(=O)(=O)[O-])[C@@H](CO)O[C@H]1O,0.0605,1
C/C(=C\c1ccccc1)C(=O)OC1C=CCCC1,0.425,2
COc1cc(/C=C/C(=O)CC(=O)/C=C/c2ccc(O)c(OC)c2)ccc1O,0.08690000000000002,36
CCC(CC)c1ccc(Cl)c2nc(Oc3c(C)cc(Cl)cc3Cl)n(C)c12,0.308,1
Cc1n[nH]c2cnc(-c3cncc(OC[C@@H](N)Cc4cccc(C(F)(F)F)c4)c3)cc12,0.25,1
Cc1c(-c2ccccc2)nc2ccc(Br)cc2c1C(=O)Nc1ccc(C(=O)O)cc1F,1.0,1
CC(C)(C)OC(=O)N[C@H](Cc1ccccc1C(F)(F)F)C(=O)NCc1nc2cccnc2n1C(C)(C)C,0.31,1
O=C(NCc1nc2cccnc2n1C1(c2ccccc2)CC1)[C@@H](Cc1c(F)cccc1F)NC(=O)C1(C(F)(F)F)CC1,0.54,1
Nc1ncnc2c1C(=O)N(c1ccc(C3CCC(CC(=O)O)CC3)cc1)CCO2,0.7095,2
Nc1nccc(-c2cccnc2Oc2ccc(Nc3nnc(-c4cccc(Cl)c4)c4ccccc34)cc2)n1,0.27,1
O=C1CN=C(c2ccccn2)c2cc(Br)ccc2N1,0.86,1
C=C[C@]1(C)C[C@@H](OC(=O)CS[C@@H]2CC[C@@H](N)C[C@H]2O)[C@]2(C)C(C)CC[C@]3(CCC(=O)[C@H]32)[C@@H](C)[C@@H]1O,0.258,5
C[C@@H]1CCC[C@@]2(C)CC[C@H]3[C@H](C)CC[C@@H](C[C@H]12)C3(C)C,0.0765,2
O=C(Nc1ccc2c(=O)cc(-c3nnn[nH]3)oc2c1)c1ccc(OCCCCc2ccccc2)cc1,0.043,1
CC#CC(=O)N[C@H]1CCCN(c2c(F)cc(C(N)=O)c3[nH]c(C)c(C)c23)C1,0.81,7
[Cl-].[Cl-].[Zn+2],0.11,1
O=c1cc(-c2ccc(O)c(O)c2)oc2cc(O)cc(O)c12,0.05,3
Cc1c(-c2ccc(=O)n(Cc3ccc(F)cc3)n2)c2cc(F)ccc2n1CC(=O)O,0.11,1
CON=C(C(=O)N[C@@H]1C(=O)N2C(C(=O)[O-])=C(COC(C)=O)CS[C@H]12)c1csc(N)n1.[Na+],0.05,1
C=CCc1ccc(O)c(-c2cc(CC=C)ccc2O)c1,0.04,3
CC(C)(Oc1ccc(F)cc1Cl)C(=O)N[C@H]1C2CC3CC1C[C@](S(C)(=O)=O)(C3)C2,1.0,1
CC(C)N1C(=O)[C@H](NC(=O)[C@@H](Cc2ccccc2F)NC(=O)c2ccc(F)cc2C(F)(F)F)CCc2cc(Cl)cc(F)c21,0.74,1
CC(C)(C)c1cccc2cc(C#N)oc12,0.2,1
Nc1nc2[nH]c(CC(=O)NCC(=O)N[C@@H](CCC(=O)O)C(=O)O)cc2c(=O)[nH]1,0.008599999999999998,1
O=C1NCCO1,0.46,1
CC(=O)N[C@@H]1[C@@H](O[C@H](C)C(=O)N[C@@H](C)C(=O)N[C@H](CCC(=O)O)C(N)=O)[C@H](O[C@@H]2O[C@H](CO)[C@@H](O)[C@H](O)[C@H]2NC(C)=O)[C@@H](CO)O[C@H]1O,0.067,3
COc1cccc([C@@]2(O)CCCC[C@@H]2CN(C)C)c1.Cl,0.7000000000000001,1
CN1CCC(N2CCN(C(=O)[C@H](NC(=O)c3ccc4cc[nH]c4c3)c3ccccc3)CC2)CC1,0.535,1
CS(=O)(=O)NC(=O)c1ccc(-c2ccc(CCNC[C@H](O)c3cccnc3)cc2)cc1OC1CCCCC1.Cl.Cl,0.38,3
COc1ccc(Cl)c(Nc2ncnc3cc(OCC4CCN(C)CC4)c(OC)cc23)c1,0.42,1
O=C(Nc1cccc(Cl)c1Cl)N1CCN2C(=O)N([C@H]3C[C@@H]3c3ccccc3)C(=O)[C@@H]2C1,0.3,3
CC(C)c1cc2cccc(C(=O)NCC3C4CN(CC5CCOCC5)CC34)n2n1,0.688,1
CC1(C)[C@@H](O[C@H]2O[C@H](C(=O)O)[C@@H](O)[C@H](O)[C@H]2O[C@@H]2O[C@H](C(=O)O)[C@@H](O)[C@H](O)[C@H]2O)CC[C@]2(C)[C@H]3C(=O)C=C4[C@@H]5C[C@@](C)(C(=O)O)CC[C@]5(C)CC[C@@]4(C)[C@]3(C)CC[C@@H]12,0.032400000000000005,5
Cc1ccc(Cl)c(Nc2ccccc2C(=O)O)c1Cl,0.5539000000000001,5
CC(C)N1CCN(C(=O)c2ccc3c(CN4CCOCC4)c[nH]c3c2)CC1,0.6900000000000001,1
CC(C)C[C@@H]1C(=O)N[C@H](C2Cc3ccccc3C2)C(=O)N1[C@@H](C(=O)N(C)C)c1ccc(F)cc1F,0.52,6
CO/N=C1/C[C@@H](C(=O)NC[C@@H](O)c2ccccc2)N(C(=O)c2ccc(-c3ccccc3C)cc2)C1,0.31,2
Nc1nc(F)nc2c1ncn2[C@@H]1O[C@H](COP(=O)(O)O)[C@@H](O)[C@@H]1O,0.65,6
CN(C)CC/C=C1\c2ccccc2CSc2ccccc21,0.3,1
O=C(/C=C/c1ccc(O)c(O)c1)O[C@H](Cc1ccc(O)c(O)c1)C(=O)O,0.013000000000000001,1
CC(=S)NC[C@H]1CN(c2ccc(N3CCS(=O)CC3)c(F)c2)C(=O)O1,0.55,1
C[C@]12CC[C@H](O)CC1=CC[C@@H]1[C@@H]2CC[C@]2(C)C(=O)CC[C@@H]12,0.0305,2
CN(C(=O)Oc1ccc(Oc2ccc(C(F)(F)F)cn2)cc1)c1ccccc1,0.16,1
COc1cn([C@@H](C[C@@H]2CCCCO2)C(=O)Nc2ccc(C(=O)O)cc2)c(=O)cc1-c1cc(Cl)ccc1C#N,0.53,1
C/C(=N\O)c1cccc(Nc2nc3ccccc3c3occc23)c1,0.3,1
Cc1nn2c(O)cc(N3CCOCC3)nc2c1Cc1cccc(C(F)(F)F)c1C,0.51,1
C=CC1=C(C(=O)O)N2C(=O)[C@@H](NC(=O)C(=NO)c3csc(N)n3)[C@H]2SC1,0.24,2
O=[N+]([O-])OCC(CO[N+](=O)[O-])(CO[N+](=O)[O-])CO[N+](=O)[O-],0.040999999999999995,1
CCOC(=O)N1CCN(C(=O)[C@H](CCC(=O)NS(C)(=O)=O)NC(=O)c2cc(N3CC[C@H](OC)C3)nc(-c3ccccc3)n2)CC1,0.013000000000000001,1
CC1CCc2cccc(OCc3ccc(C(F)(F)F)cc3)c2N1,0.209,1
CS(=O)(=O)c1cc(F)cc2c3c(n(Cc4ccc(Cl)cc4)c12)[C@@H](CC(=O)O)CC3,0.5,5
CC(C)NCC(O)COC1=C2C(CC=C1)CCCN2Cc1cccnc1,0.7000000000000001,1
COc1ccc(N2CCN(C(=O)[C@@H]3CCCC[C@H]3C(=O)NC3(C#N)CC3)[C@H](C)C2)cc1OC,0.585,2
C1=Cc2ccc3nc4ccccc4cc3c2S[NH2+]1.[Cl-],0.7000000000000001,3
NCc1ccc(Cl)cc1C[N-]C(=O)[C@@H]1NCCN1C(=O)C1(O)c2ccccc2-c2ccccc21,0.55,3
CCc1nc(C)c(C(=O)NC)n1Cc1ccc2oc(-c3ccccc3NS(=O)(=O)C(F)(F)F)c(Br)c2c1,0.9500000000000001,1
Cn1cc(C(=O)O)c(=O)c2cc(F)c(N3CCN(c4ccccn4)CC3)c(C(F)(F)F)c21,0.9,1
Cn1cncc1C(OCc1ccc(C#N)cn1)c1ccc(C#N)c(-c2cccc3ccccc23)c1,0.52,2
CCNC(=O)c1cc(NS(=O)(=O)c2cc(C)c(Cl)cc2Cl)ccc1Oc1cncc(Cl)c1,0.08,1
C=CC=CC#N,0.4,2
CCn1nc(Cc2ccccc2)cc1C1CCN(C[C@H]2CN([C@@H](C(=O)O)C(C)C)C[C@@H]2c2cccc(F)c2)CC1,0.2115,2
O=C(c1csc2ccccc12)N(CCc1ccc(Cl)cc1)[C@H]1CC[C@H](O)CC1,0.005,1
CCOC(=O)Nc1ccc(NCc2ccc(F)cc2)cc1N,0.6,15
N#Cc1ccnc(N2C(=O)CC[C@H]2C(=O)N(c2cncc(F)c2)[C@H](C(=O)NC2CC(F)(F)C2)c2ccccc2Cl)c1,0.395,3
CC[C@H](C)C[C@H](C)CCCCCCCCC(=O)N[C@H]1C[C@@H](O)[C@@H](NCCN)NC(=O)[C@@H]2[C@@H](O)CCN2C(=O)[C@H]([C@H](O)CCN)NC(=O)[C@H]([C@H](O)[C@@H](O)c2ccc(O)cc2)NC(=O)[C@@H]2C[C@@H](O)CN2C(=O)[C@H]([C@@H](C)O)NC1=O,0.003,3
CCC(=O)O[C@@H](OP(=O)(CCCCc1ccccc1)CC(=O)N1C[C@H](C2CCCCC2)C[C@H]1C(=O)O)C(C)C,0.32,3
OC[C@H]1O[C@@H](Oc2cc(O)cc(/C=C/c3ccc(O)cc3)c2)[C@H](O)[C@@H](O)[C@@H]1O,0.0168,4
Cn1nc(-c2ccc(F)cc2)cc1C1(c2ccccn2)CCN(CCc2ccccc2)CC1.O=C(O)C(F)(F)F,0.14,1
O=c1[nH]cnc2cnccc12,0.73,1
CCOC(=O)CC1Oc2ccc(OC)cc2C=C1C(=O)c1ccccc1,0.027999999999999997,1
OCCO,0.166,7
CS(=O)(=O)O.C[C@@H](C(=O)Nc1ccc(Cl)cc1)C1CCC(c2ccnc3ccc(F)cc23)CC1,0.39,3
c1cnc2nccn2c1,0.35000000000000003,3
CC(C)N1CCC(c2ccccc2)(c2ccccc2)CC1.Cl,0.2,3
CN(C)[C@@H](CCOc1cccc2ccccc12)c1ccccc1,0.455,1
CS(=O)(=O)c1ccccc1-c1ccc(NC(=O)c2cc(C(F)(F)F)nn2-c2cccc(CN)c2)c(F)c1,0.5700000000000001,1
CCOc1ccc(N2C[C@@]3(CCC[C@](C)(Cn4cnc5ccc(C#N)cc54)C3)OC2=O)cc1,0.29,1
CC(C)C(=O)c1c(Nc2ccc(F)c(F)c2F)[nH]c2c(F)cc(F)cc2c1=O,0.56,1
CCc1ccc(Nc2c(F)c(F)cc(F)c2F)c(CC(=O)O)c1,0.91,2
C1=CC2=C(C=CC2)NC1,0.48,1
NCCC[C@H](NC(F)F)C(=O)O,0.55,1
CCCCC=CCCCCCCCc1cc(=O)c2ccccc2n1C,0.047,1
CC[C@H](C)[C@@H]1C(=O)N[C@H](C2Cc3ccccc3C2)C(=O)N1[C@@H](C(=O)N(C)C)c1ccc(C)nc1,0.62,1
CC(=O)Oc1ccc(/C=C/C(=O)OCCCCCCCCBr)cc1OC(C)=O,0.34,1
O=C(O)C(Cl)Cl,0.1,1
CN(C)CCOc1nc2ccccc2c2oc(-c3ccc(C(F)(F)F)cc3)nc12,0.136,1
Cc1ccnc(NCc2ccc(-c3ccccc3C(=O)O)cc2)c1NC(=O)CC#N,0.19,1
CSC(=NC#N)NCCSCc1cc2ccccc2[nH]1,0.47100000000000003,1
CCC(=O)O[C@H]1[C@H](O[C@@H]2[C@@H](C)[C@H](O[C@H]3C[C@@](C)(OC)[C@@H](O)[C@H](C)O3)[C@@H](C)C(=O)O[C@H](CC)[C@@](C)(O)[C@H](O)[C@@H](C)C(=O)[C@H](C)C[C@@]2(C)O)O[C@H](C)C[C@@H]1N(C)C.CCCCCCCCCCCCOS(=O)(=O)O,0.75,1
CN1C(=O)[C@@H](NC(=O)c2n[nH]c(Cc3ccccc3)n2)COc2ccc(C#CC3CC3)cc21,0.99,1
COc1c(Nc2ncc(Cl)c(Nc3ccccc3S(=O)(=O)N(C)C)n2)ccc2c1CCCC(N1CCN(CCO)CC1)C2,0.28,1
COc1cc(F)ccc1-c1ccc([C@@H](CC(=O)O)NC(=O)[C@]2(C)CCCN2S(=O)(=O)c2cc(Cl)cc(Cl)c2)cc1,0.554,1
Cc1ccc([C@@H]2O[C@H](CO)[C@@H](O)[C@H](O)[C@H]2O)cc1[14CH2]c1ccc(-c2ccc(F)cc2)s1,0.65,1
N#CCCN[C@H]1CC[C@H](n2nnc3cnc4[nH]ccc4c32)CC1,0.009000000000000001,1
CCN(C(=O)c1cc(C(C)C)c(O)cc1O)c1cccnc1,0.17800000000000002,1
CC1=C2CC[C@@](C)(O)[C@@H]2[C@H]2OC(=O)[C@@H](CN(C)C)[C@@H]2CC1,0.5082,2
C[C@]1(CS(=O)(=O)N2CCN(c3ncc(OCc4cccc(C#N)c4)cn3)CC2)NC(=O)NC1=O,0.63,2
CCCN(CCC)c1c(C)nc(-c2c(CC(F)F)cc(CC(F)F)cc2OC)c2ccccc12,0.048,1
Cc1nn(C)c2nc(N(C)CCN(C)C)c(C(=O)NC(=O)Nc3cccc(OC(C)C)c3)cc12.Cl,0.6,1
CCCOC(C(=O)OC1CCN(C)CC1)(c1ccccc1)c1ccccc1,0.5895,6
N[C@@]1(c2ccccc2Cl)CCC[C@@H](O)C1=O,0.46299999999999997,11
COc1ccc(-n2nccn2)c(C(=O)N2CCC[C@@]2(C)c2nc3c(C)c(Cl)ccc3[nH]2)c1,0.62,9
CC1(C)OC(=O)C(OCC2CC2)=C1c1ccc(S(C)(=O)=O)cc1,0.79,5
CC/C(=C(/c1ccc(/C=C/C(=O)O)cc1)c1ccc2[nH]ncc2c1)c1ccc(F)cc1Cl,0.47500000000000003,2
Cc1c(NS(C)(=O)=O)cccc1N(Cc1ccccc1)Cc1ccc(Oc2ccc(OC[C@@H](O)C[C@@H](O)CC(=O)O)cc2)cc1,0.54,1
O=c1cc(Cn2c(C3CC(F)(F)C3)nc3nccnc32)c2cccc(F)c2[nH]1,0.55,1
CS(=O)(=O)NCc1cccc(-c2cc(-c3ccnn3C3CCOCC3)c3c(N)ncnn23)c1,0.2273,7
C=C(CC1COc2ccccc2O1)C(=O)OC,0.17,1
N[C@]1(C(=O)O)[C@H]2[C@@H](C[C@@H]1F)[C@@H]2C(=O)O,0.84,1
Cl.O=C1Nc2ccc([N+](=O)[O-])cc2/C1=C1Nc2ccccc2C/1=N\OCCN1CCNCC1,0.013300000000000001,1
Fc1cc2nc(-c3cccnc3)n(C3CC3)c2cc1F,0.92,1
NC1(C(=O)N[C@@H](CCO)c2ccc(Cl)cc2)CCN(c2ncnc3[nH]ccc23)CC1,0.4704,1
[O-][Br+2]([O-])[O-],0.24600000000000002,1
CC(C)[C@]12CC(=O)[C@H](C)[C@H]1C2,0.4015000000000001,4
[Zn],0.197,13
N#C[C@@H]1C[C@H](F)CN1C(=O)[C@@H](N)Cc1cscn1,0.378,2
CCCCCC(=O)OC[C@@]1(CCl)O[C@@H](n2ccc(N)nc2=O)[C@H](F)[C@@H]1OC(=O)CCCCC,0.703,1
CS(=O)(=O)O.Oc1ccc(C2CNCCc3c2cc(O)c(O)c3Cl)cc1,0.04,1
BrBr.C[NH3+].[Pb+2],0.2,28
C[N+]1(C)[C@@H]2C[C@@H](OC(=O)C(O)(c3cccs3)c3cccs3)C[C@H]1[C@@H]1O[C@@H]12.[Br-],0.0225,4
CCCC(=O)N=C(C)c1cc(OC)c2c(c1OC)C(=O)c1ccccc1C2=O,0.12,1
CCN(CC)C(=O)N[C@H]1C=C2c3cccc4[nH]c(Br)c(c34)C[C@H]2N(C)C1,0.39,6
C[C@@H]1CCN(C(=O)CC#N)C[C@@H]1N(C)c1ncnc2[nH]ccc12,0.74,3
COc1cc(OC)c2nnc3c(C)nc(-c4cccnc4C)n3c2c1,1.0,1
COc1ccc2nc(COc3ccc(CC4SC(=O)NC4=O)cc3)n(C)c2c1,0.761,1
COc1ccccc1OCC(O)CO,0.7125,4
[Mg],0.59,1
O=C(Nc1cccc2c(=O)cc(-c3nn[nH]n3)oc12)c1ccc(OCCCCc2ccccc2)cc1,0.043,3
C=C(C)[C@H]1CC[C@H]2[C@@H]3CC[C@@H]4C[C@H](OC(C)=O)CC[C@]4(C)[C@H]3CC[C@]12C,0.5700000000000001,7
CCCOc1cc([C@H](c2cc3cc(Br)ccc3cc2OC)[C@@](O)(CCN(C)C)c2cccc3ccoc23)cc(OC)n1,0.46,1
CC(C)Oc1ccccc1/C=C/C(=O)c1ccccc1,0.01,1
CN(C)C(=O)Oc1cc(OC(=O)N(C)C)cc(C(O)CNC(C)(C)C)c1,0.665,4
CC(O)C(=O)O,0.2,1
O=C(O)C[C@@H](CCc1c[nH]c2ccccc12)NC(=O)CNC(=O)CCCC1CCNCC1,0.049,1
C=C1C(=O)O[C@@H]2CCN3CC=C(COC(=O)[C@](C)(O)[C@H](C)[C@H]1C)[C@H]23,0.15,1
CC(C)C[C@H](NC(=O)NCc1cn(-c2ccccc2C(=O)OCn2cc(F)c(=O)[nH]c2=O)nn1)C(=O)NO,0.0064,1
CC(C)NCC(O)COc1ccc(CCN(C(N)=O)C(C)C)cc1,0.28,7
CN(C)C(C)(C)c1nc(O)c(O)c(C(=O)NCc2ccc(F)cc2)n1,0.61,6
O=P(O)(O)O,1.0,1
C=CCN1C(=O)C2(CN(C)CC23C(=O)Nc2ccc(Cl)cc23)NC1=S,0.395,2
CN1C(=O)[C@H](NC(=O)N[C@@H](CC2CCCCC2)C(O)CSc2nnnn2C)N=C(c2ccccc2)c2ccccc21,0.096,1
Cn1c(SCC(=O)N2CCC[C@H]2C(=O)Nc2ccccc2-c2ccccc2)nc2ccccc21,0.11,1
CC(=O)NC1C(O)OC(COS(=O)(=O)O)C(OC2OC(C(=O)O)C(OC3OC(CO)C(OC4OC(C(=O)O)C(O)C(O)C4OS(=O)(=O)O)C(OS(=O)(=O)O)C3NS(=O)(=O)O)C(O)C2OS(=O)(=O)O)C1O,0.078,31
CC1(C)CNc2cc([N+](=O)[O-])ccc2S1,0.2,1
O=C1Nc2c(C(F)(F)F)cccc2[C@@]1(c1ccc(O)cc1)N1CCC(F)(F)CC1,0.06,1
COc1cccc(COc2cc3ccn(C)c(=O)c3cc2OC)c1,0.18600000000000003,1
CCOC(=O)N1CSC[C@H]1C(=O)O,0.9,2
C=C1C(=O)Oc2ccccc2C1(c1ccc(C(C)C)cc1)c1nc2ccccc2s1,1.0,1
NC(=O)c1cccc(C2C[C@H]3CC[C@@H](C2)N3CCN(CC2CCCCC2)C(=O)[C@@H](O)CO)c1,0.37,2
C=CCc1ccc(O)c(-c2ccc(OC)c(CC=C)c2)c1,0.06,2
N[C@H]1CC(C(=O)N2CCn3c(nnc3C(F)(F)F)C2)=CC[C@@H]1c1cc(F)c(F)cc1F,0.605,2
COc1ccc(C(CC(=O)O)Cc2csc(CCCc3ccc4c(n3)NCCC4)n2)cn1,1.0,1
Cc1cc(C)n(CC23CNCC[C@]2(c2ccc(Cl)c(Cl)c2)C3)n1,0.06,1
CS(=O)(=O)Nn1c(=O)[nH]c2cc(C(F)(F)F)c(N3CCCOCC3)cc2c1=O,1.0,1
CCCCCCCCCCCCCCCCCC(=O)O.CC[C@H]1OC(=O)[C@H](C)[C@@H](O[C@H]2C[C@@](C)(OC)[C@@H](O)[C@H](C)O2)[C@H](C)[C@@H](O[C@@H]2O[C@H](C)C[C@H](N(C)C)[C@H]2O)[C@](C)(O)C[C@@H](C)C(=O)[C@H](C)[C@@H](O)[C@]1(C)O,0.525,1
Cc1ccc2c(c1)C(CC(=O)c1ccc(Br)cc1)C1=C(O2)C(=O)c2ccccc2C1=O,0.52,1
CC(C)CCn1nc(C(C)(C)C)c(O)c(C2=NS(=O)(=O)c3cc(NS(C)(=O)=O)ccc3N2)c1=O,0.1,1
O=C(NC12CC3CC(CC(C3)C1)C2)c1cc(-c2ccc(F)cc2F)c[nH]1,0.096,1
FC(F)(F)c1nccc2cc(Nc3[nH]nc4ncccc34)ccc12,0.58,1
Cc1cc(Nc2ncc(F)c(N[C@H]3[C@@H](C(N)=O)[C@@H]4C=C[C@H]3C4)n2)ccc1N1CCN(C)CC1,0.37,1
CC[C@H]1OC(=O)[C@H](C)[C@@H](O[C@H]2C[C@@](C)(OC)[C@@H](O)[C@H](C)O2)[C@H](C)[C@@H](O[C@@H]2O[C@H](C)C[C@H](N(C)C)[C@H]2O)[C@](C)(O)C[C@@H](C)C(=O)[C@H](C)[C@@H](O)[C@]1(C)O.N#CS,0.048,4
COc1cccc(C2=NN(C(N)=O)C(c3cn(C)c4ccc(Br)cc34)C2)c1,0.3301,1
OC1CCc2c(Cl)ccc(Nc3cc(-c4ccc(C(F)(F)F)cc4)ncn3)c2C1,0.34,1
CO,0.015,3
COc1cc2ncn(Cc3ccc(OCc4ccc(F)cc4)c(OC)c3)c(=O)c2cc1OC,0.1342,1
O=C(O)CC(O)(CC(=O)O)C(=O)O.O=C([O-])[O-].[Ca+2],0.257,1
FC(F)(F)c1ccc(Cl)cc1,1.0,2
COc1cc(C)c(Sc2cnc(NC(=O)c3ccc(CNC(C)C(C)(C)C)cc3)s2)cc1C(=O)N1CCN(C(C)=O)CC1,0.064,1
C[C@]12CC[C@@H]3c4ccc(O)cc4CC[C@H]3C13CCC2(O)CC3,0.33,1
O=C(O)O.[Zn+2],0.031400000000000004,1
COCCOCCOC(=O)N[C@@H](CC(C)C)C(=O)N[C@@H](Cc1ccccc1)C(=O)C(=O)NC1CC1,0.81,2
O=C1NC[C@H](c2cccc(F)c2)CC[C@H]1NC(=O)N1CCC(n2c(=O)[nH]c3ncccc32)CC1,0.011000000000000001,1
CC(C)CCn1nc(-c2cccs2)c(O)c(C2=NS(=O)(=O)c3cc(N(C)S(C)(=O)=O)ccc3N2)c1=O,0.125,1
CCCS(=O)([O-])=S.NC(N)=[NH2+],0.35000000000000003,1
COc1cccc(N2CCN(C[C@H](O)COc3ccc(C(F)(F)F)cc3)CC2)c1,0.6725,1
CC(C)OC(=O)C(C)(C)Oc1ccc(C(=O)c2ccc(Cl)cc2)cc1,0.66,20
O=C(O)C1NCCC2CCCCC21,0.3,1
CC1=C[C@H]2O[C@@H]3[C@H](O[C@@H]4O[C@H](CO)[C@@H](O)[C@H](O)[C@H]4O)C[C@](C)([C@@]2(CO)[C@H](O)C1=O)[C@]31CO1,0.0379,3
CC[C@@H]1CN2CCc3c([nH]c4cccc(OC)c34)[C@@H]2C[C@@H]1/C(=C\OC)C(=O)OC.Cl,0.17,1
COc1cc(C[C@H](CO)[C@@H](CO)Cc2ccc(O)c(OC)c2)ccc1O,0.25,1
CCCCOC(=O)COc1cc(-c2ccccc2S(C)(=O)=O)ccc1CCNS(=O)(=O)c1cc(/C(N)=N/O)ccc1O,0.13,4
CC(=O)OC(C)(C)/C=C/C(=O)[C@](C)(O)[C@H]1[C@H](O)C[C@@]2(C)[C@@H]3CC=C4[C@@H](C[C@H](O)C(=O)C4(C)C)[C@]3(C)C(=O)C[C@]12C,0.1,3
CCc1cc2c(cc1N1CCC(N3CCOCC3)CC1)C(C)(C)c1[nH]c3cc(C#N)ccc3c1C2=O,0.37,5
COc1ccc(-c2coc3cc(O)cc(O)c3c2=O)cc1,0.019,6
Cc1c(Oc2ccc(Cl)cc2)c2ccc(C(F)(F)F)nc2n1Cc1ccc(Cl)c(O[C@@H](C)C(=O)O)c1,0.61,1
CC(C)N1CC[C@@H](c2cc(-c3ccc(Cl)cc3)n[nH]2)[C@H](c2ccc(F)cc2)C1.O=C(O)C(F)(F)F,0.54,1
O=C(/C=C(/Br)C(=O)O)Nc1ccc(O)c(C(=O)O)c1,0.77,1
CC(C)C(=O)OCOC(=O)N1C[C@@H](SC2=C(C(=O)[O-])N3C(=O)[C@H]([C@@H](C)O)[C@H]3[C@H]2C)C[C@H]1C(=O)N(C)C.[Na+],0.034,1
N=C(N)C1CCC[C@H](NC(=O)CN2CCC[C@H](NS(=O)(=O)Cc3ccccc3)C2=O)C1O,0.35000000000000003,1
Cc1cc2c(cnn2[C@@H](CC(C)C)c2ccc(C(=O)NCCC(=O)O)cc2)cc1-c1ccc(C(F)(F)F)cc1Cl,0.354,1
C#CCOC(=O)C=C1CC[C@H]2[C@@H]3CC=C4C[C@@H](O)CC[C@]4(C)[C@H]3CC[C@]12C,0.525,2
CCN1CCN(Cc2ccc(Nc3ncc(F)c(-c4cc(F)c5nc(C)n(C(C)C)c5c4)n3)nc2)CC1,0.45,6
Cc1ccc(S(=O)(=O)O)cc1.NC(=O)c1cccc2cn(-c3ccc([C@@H]4CCCNC4)cc3)nc12.O,0.73,1
CC#CCC(C)[C@H](O)/C=C/[C@@H]1[C@H]2CC(=CCCCC(=O)O)C[C@H]2C[C@H]1O,0.17500000000000002,3
CCC1(CC)NCCNC1=O,0.28,2
CC(C)(C)OC(=O)C(N)CN(CC(=O)O)C(=O)Cc1ccc(O)c2ncccc12,0.47500000000000003,2
C[C@@H]1O[C@@H](OC[C@H]2OC(O)[C@H](O)[C@@H](O)[C@@H]2O)[C@H](O)[C@H](O)[C@H]1O,0.0862,3
CCOc1c(Cl)cc(C(=O)Nc2ccc(C(=O)O)c(C)c2)cc1OC(C)C,0.4,1
CCC(C)N(C)C(=O)c1cc2ccccc2c(-c2ccccc2Cl)n1,0.33,1
Cn1c(-c2cccnc2)nc2ccc(F)cc21,0.37,1
CCOC(=O)N1c2ccc(C(F)(F)F)cc2[C@@H](N(Cc2cc(C(F)(F)F)cc(C(F)(F)F)c2)C(=O)OC)C[C@H]1CC,0.3,1
C[C@@H](Oc1ccc(S(C)(=O)=O)cc1C(=O)N1C[C@@H]2C[C@]2(c2cc(C(F)(F)F)on2)C1)C(F)(F)F,0.72,1
CCCCCCOC(=O)/N=C(/N)c1ccc(NCc2nc3cc(C(=O)N(CCC(=O)OCC)c4ccccn4)ccc3n2C)cc1,0.065,38
CC(C)(C)CCn1nc(CC2CCCC2)c(O)c(C2=NS(=O)(=O)c3cc(NS(C)(=O)=O)ccc3N2)c1=O,0.1,1
C[C@H](Cc1cc2c(c(C(N)=O)c1)N(CCCO)CC2)NCCOc1ccccc1OCC(F)(F)F,0.32,9
[C],0.15,3
C/C1=C2/[N-]C([C@H](CC(N)=O)[C@@]2(C)CCC(=O)NC[C@@H](C)OP(=O)([O-])O[C@H]2[C@@H](O)[C@@H](n3cnc4cc(C)c(C)cc43)O[C@@H]2CO)[C@]2(C)N=C(/C(C)=C3\N=C(/C=C4\N=C1[C@@H](CCC(N)=O)C4(C)C)[C@@H](CCC(N)=O)[C@]3(C)CC(N)=O)[C@@H](CCC(N)=O)[C@]2(C)CC(N)=O.[57Co+3].[C-]#N,0.269,4
COCCCCn1c(C(=O)N(CC(C)C)[C@@H]2CNC[C@H](C(=O)N3CCOCC3)C2)nnc1-c1ccccc1,0.01,1
CC[C@@H]1CN(C(=O)NCC(F)(F)F)C[C@@H]1c1cnc2cnc3[nH]ccc3n12,1.0,1
C=C[C@H]1CN2CC[C@H]1C[C@@H]2[C@@H](O)c1ccnc2ccc(OC)cc12.C=C[C@H]1CN2CC[C@H]1C[C@@H]2[C@@H](O)c1ccnc2ccc(OC)cc12.O=S(=O)(O)O,0.7000000000000001,1
CCC(C)C(CC)C(N)=O,0.9400000000000001,1
COc1ccc2c(c1)CC[n+]1cc3c(OC)cccc3cc1-2.[Cl-],0.142,1
CCCCC1C(=O)NN(c2ccccc2)C1=O,0.31150000000000005,4
Brc1ccccc1-n1c2ccccc2c2ccccc21,0.05,1
C[N+]1(CCC[n+]2ccc3ccccc3c2)CCCC1.[Br-].[Br-],0.061,1
CC(=O)OC(C)(C)[C@@H]1Cc2c(ccc3ccc(=O)oc23)O1,0.07,1
Cn1nc(-c2ccc(F)cc2)cc1C1(c2ccccc2)CCN(CCc2ccccc2)CC1.O=C(O)C(F)(F)F,0.22,1
NCCc1c[nH]c(=S)n1[C@H]1COc2c(F)cc(F)cc2C1,0.64,1
CN1CCCC1c1cccnc1,0.3,8
CCC(=O)Oc1ccc2c(=O)n(Cc3cccc(NS(=O)(=O)NC)c3F)c(=O)oc2c1,0.3975,4
C[C@@H]1CC[C@@]2(OC1)O[C@H]1C[C@H]3[C@@H]4CC=C5C[C@@H](O[C@@H]6O[C@H](CO)[C@@H](O[C@@H]7O[C@@H](CO)[C@H](O)[C@H]7O)[C@H](O)[C@H]6O[C@@H]6O[C@@H](C)[C@H](O)[C@@H](O)[C@H]6O)CC[C@]5(C)[C@H]4CC[C@]3(C)[C@H]1[C@@H]2C,0.0062,3
NC1=NCC2c3ccccc3Cc3ccccc3N12,0.4,2
Cc1nn(C)cc1S(=O)(=O)NC(=O)c1ccc(-n2ccc(OCC(C)(C)C(F)(F)F)n2)nc1N1C[C@@H](C)CC1(C)C,0.8,1
CC(C)(C)OC(=O)N[C@H](Cc1ccccc1C(F)(F)F)C(=O)NCc1nc2cccnc2n1C1(c2ccccc2)CC1,0.44,2
O[C@@H](c1cc(C(F)(F)F)nc2c(C(F)(F)F)cccc12)[C@H]1CCCCN1,1.0,1
Cc1c(C(=O)Nc2ccc3c(c2)B(O)OC3)nnn1-c1ccccn1,0.65,1
O=C(NCc1ccc(F)cc1)c1nc(-c2cccs2)nc(O)c1O,0.34,2
CC[C@@H](C(=O)Nc1ccc2nccnc2c1)n1cc(OC)c(-c2cc(Cl)ccc2-n2cc(C(F)F)nn2)cc1=O,0.42,1
c1c2c(cc3c1OCO3)-c1cc3ccc4c(c3c[n+]1CC2)OCO4,0.019350000000000003,2
Br.Br.CCCN1CCN(c2nc(CCN(C)C(=O)c3ccc([N+](=O)[O-])cc3)cs2)CC1,0.35000000000000003,1
OCC1=C[C@@H](O)[C@@H]2C=CO[C@@H](O[C@@H]3O[C@H](CO)[C@@H](O)[C@H](O)[C@H]3O)[C@H]12,0.193,1
COc1ccc2c(c1)CCN(C(=O)CCCCC(=O)O)[C@H]2C(=O)Nc1cc(F)c([Si](C)(C)C)c(F)c1,0.84,1
Clc1cc2c(cc1Cl)Oc1cc(Cl)c(Cl)cc1O2,0.228,3
Cc1cn([C@@]2(N=[N+]=[N-])C[C@H](O)[C@@H](CO)O2)c(=O)[nH]c1=O,0.64,7
CC[C@H](/C=C/[C@@H](C)[C@H]1CC[C@H]2[C@@H]3CC=C4C[C@@H](O)CC[C@]4(C)[C@H]3CC[C@]12C)C(C)C,0.1,1
C[C@@H]1CCO[C@H]2Cn3cc(C(=O)NCc4ccc(F)cc4F)c(=O)c(O)c3C(=O)N12,0.34,3
C=C(C(=O)O)[C@@H]1CC[C@@H](C)[C@@H]2CCC(C)=C[C@@H]21,0.61,1
Cn1c(-c2ccccc2)c(C#N)c2cccc(I)c21,0.44,1
Cc1ccc2c(Nc3ccc(Cl)cc3)nccc2c1Nc1ncccc1-c1ncnc2[nH]cnc12.Cl.Cl.Cl,0.79,1
O=[N+]([O-])OCC(CO[N+](=O)[O-])O[N+](=O)[O-],0.016,5
COc1cc(/C=C/C(=O)O)ccc1O,0.018000000000000002,1
CCC(=O)NC[C@@H]1C[C@H]1c1cccc2c1CCO2,0.38,6
CCCNC1CCc2nc(N)sc2C1,0.9,1
Cc1cc(-c2ccc(C#N)cc2)cc(C)c1Oc1nc(NC2CCN(Cc3ccc(C(N)=O)cc3)CC2)nc2ccsc12,0.33799999999999997,1
CC(C)(C)c1cc(C(C)(C)C)c(NC(=O)c2c[nH]c3ccccc3c2=O)cc1O,0.045,1
CNC(=O)c1cc(Oc2ccc(NC(=O)c3cccc(C(F)(F)F)c3)cc2)cc[nH+]1.Cc1ccc(S(=O)(=O)[O-])cc1.O,0.2675,3
C#CCN1C2C=C(C(=O)OCC)C1C=CC2=O,0.625,1
O=C(O)[C@H]1C2CCC(CC2)[C@@H]1Nc1nc(-c2c[nH]c3ncc(F)cc23)ncc1F,0.26,1
O=S(=O)(Nc1ccc(CCNC[C@H](O)c2cccnc2)cc1)c1ccc(-n2ncc(Cc3ccc(F)c(F)c3)n2)cc1,0.38,1
O=C(O)CCc1ccc(NCc2cccc(Oc3ccccc3)c2)cc1,0.65,1
CC(C)c1cnc([N+](=O)[O-])n1C,0.9,4
CC(C)(C)S(=O)(=O)C[C@@H](Cc1ccccc1)C(=O)N[C@@H](Cc1c[nH]cn1)C(=O)N[C@@H](CC1CCCCC1)[C@@H](O)[C@@H](O)C1CC1,0.003,3
CCCCCCCCCCCCCCCCOCCCOP(=O)(O)CO[C@H](CO)Cn1ccc(N)nc1=O,0.25,1
CNC(=O)c1cc(Oc2ccc(NC(=O)Nc3ccc(Cl)c(C(F)(F)F)c3)cc2)ccn1.Cc1ccc(S(=O)(=O)O)cc1,0.06465,2
O=C(O)c1ccc(CCCc2c(CCNS(=O)(=O)Cc3ccc(Cl)c(Cl)c3)n(C(c3ccccc3)c3ccccc3)c3ccc(Cl)cc23)cc1,0.06,1
NC(=O)c1c(Cl)ccc(NC(=O)Nc2ccccc2Br)c1O,0.036000000000000004,1
O=c1ccc2cc(O)c(O)cc2o1,0.10070000000000001,1
OCc1ccc(O[C@@H]2O[C@H](CO)[C@@H](O)[C@H](O)[C@H]2O)cc1,0.8,4
NS(=O)(=O)c1sc(CNc2ccccc2-c2nnn[nH]2)cc1Cl,0.1225,2
CC[C@H](C)[C@@H]([C@@H](CC(=O)N1CCC[C@H]1[C@H](OC)[C@@H](C)C(=O)N[C@H](C)[C@@H](O)c1ccccc1)OC)N(C)C(=O)[C@@H](NC(=O)[C@@H](NC)C(C)C)C(C)C,0.21739999999999998,1
COC(=O)c1ccccc1-c1ccc([C@@H](C)Nc2nccc(C)c2NC(=O)CC#N)cc1,0.27,1
CCO.C[C@H]1c2cccc(O)c2C(O)=C2C(=O)[C@]3(O)C(O)=C(C(N)=O)C(=O)[C@@H](N(C)C)[C@@H]3[C@@H](O)[C@@H]21.C[C@H]1c2cccc(O)c2C(O)=C2C(=O)[C@]3(O)C(O)=C(C(N)=O)C(=O)[C@@H](N(C)C)[C@@H]3[C@@H](O)[C@@H]21.Cl.Cl.O,0.050300000000000004,1
Cc1ncc2n1C(=O)N(C1CCN(C(=O)CCS(=O)(=O)c3ccc4cc(Cl)ccc4c3)CC1)C2,0.35000000000000003,4
[c]1ccccn1,0.58,1
COc1ccc(C2(C#N)CCC(C(=O)O)CC2)cc1OC1CCCC1,0.985,2
N[C@H]1C[C@@H](N2Cc3cn(S(=O)(=O)C4CC4)nc3C2)CO[C@@H]1c1cc(F)ccc1F,0.9500000000000001,2
O=C([C@@H]1C[C@@H]2CCCC[C@@H]2N1C(=O)[C@@H]1C[C@H]1c1ccccc1)N1CCSC1,0.07200000000000001,3
C[C@H]1CCCN1Cc1cc2cnc(NC(=O)c3ccc4c(cnn4C)c3)cc2[nH]1,1.0,1
Cn1cc(C(=O)Nc2ccc(-c3ccccc3)c(C(F)(F)F)c2)c(=O)c2cnccc21,0.9500000000000001,1
CC(C)c1nc2cccc(C(=O)NCC3CCN(CC4CCOCC4)CC3)n2n1,0.08900000000000001,1
CS(=O)(=O)Nn1c(=O)[nH]c2cc(C(F)(F)F)c(N3CCOCC3)cc2c1=O,1.0,1
CCC[C@@H](C(=O)Nc1ccc(C(N)=O)c(F)c1)n1cc(OC)c(-c2cc(Cl)ccc2-n2cc(Cl)nn2)cc1=O,0.33,1
[Hg],0.37,2
Oc1ccc(C=Cc2cc(O)cc(O)c2)cc1,0.3737,29
CNC(=O)c1cnc(N)c(O[C@H]2CN(C(=O)Cc3ccc(OC(F)(F)F)cc3)CC2(F)F)c1,0.56,1
CC(C)C(=O)OCOC(=O)N1C[C@@H](SC2=C(C(=O)OCOC(=O)C(C)(C)C)N3C(=O)[C@H]([C@@H](C)O)[C@H]3[C@H]2C)C[C@H]1C(=O)N(C)C,0.275,1
Cc1cccc(Nc2nc(-c3ccc(-c4ccccc4)cc3)cs2)n1,0.3675,2
CC(C)[C@@H](c1ccc(C(F)(F)F)cc1CN(Cc1cc(C(F)(F)F)cc(C(F)(F)F)c1)c1nnn(C)n1)N1CCC(C(=O)O)CC1,0.555,6
Cl.NC(=O)[C@@H]1CC[C@H](c2ccc(OCc3ccccc3F)cc2)N1,0.43,1
CCN(CC)CCCOC(=O)Nc1cccc(CN2N=C(c3ccc(OC)c(OC)c3)CSC2=O)c1,0.05,1
CCCCCCCCCCCCCCCCCCNC(=O)OCC(COC(=O)N(Cc1ccccn1)C(C)=O)OC,0.58,1
O=C(O)c1ccc(-n2ncc(C(=O)NC3C4CC5CC(C4)CC3C5)c2SC2CCCC2)cc1,0.5700000000000001,1
C=COC(=C)OC,0.525,2
CCN1CC[C@@H](Nc2n[nH]c3nccc(Oc4ccc(NC(=O)c5ccnn(-c6ccc(F)cc6)c5=O)cc4F)c23)[C@@H](F)C1.Cl.Cl,0.4155,2
Cc1nc2cnc3[nH]ccc3c2n1[C@H]1CC[C@H](NCCC#N)CC1,0.0015,1
Cc1c(-c2ccc(C(F)(F)F)cc2Cl)ccc2nn([C@@H](CC(C)C)c3ccc(C(=O)NCCC(=O)O)cc3)cc12,0.132,1
Cc1c(-c2ccccc2)nc2ccc(Br)cc2c1C(=O)NC12CCC(C(=O)O)(CC1)CC2,0.9,1
COc1cnc(Oc2cc(C)c(-c3csc(NC(=O)c4ccncc4)n3)c(C)c2)cn1,0.612,1
COc1cc(-c2cnn3c(=O)nc[n-]c23)ccc1S(=O)c1ccccc1.[Na+],0.121,1
O[C@@H](CNC[C@H](O)[C@H]1CCc2cc(F)ccc2O1)[C@@H]1CCc2cc(F)ccc2O1,0.54,4
O=C(CO)Nc1cnc2ncn(Cc3ccc(Cl)c(Cl)c3)c(=O)c2c1,0.56,1
O=C(Cc1ccncc1)N1CCC(=C2c3ccc(Cl)cc3CCc3cccnc32)CC1,0.21,1
CN(C)C(=O)NCCCc1c(CN(C)[C@H]2CCCc3cccnc32)ncc2ccccc12,0.2,1
CCN(CC)CCCn1c2c(c3ccccc3c1=O)C(=O)C(=O)c1cc(C)oc1-2,0.21,1
Br.COc1ccc2c3c1O[C@H]1C[C@@H](O)C=C[C@@]31CCN(C)C2,0.77,3
Cc1cc(C(=O)Nc2ccc(-n3ccnc3CN(C)C)cc2F)n(-c2ccc3cc(Cl)ccc3c2)n1,0.35000000000000003,1
CCOc1cc([C@H](c2cc3cc(Br)ccc3cc2OC)[C@@](O)(CCN(C)C)c2cccc3ccoc23)cc(OCC)n1,0.49,1
Cc1nc(N)ncc1-c1nc(N2CCOCC2)c2sc(C(C)(C)O)cc2n1,1.0,1
C[C@H](NS(=O)(=O)c1ccc(-c2c(C#N)c3cc(F)c(OC(F)F)cc3n2C2CCC2)nc1)C(F)(F)F,0.49,3
C1#CC(C2C#CCCCCCC2)CCCCCC1.[Cl-],0.9,1
COc1cc2ccc(Br)cc2cc1[C@@H](c1cccc(C)c1)[C@@](O)(CCN(C)C)c1cccc2c1OCO2,0.28,1
CC/C=C\C/C=C\C/C=C\C/C=C\C/C=C\C/C=C\CCC(=O)O[C@@H](C(=O)O[C@H]1C[C@@]2(O)[C@@H](OC(=O)c3ccccc3)[C@@H]3[C@]4(OC(C)=O)CO[C@@H]4C[C@H](O)[C@@]3(C)C(=O)[C@H](OC(C)=O)C(=C1C)C2(C)C)[C@@H](NC(=O)c1ccccc1)c1ccccc1,0.095,5
Brc1ccc(Oc2ccc(Br)cc2Br)c(Br)c1,0.71,2
Cc1c(-c2ccccc2)nc2ccc(Br)cc2c1C(=O)NCC(CCC(=O)O)c1ccccc1Cl,0.75,1
O=C(c1ccccc1OC(F)(F)F)N1CCC(N(C2CC2)S(=O)(=O)c2cccc(C(F)(F)F)c2)CC1,0.47000000000000003,1
CCCSc1c(C(=O)N(C)C2CCCCC2)cnn1-c1ccc(C(=O)O)cc1,0.26,1
O=C([O-])C(O)Cc1ccc(O)c(O)c1.[Na+],0.13720000000000002,1
O=C(O)CCl,1.0,1
CC(C)C(=O)O[C@@H](OC(=O)NC[C@H](CC(=O)O)c1ccc(Cl)cc1)C(C)C,0.54,4
C=C[C@]1(C)C[C@@H](OC(=O)CSC(C)(C)CNC(=O)C(N)C(C)C)[C@]2(C)C(C)CC[C@]3(CCC(=O)[C@H]32)[C@@H](C)[C@@H]1O,0.4482,6
CN(C)c1nc(N(C)C)nc(N(C)C)n1,0.08,3
CC(=O)O.CC(=O)[O-].CC(=O)[O-].CC(=O)[O-].NCCN.NCCN.NCCN.[Fe+3],0.9,1
Nc1ncn([C@@H]2O[C@H](CO)[C@@H](O)[C@H]2O)c(=O)n1,0.47000000000000003,3
O=C(O)/C=C\C(=O)O.O=C1NC(=O)C(=Cc2ccc(OC[C@@H]3CCCN3c3ccccn3)cc2)S1,0.865,1
NCCNc1cc2c(cc1F)c(=O)c(C(=O)O)cn2C1CC1,0.556,11
CCN[C@@H](C)Cc1cccc(C(F)(F)F)c1,0.68,3
CC(=O)O[C@H]1Cc2ccccc2N(C(N)=O)c2ccccc21,0.8,1
O=C(c1ccc(-c2ccc(F)c(F)c2)o1)N1CCN(Cc2ccc(OC3CCNCC3)c(Cl)c2)CC1,0.19,1
[F-].[Na+],1.0,11
NC1CCCc2nc3ccccc3cc21,0.19,1
COc1cc2ccc(C#N)cc2cc1[C@@H](c1cccc(F)c1)[C@@](O)(CCN(C)C)c1cccc2ccoc12,0.42,1
CN1C(C(=O)Nc2ccccn2)=C(O)c2sc(Cl)cc2S1(=O)=O,0.9500000000000001,1
Cn1cnc(-c2cnc(O[C@H]3CCN(C(=O)Cc4ccc(OC(F)(F)F)cc4)C[C@H]3F)c(C(N)=O)c2)c1,0.52,1
COc1cc(OC)c(/C=C/S(=O)(=O)Cc2ccc(OC)c(NCC(=O)O)c2)c(OC)c1,0.24350000000000002,2
C[C@@H]1O[C@@H](OC[C@H]2O[C@@H](OCCc3ccc(O)c(O)c3)[C@H](O)[C@@H](O)[C@@H]2OC(=O)/C=C/c2ccc(O)c(O)c2)[C@H](O)[C@H](O)[C@H]1O,0.0061,6
CCCCCCCCCCC[C@@H](C[C@@H]1OC(=O)[C@H]1CCCCCC)OC(=O)[C@H](CC(C)C)NC=O,0.01,3
CCCCOC(=O)CC(CC(=O)OCCCC)(OC(C)=O)C(=O)OCCCC,0.27399999999999997,1
O=c1c(O[C@@H]2O[C@H](CO)[C@H](O)[C@H](O)[C@H]2O)c(-c2ccc(O)c(O)c2)oc2cc(O)cc(O)c12,0.012,3
C[C@@H]1C(=O)NN=C2COc3cc(-c4ccccc4F)c([C@@H]4CCN(C)C[C@@H]4C)cc3N21,0.425,2
NC(=O)c1cc(-c2ccc(S(=O)(=O)[C@H]3CC[C@H](Nc4ccc(C(F)(F)F)cn4)CC3)cc2)ccn1,0.65,1
COc1ccc([C@H](C(=O)Nc2cc(F)c([Si](C)(C)C)c(F)c2)N(C)C(=O)c2cc(O)no2)cc1,0.18,1
CCCC(CCC)CCCC1COCCN1CCO,0.02,1
C#CCOC(=O)C1CCC(=O)OC1,0.6,1
Cc1cc(COc2ccc(NC(=O)[C@H]3CCN(C(=O)C(C)C)C[C@@H]3C(=O)NO)cc2)c2ccccc2n1,0.09,1
CC1(C)[C@H](C=C(Br)Br)[C@@]1(C(=O)[O-])C(C#N)c1cccc(Oc2ccccc2)c1,0.147,2
Nc1ccc(C(=O)O)c(O)c1,0.985,1
CCN[C@@H](C)Cc1cccc(C(F)(F)F)c1.Cl,0.6,1
Cc1cc([C@@]23c4ccccc4C(=O)N2CCN3C(=O)c2ccc(F)c(F)c2)ccc1Cl,0.17,1
CCCCCCCCCC=CC=CC=CC=CC=CC=CC(=O)O,0.09,1
CC[C@H](C)[C@@H](C(=O)N[C@@H](Cc1ccccc1)[C@H](O)CN(CC(C)C)S(=O)(=O)c1ccc(/C=N/O)cc1)N1CCN(Cc2cccnc2C)C1=O,0.56,2
C[C@@]1(O)CC[C@H]2[C@H](CC[C@@H]3[C@@H]2CC[C@]2(C)[C@@H](C(=O)Cn4cc(C#N)cn4)CC[C@@H]32)C1,0.65,4
CC[C@H](C)[C@H](NC(=O)[C@H](Cc1ccccc1)NC(=O)[C@H](CCC(=O)O)NC(=O)[C@H](CCCCNC(=O)COCCOCCNC(=O)COCCOCCNC(=O)CC[C@@H](NC(=O)CCCCCCCCCCCCCCCCC(=O)O)C(=O)O)NC(=O)[C@H](C)NC(=O)[C@H](C)NC(=O)[C@H](CCC(N)=O)NC(=O)CNC(=O)[C@H](CCC(=O)O)NC(=O)[C@H](CC(C)C)NC(=O)[C@H](Cc1ccc(O)cc1)NC(=O)[C@H](CO)NC(=O)[C@H](CO)NC(=O)[C@@H](NC(=O)[C@H](CC(=O)O)NC(=O)[C@H](CO)NC(=O)[C@@H](NC(=O)[C@H](Cc1ccccc1)NC(=O)[C@@H](NC(=O)CNC(=O)[C@H](CCC(=O)O)NC(=O)C(C)(C)NC(=O)[C@@H](N)Cc1cnc[nH]1)[C@@H](C)O)[C@@H](C)O)C(C)C)C(=O)N[C@@H](C)C(=O)N[C@@H](Cc1c[nH]c2ccccc12)C(=O)N[C@@H](CC(C)C)C(=O)N[C@H](C(=O)N[C@@H](CCCNC(=N)N)C(=O)NCC(=O)N[C@@H](CCCNC(=N)N)C(=O)NCC(=O)O)C(C)C,0.0078000000000000005,14
O=[As]([O-])([O-])[O-].[Na+].[Na+].[Na+],0.525,1
COc1cc2c(cc1O)C[C@@H]1NCCc3cc(OC)c(O)c-2c31,0.027700000000000002,1
N=C(N)c1ccc(N2CC3(CCN(C(=O)NCCC(=O)O)CC3)NC2=O)cc1,0.026000000000000002,1
CS(=O)(=O)c1ccc(C(=O)Nc2ccc(Cl)c(-c3ccccn3)c2)c(Cl)c1,0.319,10
N[C@@H](CC(=O)N1CCn2nc(C(F)(F)F)nc2C1Cn1ccnc1)Cc1cc(F)c(F)cc1F,0.071,1
Cc1ccc(O)c(C)c1-n1c(N)c(C(N)=O)c2cc(Cl)cnc21,0.32,3
Cn1cc(C(=O)O)c(=O)c2cc(F)c(N3CCN(c4ncccn4)CC3)c(C(F)(F)F)c21,0.9,1
COc1ccc([C@@H](C)N[C@H](C)c2ccccc2)cc1-c1ccc(C(F)(F)F)cc1,0.6,1
COc1cc2ccc(Br)cc2cc1[C@@H](c1ccccc1)[C@@](O)(CCN(C)C)c1ccc2occc2c1,0.42,1
CCNC(=O)[C@@H](CC(C)C)NC(=O)[C@H](CCCN=C(N)N)N(C)C(=O)[C@H](CCCN=C(N)N)NC(=O)[C@H](CC(C)C)NC(=O)[C@H](Cc1ccccc1)NC(=O)CNC(=O)CNC(=O)[C@H](Cc1ccc(O)cc1)NC,0.006999999999999999,1
COc1cc(Br)c2oc(C3CCNCC3)cc2c1,0.8300000000000001,1
Cc1cc(/C=C/C#N)cc(C)c1Nc1ccnc(Nc2ccc(C#N)cc2)n1,0.355,2
C[C@H](CCc1ccccc1)NC[C@H](O)c1ccc(O)c(C(N)=O)c1,0.12,2
COc1ccc(C(=O)c2c(C)n(Cc3cccc(O[C@@H](C)C(=O)O)c3)c3ncccc23)cc1,0.29,1
CNCCC(Oc1ccccc1C)c1ccccc1.Cl,0.39,2
CC[C@@H]1C[C@H](N(Cc2cc(C(F)(F)F)cc(C(F)(F)F)c2)C(C)=O)c2cc(C(F)(F)F)ccc2N1C(=O)OC(C)C,0.855,2
CCC(CC)n1c(=O)[nH]c2ncc(Br)nc21,0.62,1
C[C@H]1[C@H](NC(=O)C(=NOC(C)(C)C(=O)O)c2csc([NH3+])n2)C(=O)N1S(=O)(=O)[O-],0.9,1
CN1CCN(c2ccc(Nc3ncc4cc5n(c4n3)C3(CCCCC3)CNC5=O)nc2)CC1,0.28705,2
COc1cc(N)c(Cl)cc1C(=O)NCC1CCN(CCCS(=O)(=O)Cc2ccccc2)CC1,0.751,1
Nc1nccc(-c2cccnc2Oc2ccc(Nc3nnc(-c4ccc(Cl)cc4)c4ccccc34)cc2)n1,0.16,1
CNS(=O)(=O)c1cncc(-c2ccn3nc(N)nc3c2)c1,0.56,1
COc1ccc(-c2c(C)oc3c(-n4nc(C)nc4C)c(C)nn23)c(C)c1,1.0,1
CC1(C)C[C@@H]2[C@@H]1CC[C@@]1(C)CCC[C@]2(O)C1,0.0117,5
CC(C)n1c(=O)c(C(=O)NC2C[C@H]3CC[C@@H](C2)N3C[C@@H](O)CN(C)S(C)(=O)=O)cc2ccccc21,0.35000000000000003,1
N=C(N)NCCC[C@H](NC(=O)[C@@H](N)CS)C(=O)O,0.004,1
Cc1cccc(C)c1NC(=O)NCCCNC(C)C,0.81,3
CCCC(CCC)C(N)=O,0.655,1
CNS(=O)(=O)CC1CCC(N(C)c2ncnc3[nH]ccc23)CC1.O=C(O)/C=C\C(=O)O,0.89,2
O=c1ccc2ccc(OCCCCN3CCN(c4cccc5sccc45)CC3)cc2[nH]1,0.9500000000000001,3
Cc1cccc2cc3c(=O)n(C)cc(C(=O)NCCN(C)C)c3nc12,0.545,1
COc1cc2nccc(Oc3ccc(NC(=O)C4(C(=O)Nc5ccc(F)cc5)CC4)cc3)c2cc1OC,0.7909999999999999,4
CC(C)[C@H](N)C(=O)OCCOCn1cnc2c(=O)nc(N)[nH]c21,0.54,1
Cc1cc2c(OCC(CNC(C)(C)C)OC(=O)c3ccccc3)cccc2[nH]1.O=C(O)CC(=O)O,0.85,2
CC(C)N(Cc1ccccc1)C(=O)CN1C(=O)[C@@H](Cc2c[nH]c3ccccc23)c2nnc(-c3ccccc3)n2-c2ccccc21,0.01,1
COC(=O)c1ccc(OCCN)cc1.Cl,0.53,1
CC(C)(NC(=O)C1=C(O)[C@@H]2Oc3c(O)ccc4c3[C@@]23CCN(CC2CC2)[C@H](C4)[C@]3(O)C1)c1nc(-c2ccccc2)no1,0.38,1
Cc1ccc(O)c([C@H](CCN(C(C)C)C(C)C)c2ccccc2)c1,0.4,21
N#C[C@@H]1C[C@H](F)CN1C(=O)CNC1[C@H]2CN(C(=O)c3ccc(F)cc3)C[C@@H]12,0.65,1
C=CCOC[C@H]1O[C@@H](OC)[C@H](O)[C@@H](OCC=C)[C@H]1O,0.35000000000000003,3
CC(C)=CCC/C(C)=C/CC/C(C)=C/CC[C@]1(C)CCc2cc(O)cc(C)c2O1,0.09,4
COc1cc2ccc(Br)cc2cc1[C@@H](c1ccnc(OC)c1OC)[C@@](O)(CCN(C)C)c1ccnc2c1OCCO2,0.61,1
C[C@H]1[C@H](C)CC[C@]2(C(=O)O[C@@H]3O[C@H](CO[C@@H]4O[C@H](CO)[C@@H](O[C@@H]5O[C@@H](C)[C@H](O)[C@@H](O)[C@H]5O)[C@H](O)[C@H]4O)[C@@H](O)[C@H](O)[C@H]3O)CC[C@]3(C)C(=CC[C@@H]4[C@@]5(C)C[C@@H](O)[C@H](O)[C@@](C)(CO)[C@@H]5CC[C@]43C)[C@H]12,0.018600000000000002,1
CC1(C)Cc2c(c(C(=O)Nc3ccc(C(F)(F)F)cc3)cc3nc(Nc4c(F)cccc4Cl)[nH]c23)O1,1.0,1
O=C(Nc1nc(-c2ccccn2)cs1)N1CCC2(CC1)CN(c1ccccc1)C(=O)O2,0.49,1
CN1CCC(COc2cnc(-c3cccc(Cn4nc(-c5cccc(C#N)c5)ccc4=O)c3)nc2)CC1,0.72,4
COc1cc(/C=C/c2ccc(OC)cc2OC)cc(OC)c1,0.045,1
COc1ccc2c3c([nH]c2c1)C(C)=NCC3,0.2932,3
Cc1n[nH]c2ccc(-c3cncc(OC[C@@H](N)Cc4ccccc4)c3)cc12,0.7000000000000001,2
CCCCOC(=O)N[C@@H](CCC(=O)N1CCC2(CC1)CCN(c1ccc(C(=N)N)cc1)C2=O)C(=O)O,0.064,1
COC[C@@H](NC(C)=O)C(=O)NCc1ccccc1,1.0,26
CCS(=O)(=O)N1C[C@H](C(=O)Nc2ccc(Cl)cn2)[C@@H](C(=O)Nc2ccc(-n3ccccc3=O)cc2F)C1,0.165,2
NCCNCCNCCN,0.128,2
COc1cc(N)c(Cl)cc1C(=O)NCC1CCN(CCCn2ccnn2)CC1.Cl,0.36950000000000005,1
CCCSc1c(C(=O)N[C@H]2C3CC4CC2C[C@](OC)(C4)C3)cnn1-c1ccc(C(=O)O)cc1,0.54,1
O=C([O-])C(Cl)Cl,0.86,1
O=C(O)C(S)C(S)C(=O)O,0.065,1
CCNC(=O)Nc1ccc(-c2nc3c(c(N4CCOC[C@@H]4C)n2)C[C@@H]2CC[C@H]3N2C(=O)COC)cc1,0.47000000000000003,1
C#CC=C(C)C(=O)OC,0.6,1
Cc1cc2c(C(N)=O)c(N)n(-c3c(C)ccc(O)c3C)c2nc1C,0.37,3
Cc1cn([C@@H]2C[C@@H](N=[N+]=[N-])[C@H](COC(=O)C(C)C(C)C(=O)N[C@@H](Cc3ccccc3)[C@H](O)C(=O)N3CSC[C@H]3C(=O)NC(C)(C)C)O2)c(=O)[nH]c1=O,0.9,1
O=C(Oc1ccccc1C(=O)O)c1ccccc1O,0.86,1
C[C@@H](c1ccccn1)c1c(CCN(C)[14CH3])sc2ccccc12,0.4,1
Cc1ccccc1-c1c(N)c(C(=O)c2ccc(F)cc2F)cc[n+]1[O-],0.75,1
CC(C)CCn1c(Cn2c(=O)n(C(C)C)c3ccccc32)nc2cc(/C(N)=N\O)ccc21,0.47000000000000003,1
N[C@@]1(C(=O)O)C[C@H]2CNC[C@H]2[C@@H]1CCCB(O)O,0.27,2
O=C(c1ccc(OCN2CCCCC2)cc1)c1c(-c2ccc(O)cc2)sc2cc(O)ccc12,0.02,1
C=CCN(C1=NCCN1)c1c(Cl)cccc1Cl,1.0,4
CC(C)c1nc2ccccc2n1Cc1ccc(C(=O)N[C@@H]2CCC[C@@H]2C(=O)NO)cc1,0.08,1
CC1=C(C)CCCC1,0.14400000000000002,1
c1ccc(CN2CC3CCCNC3C2)cc1,0.9,2
CCC[C@@]1(CCc2ccccc2)CC(O)=C([C@H](CC)c2cccc(NS(=O)(=O)c3ccc(C(F)(F)F)cn3)c2)C(=O)O1,0.3,1
O=c1[nH]c2ccccc2cc1O,0.009000000000000001,1
CN(CCN1CCC(OC(=O)Nc2ccccc2-c2ccccc2)CC1)C(=O)c1ccc(CN2CCC(C(N)=O)CC2)cc1,0.03,3
Cc1c2c(cc[n+]1CCC[N+](C)(C)C)c1ccccc1n2C.[Br-].[Br-],0.0,1
Cc1c(C(=O)c2ccc(Cl)cc2)c2ccc(OC(F)(F)F)cc2n1Cc1cccc(O[C@@H](C)C(=O)O)c1,0.45,1
CCCN(CCC)[C@@H]1CCc2ccc3[nH]c(C#N)cc3c2C1,0.63,1
Cc1csc(-c2nnc(Nc3ccc(Oc4ncccc4-c4ccnc(N)n4)cc3)c3ccccc23)c1,0.73,4
C=C1[C@H](CO)[C@@H](O)C[C@@H]1n1cnc2c(=O)nc(N)[nH]c21,1.0,4
C[C@@H](NC(=O)[C@@H](CC(=O)N1CCC(N2CCCCC2)CC1)N1C(=O)[C@@H](N2C(=O)OC[C@@H]2c2ccccc2)[C@H]1/C=C/c1ccccc1)c1ccccc1,0.11,1
CCC(=O)O[C@@](Cc1ccccc1)(c1ccccc1)[C@@H](C)CN(C)C,0.4975,2
CC1(C)C(=O)c2ccc(-c3cnc(N4CCN5C(=O)NC[C@@H]5C4)nc3)cc2N1Cc1cccnc1C#N,0.504,1
CCCC(CCC)C(=O)[O-],0.9640000000000001,6
COCCCc1cc(CN(C(=O)[C@H]2CNCC[C@@H]2c2ccc(OCCOc3c(Cl)cc(C)cc3Cl)cc2)C2CC2)cc(OCCCC(C)(C)C(=O)O)c1,0.22,1
Nc1ccc(S(=O)(=O)Nc2ccccn2)cc1,0.71,1
CC(=O)C(S)C(C)c1ccccc1,0.18,1
N#Cc1c(N)nc(SCc2csc(-c3ccc(Cl)cc3)n2)c(C#N)c1-c1ccc(OCCO)cc1,0.5700000000000001,3
CC(C)NCC(O)COC(Cn1c2ccc(F)cc2c2cc(F)ccc21)Cn1c2ccc(F)cc2c2cc(F)ccc21,0.27,1
CC(=O)O.Clc1cccc(Cl)c1Nc1ccccc1,0.9,1
C[C@H]1Cn2c(nnc2C(C)(F)F)CN1C(=O)c1cccc(C(F)(F)c2n[nH]c(=O)c3ccccc23)c1,0.79,1
C=C[C@@H]1C[C@]1(NC(=O)[C@@H]1C[C@@H](Oc2ncc(OC)c3ccc(Cl)cc23)CN1C(=O)[C@@H](NC(=O)OC(C)(C)C)C(C)(C)C)C(=O)NS(=O)(=O)C1CC1,0.11,1
Cc1ncc(CO)c(CO)c1O.Cl,1.0,2
COCCCN1CCC(CNC(=O)c2cccc3cc(C(C)C)nn23)CC1,0.449,1
COc1cccc(OC)c1C(=O)OCc1cc(O)ccc1O[C@@H]1O[C@H](CO)[C@@H](O)[C@H](O)[C@H]1O,0.00825,6
N=C(N)c1ccc(C(=O)Nc2ccccc2C(=O)Nc2ccc(Cl)cn2)cc1,0.05,1
CCOC(=O)OC(C)OC(=O)[C@@H]1N2C(=O)[C@@H](NC(=O)[C@H](N)c3ccccc3)[C@H]2SC1(C)C,0.6795,4
CCCCCCCCCCCCNC(=O)NNC(=O)c1ccc(Cl)cc1,0.45,1
NC(=O)OC[C@@H](O)c1ccccc1Cl,0.9500000000000001,1
COc1c(OC)c2nccc3c4ccccc4n(c1=O)c23,0.371,1
Nc1nc(=S)c2[nH]cnc2[nH]1,0.1825,4
CCCCCCCCCC(=O)CC=O,0.0708,1
CNC(=O)c1ccc(N2C(=S)N(c3ccc(C#N)c(C(F)(F)F)c3)C(=O)C2(C)C)cc1F,0.8420000000000001,3
[2H]C([2H])([2H])C([2H])([2H])/C=C\C/C=C\C/C=C\CCCCCCCC(=O)O,0.044500000000000005,2
CCCCCCCC/C=C\CCCCCCCC(=O)O,0.09,2
CC(=O)C1=C(O)C=C2Oc3c(C(C)=O)c(O)c(C)c(O)c3[C@]2(C)C1=O,0.6920000000000001,3
CC(C)N1C(=O)[C@H](NC(=O)[C@@H](Cc2ccccc2OC(F)(F)F)NC(=O)C(C)(C(F)(F)F)C(F)(F)F)CCc2ccccc21,0.42,1
COc1cc(C)c(-c2cnc3[nH]c(-c4c(F)cccc4Cl)cc3c2)cn1,0.37,1
COC(=O)Nc1ccc(-c2cc([C@H](Cc3ccccc3)NC(=O)/C=C/c3cc(Cl)ccc3-n3cnnn3)c(Cl)nn2)cc1,0.03,1
CN[C@H](CNc1cc(F)c(S(=O)(=O)Nc2ncc(F)s2)cc1Cl)Cc1ccccc1,0.63,1
Cc1n[nH]c(=O)cc1-c1ccc(OCCCN2CCC[C@H]2C)cc1,0.2,1
CC(C)=CCN1CCC2(C)c3cc(O)ccc3CC1C2C,0.2,3
COc1cc(C(=O)OCCCCNC(=N)N)cc(OC)c1O,0.06365,2
O=C1CCCCCN1,0.165,2
COc1ccc2c(c1)C=C1Cn3c-2c(C2CCCCC2)c2ccc(cc23)C(=O)NS(=O)(=O)N(C)CCOCCN(C)C1=O,0.87,3
CC(=O)C(O[C@@H]1O[C@@H](C)[C@H](O)[C@@H](O)[C@H]1O)(C(C)=O)[C@@]1(C(C)=O)O[C@](O)(C(C)=O)[C@@](O)(C(C)=O)[C@](O)(C(C)=O)[C@@]1(O)C(C)=O,0.9400000000000001,1
CNC(=O)c1c(Cl)[n+]([O-])c2ccccc2[n+]1[O-],0.19,3
CN[C@]1(c2ccccc2Cl)CCCCC1=O,0.18600000000000003,15
CCC(Br)(CC)C(=O)NC(N)=O,0.039,3
CC(C)C(=O)N1CCC(c2cn(C)c3ncc(NC(=O)c4cccc(C#N)c4)c(C(F)(F)F)c23)CC1,0.3,1
CC(=O)[CH-]C(C)=O.CC(=O)[CH-]C(C)=O.[O]=[V+2],0.281,7
COCC(C)(C)c1c(F)cc(NC(=O)[C@H]2c3ccc(OC)cc3CCN2C(=O)CCCC(=O)O)cc1F,0.78,1
CCCCNc1ncc2c(-c3ccc(F)cc3)nn(CC3CCC(N)CC3)c2n1,0.5700000000000001,1
[2H]c1c([2H])c(C(C)(c2ccc(O)cc2)C([2H])[2H])c([2H])c([2H])c1O,0.073,1
COc1ccc2c(c1)CC(N)C2,0.6,2
C=CCN1CCC2c3c(cccc3OC)CC[C@H]21,0.16,1
N#Cc1ccc(O[C@H]2CN(S(=O)(=O)c3ccc(Cl)cn3)C[C@@]2(O)CN)cc1F,0.84,3
CC(=O)Nc1cccc2c1c(Sc1ccc(Cl)cc1)c(C)n2CC(=O)O,0.63,1
CS(=O)(=O)c1ccccc1C(=O)N1CCC(N(C2CC2)S(=O)(=O)c2cccc(C(F)(F)F)c2)CC1,1.0,1
CCC(CC)O[C@@H]1C=C(P(=O)(O)O)C[C@H](NC(=N)N)[C@H]1NC(C)=O,0.032,3
C=C(C)C(=C)C=C1C(C)(C)CCCC1(C)O,0.5,1
COCCCc1cc(CN(C(=O)[C@H]2CNCC[C@@H]2c2ccc(OCCOc3c(Cl)cc(C)cc3Cl)cc2)C2CC2)cc(OCCC2(C(=O)O)CCCC2)c1,0.15,1
COc1cc2ccc3c(c2cc1OC)C[C@H](N)[C@@H](c1cc(F)c(F)cc1F)O3,0.892,1
COc1ccc2nc3c(nc2c1)O[C@H]1CN(C(=O)[C@H](C(C)(C)C)NC(=O)O[C@@H]2C[C@H]2CCCCC3)[C@H](C(=O)N[C@]2(C(=O)NS(=O)(=O)C3(C)CC3)C[C@H]2C(F)F)[C@@H]1C,1.0,1
Cc1ccc(O)c(C)c1-n1c(N)c(C(N)=O)c2nc(N3CCOCC3)cnc21,0.18,1
[K+].[K+].[O]=[Cr](=[O])([O-])[O][Cr](=[O])(=[O])[O-],0.037500000000000006,2
CC(C)(C)OC(=O)NC(C)(C)C(=O)N[C@H](CCCc1ccccc1)C(=O)O,0.025,1
C[C@H]1CN(C[C@H](Cc2ccccc2)C(=O)NCC(=O)O)CC[C@@]1(C)c1cccc(O)c1,0.06,1
CCCn1c(=O)[nH]c(=O)c2[nH]cnc21,0.97,2
NCCN,0.34,1
NCC(=O)CCC(=O)O,0.6,1
CC(C)C[C@H](O)[C@H](O)[C@@H](N)CC1CCCCC1,0.003,1
Cc1c(-c2ccc(-c3ccccc3F)cc2)nc2ccc(F)cc2c1C(=O)[O-].[Na+],1.0,1
Cc1cc(Oc2ccccc2NC(=O)Nc2ccc(OC(F)(F)F)cc2)n(-c2ccccc2Cl)n1,0.59,1
CCN(CC)CCCNC(=O)Cn1ncc(-c2ccccc2)c1-c1ccccc1,0.13,1
COc1c(Nc2ncc(Cl)c(Nc3ccccc3N(C)S(C)(=O)=O)n2)ccc2c1CCCC(N1CCN(CCO)CC1)C2,0.38,1
NC1CCCNC1,1.0,1
CCCCCCCCCc1cc(O)cc(O)n1,0.24300000000000002,1
C[C@H](N)C(=O)N[C@@H](C)C(=O)O,0.71,1
COc1cccc(-c2c(C)n(Cc3c(F)cccc3F)c(=O)n(C[C@H](C)NC3CCCC3)c2=O)c1F,0.27,1
C=C1[C@H](OC(=O)/C=C(\C)CC)C[C@@H](C(C)C)[C@@H]2[C@@H]([C@@H](C)OC(C)=O)C(=O)C[C@@H]12,0.0131,1
COc1cc2c(=O)n(CCN(C)C)c3c4cc5c(cc4ccc3c2cc1OC)OCO5,0.155,1
CCC(CC)(CCOc1cc(CCCOC)cc(CN(C(=O)[C@H]2CNCC[C@@H]2c2ccc(OCCOc3c(Cl)cc(C)cc3Cl)cc2)C2CC2)c1)C(=O)O,0.26,1
O=C(O)c1ccccn1.O=C(O)c1ccccn1.[O]=[V],0.053,1
Cc1ccc(-c2c(CC(=O)Nc3ccc(Cl)cc3C(F)(F)F)c(=O)oc3cc(Cl)c(C)cc23)cc1C,0.022000000000000002,1
COC[C@@H](C)Nc1nc(C)c(-c2nc3c(C)nccc3s2)c(N[C@@H]2C[C@H](C(C)(C)O)[C@@H](O)[C@H]2O)n1,0.5,3
Cc1c(C(=O)NN2CCCCC2)nn(-c2ccc(Cl)cc2Cl)c1-c1ccc(Cl)cc1,0.12,1
Nc1ncn([C@H]2C[C@H](O)[C@@H](CO)O2)c(=O)n1,0.5125,6
NS(=O)(=O)NCCCC[C@H](NC(=O)OCc1ccccc1)c1nc2cc(-c3cccs3)ccc2[nH]1,0.06,1
Cc1cc(C(=O)Nc2nc3cccc(Cl)c3n2C2CCCCN(C(=O)C=CCN(C)C)C2)ccn1,0.6,1
C[C@]12C=CC(=O)N[C@@H]1CC[C@@H]1[C@@H]2CC[C@]2(C)[C@@H](C(=O)Nc3cc(C(F)(F)F)ccc3C(F)(F)F)CC[C@@H]12,0.6,12
CC(C)NC[C@H](O)COc1ccc(CC(N)=O)cc1,0.58,15
CC(C)(C)NC(=O)[C@@H]1CN(Cc2cccnc2)CCN1C[C@@H](O)C[C@@H](Cc1ccccc1)C(=O)N[C@H]1c2ccccc2C[C@H]1O.O,0.38,1
O.O=P1(N(CCCl)CCCl)NCCCO1,0.9625,8
O=C(O)c1ccc(CCN(CCc2ccccc2OCc2ccc(-c3ccc(C(F)(F)F)cc3)cc2Cl)[C@H]2CCCc3nc(C(=O)O)ccc32)cc1,0.23,1
COC(C)(C)CCCC(C)(O)[C@H]1CC[C@]2(C)[C@@H]1[C@H](O)C[C@@H]1[C@@]3(C)CC[C@H](O)C(C)(C)[C@@H]3CC[C@]12C,0.289,1
CCC1(C(=O)[O-])C(C)NC(C)C(C)(C(=O)[O-])C1c1cccc([N+](=O)[O-])c1,0.313,6
CCCN(CCC)C(=O)Cc1c(-c2ccc(Cl)cc2)nc2ccc(Cl)cn12,0.19,3
CCOC(=O)[C@H]1C[C@@H]1COc1cc(CCCOC)cc(CN(C(=O)[C@H]2CNCC[C@@H]2c2ccc(OCCOc3c(Cl)cc(C)cc3Cl)cc2)C2CC2)c1,0.29,4
FC(F)c1cncc(-c2ccc3ncc4nnc(C5=CCCOCC5)n4c3c2)c1,0.22,1
CC(C)(C)N1CCN(c2nc(-c3ccc(C(=O)NC4(C(=O)NCC#N)CCCCC4)cc3)cs2)CC1,0.44,1
C[C@@]12C[C@@]3(O)O[C@@H](O1)[C@]1(COC(=O)c4ccccc4)[C@H]3C[C@@]12O[C@@H]1O[C@H](CO)[C@@H](O)[C@H](O)[C@H]1O,0.03,8
Nc1nc(NCCc2ccc(O)cc2)nc2nc(-c3ccco3)nn12,0.0609,1
CC1(C)CCC[C@H](NC(=O)[C@@H](S)Cc2ccccc2)C(=O)N1CC(=O)O,0.49,1
COc1cccc(OC)c1-c1ccc([C@@H](CC(=O)O)NC(=O)[C@@H]2CCN2S(=O)(=O)c2cc(Cl)cc(Cl)c2)cc1,0.095,2
CCC(CC)O[C@@H]1C=C(C(=O)O)C[C@H](N)[C@H]1NC(C)=O,0.8,13
CC[C@@H]1CN2CCc3c([nH]c4cccc(OC)c34)[C@@H]2C[C@@H]1/C(=C\OC)C(=O)OC,0.030299999999999997,1
C[C@H]1O[C@@H](n2cc(F)c(=O)[nH]c2=O)[C@H](O)[C@@H]1O,0.552,3
C=C(C)[C@H](CC=C(C)C)Cc1c(O)cc(OC)c2c1O[C@H](c1ccc(O)cc1O)CC2=O,0.17,2
CC(=O)Nc1c(C(C)=O)c(=O)n(C)c2nc(-c3ccc(Cl)cc3Cl)c(-c3ccc(Cl)cc3)cc12,0.93,1
Sc1ncnc2nc[nH]c12,0.22,5
C[C@@H](O)[C@H]1C(=O)N2C(C(=O)O)=C(S[C@@H]3CN[C@H](C(=O)N(C)C)C3)[C@H](C)[C@H]12.Cl,0.198,1
C=CC(=O)N1CCCC[C@@H](n2c(NC(=O)c3cccc(C(F)(F)F)c3)nc3cccc(C)c32)C1,0.06,1
NS(=O)(=O)c1ccc(-c2nc(NC(=O)N(CCC(c3ccc(F)cc3)c3ccc(F)cc3)CCN3CCOCC3)sc2Cl)cc1,0.31,2
Cc1c(C(=O)Nc2ccc(N3C[C@@H](C)O[C@@H](C)C3)nc2)cccc1-c1ccc(OC(F)(F)F)cc1,0.065,4
COc1c(Nc2ccc(S(C)(=O)=O)nc2C)ncnc1OC1CCN(C(=O)OC(C)C)CC1,0.688,3
CCCN(CCC)C1CCc2cccc(OS(=O)(=O)C(F)(F)F)c2C1,0.11,1
Oc1cnc2c(c1)CCc1cc(Cl)ccc1C2=C1CCNCC1,0.9879000000000001,1
CC(C)C[C@@H]1C(=O)N[C@H](C2Cc3ccccc3C2)C(=O)N1[C@@H](C(=O)NC(C)C)c1ccc(N(C)C)cc1,0.275,4
Cl.NCCO/N=C1C(=C2/C(=O)Nc3ccc([N+](=O)[O-])cc32)/Nc2ccc(O)cc2/1,0.0,1
CC[C@@]1(O)C(=O)OCc2c1cc1n(c2=O)Cc2c-1nc1ccccc1c2/C=N/OC(C)(C)C,0.6,2
O=S(=O)(c1ccc(Cl)cc1)N1C2CCCC1c1cn[nH]c1C2,0.02,1
COc1ccc2c(c1)C(=O)N(C[C@@]1(c3cc4ncccc4o3)NC(=O)NC1=O)C2,0.72,9
COC1C(=O)[C@H](C)C[C@H](C)/C=C/C=C/C=C(C)[C@@H](OC)C[C@@H]2CC[C@@H](C)[C@@](O)(O2)C(=O)C(=O)N2CCCC[C@H]2C(=O)O[C@H]([C@H](C)C[C@@H]2CC[C@@H](OP(C)(C)=O)[C@H](OC)C2)CC(=O)[C@H](C)C=C(C)[C@H]1O,0.2,2
CC1(C)CC(C)(C)CC(C)(N)C1,0.6,2
CCCCCN(CCCOC)C(=O)[C@@H](CCC(=O)O)NC(=O)c1ccc(Cl)c(Cl)c1,0.48,6
CCCCCCCNC(=O)Oc1ccc2c(c1)[C@]1(C)CCN(C)[C@@H]1N2C,0.38,1
COc1ccc(/C=C2\CCCN=C2c2cccnc2)c(OC)c1.Cl.Cl,0.25,4
CC(C)[C@H](NC(=O)[C@H](CCC(=O)O)NC(=O)OCc1ccccc1)C(=O)N[C@@H](CC(=O)O)C(=O)O,0.15,13
COc1ccc(CN(CCN(C)C)c2ccccn2)cc1,0.18,1
Nc1cccc2c1CN(C1CCC(=O)NC1=O)C2=O,0.8200000000000001,1
N#Cc1ccc2[nH]cc(CCCCN3CCN(c4ccc5oc(C(N)=O)cc5c4)CC3)c2c1,0.72,9
CC(C)(O)c1ccccc1-c1ccc2nc(/C=C/c3ccc(C(F)(F)F)cc3)[nH]c2c1,0.17600000000000002,3
CCCC[C@H](NC(=O)[C@@H]1[C@@H]2[C@H](CN1C(=O)[C@@H](NC(=O)NC1(CS(=O)(=O)C(C)(C)C)CCCCC1)C(C)(C)C)C2(C)C)C(=O)C(=O)NC1CC1,0.387,1
NS(=O)(=O)c1c(Cl)ccc(NC(=O)Nc2ccccc2Br)c1O,0.86,1
NC(CO)(CO)CO.O=C(O)CCc1ccc2c(c1)c(CCc1ccccc1)cn2-c1ccc(OC(F)F)cc1,0.49100000000000005,3
CCOC(=O)C1=C[C@@H](OC(CC)CC)[C@H](NC(C)=O)[C@@H](NC(=N)N)C1,0.021,1
CN(C)CCOc1ccc(-c2nc(-c3ccc4c(c3)CC3CC(=O)NN=C43)c(-c3ccncc3)[nH]2)cc1,0.5,3
CNc1nc(Nc2ccc(C(=O)N3CCOCC3)cc2OC)ncc1Cl,0.655,2
O=C(Nc1ccc(Oc2ccnc3[nH]ccc23)c(F)c1)c1cccn(-c2ccc(F)cc2)c1=O,1.0,1
Cc1cccc(C)c1OCC(=O)N[C@@H](Cc1ccccc1)[C@@H](O)C[C@H](Cc1ccccc1)NC(=O)[C@H](C(C)C)N1CCCNC1=O,0.15,4
COc1ccccc1N1CCN(CCCCCC(=O)n2c3ccccc3c3ccccc32)CC1.Cl,0.6779999999999999,1
CC(O)(COc1ccc(F)cc1)C(=O)Nc1ccc([N+](=O)[O-])c(C(F)(F)F)c1,0.55,1
Cc1ccc(C(=O)O)cc1-c1cccc(NCCNC[C@H](O)c2cccc(Cl)c2)c1,0.25,1
O=C(O)[C@H](Cc1ccc(Nc2nccc3ccncc23)cc1)NC1=C(Br)C(=O)C12CCCCC2,0.03,4
Cl.Cl.[NH-]C(=O)c1cc[n+](COCN2C=CC=CC2=CN=O)cc1,0.06745,2
CCOC(=O)[C@H](CCc1ccccc1)N[C@H]1CS[C@H](c2cccs2)CN(CC(=O)O)C1=O,0.65,1
NC(=O)c1ccc2c(c1O)[C@]13CCN(CC4CC4)[C@H](C2)[C@]1(O)CCC(=O)C3,0.7022499999999999,2
COc1ccc(C(=O)N2CCN(c3ccccn3)CC2)cc1C#Cc1ccccn1,0.85,1
C1=C2NCC3CC(C3)C2CCC1,0.885,2
Oc1cc(O)c2c(c1)O[C@@H](c1cc(O)c(O)c(O)c1)[C@@H](O)C2,0.14,3
CN1C[C@@H](F)C[C@H]1c1nc(C(=O)NCc2ccc(F)cc2)c(O)c(=O)n1C,0.97,2
Cc1ccc(CCCO)c(NCc2ccc3nc(NCCCN4CCOCC4)n(Cc4nc(C)ccc4O)c3c2)c1,0.14,1
CC(C)(C)OC(=O)COc1ccc(CCc2ccc3cc(C(=N)N)ccc3c2)cc1.I,0.84,1
C1COCCCOCCOCCCOC1,0.46799999999999997,24
O=C(O)CN1C(=O)[C@@H](N[C@@H](CCc2ccccc2)C(=O)O)CCc2ccccc21,0.278,3
C#C[C@H](CC(=O)OCC)NC(=O)CCC(=O)Nc1ccc(C(=N)N)cc1.Cl,0.485,1
CCOC(=O)/C=C/[C@H](C[C@@H]1CCNC1=O)NC(=O)[C@@H](CC(=O)[C@@H](NC(=O)c1cc(C)on1)C(C)C)Cc1ccc(F)cc1,0.08,2
CC(=O)Oc1cc(C(F)(F)F)ccc1C(=O)O,0.15,3
COc1ccc2c3c1O[C@H]1C(=O)CC[C@H]4[C@@H](C2)N(C)CC[C@]314,0.44,1
CN1C(=O)N(C[C@H](C(=O)NO)[C@@H](CC2CCCC2)C(=O)N2CCCCC2)C(=O)C1(C)C,0.34500000000000003,2
COCC1(NCC(=O)N2[C@H](C#N)CC[C@@H]2C#N)CCCC1,0.48,1
O=C(CNc1nc(N2CCCC2)nc2ccccc12)Nc1ccc2ccccc2c1,0.225,1
C=C(c1ccc(-c2ccccc2)cc1)C1COC2(CCC(Nc3cc(Cl)cc(Cl)c3)CC2)OO1,0.915,2
[La],0.0000127,2
CC(C)(C)n1c(=O)c2c(ncn2C(C)(C)C)n(C(C)(C)C)c1=O,1.0,1
Cc1c(-c2nn(CCOc3ccc(Cl)cc3)c(=O)c3ccccc23)c2cc(Cl)ccc2n1CC(=O)O,0.01,1
CCC(C)n1ncn(-c2ccc(N3CCN(c4ccc(OC[C@@H]5CO[C@@](Cn6cncn6)(c6ccc(Cl)cc6Cl)O5)cc4)CC3)cc2)c1=O,0.725,2
COc1cc(Cl)ccc1S(=O)(=O)Nc1ccc2oc(=O)ccc2c1,0.4938,1
O=c1c2nn(-c3ccccc3Cl)c(-c3ccc(Cl)cc3)c2ncn1CC(F)(F)F,0.62,1
[In+3],0.37625000000000003,6
O=S(=O)([O-])[O-].[O]=[V+2],0.048,4
O=C(O)CCC(=O)O.OC[C@@H]1CC[C@H](n2cnc3c(O)ncnc32)O1.OC[C@@H]1CC[C@H](n2cnc3c(O)ncnc32)O1,0.045,1
Cc1cccc(Nc2ccncc2S(=O)(=O)NC(=O)NC(C)C)c1,0.8,17
NS(=O)(=O)c1cc(NC(=O)Cc2ccccc2Cl)ccc1OCC1CCOCC1,0.21,1
C[C@H](O)C(=O)[O-].[Li+],0.35000000000000003,1
O[C@@H](CN1c2cccc(-c3cccc(OC(F)(F)F)c3)c2CC[C@@H]1c1cccc(OC(F)(F)C(F)F)c1)C(F)(F)F,0.27,3
N#Cc1ccc(-c2n[nH]c3c2Cc2ccc(OCCCN4CCOCC4)cc2-3)cn1,0.44,1
O=S(=O)(Nc1nccs1)c1cc(Cl)c(NCC2(Cc3ccccc3)CCCN2)cc1F,0.07,1
C[C@@H]1C(=O)NN=C2COc3cc(-c4ccccc4F)c(C4CCN(C)CC4(C)C)cc3N21,0.39,1
CC(C)(C)C[C@H]1N[C@@H](C(=O)NCCN2CCOCC2)[C@H](c2cccc(Cl)c2F)[C@@]12C(=O)Nc1cc(Cl)ccc12,0.1,1
CC1O[C@@H](OC2[C@H](c3c(O)cc(O)c4c(=O)cc(-c5ccc(O)cc5)oc34)OC(CO)[C@@H](O)[C@H]2O)C(O)[C@@H](O)[C@@H]1O,0.03215,4
[CH3][Hg],0.9500000000000001,1
O=C(N[C@@H]1CC[C@@H](c2cccc(F)c2F)CN(CC(F)(F)F)C1=O)N1CCC(n2c(=O)[nH]c3ncccc32)CC1,0.2,2
CCCSc1nc(N[C@@H]2C[C@H]2c2ccccc2)c2nnn([C@@H]3C[C@H](C(N)=O)[C@@H](O)[C@H]3O)c2n1,0.05,1
C[C@@H]1O[C@@H](O[C@H]2[C@H](O[C@H]3CC[C@@]4(C)[C@@H](CC[C@]5(C)[C@@H]4CC=C4[C@@H]6CC(C)(C)CC[C@]6(C(=O)O[C@@H]6O[C@H](CO[C@@H]7O[C@H](CO)[C@@H](O[C@@H]8O[C@@H](C)[C@H](O)[C@@H](O)[C@H]8O)[C@H](O)[C@H]7O)[C@@H](O)[C@H](O)[C@H]6O)CC[C@]45C)[C@]3(C)CO)OC[C@H](O)[C@@H]2O)[C@H](O)[C@H](O)[C@H]1O,0.00184,8
O=C(/C=C/c1ccccc1)NC(NC(=S)Nc1cccc2cccnc12)C(Cl)(Cl)Cl,0.883,1
O=P([O-])([O-])OP(=O)([O-])[O-],0.8,1
N#Cc1ccc(Nc2nccc(Nc3c(F)cc(-c4ccc(C#N)cc4)cc3F)n2)cc1,0.44,1
N=C=O,0.009500000000000001,1
CCOCCCNC(=O)[C@H](CC(C)C)Nc1cc(CC)nc(-n2cnc(-c3ccc(OC(F)(F)F)cc3)c2)n1,0.18,1
C[C@@H]1O[C@@H](OC[C@H]2O[C@@H](Oc3c(-c4ccc(O)c(O)c4)oc4cc(O)cc(O)c4c3=O)[C@H](O)[C@@H](O)[C@@H]2O)[C@H](O)[C@H](O)[C@H]1O,0.2,1
NCc1cc(Cl)ccc1Cn1c(=S)[nH]c(=O)c2[nH]ccc21,0.5650000000000001,2
Nc1nc(CC(=O)Nc2ccc(C[C@@H]3CC[C@H]([C@H](O)c4ccccc4)N3)cc2)cs1,0.14,3
NOc1ccccc1C(=O)O,0.96,1
CNCC(=O)OCc1cccnc1N(C)C(=O)OC(C)[n+]1cnn(C[C@](O)(c2cc(F)ccc2F)[C@@H](C)c2nc(-c3ccc(C#N)cc3)cs2)c1.O=S(=O)([O-])O,1.0,9
C=C[C@@H]1C[C@]1(NC(=O)[C@@H]1C[C@@H]2CN1C(=O)[C@H](C(C)(C)C)NC(=O)O[C@@H]1C[C@H]1CCCCCc1nc3ccc(OC)cc3nc1O2)C(=O)NS(=O)(=O)C1CC1,0.24,8
NC1(c2ccccc2Cl)CCC=CC1=O,0.41000000000000003,1
O=c1[nH]c(=O)n([C@@H]2O[C@H](CO)[C@@H](O)[C@H]2O)cc1F,0.8,1
CC(C)(C)OC(=O)N[C@@H](Cc1ccccc1)[C@H](O)CNC[C@@H](O)[C@H](Cc1ccccc1)NC(=O)OC(C)(C)C,0.4,1
CC(C)(Sc1cc(C(C)(C)C)c(O)c(C(C)(C)C)c1)Sc1cc(C(C)(C)C)c(OC(=O)CCC(=O)O)c(C(C)(C)C)c1,0.023,1
CN1CCC(Cn2c3c(c4ccccc42)C(=O)C(N2CCN(C)CC2)C[C@H]3Oc2ccc(Cl)cc2)CC1,0.27,1
COC(C)(C)c1cnc2n1C[C@H](c1cccc(F)c1F)CC[C@H]2NC(=O)N1CCC2(CC1)OC(=O)Nc1ncccc12,0.105,1
N#Cc1ccc(S(=O)(=O)N2C[C@H](S(=O)(=O)c3ccc(Cl)cc3)[C@](O)(CO)C2)c(Cl)c1,1.0,1
CC(C)C[C@H](NC(=O)[C@@H](NC(=O)N[C@@H](Cc1ccccc1)C(=O)O)C1CCNC(=N)N1)C(=O)N[C@H](C=O)Cc1ccccc1,0.925,1
C#CC1=CC=CS1=S,0.8,1
COc1ccc2c(c1)OCCN(C(=O)c1cc(O)no1)[C@H]2C(=O)Nc1cc(F)c([Si](C)(C)C)c(F)c1,0.09,1
CCOP(=O)(O)C1=C[C@@H](OC(CC)CC)[C@H](NC(C)=O)[C@@H](NC(=N)N)C1,0.086,6
Nc1ccn([C@@H]2O[C@@](CO)(CCl)[C@@H](O)[C@H]2F)c(=O)n1,0.0286,1
CCOC(=O)[C@H](CCc1ccccc1)N[C@@H](C)C(=O)N1C(=O)N(C)C[C@H]1C(=O)O,0.42,1
COCCOc1ncc(C(=O)N[C@@H]2CCCC[C@H]2O)cc1-c1ccc(Cl)cc1,0.84,1
CN1CCN(c2nc(Nc3ccc(OC(F)(F)F)cc3)cc(Nc3nccn3-c3cccc(C(F)(F)F)c3)n2)CC1,0.3,1
N[C@@H](CC(=O)N1CCn2nc(C(F)(F)F)nc2C1Cn1cncn1)Cc1cc(F)c(F)cc1F,0.13,1
O=S(=O)([O-])[O-].[Zn+2],0.6950000000000001,2
CC(C)c1cc2cccc(C(=O)NCC3CCN(CC4CCOCC4)CC3)n2n1,0.538,1
CCCCc1cc(=O)n2nc(N[C@H](C)c3ccc(Br)cc3F)c(C#N)c2[nH]1,0.23,1
CC(C)(C)c1ccc(-c2nc3ccccn3c2CC#N)cc1,0.37,1
CCC(CC)CC1(O)CCN(C(=O)Nc2cc(Oc3ccc(F)cc3)cc(Oc3ccc(C(=O)O)cc3)c2)CC1,0.12,1
NCc1ccccc1,0.13,1
Cn1cc(C(=O)Nc2ccc(-c3ccccc3)c(C(F)(F)F)c2)c(=O)c2ccccc21,0.6,2
O=c1c2ccccc2sc2cc(OCC(O)CCl)cc(O)c12,0.006,1
C[C@@H]1CNCC[C@@]1(C)c1cccc(O)c1,0.08,2
COc1ccc(NC(=O)c2nc3c(s2)CN(C)CC3)c(C(=O)Nc2ccc(Cl)cn2)c1,0.513,1
COC(=O)c1ccc(Sc2ccccn2)c([N+](=O)[O-])c1,0.67,3
CC(C)c1nnc2n1C[C@H](C)N(C(=O)c1cccc(C(F)(F)c3n[nH]c(=O)c4ccccc34)c1)C2,0.03,1
O=C(Nc1cccnc1-c1ccsc1)N1CCN2C(=O)N([C@H]3C[C@@H]3c3ccccc3)C(=O)[C@@H]2C1,0.23500000000000001,2
O=C(N[C@@H](C(=O)N1CCC[C@H]1C(=O)Nc1nc(-c2ccccc2)cs1)c1ccccc1)c1ccccc1,0.31,1
COc1ccc(Cl)cc1N1C(=O)[C@@H](F)c2ccc(C(F)(F)F)cc21,0.67,2
CC#C[C@H]1CN(S(=O)(=O)c2ccc(N)nc2)CCN1c1ccc(C(O)(C(F)(F)F)C(F)(F)F)cc1,0.75,1
CCCOc1cc(-c2ccc(OCCNC[C@H](O)c3cccc(Cl)c3)cc2)ccc1C(=O)O,0.7000000000000001,1
CC1=C(C(=O)O)N2C(=O)[C@@H](NC(=O)[C@H](N)C3=CCC=CC3)[C@H]2SC1,0.9,3
COc1cc(/C=C/c2ccc(OC)c(OC)c2)cc(OC)c1,0.507,1
CC(C)C[C@@H]1C(=O)N[C@H](C2Cc3ccccc3C2)C(=O)N1[C@@H](C(=O)N1CCOCC1)c1ccc(F)cc1F,0.24,2
CC(=O)Oc1c(C)c(C)c2c(c1C)CCC(C)(CCCC(C)CCCC(C)CCCC(C)C)O2,0.054000000000000006,1
CN1C(=O)COc2c(C(=O)NC3CN4CCC3CC4)cc(Cl)cc21,0.21600000000000003,1
CCCCN(CCCC)CCC(O)c1cc2c(Cl)cc(Cl)cc2c2cc(C(F)(F)F)ccc12,0.3,43
C=C(Cn1cnc2c(=O)[nH]c(N)nc21)OCP(=O)(O)OP(=O)(O)OP(=O)(O)O,0.44,1
C/C=C(\C)C(=O)O[C@@H]1[C@@H](OC(C)=O)[C@]2(C)[C@H](C(C)=O)CC[C@@]23O[C@]32CC[C@H]3C[C@@H](O[C@H]4C[C@@H](OC)[C@H](O[C@@H]5O[C@H](C)[C@@H](O[C@@H]6O[C@H](CO)[C@@H](O)[C@H](O)[C@H]6O)[C@@H](OC)[C@H]5O)[C@@H](C)O4)CC[C@]3(C)[C@@H]12,0.026000000000000002,1
COc1c(Nc2ncc(Cl)c(Nc3ccccc3N3CCCS3(=O)=O)n2)ccc2c1CCCC(N1CCN(CCO)CC1)C2,0.48,1
C[n+]1cccc(C(=O)[O-])c1,0.6442,1
CCn1c2ccccc2c2cc(NC(=O)CCc3nc(-c4ccccc4F)no3)ccc21,0.185,1
CC1(C)CC[C@]2(C(=O)O)CC[C@]3(C)C(=CC[C@@H]4[C@@]5(C)C[C@@H](O)[C@H](O)C(C)(C)[C@@H]5CC[C@]43C)[C@@H]2C1,0.0513,5
O=C1OCC/C=C/CC/C=C/C(=N/OCC(=O)N2CCCCC2)Cc2c(Cl)c(O)cc(O)c21,0.034,1
CNC[C@H](O)c1ccc(O)c(O)c1,0.33,12
Cc1c(O)c(=O)ccn1C,0.1,1
COc1cc(NS(=O)(=O)c2ccc(N)cc2)nc(OC)n1,0.39,3
COc1ccc2[n-]c([S@@](=O)Cc3ncc(C)c(OC)c3C)nc2c1.COc1ccc2[n-]c([S@@](=O)Cc3ncc(C)c(OC)c3C)nc2c1.[Mg+2],0.35000000000000003,1
O=c1[nH]c(-c2cc(-c3ccon3)n(Cc3ccccc3F)n2)ncc1F,0.705,4
CNC1=Nc2ccc(Cl)cc2C(c2ccccc2)=[N+]([O-])C1.Cl,1.0,1
O=C1C[C@@H](c2ccc(O)c(O)c2)Oc2cc(O[C@@H]3O[C@H](CO)[C@@H](O)[C@H](O)[C@H]3O)cc(O)c21,0.247,5
Cn1c(=O)c(C(=O)NCCO)c(O)c2ncc(Cc3ccc(F)cc3)cc21,0.32,3
CS(=O)(=O)c1ccc(-c2cc(C(=O)O)c3cc(C(=O)c4ccccc4)ccc3n2)cc1,0.26875,2
Cc1c(F)cc2c(=O)c(C(=O)O)cn3c2c1CCC3C,0.3,1
COC(=O)N(C)c1c(N)nc(-c2nn(Cc3ccccc3F)c3ncccc23)nc1N,0.9400000000000001,3
CN1CC[C@@]23CCCC[C@@H]2[C@@H]1Cc1ccc(O)cc13,0.035,1
C[C@@]1(F)[C@H](O)[C@@H](CO)O[C@H]1n1ccc(N)nc1=O,0.24,1
CC(=O)NC[C@H]1CN(c2ccc(-c3ccc(-c4nnnn4C)nc3)c(F)c2)C(=O)O1,0.716,7
O=C(c1nn(-c2ccc(CN3CCOCC3)cc2)c2c1CS(=O)(=O)c1c(F)cccc1-2)N1CCOCC1,0.725,2
CCCSc1c(C(=O)NC2CCCCC2)cnn1-c1ccc(C(=O)O)cc1,0.72,2
CCc1ccc(Cc2ccc3c(c2)[C@]2(OC3)O[C@H](CO)[C@@H](O)[C@H](O)[C@H]2O)cc1,0.975,4
O=C([O-])c1ccccc1O,0.68,1
COc1cc2cncc(Cc3ccc(Cl)cc3)c2cc1OC,0.14,1
CCC(C(=O)O)c1c(C(=O)O)[nH]c2ccccc12,0.37,1
COCCCCc1c(C(=O)N(CC(C)C)[C@@H]2CNC[C@H](C(=O)N3CCOCC3)C2)cnn1-c1ccccc1,0.08,1
CC=C1C[C@@H](C)[C@@](C)(O)C(=O)OCC2=CCN3CC[C@@H](OC1=O)[C@@H]23,0.677,1
CC(C)Cn1cnc2c1c(=O)n(C)c(=O)n2C,0.596,1
COc1cc(NC(C)CCCN)c2ncccc2c1.O=P(O)(O)O.O=P(O)(O)O,0.96,1
C[C@@H]([C@@H](O)c1ccc(O)cc1)N1CCC(O)(c2ccccc2)CC1,0.598,6
Cc1c(-c2ccc(O)cc2)n(Cc2ccc(OCCN3CCCCCC3)cc2)c2ccc(O)cc12,0.062000000000000006,16
CO/N=c1\nc[nH]c2c1ccn2[C@@H]1O[C@H]([C@H](O)c2ccc(Cl)c(Cl)c2)[C@@H](O)[C@H]1O.Cl,0.75,1
CCCCN(CCCC)C(=O)CN1C[C@H](c2ccc3occc3c2)[C@@H](C(=O)O)[C@@H]1c1ccc(OC)cc1,0.39,1
CS(=O)(=O)N1CCc2c(c(-c3ccc(Cl)c(C#Cc4ccc(Cl)cc4)c3)nn2CCCN2CCOCC2)C1,0.21,1
C/C(=C1/CCOC1=O)[C@@H](O)[C@@H]1OCC[C@@H](O)[C@H]1O,0.145,1
N#Cc1cnc(C(=O)Nc2ccc(C3CCNCC3)cc2C2=CCCCC2)[nH]1,0.12,1
CNc1ccc(/C=C/c2c(F)cccc2F)cc1,0.187,1
CC(=O)O[C@]1(C(C)=O)CC[C@H]2[C@@H]3C=C(C)C4=CC(=O)CC[C@@H]4[C@H]3CC[C@@]21C,0.63,4
O=S(=O)(Nc1ccc(CCNC[C@H](O)c2cccnc2)cc1)c1ccc(-c2nc(-c3ccc(C(F)(F)F)cc3)cs2)cc1,0.17,3
CCCN(CCC)C1CCc2cccc(O)c2C1,0.024,1
CC(=O)CCCCN1C(=O)C(CCOc2ccccc2CC(=O)O)Oc2ccccc21,0.27,1
CC1=C2C(=CO[C@@H](C)[C@@H]2C)C(O)=C(C(=O)O)C1=O,0.405,1
O=c1cc(N2CCOCC2)oc2c1ccc1ccccc12,0.15,1
CCC=CC[C@H]1C(=O)CC[C@@H]1CC(=O)[O-],0.16,1
COc1cccc(-c2ccc3nc(-c4ccccc4Cl)n(C)c(=O)c3c2)c1OC,0.58,1
COc1ccc(C[C@H](NC(=O)[C@@H](NC(=O)[C@@H]2[C@@H]3CCN2C(=O)[C@H](Cc2cn(Cc4cn(-c5cc(C)cc(C)c5)nn4)c4ccc(F)cc24)NC(=O)[C@@H](NC(=O)[C@@H](C)NC(=O)[C@H](CNC(=O)CCOCCOCC[N+](C)(C)C)NC(=O)CCS)Cc2cccc(c2)C/C=C/CO3)[C@@H](C)O)C(=O)N2CCC[C@@]2(C)C(=O)NCCS)cc1,0.02,1
CN(C)C(=O)[C@@H](c1ccc(-c2ccc3nncn3c2)cc1)[C@H](N)C(=O)N1CC[C@H](F)C1.O=C(O)C(F)(F)F,0.03,1
O=C(O)c1cn(C2CC2)c2cc(-c3cccc4nc5ccccc5nc34)c(F)cc2c1=O,0.6,1
O=C(S)NOc1ccc2c(c1)Oc1cc(O)ccc1C21OC(=O)c2ccccc21,0.0032,5
CS(=O)(=O)c1ccc([C@@H](O)[C@@H](CF)NC(=O)C(Cl)Cl)cc1,0.9261,11
Cc1ccc2c(N3CCN(CCc4c(C)ccc5c4CCC(=O)N5)CC3)cccc2n1,0.73,1
O=C(O)c1csc(-n2nc(-c3ccccc3)c3ccc(C(F)(F)F)cc32)n1,0.26,1
O=S(=O)(Nc1ccc(CCNC[C@H](O)c2cccnc2)cc1)c1ccc(-n2ncc(Cc3ccc(C(F)(F)F)cc3)n2)cc1,0.25,1
Nc1nc2c(ncn2CCC(CO)CO)c(=O)[nH]1,0.77,2
COCCCCn1c(C(=O)N(CC(C)C)[C@@H]2CNC[C@H](CO)C2)nc2ccccc21,0.096,1
Cc1cc2cc(/N=C(/NC#N)N[C@H]3CCCCN(CC(=O)N4CCCC4)C3=O)ccc2o1,0.5,3
N=C(N)c1ccc2scc([C@@H](Cc3ccccc3)C(=O)Nc3ccc4ncsc4c3)c2c1,0.24100000000000002,3
CC1(C)OC(=O)c2ccccc2C1n1cncc1C(F)F,0.26,1
CC1(C)NC(=O)c2c(Cl)cc(Nc3cc(NC(=O)C4CC4)ncn3)c(=O)n21,0.55,1
C=C[C@@H]1C[C@]1(NC(=O)[C@@H]1C[C@@H](Oc2cc(-c3csc(NC(C)C)n3)nc3cc(OC)ccc23)CN1C(=O)[C@@H](NC(=O)OC1CCCC1)C(C)(C)C)P(=O)(O)O,0.005,1
C=CCc1cc(F)cc(/C=N/NC(=O)CN2CCN(C(=O)c3ccccc3)CC2)c1O,0.085,1
C[C@@H](N1CCN(c2ccc(-n3cnn(Cc4ccc(C(F)(F)F)cc4)c3=O)cc2)CC1)[C@](O)(Cn1cncn1)c1ccc(F)cc1F,0.758,1
C[C@@H](NCCc1ccc(O)cc1)[C@@H](O)c1ccc(O)cc1,0.17,2
COc1ccc([C@@H](CC(=O)O)NC(=O)[C@@H]2CCN2S(=O)(=O)c2cc(Cl)cc(Cl)c2)cc1,0.43200000000000005,1
Oc1cc(O)c2c(c1)O[C@@H](c1ccc(O)c(O)c1)[C@@H](O)C2,0.31,9
COCC1=C(C(=O)OC(C)OC(=O)OC(C)C)N2C(=O)[C@@H](NC(=O)C(=NOC)c3csc(N)n3)[C@H]2SC1,0.5,19
CN1CCN(c2ccc(-c3cnc4[nH]c5cnc(C#N)cc5c4c3)cc2)CC1,0.5,3
CC(=O)O[C@@]12CO[C@@H]1C[C@H](O)[C@@]1(C)C(=O)[C@H](O)C3=C(C)[C@@H](OC(=O)[C@H](O)[C@@H](NC(=O)OC(C)(C)C)c4ccccc4)C[C@@](O)([C@@H](OC(=O)c4ccccc4)[C@H]21)C3(C)C,0.0886,65
CCCOc1ccc(S(=O)(=O)N2CCN(C)CC2)cc1-c1nc(CC)c(CC)c(=O)[nH]1,0.1,1
Nc1nc(N)nc(N)n1,0.981,3
Clc1ccccc1-c1nc2c(Cl)cccc2cc1CNc1ncnc2[nH]cnc12,0.43,1
CC(C)CCC(c1ccc(CC(=O)O)cc1-c1ccc(C(F)(F)F)cc1)N1CCC(C(F)(F)F)CC1,1.0,1
COc1ccc(C2(C#N)CCC(C(=O)O)CC2)c2c1OCCO2,0.772,2
COC(=O)Nc1ccc(-c2cc([C@H](CC(=O)N3CC[C@@H](O)C3)NC(=O)/C=C/c3cc(Cl)ccc3-n3cnnn3)c(Cl)nn2)cc1,0.03,1
O=C(Nc1ccc(Cl)cn1)[C@H]1CN(CC(F)F)C[C@@H]1C(=O)Nc1ccc(-n2ccccc2=O)cc1F,0.8250000000000001,2
C=CC(=O)N(C)Cc1c[nH]c2ncnc(-c3cccc(NC(=O)c4ccc(C(C)(C)C)cc4)c3C)c12,0.02,1
COc1cc(O)c2c(=O)oc3cc(O)cc(C)c3c2c1,0.095,2
COCCOC[C@H](CC1(C(=O)N[C@H]2CC[C@@H](C(=O)O)CC2)CCCC1)C(=O)O,0.37,6
O=C(Cc1ccc2ccccc2c1)Nc1cc(C2CC2)n[nH]1,0.898,1
COc1cc2nccc(Oc3ccc(NC(=O)NC4CC4)c(Cl)c3)c2cc1C(N)=O.CS(=O)(=O)O,0.85,1
CC[C@H](C)[C@@H](C(=O)O)N1CCN(Cc2cccc(COC)n2)C1=O,0.645,2
COc1ccc2c(O[C@@H]3C[C@H]4C(=O)N[C@]5(C(=O)NS(=O)(=O)C6CC6)C[C@H]5/C=C\CCCCN(C)C(=O)[C@@H]4C3)cc(-c3ccccc3)nc2c1,0.025,1
Cc1ccc(-c2cc(C(F)(F)F)nn2-c2ccc(S(N)(=O)=O)cc2)cc1,0.4,21
COc1cc2c(c(OC)c1OC)-c1ccc(SC)c(=O)cc1[C@@H](NC(=O)C1CC1C)CC2,0.6729999999999999,1
COC1(CN2C(=O)O[C@H](c3cc(C(F)(F)F)cc(C(F)(F)F)c3)[C@@H]2C)CC(C(F)(F)F)=CC=C1c1ccc(F)c(C(C)C)c1,0.327,1
CCn1c(-c2cc(N3CCN(C4CC4)CC3)cnc2[C@H](C)OC)c2c3cc(ccc31)-c1csc(n1)C[C@H](NC(=O)C1[C@H]3COC[C@@H]13)C(=O)N1CCC[C@H](N1)C(=O)OCC(C)(C)C2,0.63,1
CC(=O)OC[C@H]1OC[C@H](OC(C)=O)C[C@@H]1OC(C)=O,0.785,2
Cl.O=C(CN1CCc2ccccc21)N1CCc2ccccc21,0.49,3
CCC1=N[C@H]2C[C@@]3(C(=O)N(OC)c4ccccc43)[C@H]3CC1[C@@H]2CO3,0.0766,2
COCCCCc1c(C(=O)N(CC(C)C)[C@@H]2CNC[C@H](C(=O)N3CCOCC3)C2)nnn1-c1ccccc1,0.01,1
CC(CCO)OCn1ccnc1[N+](=O)[O-],0.042,1
CCOc1ccc(Cc2cc([C@@H]3O[C@H](SC)[C@@H](O)[C@H](O)[C@H]3O)ccc2Cl)cc1,0.56,1
COc1cc(/C=C/c2nc(NCc3ccc(C)cc3)c3sccc3n2)cc(OC)c1OC,0.299,1
COc1cc(OC)c(-c2cnc3[nH]c(-c4c(F)cccc4Cl)cc3c2)cn1,0.62,1
Cn1c(Cn2ccc(C(F)(F)F)c(Oc3cc(Cl)cc(C#N)c3)c2=O)n[nH]c1=O,0.5700000000000001,3
CNC/C=C(\c1ccc(Br)cc1)c1cccnc1,0.7000000000000001,1
C[C@@H]1O[C@@H]1P(=O)(O)O.NC(CO)(CO)CO,0.4,5
NCCC(O)(P(=O)(O)O)P(=O)(O)O,0.004,7
CN1CCc2nc(C(=O)N[C@@H]3CCCC[C@@H]3NC(=O)c3cc4cc(Cl)ccc4[nH]3)sc2C1,0.061,1
Cc1cc(=O)oc2cc(O)c(O)cc12,0.22280000000000003,1
COCCCN1CCC(CNC(=O)c2cccc3nc(C(C)C)nn23)CC1,0.027000000000000003,1
CC(C)=CCC/C(C)=C/CC/C(C)=C/CC[C@]1(C)CCc2cc(O)c(C)c(C)c2O1,0.09,6
O=P([O-])([O-])C(Cl)(Cl)P(=O)(O)O.[Na+].[Na+],0.019,1
CCOC(=O)N1CCN(C(=O)[C@H](Cc2cc(OCc3ccccc3)no2)NC(=O)c2cc(N3CC[C@H](OC)C3)nc(-c3ccccc3)n2)CC1,0.027999999999999997,1
CC(=O)O[C@]1(C(C)=O)CC[C@H]2[C@@H]3C=C(Cl)C4=CC(=O)[C@@H]5C[C@@H]5[C@]4(C)[C@H]3CC[C@@]21C,0.9400000000000001,4
CCc1cncn1C1c2ccccc2C(=O)OC1(C)C,0.08,1
COc1cc(O)cc(CCc2ccc(OC)c(O)c2)c1,0.11470000000000001,1
COc1ccc(Oc2cc(NCCC(F)(F)F)c3ncc(-c4ccc(C(=O)NC5CC5)c(C)c4)n3n2)c(F)c1F,0.55,2
C=C1C(=O)O[C@@H]2[C@H]3O[C@]3(C)CC/C=C(/CO)CC[C@@H]12,0.067,1
COc1c2ccoc2cc2oc(=O)ccc12,0.8200000000000001,3
COc1cc([C@@H]2c3cc4c(cc3[C@@H](O[C@@H]3O[C@@H]5CO[C@@H](C)O[C@H]5[C@H](O)[C@H]3O)[C@H]3COC(=O)[C@H]23)OCO4)cc(OC)c1OP(=O)(O)O,0.6705,4
C#Cc1cccc(Nc2nc3cc(C(=O)O)ccc3c3cncnc23)c1,0.25,2
CO/N=C(\C(=O)N[C@@H]1C(=O)N2C(C(=O)O)=C(C)CS[C@H]12)c1csc(N)n1,0.47250000000000003,12
N=C(N)c1ccc(CNC(=O)[C@@H]2CCCN2C(=O)[C@@H](NCC(=O)O)C(c2ccccc2)c2ccccc2)s1,0.15,1
CCOC(=O)c1c(CS(=O)c2ccccc2)n(C)c2cc(Br)c(O)c(Cn3ccnc3)c12,0.17550000000000002,1
Cc1cc(NC(=O)C2=C(O)c3ccccc3S(=O)(=O)N2C)no1,0.97,1
CC(C)(C)C(O)/C=C/c1ccc2c(c1)OCO2,0.9,5
C[C@H]1Cn2c(nnc2C(F)(F)F)CN1C(=O)c1cccc(C(F)(F)c2n[nH]c(=O)c3ccccc23)c1,0.43,1
C=C[C@@H]1C2=CCOC(=O)C2=CO[C@H]1O[C@@H]1O[C@H](CO)[C@@H](O)[C@H](O)[C@H]1O,0.396,4
CO[C@H]1CCC[C@H]2C1=C(C(=O)OC(C)OC(=O)OC1CCCCC1)N1C(=O)[C@H]([C@@H](C)O)[C@@H]21,0.3765,2
N#Cc1ccccc1-c1cc(-c2ccccn2)cn(-c2ccccc2)c1=O,1.0,5
COC(=O)c1cc(NS(=O)(=O)c2cc(Cl)cc(Cl)c2)ccc1S(=O)(=O)Nc1cc(Br)c(F)cc1C,0.7133,1
CN1C(=O)C=C[C@]2(C)[C@H]3CC[C@]4(C)[C@@H](O)/C(=C/c5cncnc5)C[C@H]4[C@@H]3CC[C@@H]12,0.51,1
COc1cc(C[C@H](C)[C@H](C)Cc2ccc3c(c2)OCO3)ccc1O,0.162,1
COC(=O)Nc1ccc(-c2cc([C@H](Cc3ccccc3)NC(=O)/C=C/c3cc(Cl)ccc3-n3cnnn3)cnn2)cc1,0.03,1
O=C1CCC[C@@H]2[C@H]3CCCN4CCC[C@@H](CN12)[C@@H]34,0.2175,8
CCOc1cccc([C@]2(N3CCN(c4ccccc4)CC3)[C@@H]3C[C@@H](C)C[C@@H]32)c1,0.8,1
CC(=O)OCC(=O)[C@@]12N=C(C)O[C@@H]1C[C@H]1[C@@H]3CCC4=CC(=O)C=C[C@]4(C)[C@H]3[C@@H](O)C[C@@]12C,0.68,3
O=C[C@H](O)[C@@H](O)[C@H](O)[C@H](O)CO,0.28,2
COc1ccc2c(c1)C=C1Cn3c-2c(C2CCCCC2)c2ccc(cc23)C(=O)NS(=O)(=O)N(C)CCN2CCN(CC2)C1=O,0.03,1
Cc1cc(C)c2nc(C3CC3)n(Cc3ccc(C4(C(=O)O)CC=CC4)s3)c2n1,0.725,2
C[C@H]1Cc2c(nnn2-c2ncc(F)cn2)CN1C(=O)c1ccnc(C(F)(F)F)c1F,0.97,3
Cc1cnc(C(=O)N[C@H]2CCCCCC=C[C@H]3C[C@@]3(C(=O)NS(=O)(=O)C3CC3)NC(=O)[C@@H]3C[C@@H](Oc4nc5ccccc5c5ccccc45)CN3C2=O)cn1,0.515,2
CC1(C)CC(c2ccc3c(c2)COC2(CCN(C4CCC4)CC2)O3)=NNC1=O.Cl,0.51,1
CC(C)CN(C[C@@H](O)[C@H](Cc1ccccc1)NC(=O)[C@H](CC(N)=O)NC(=O)c1ccc2ccccc2n1)C(=O)NC(C)(C)C,0.06849999999999999,2
Nc1ccc(P(=O)(O)O)cc1,0.19,7
COc1ncc(C2c3ccccc3C=NN2C(=O)/C=C/c2cc(Cc3cnc(N)nc3N)cc(OC)c2OC)cn1,0.25,1
CCCCN(CCCC)C(=O)CN1C[C@H](c2ccc3c(c2)OCCO3)[C@@H](C(=O)O)[C@@H]1c1ccc(OC)cc1,0.39,1
Cc1ncc(OC[C@@]2(c3cccc(F)c3)C[C@H]2C(=O)Nc2ccc(F)cn2)c(C)n1,0.87,1
CNC(=O)[C@@H](c1ccccc1)N1CCc2cc(OC)c(OC)cc2[C@@H]1CCc1ccc(C(F)(F)F)cc1,0.11199999999999999,6
CC(C)CCNC1=CC(=O)c2ccccc2C1=O,0.359,1
CN1CCC(C(=O)N2c3ccccc3NC(=O)c3cccnc32)CC1.Cl,0.35000000000000003,1
CC(C)OC(=O)OCOP(=O)(CO[C@H](C)Cn1cnc2c(N)ncnc21)OCOC(=O)OC(C)C,0.25,1
COc1cc(N2CCN(C)CC2)ccc1Nc1nccc(-c2c[nH]c3c(C)nccc23)n1,0.0,1
CCC(CC)OC(=O)OCOC(=O)C1=C(S[C@H]2C[C@@H](C(=O)N(C)C)N(C(=O)OCOC(=O)C(C)C)C2)[C@H](C)[C@@H]2[C@@H]([C@@H](C)O)C(=O)N12,0.188,1
CC(C)CN(C[C@@H](O)[C@H](Cc1ccccc1)NC(=O)[C@@H](NC(=O)CNCc1cccc(F)c1)C(C)(C)C)S(=O)(=O)c1ccc(N)cc1,0.105,3
Cc1cc(COc2nc(N)nc3ccn(Cc4ccccn4)c23)no1,0.01,1
CC1=C[C@H]2O[C@@H]3C[C@@H](O)[C@](C)([C@@]2(CO)CC1)[C@]31CO1,0.44,3
CC(=O)O[C@]1(C(C)=O)CC[C@H]2[C@@H]3C=C(C)C4=CC(=O)CC[C@]4(C)[C@H]3CC[C@@]21C,0.15,7
CN1CCN2c3c(cccc31)[C@@H]1CN(CCCC(=O)c3ccc(F)cc3)CC[C@@H]12,0.044000000000000004,4
CC(C)c1nc(N(C)S(C)(=O)=O)nc(-c2ccc(F)cc2)c1C=CC(O)CC(O)CC(=O)[O-].[Na+],0.2,1
CC(C)CN(CCc1ccc(Cl)cc1)C1CCN(c2nc(N)n[nH]2)CC1,0.52,1
CC(C)(C)c1nn2ccccc2c1Cc1ccc(C(=O)N[C@@H]2CCOC[C@@H]2C(=O)NO)cc1,0.48,1
Nc1ncnc2c1ncn2[C@H]1CC[C@@H](CO)O1,0.4,1
OC[C@H]1O[C@@H]2O[C@H]3[C@H](O)[C@@H](O)[C@@H](O[C@H]4[C@H](O)[C@@H](O)[C@@H](O[C@H]5[C@H](O)[C@@H](O)[C@@H](O[C@H]6[C@H](O)[C@@H](O)[C@@H](O[C@H]7[C@H](O)[C@@H](O)[C@@H](O[C@H]8[C@H](O)[C@@H](O)[C@@H](O[C@H]1[C@H](O)[C@H]2O)O[C@@H]8CO)O[C@@H]7CO)O[C@@H]6CO)O[C@@H]5CO)O[C@@H]4CO)O[C@@H]3CO,0.04,1
Cc1cc(COc2ccc(NC(=O)[C@H]3NCCC[C@@H]3C(=O)NO)cc2)c2ccccc2n1,0.24,1
O=C(Nc1ccc(Cl)c(C(F)(F)F)c1)Nc1c(Cl)c(Cl)cc2ccc(O)cc12,0.03,1
Cc1cccc([C@H](C)c2c[nH]cn2)c1C,0.16,5
c1ccc2c(c1)OCC(C1=NCCN1)O2,0.28,2
N#CCNC(=O)C1(NC(=O)c2ccc(-c3csc(N4CCC(N5CCCCC5)CC4)n3)cc2)CCCCC1,0.35000000000000003,1
Cc1nc2cnc3[nH]ccc3c2n1[C@@H]1CCC[C@@H](O)C1,0.4815,2
Cl.c1cc2c(c(N3CCNCC3)c1)OCCO2,0.9500000000000001,1
COc1cccc(OC)c1-c1ccc([C@@H](CC(=O)O)NC(=O)[C@]2(C)CCCN2S(=O)(=O)c2cc(Cl)cc(Cl)c2)cc1,0.1335,2
CN(CC(=O)O)C(=N)N.N=[13C](N)NO,0.34454999999999997,2
O=c1cc(Cn2c(C3CCC3)nc3nccnc32)c2ccc(F)c(F)c2[nH]1,0.62,1
CN(C)C(=N)/N=C(\N)NSC1CCCCC1,0.645,1
CC(=O)OC[C@]12CCC(C)=C[C@H]1O[C@@H]1[C@H](O)C[C@@H](OC(C)=O)[C@@]2(C)[C@@]12CO2,0.8,1
COc1cc(/C=C/C(=O)CC(=O)/C=C/c2ccc(O)cc2)ccc1O,0.22710000000000002,2
Cc1ncoc1-c1nnc(SCCCN2CC3CC3(c3ccc(C(F)(F)F)cc3F)C2)n1C,0.47000000000000003,1
O=[N+]([O-])[O-].[Na+],1.0,1
C[C@@H](CN1CCc2cc(F)ccc21)NC(=O)[C@H](CC1CCCCC1)Nc1nc2cccc(Cl)c2o1,0.24,1
Oc1cc(O)c2c(c1)O[C@H](c1ccc(O)c(O)c1)[C@H](O)[C@H]2c1c(O)cc(O)c2c1O[C@H](c1ccc(O)c(O)c1)[C@H](O)C2,0.4575,2
O=C(CCCCCCC(=O)Nc1ccccc1)NO,0.11,11
C[C@@]1(C(=O)N[C@@H](Cc2ccc(-c3ccccc3C#N)cc2)C(=O)O)CCCN1S(=O)(=O)c1cc(Cl)cc(Cl)c1,0.105,2
O=C([O-])[O-].O=C([O-])[O-].[OH-].[OH-].[OH-].[OH-].[OH-].[OH-].[Zn+2].[Zn+2].[Zn+2].[Zn+2].[Zn+2],0.09640000000000001,1
CC(C)Cc1cc(-c2ccc(OCCNC[C@H](O)c3ccc(N)nc3)cc2)ccc1C(=O)O,0.38,1
COC(=O)/C=C\C=C(/OC)C(=O)OC,0.015,2
O=C(O)c1ccncc1-c1cccc(NCCNC[C@H](O)c2cccc(Cl)c2)c1,0.25,1
CCOC(=O)/C=C(C)/C=C/C=C(C)/C=C/c1c(C)cc(OC)c(C)c1C,0.5775,2
COCCNc1nc(C)c(-c2nc3c(C)nccc3s2)c(N[C@@H]2C[C@H](C(C)(C)O)[C@@H](O)[C@H]2O)n1,0.46,3
Cc1ccccc1Nc1nc2ccc(CC(=O)N3C[C@@H](F)C[C@H]3CO[C@H]3CC[C@H](C(=O)O)CC3)cc2o1,0.51,1
C[C@H]1CC[C@@H]2N(C1)C[C@H]1[C@@H]3C[C@H]4[C@@H](CC(=O)[C@H]5C[C@@H](O)CC[C@@]54C)[C@@H]3CC[C@@H]1[C@]2(C)O,0.24269999999999997,2
N[C@H]1CN[C@@](CCCCB(O)O)(C(=O)O)C1,0.59,1
COc1cc(C(=O)N[C@H]2COc3ccc(Cl)cc32)ccc1-n1cnc(C)c1,1.0,1
Cc1ccc(S(=O)(=O)OCC[C@@H](C)CO[Si](C)(C)C(C)(C)C)cc1,0.42200000000000004,1
Cc1cccc(C(CCCN)(c2ccccc2)c2ccccc2)c1,0.04,1
Cc1nsc(-c2nnc3n2CCN(C(=O)c2ccc(-c4cccs4)cc2)[C@@H]3C)n1,0.2,1
CC1=CC(=O)c2c(O)cccc2C1=O,0.387,1
CC#C[C@H]1CN(S(=O)(=O)c2ccc(N)nc2)CCN1c1ccc([C@@](C)(O)C(F)(F)F)cc1,0.8200000000000001,1
O=C(O)COc1nc(Cl)c(Cl)cc1Cl,1.0,1
Cc1cc(Nc2cc(N3CCN(C)CC3)nc(Sc3ccc(NC(=O)C4CC4)cc3)n2)n[nH]1,0.079,1
O=S(=O)([O-])c1ccc(/N=N/c2cc(S(=O)(=O)[O-])c3ccccc3c2O)c2ccccc12.[Na+].[Na+],0.094,1
CCCCc1ccc(S(=O)(=O)OCC)c(C)c1C,0.5,1
CCCSc1nc(N[C@@H]2C[C@H]2c2ccc(F)c(F)c2)c2nnn([C@@H]3C[C@H](OCCO)[C@@H](O)[C@H]3O)c2n1,0.36,16
Cc1ccc(C)c(C(=O)O)c1Nc1cc(Cl)ccc1C(=O)O,0.43,1
CCN1CCN(c2cccc3c2[C@H]2CCC[C@H](c4ccc(OC)c(OC)c4)N2C3=O)CC1,0.35000000000000003,1
C/C=C/c1cc(OC)c(OC)cc1OC,0.05,6
C[C@]12CCC(=O)C=C1C=C[C@@H]1[C@@H]2CC[C@@]2(C)[C@H]1CC[C@@]21CCC(=O)O1,0.25,2
N[C@@H](C=O)[C@@H](O)[C@H](O)[C@H](O)CO,0.23,1
CCCCn1ccc(N2CCC(c3ccccc3)CC2)c(Cl)c1=O,0.31,3
CCCCCCCCO,0.026000000000000002,1
CCOCn1nnc(-c2ccc(F)cc2)c1-c1ccnc(Oc2cccc(NC(C)=O)c2)n1,0.56,1
CCOC(=O)C1=C[C@@H](OC(CC)CC)[C@H](NC(C)=O)[C@@H](N)C1,0.775,14
O=C(NCc1cc(C(F)(F)F)cc(C(F)(F)F)c1)[C@@H](NCCN1CCCCC1)c1ccsc1,0.045,1
Cc1c(NC(=O)[C@@H](c2ccc(-c3cncc(Cl)c3)cc2)C2CCCC2)cccc1OCC(=O)O,0.08,1
O=Cc1c(O)cccc1OC[C@@H]1CCCCN1C(=O)c1cccnc1,0.3965,2
CCOC(C)=O,0.39955,4
COc1cc2nc(N(C)CCCNC(=O)C3CCCO3)nc(N)c2cc1OC.[Cl-].[H+],0.49,3
CC1(C)S[C@H]2[C@H](NC(=O)[C@H](N)c3ccc(O)cc3)C(=O)N2[C@H]1C(=O)O,0.5040000000000001,4
O=[N+]([O-])O[C@H]1CO[C@H]2[C@@H]1OC[C@H]2O[N+](=O)[O-],0.23,13
CC#Cc1cn([C@@H]2O[C@H](CO)[C@@H](O)[C@@H]2O)c(=O)[nH]c1=O,0.225,2
Cc1c(CC(=O)O)c2cccnc2n1S(=O)(=O)c1ccc(Cl)c(Cl)c1,1.0,1
COc1ccc2c3c1O[C@H]1C[C@@H](O)C=C[C@@]31CC[NH+](C)C2,1.0,5
OC[C@H]1O[C@@H](O[C@@H]2OC=C[C@H]3[C@H](O)[C@@H]4O[C@]4(CO)[C@@H]23)[C@H](O)[C@@H](O)[C@@H]1O,0.5804,2
C[N@@+]12CCCC[C@H]1CCC(=C(c1cccs1)c1cccs1)C2.[Br-],0.275,1
CN[C@@](C)(CO[C@H]1[C@H](n2ncnc2-c2ccncc2)C[C@@]23COC[C@]1(C)[C@@H]2CC[C@H]1C3=CC[C@@]2(C)[C@H](C(=O)O)[C@@](C)([C@H](C)C(C)C)CC[C@]12C)C(C)(C)C,0.42,1
CC1(C)CCC(c2ccc(Cl)cc2)=C(CN2CCN(c3ccc(C(=O)NS(=O)(=O)c4ccc(N[C@H](CCN5CCOCC5)CSc5ccccc5)c(S(=O)(=O)C(F)(F)F)c4)cc3)CC2)C1,0.215,6
ClC(Cn1ncc2c(Nc3cccc(Br)c3)nc(SCCN3CCOCC3)nc21)c1ccccc1,0.33299999999999996,1
O=C(OCC1=C[C@@H](O)[C@@H]2C=CO[C@@H](O[C@@H]3O[C@H](CO)[C@@H](O)[C@H](O)[C@H]3O)[C@H]12)c1ccc(O)cc1,0.006999999999999999,1
CC(C)Nc1cc(-c2ccc(CCNC[C@H](O)c3ccccc3)cc2)ccc1C(=O)NS(C)(=O)=O.Cl.Cl,0.45,1
COc1cccc(OC)c1-c1ccc([C@@H](CC(=O)O)NC(=O)[C@@H]2CCCN2S(=O)(=O)c2cc(Cl)cc(Cl)c2)cc1,0.073,1
CC(=O)N[C@@H](CCCN=C(N)N)C(=O)N1CCC[C@H]1C(=O)N[C@@H](CC(=O)O)C(=O)NCC(C)C.O=C(O)CC(O)(CC(=O)O)C(=O)O,0.01,6
IC#CC#CI.O=C(NCc1cccnc1)C(=O)NCc1cccnc1,0.3358,1
C[C@H](NC(=O)c1cc(Cl)cnc1Oc1cccc(F)c1)c1ccc(C(=O)O)cc1,0.736,3
C=C(OCCO)c1ccccc1C=O,0.425,22
CNCCC(c1cccs1)c1ccc2c(c1O)OCO2.Cl,0.605,1
BrC1=NSNC1=C1OCCO1,0.0062,25
O=C(CCc1ccc(O)cc1)c1c(O)cc(O)cc1O,0.08676,4
C#CCN[C@@H]1CCc2ccccc21,0.36,16
COc1ccc(F)cc1-c1ccc([C@@H](CC(=O)O)NC(=O)[C@]2(C)CCCN2S(=O)(=O)c2cc(Cl)cc(Cl)c2)cc1,0.19399999999999998,1
CCCc1nc(CC)c(C(=O)O)n1Cc1ccc(-c2ccccc2-c2nn[nH]n2)cc1,0.111,1
CCCSc1c(C(=O)N[C@H]2C3CC4CC2C[C@](OC(F)F)(C4)C3)cnn1-c1ccc(C(=O)O)cc1,0.4,1
Cl.N[C@@H](CC(=O)N1CCn2c(nnc2C(F)(F)F)[C@H]1Cc1ccc(F)cc1)Cc1cc(F)c(F)cc1F,0.53,2
Cc1cc(Cl)ccc1-c1cccc(COc2ccc(F)c(C(N)=O)c2F)c1,0.612,1
CN1C(=O)C=C[C@]2(C)[C@H]3CC[C@]4(C)[C@@H](O)/C(=C/c5cccnc5)C[C@H]4[C@@H]3CC[C@@H]12,0.21,1
CCC(CC)O[C@@H]1C=C(C(=O)O)C[C@H](NC(N)=O)[C@H]1NC(C)=O,0.08800000000000001,1
CO[C@@H]1C[C@@H](c2nc(C(=O)NCc3ccc(F)cc3)c(O)c(=O)n2C)N(C)C1,0.79,1
CC(C)CN(C[C@@H](O)[C@H](Cc1ccccc1)N(C(=O)CNCc1cccc(F)c1)[C@H](C(N)=O)C(C)(C)C)S(=O)(=O)c1cccc(N)c1,0.7809999999999999,3
CN(CCc1ccc(Br)cc1)C1CCN(c2nc(N)n[nH]2)CC1,0.99,1
CC(C)N(CCCCOCC(=O)NS(C)(=O)=O)c1cnc(-c2ccccc2)c(-c2ccccc2)n1,0.494,4
O=C([O-])c1cccc(Cc2cc(Cl)ccc2OCc2ccc(Cl)cc2F)n1.[Na+],0.5,3
CNC(=O)c1ccc(Oc2ccc(C#C[C@]3(O)CN4CCC3CC4)cc2)cc1,0.54,1
CN1C[C@H](OCc2ccccc2)C[C@H]1c1nc(C(=O)NCc2ccc(F)cc2)c(O)c(=O)n1C,0.75,1
COc1ccc(CC2OC(=O)NC2=O)cc1C(=O)NCc1ccc(C(F)(F)F)cc1,0.96,1
C=CCC(CCCCCCCC)OC,0.61,2
CCCCN(CCCC)C(=O)CN1C[C@H](c2ccc3c(c2)CCO3)[C@@H](C(=O)O)[C@@H]1c1ccc(OC)cc1,0.33,1
CS(=O)(=O)c1ccc(F)cc1C(=O)N1CCC(N(C2CC2)S(=O)(=O)c2cccc(C(F)(F)F)c2)CC1,0.99,1
COc1ccc(-c2cc(=O)c3c(O)cc(O)cc3o2)cc1O,0.0362,1
CCOc1cc(CN2CC3(CC(N4CCC(C(=O)O)CC4)=NO3)C2)cc(OCC)c1-c1ccc(F)cc1,0.58,1
C/C=C/C[C@@H](C)C(=O)[C@H]1C(=O)N[C@@H](C(C)C)C(=O)N(C)CC(=O)N(C)[C@@H](CC(C)C)C(=O)N[C@@H](C(C)C)C(=O)N(C)[C@@H](CC(C)C)C(=O)N[C@@H](C)C(=O)N[C@H](C)C(=O)N(C)[C@@H](CC(C)C)C(=O)N(C)[C@@H](CC(C)C)C(=O)N(C)[C@@H](C(C)C)C(=O)N1C,0.423,10
C#CCN1C[C@H](C(=O)NO)[C@H](NC(=O)c2ccc(Cn3c(C(C)C)nc4ccccc43)cc2)C1,0.03,1
Cc1c(N2CCCC2)nc2ccc(Br)cc2c1C(=O)NC[C@H](CCC(=O)O)c1ccccc1Cl,0.91,1
CCN1C(=O)c2cccc3c(S(=O)(=O)NC4CCCCC4)ccc1c23,0.017,1
O=S(=O)(c1ccccc1)c1cnc2c(N3CCNCC3)cccc2c1,0.76,1
CCN(CC)CCNC(=O)c1ccc(NC(C)=O)cc1,0.85,3
CC(=O)OC(C)OC(=O)[C@H](Cc1ccc(-c2c(C)n(C)c(=O)n(C)c2=O)cc1)NC(=O)c1c(F)cccc1F,0.3,1
C=COC1C=CCCC1,0.6,1
CC(=O)OC1CC2(C)C(CC(O)C3C4(C)CCC(O)C(C)C4CCC32C)C1=C(CCC=C(C)C)C(=O)[O-].[Na+],0.8250000000000001,4
Nc1ccn(C2CO[C@@H](CO)O2)c(=O)n1,0.41000000000000003,1
Nc1nc2c(ncn2[C@@H]2C[C@H](CO)[C@H]2CO)c(=O)[nH]1,0.44,2
CCCOCCn1c(=O)c(N2CCN(CCO)CC2)nc2cnc(-c3ccc(OC)nc3)cc21,0.0,1
CN(C)C(=N)N=C(N)N.Cl,0.55,1
Cc1c(N2CC[C@H](O)[C@@H]2C)ccc(C#N)c1Cl,0.016,1
CC(C)N1C(=O)[C@H](NC(=O)[C@@H](Cc2ccccc2OC(F)(F)F)NC(=O)C(C)(C)C)CCc2ccccc21,0.16,1
O=C(O)/C=C/c1ccc(O)cc1,0.6575,2
COC(=O)N[C@@H](C(=O)N1CC2(CC2)C[C@H]1c1ncc(-c2ccc3c(c2)C(F)(F)c2cc(-c4cnc([C@@H]5[C@@H]6CC[C@@H](C6)N5C(=O)[C@H](NC(=O)OC)C(C)C)[nH]4)ccc2-3)[nH]1)C(C)C,0.325,1
COC(=O)N[C@H](C(=O)N1CCC[C@H]1c1ncc(-c2ccc(-c3ccc(-c4cnc([C@@H]5CCCN5C(=O)[C@@H](NC(=O)OC)C(C)C)[nH]4)cc3)cc2)[nH]1)C(C)C,0.67,6
Cc1ccc(C(=O)O)cc1-c1cnc(N)c(N[C@H](C)c2ccc(Cl)cc2)n1,0.41000000000000003,1
Cc1ccc(Oc2ccnc(Nc3ccc(S(N)(=O)=O)cc3)c2)c(C)n1,0.75,1
NC(=O)c1cccc2[nH]c(-c3ccc([C@H]4CCCCN4)cc3F)nc12,1.0,1
C[C@H](CN(C)C)Oc1nc(Nc2cc3cccc(Cl)c3cn2)cnc1C#N,0.05,1
Nc1nc(Cl)nc2c1ncn2[C@@H]1O[C@H](CO)[C@@H](O)[C@@H]1F,0.495,2
COCCCc1cc(CN(C(=O)[C@H]2CNCC[C@@H]2c2ccc(OCCOc3c(Cl)cc(C)cc3Cl)cc2)C2CC2)cc(OCC2(Cc3nn[nH]n3)CC2)c1,0.0,1
CC(C)Cc1ccc(C(C)C(=O)O)cc1.[Na],0.25,1
C=C1CC23C[C@H]4[C@@H]5[C@@]6(C)C[C@H](OC(C)=O)C[C@]57C(N4C6)[C@@]2(O)[C@H](OC(C)=O)[C@H]1[C@@H](OC(C)=O)[C@H]37,0.8306,1
CC([NH2+]Cc1ccncc1)C(O)c1ccccc1.[Cl-],0.38,1
O=C(c1ccc(-c2ccc(=O)n(-c3ccc(F)cc3)n2)cc1)N1CCC[C@H]1CN1CCCC1,0.13,1
Nc1nc(N)c(-c2ccc(NC(=O)C3CC3)cc2)c(COCc2ccccc2)n1,0.32,1
COc1ccc2c(O[C@@H]3C[C@H]4C(=O)N[C@]5(C(=O)NS(=O)(=O)C6CC6)C[C@H]5/C=C\CCCCN(C)C(=O)[C@@H]4C3)cc(-c3nc(C(C)C)cs3)nc2c1C,0.44,10
C[N+]1=CC=C(C2CC2)CC1,0.31260000000000004,2
C[C@@H](O[C@H]1CN2C(=O)C=C(C3=CCN(C(C)(C)C)CC3)CC2[C@@H]1c1ccc(F)cc1)c1cc(C(F)(F)F)cc(C(F)(F)F)c1,0.24650000000000002,2
CC(C)c1cccc(C(C)C)c1O,0.725,2
OB(O)O,1.0,1
COCCCN1CCC(c2nnc(-c3cccc4cc(C(C)C)nn34)o2)CC1,0.187,1
CCc1nc(N)nc(N)c1-c1ccc2c(c1)N(CCCO)C(=O)C(C)(c1cc(F)cc(F)c1)O2,0.44,1
CCCCCNC(=N)NN=Cc1c[nH]c2ccc(OC)cc12.O=C(O)/C=C\C(=O)O,0.105,2
COc1cc2c(cc1NS(=O)(=O)c1ccc(Br)cc1C)n(C)c(=O)n2C,0.0675,6
CC(C)(C)OC(=O)NCC(=O)NCC(=O)NCC(N)=O,0.2194,1
C[C@H](NC(=O)[C@@H]1CCCN1C(=O)[C@H](CC(N)=O)NC(=O)[C@H](CS)NC(=O)[C@H](CS)NC(=O)[C@H](Cc1ccc(O)cc1)NC(=O)[C@H](CCC(=O)O)NC(=O)[C@H](CS)NC(=O)[C@@H](N)CS)C(=O)N[C@@H](CS)C(=O)N[C@H](C(=O)NCC(=O)N[C@@H](CS)C(=O)O)[C@@H](C)O,0.001,1
COc1ccc2c(O[C@@H]3C[C@H]4C(=O)N[C@]5(P(=O)(O)Cc6ccccc6)C[C@H]5CCCCCCC[C@H](NC(=O)OC5CCCC5)C(=O)N4C3)cc(-c3csc(NC(C)C)n3)nc2c1,0.064,1
CCCC[C@H](CN(O)C=O)C(=O)N1CCC[C@H]1C(=O)N=c1ccc(F)cn1O,0.6175,2
CCNC(=O)Nc1ccc(-c2nc3c(c(N4CCOC[C@@H]4C)n2)[C@@H]2CC[C@H](C3)N2C)cc1,0.8200000000000001,1
CC(C)C[C@@H]1C(=O)N[C@H](C2Cc3ccccc3C2)C(=O)N1[C@@H](C(=O)O)c1ccc(F)cc1F,0.17500000000000002,2
Nc1ncnc2c1nc(Sc1cc3c(cc1Br)OCO3)n2CCC1CCN(C=O)CC1,0.5,1
Cc1ccc(C(=O)Nc2ccc(CN3CCN(C)CC3)c(C(F)(F)F)c2)cc1C#Cc1cnc2cccnn12,0.48845,6
CN1CCN(n2c(N(C)C)nc3c(Cl)c(Cl)ccc32)CC1,0.28,1
O=[N+]([O-])[O-],1.0,5
Cc1cc2ccc1[C@@H](C)COC(=O)Nc1ccc(C3(c4nnn[nH]4)CC3)c(c1)CN(C)C(=O)[C@@H]2Nc1ccc2c(N)ncc(F)c2c1,0.02,1
CCN(CC)CCNC(=O)c1cc(Cl)c(N)cc1OC.Cl.O,0.4067,1
C=C(C)[C@@H]1CC[C@]2(C(=O)O)CC[C@]3(C)[C@H](CC[C@@H]4[C@@]5(C)CC[C@H](OC(=O)CC(C)(C)C(=O)O)C(C)(C)[C@@H]5CC[C@]43C)[C@@H]12,0.3615,4
O=C([O-])CC(O)(CC(=O)[O-])C(=O)[O-],0.0014000000000000002,1
CN(C)C(CCOc1cccc2ccccc12)c1ccccc1.Cl,0.42,1
O=C(NNC(=O)C1C2C=CC(C3CC23)C1C(=O)O)c1ccc(C(F)(F)F)cc1,0.228,1
CC#Cc1cncc(-c2ccc3c(c2)[C@@]2(N=C(C)C(N)=N2)C2(CCC(OC)CC2)C3)c1,0.8,1
COc1ccccc1-c1nc2c(C)cccc2cc1COc1ncnc2[nH]cnc12,0.03,1
C[C@@H]1O[C@@H](O[C@H]2[C@H](OC(=O)[C@]34CCC(C)(C)C[C@H]3C3=CC[C@@H]5[C@@]6(C)CC[C@H](O[C@@H]7O[C@H](C(=O)O)[C@@H](O)[C@H](O[C@@H]8OC[C@@H](O)[C@H](O)[C@H]8O)[C@H]7O[C@@H]7O[C@H](CO)[C@H](O)[C@H](O)[C@H]7O)[C@@](C)(C=O)[C@@H]6CC[C@@]5(C)[C@]3(C)C[C@H]4O)O[C@H](C)[C@H](O)[C@@H]2O)[C@H](O)[C@H](O)[C@H]1O[C@@H]1OC[C@@H](O)[C@H](O[C@@H]2OC[C@](O)(CO)[C@H]2O)[C@H]1O,0.0092,2
CC(C)(O)[C@@H]1CC[C@](C)([C@H]2[C@@H](O)C[C@@]3(C)[C@@H]4C[C@H](O[C@@H]5O[C@H](CO)[C@@H](O)[C@H](O)[C@H]5O)[C@H]5C(C)(C)[C@@H](O[C@@H]6OC[C@@H](O)[C@H](O)[C@H]6O)CC[C@@]56C[C@@]46CC[C@]23C)O1,0.062000000000000006,6
C[C@@]1(c2nc3ccccc3o2)CC(c2ccc3c(=O)n(-c4ccc(F)cc4)c(CCCCC(=O)O)nc3c2)=NO1,0.56,3
Cc1ccc(O)c(C)c1-n1c(N)c(C(N)=O)c2nc(C3CC3)cnc21,0.18,1
CC(C)C(=O)OCC(=O)[C@@]12O[C@H](C3CCCCC3)O[C@@H]1C[C@H]1[C@@H]3CCC4=CC(=O)C=C[C@]4(C)[C@H]3[C@@H](O)C[C@@]12C,0.01,7
CCCCCCCCCCCCCCCCCC(=O)OCC(COC(=O)[C@@H](N)C(C)C)OCn1cnc2c(=O)[nH]c(N)nc21,0.44,2
C=C[C@H]1CN2CCC1C[C@@H]2[C@@H](O)c1ccnc2ccc(OC)cc12.C=C[C@H]1CN2CCC1C[C@@H]2[C@@H](O)c1ccnc2ccc(OC)cc12.O.O.O=S(=O)(O)O,0.7000000000000001,3
O=C1[C@@H]2[C@H]3CC[C@H](C3)[C@@H]2C(=O)N1C[C@@H]1CCCC[C@H]1CN1CCN(c2nsc3ccccc23)CC1,0.223,5
CC(C)N1C(=O)[C@H](NC(=O)[C@@H](Cc2ccccc2OC(F)(F)F)NC(=O)OC(C)(C)C)CN(CC2CC2)c2ccccc21,0.04,1
CC(C)(C)OC(=O)N[C@H](Cc1ccccc1C(F)(F)F)C(=O)NCc1nc2cccnc2n1CC(F)(F)F,0.07,1
CCCNC(=O)Nc1ccc(Oc2ncnc3cc(OC)c(OC)cc23)cc1Cl,0.373,2
O=C([O-])c1ccc(/C=C/S(=O)(=O)Cc2ccc(Cl)cc2)cc1.[Na+],0.3,1
O=C(O)c1cccc(N2CCc3cccc(C(=O)Nc4nc5ccccc5s4)c3C2)n1,0.6,1
COc1ccc2c(c1)CCN(C(=O)CC(C)CC(=O)O)[C@H]2C(=O)Nc1cc(F)c([Si](C)(C)C)c(F)c1,0.65,1
COc1ccc2c(n1)CCN(C(=O)CCCC(=O)O)[C@H]2C(=O)Nc1cc(F)c2c(c1)CCC2(C)C,0.58,1
COCCCc1cc(CN(C(=O)[C@H]2CNCC[C@@H]2c2ccc(OCCOc3c(Cl)cc(C)cc3Cl)cc2)C2CC2)cc(OCC2(CC(=O)O)CC2)c1,0.02,1
CC1SCC(=O)N1c1cccc2ccccc12,0.45,1
CO[C@H]1/C=C/O[C@@]2(C)Oc3c(C)c(O)c4c(=O)c(c5oc6cc(N7CCN(CC(C)C)CC7)cc(O)c6nc-5c4c3C2=O)NC(=O)/C(C)=C\C=C\[C@H](C)[C@H](O)[C@@H](C)[C@@H](O)[C@@H](C)[C@H](OC(C)=O)[C@@H]1C,0.1995,4
Cc1cccc(C)c1-c1cn(N2CC(N3CC(O)Oc4ccccc43)Oc3ccccc32)cn1,0.505,4
CCC1OC(=O)CC(O)C(C)C(OC2OC(C)C(OC3CC(C)(O)C(O)C(C)O3)C(N(C)C)C2O)C(CC=O)CC(C)C(=O)C=CC(C)=CC1COC1OC(C)C(O)C(OC)C1OC.O=C(O)C(O)C(O)C(=O)O,0.258,1
OC[C@H]1O[C@@H]2O[C@H]3[C@H](O)[C@@H](O)[C@@H](O[C@H]4[C@H](O)[C@@H](O)[C@@H](O[C@H]5[C@H](O)[C@@H](O)[C@@H](O[C@H]6[C@H](O)[C@@H](O)[C@@H](O[C@H]7[C@H](O)[C@@H](O)[C@@H](O[C@H]1[C@H](O)[C@H]2O)O[C@@H]7CO)O[C@@H]6CO)O[C@@H]5CO)O[C@@H]4CO)O[C@@H]3CO,0.04,1
O=P([O-])([O-])F.[Na+].[Na+],1.0,1
NC(=O)c1cccc(-c2cnc3[nH]cc(-c4ccoc4)c3c2)c1,0.38799999999999996,1
CN(C)c1cc(NC(=O)CNC(C)(C)C)c(O)c2c1C[C@H]1C[C@H]3[C@H](N(C)C)C(=O)C(C(N)=O)=C(O)[C@@]3(O)C(=O)C1=C2O.Cl,0.03730000000000001,2
CC(C)(C#Cc1ccc(-c2ccc(Cl)c3c(NS(C)(=O)=O)nn(CC(F)(F)F)c23)c([C@H](Cc2cc(F)cc(F)c2)NC(=O)Cn2nc(C(F)(F)F)c3c2C(F)(F)[C@@H]2C[C@H]32)n1)S(C)(=O)=O,0.06420000000000001,2
CC(C)(C)C1CCC(CC2=C(O)c3ccccc3C(=O)C2=O)CC1,0.401,1
N=C(N)c1ccc(N2CCC3(CCN(C(=O)CC(CC(=O)O)c4ccccc4)CC3)C2=O)cc1,0.02,1
CC[C@@H](c1cccc(O)c1)[C@@H](C)CN(C)C,0.32,16
N#C[C@@H]1C[C@@H]2C[C@@H]2N1C(=O)[C@@H](N)C12CC3CC(CC(O)(C3)C1)C2,0.6475,14
CC(C)S(=O)(=O)n1c(N)nc2ccc(-c3[nH]c(-c4c(F)cccc4F)nc3-c3ccccc3)cc21,0.39,1
O=C(/C=C/c1ccc(O)c(O)c1/C=C/c1ccc(O)c(O)c1)O[C@H](Cc1ccc(O)c(O)c1)C(=O)O,0.0147,12
C[C@]12C[C@H](c3ccc(S(C)(=O)=O)cc3)C3=C4CCC(=O)C=C4CC[C@H]3[C@@H]1CC[C@@]2(O)C(F)(F)C(F)(F)F,0.6,4
O=C([O-])CN(CCN(CC(=O)[O-])CC(=O)[O-])CCN(CC(=O)[O-])CC(=O)[O-].[99Tc+4],0.031000000000000003,1
C=CC(=O)Nc1cccc(Nc2nc(Nc3ccc(N4CCN(C(C)=O)CC4)cc3OC)ncc2C(F)(F)F)c1,0.65,1
COc1cc(Nc2ncc(F)c(Nc3ccc4c(n3)NC(=O)C(C)(C)O4)n2)cc(OC)c1OC.O=S(=O)(O)c1ccccc1,0.55,1
Cc1cn([C@H]2C[C@H](N=[N+]=[N-])[C@@H](CO)O2)c(=O)[nH]c1=O.Nc1ccn([C@@H]2CS[C@H](CO)O2)c(=O)n1.Nc1nc(NC2CC2)c2ncn([C@H]3C=C[C@@H](CO)C3)c2n1.Nc1nc(NC2CC2)c2ncn([C@H]3C=C[C@@H](CO)C3)c2n1.O=S(=O)(O)O,0.7675000000000001,2
COc1ccc2c(c1)C=C1Cn3c-2c(C2CCCCC2)c2ccc(cc23)C(=O)NS(=O)(=O)N(C)CCCCCNC1=O,0.06,1
COCCCCn1c(C(=O)N(CC(C)C)[C@@H]2CNC[C@H](C(=O)N3CCOCC3)C2)nc2ccccc21,0.195,2
COc1cc2c(c(N3CCN(C)CC3)c1)O[C@@H](C(=O)Nc1ccc(N3CCOCC3)cc1)CC2,0.58,1
Cc1sc(-c2ccc(C(F)(F)F)cc2)nc1-c1n[nH]nc1C#N,0.535,1
C=CC(=O)OCCCCCCCCCCCO,0.245,1
CC(C)N1C(=O)[C@H](NC(=O)[C@@H](Cc2ccccc2OC(F)(F)F)NC(=O)c2ccccc2)CCc2ccccc21,0.18,1
CN[C@@H]1[C@H](O[C@H]2[C@H](O[C@H]3[C@H](O)[C@@H](O)[C@H](NC(=N)N)[C@@H](O)[C@@H]3NC(=N)N)O[C@@H](C)[C@]2(O)C=O)O[C@@H](CO)[C@H](O)[C@H]1O.CN[C@@H]1[C@H](O[C@H]2[C@H](O[C@H]3[C@H](O)[C@@H](O)[C@H](NC(=N)N)[C@@H](O)[C@@H]3NC(=N)N)O[C@@H](C)[C@]2(O)C=O)O[C@@H](CO)[C@H](O)[C@H]1O.O=S(=O)(O)O.O=S(=O)(O)O.O=S(=O)(O)O,0.01,1
CCc1cc(NC(=O)[C@H](O)c2cc(F)cc(F)c2)ccc1-c1cnc(N)c(C(=O)NC(C)C)c1,0.7000000000000001,1
CCOCCCNC(=O)[C@H](CC(C)C)Nc1ccnc(-n2cnc(-c3ccc(OC(F)(F)F)cc3)c2)n1,0.04,1
Cc1c(NC(=O)c2cc3c(s2)CCCC3)cccc1-c1cn(C)c(=O)c(Nc2ccc([C@@H]3C(=O)N(C)CCN3C)cc2)n1,0.35000000000000003,1
O=C(NCc1ccccc1)c1nc(-c2cccs2)nc(O)c1O,0.15,2
CC(C)C[C@@H](NC(=O)[C@H](Cc1ccccc1)NC(=O)CNC(=O)[C@@H](C)NC(=O)[C@@H](N)Cc1ccc(O)cc1)C(=O)O,0.0125,3
CC(O)C(c1cccnc1)[C@]12CCC[C@H](CC1)N2C,0.14,1
COc1cc2ccc(C#N)cc2cc1[C@@H](c1cccc(C)c1)[C@@](O)(CCN(C)C)c1cccc2c1OCO2,0.38,1
O=C(O)c1cc(O)c2c(c1)C(=O)c1cccc(O)c1C2=O,0.23500000000000001,1
COc1cc2nccc(Oc3ccc(NC(=O)Nc4cc(C)on4)c(Cl)c3)c2cc1OC,0.78,1
C=CC(=O)N1C[C@H](Nc2ncnc3[nH]ccc23)CC[C@@H]1C,0.64,2
CCCCCCC(=O)N(c1ccccc1)C(CCCc1ccc(OCc2ccccc2)cc1)C(=O)O,0.04,1
C[C@H](N[C@@H](CCc1ccccc1)C(=O)O)C(=O)N1[C@H](C(=O)O)C[C@@H]2CCC[C@@H]21,0.295,2
Cc1ccccc1-c1cc2cnc(NN3CC4CCCC4C3)nc2n(C)c1=O,0.12,1
CCCCCCCCC(C(=O)O)[N+](=O)[O-],0.135,2
COC1=C(OC)C(=O)C(CCCCCCCCCC[P+](c2ccccc2)(c2ccccc2)c2ccccc2)=C(C)C1=O,0.1795,1
CNC(=O)c1ccccc1-c1ccc(CNc2nccc(C)c2NC(=O)CC(F)(F)F)cc1,0.79,1
COCCOc1cnc(Sc2cc(C)c(-c3csc(NC(=O)c4ccncc4)n3)c(C)c2)cn1,0.774,1
CS(=O)(=O)N1CC2(CCN(C(=O)Nc3cc(-c4ccccc4)no3)CC2)c2ccccc21,0.23,1
CN1CCC(COc2cc(OC3CCOCC3)c3c(Nc4c(Cl)ccc5c4OCO5)ncnc3c2)CC1,0.5700000000000001,1
O=C(/C=C/c1ccc(O)cc1)CC(=O)/C=C/c1ccc(O)cc1,0.19520000000000004,2
NS(=O)(=O)CC(=O)NCCSc1nonc1/C(=N/O)Nc1cccc(Cl)c1,0.28,1
O=C(O)CCCO,0.78,1
Cc1cc(N)ccc1N.O=S(=O)(O)O,0.61,2
OC[C@H]1NC[C@H](O)[C@@H](O)[C@@H]1O,0.5,1
CC(C)N1CCN(Cc2cnc(-c3cc(-c4cccc5[nH]ccc45)cc4[nH]ncc34)o2)CC1,0.02,3
NC(=O)c1cc(C(=O)N2CCc3cc(N4CCCCC4=O)ccc32)n(-c2ccc3onc(N)c3c2)n1,0.06,1
O=C1CN(S(=O)(=O)c2cc3ccc(Cl)cc3s2)CCN1Cc1cc2c[nH]ccc-2n1,0.46,1
CC1(C)CC[C@]2(C)CC[C@]3(C)C(=CC[C@@H]4[C@@]5(C)CC[C@H](O)C(C)(C)[C@@H]5CC[C@]43C)[C@@H]2C1,0.023,1
CC(C)c1nc(-c2nnc3n2CCN(C(=O)c2ccc(-c4cccs4)cc2)[C@@H]3C)co1,0.2,1
CC(=O)OCc1cn(Cl)c2ccccc12,0.51,1
NC(=O)c1cccc2nc(-c3ccc([C@@H]4CCCCN4)cc3F)[nH]c12,0.62,4
COCCc1ccc(OCC(O)CNC(C)C)cc1.COCCc1ccc(OCC(O)CNC(C)C)cc1.O=C(O)[C@H](O)[C@@H](O)C(=O)O,0.39683999999999997,2
C[NH+]1CCC(=C2c3ccccc3CC(=O)c3sccc32)CC1.O=C([O-])/C=C/C(=O)O,0.0816,2
CC(=O)C(=O)O,0.42450000000000004,1
CC(C)(O)c1ccccc1CC[C@@H](SCC1(CC(=O)[O-])CC1)c1cccc(/C=C/c2ccc3ccc(Cl)cc3n2)c1.[Na+],0.3937,1
C[C@@H](C1CC1)n1cc(Cl)nc(N(COP(=O)([O-])[O-])c2c(Cl)cc(OC(F)F)cc2Cl)c1=O.[Na+].[Na+],0.25,1
C/C=C1\NC(=O)[C@H](Cc2ccccc2)NC(=O)[C@@H](C(C)C)NC(=O)[C@@H]([C@@H](C)CC)NC(=O)[C@H](NC(=O)[C@H](NC(=O)[C@H](CCCN)NC(=O)[C@H]2CCCN2C(=O)[C@H](NC(=O)[C@@H](NC(=O)[C@@H](NC(=O)[C@H](NC(=O)CC[C@@H](C)CC)C(C)C)[C@@H](C)O)C(C)C)C(C)C)[C@@H](C)CC)[C@@H](C)OC(=O)[C@H](C(C)C)NC1=O.O=C(O)C(F)(F)F,0.01,2
O=C(O)c1cc(O)c(O)c(O)c1,0.269,4
C=CCN1CC[C@]2(C)c3cc(O)ccc3C[C@H]1[C@H]2C,0.9,1
COC(=O)CP(=O)(O)O,0.23,1
O=C(Nc1ccc(Cl)cc1O)Nc1ccccc1Br,0.066,1
Cc1nc(N[C@H](C)C2CC2)nc(N[C@@H]2C[C@H](C(C)(C)O)[C@@H](O)[C@H]2O)c1-c1nc2c(C)nccc2s1,0.32,3
COc1cc(N2CC[C@@H](Oc3ccc(N4N=C(C(F)(F)F)[C@@H](C)[C@@H]4CC(=O)O)cc3)[C@H](C)C2)c(Cl)cn1,0.735,1
CC(=O)NC[C@H]1CN(c2ccc(N3CCN(C(=O)CO)CC3)c(F)c2)C(=O)O1,0.56,1
CC(=O)N1N=C(c2cc(F)ccc2F)S[C@@]12c1cc(F)ccc1OC[C@H]2CCN,0.08,1
COC(=O)N1CCN(Cc2cccc(NC(=O)Nc3ccc(C)nc3)c2F)CC1,0.9,4
COCCOc1ccc(N2CCN(CCn3ncc4c3nc(N)n3nc(-c5ccco5)nc43)CC2)cc1,0.5700000000000001,1
O=C(CNc1ccc(Cl)cc1Cl)NC1C=Cc2ccc(S(=O)(=O)Nc3ccc(Cl)cc3Cl)cc2C1=O,0.53,1
CS(=O)(=O)CC(=O)N(CCN1[C@@H]2CC[C@H]1C[C@@H](c1cccc(C(N)=O)c1)C2)CC1CCCCC1,0.6,1
[Ni],0.12,5
C/C(=C/COC(=O)Nc1ccc(C)cc1)CO,0.37,3
CCCn1cnc2c1c(=O)n(CCCCC(C)=O)c(=O)n2C,0.04,3
CC(C)C[C@H](N)C(=O)N1CCC[C@H]1C(=O)N1CCC[C@H]1C(=O)O,0.00059,1
CCCC(CCC)N1CCc2cn(-c3ccc(C)cc3Cl)c3nc(C)cc1c23,0.24,2
CN(C)Cc1nccn1-c1ccc(NC(=O)c2cc(C(F)(F)F)nn2-c2ccc3onc(N)c3c2)cc1,0.16,1
N[C@@]1(C(=O)[O-])CC[C@H]2[C@H](C(=O)[O-])[C@H]21,0.1,1
CCc1cc(Nc2nccc(-c3c(-c4ccc(OC)c(C(=O)Nc5c(F)cccc5F)c4)nc4ccccn34)n2)c(OC)cc1N1CCC(N2CCN(S(C)(=O)=O)CC2)CC1,0.63,3
CCCCC[C@H](O)CC[C@@H]1[C@H]2Cc3cccc(OCC(=O)O)c3C[C@H]2C[C@H]1O.OCCNCCO,0.17500000000000002,4
O=C(N[C@@H](C(=O)N1CCC[C@H]1C(=O)Nc1nc(-c2ccccc2)cs1)c1ccccc1)C1CC1,0.45,1
CN(Cc1cc(Br)cc(Br)c1N)C1CCCCC1.Cl,0.05,1
CCc1nc(N)nc(N)c1-c1ccc2c(c1)N(CCCOC)C(=O)C(C)(c1cc(F)cc(F)c1)O2,0.01,1
CC1(C)C(C=C(Cl)c2ccc(Cl)cc2)C1C(=O)OC(C#N)c1ccc(F)c(Oc2ccccc2)c1,0.609,1
O=C(Nc1cccc(Cl)c1)N1CCOc2ccc(-c3ccncc3)cc2C1,0.01,1
CC1(C)C=C2[C@H]3CC[C@@H]4[C@@]5(C)CCC(=O)C(C)(C)[C@@H]5CC[C@@]4(C)[C@]3(C)CC[C@@]2(C(=O)O)CC1,0.2,1
CC(C)CCO[C@@]12Cc3c([nH]c4ccccc34)[C@]3(C)Oc4c(O)ccc5c4[C@@]31CCN(C)[C@@H]2C5,0.62,1
Cc1c(-c2ccccc2)nc2ccc(Br)cc2c1C(=O)NCC(CC(=O)O)c1ccccc1Cl,0.9,1
CS[C@@]1(C(=O)Nc2ccc3[nH]nc(-c4ccc(F)cc4)c3c2)CCN(CC(=O)N2CC=C(c3ccc(-c4ncccn4)cc3)CC2)C1,0.725,2
NC1(Cc2ccc(Cl)cc2)CCN(c2ncnc3[nH]ccc23)CC1,0.085,1
C/C=C(/C)C(=O)O[C@H]1C(C)=C2[C@H]([C@@H]1OC(=O)CCCCCCC)[C@@](C)(OC(C)=O)C[C@H](OC(=O)CCCCCCCCCCCNC(=O)C[C@H](N)C(=O)N[C@@H](CCC(=O)N[C@@H](CCC(=O)N[C@@H](CCC(=O)N[C@@H](CCC(=O)O)C(=O)O)C(=O)O)C(=O)O)C(=O)O)[C@@]1(O)[C@H]2OC(=O)[C@@]1(C)O,0.693,1
CC(C)(CCC(=O)N1CCc2c(n(Cc3cccc(F)c3)c3ncccc23)C1)CC(=O)O,0.75,1
Cc1cccc(S(=O)(=O)Nc2ccc(C)n(CC(=O)NCCONC(=N)N)c2=O)c1,0.15,2
COC(=O)c1ccccc1CS(=O)(=O)N[C@H]1CCCCN(CC(=O)N[C@H]2CCCC(C(=N)N)C2O)C1=O,0.67,1
C[C@H](CC(=O)N1CCC(O)(Cn2cnc(NCCN3CCCC3)cc2=O)CC1)c1ccccc1,0.01,1
Cn1cc(C(=O)[C@@H]2CCc3[nH]cnc3C2)c2ccccc21,0.56,1
O=S(=O)(NCCCOc1ccccc1-c1cnc[nH]1)C(F)(F)F,0.96,1
Cn1c(=O)c2c(ncn2C)n(C)c1=O.O=C(O)CC(O)(CC(=O)O)C(=O)O,1.0,1
COc1cc(NC(C)CCCNC(C)=C2CCOC2=O)c2ncccc2c1,0.053,3
CNCc1ccc(NC(=O)c2c[nH]c3c2C(=O)CCC3)cc1,0.029500000000000002,2
CCCC[N+]1(C)[C@@H]2C[C@@H](OC(=O)[C@H](CO)c3ccccc3)C[C@H]1[C@@H]1O[C@@H]12,0.01,1
[N-]=[N+]=N[C@]1(CO)O[C@@H](n2ccc(N)nc2=O)[C@@H](F)[C@@H]1O,0.8270000000000001,1
O=C(Nc1ccc(Cl)c(Cl)c1)N1CCOc2ccc(-c3ccncc3)cc2C1,0.06,1
COc1cc2c(cc1O)CCN(C)[C@@H]2Cc1ccc(Oc2cc(C[C@@H]3c4cc(OC)c(OC)cc4CCN3C)ccc2O)cc1,0.166,1
Cc1ncsc1CCO[N+](=O)[O-].Cl,0.2275,2
COc1c(Nc2ncc(Cl)c(Nc3ccccc3N(C)S(C)(=O)=O)n2)ccc2c1CCCC(N1CCN(C)CC1)C2,0.09,1
CN(CC(=O)O)C(=N)N.Cl,0.66,1
Cc1cc(COc2ccc(NC(=O)[C@H]3CCN(S(C)(=O)=O)C[C@@H]3C(=O)NO)cc2)c2ccccc2n1,0.07,1
CCCc1nc(C(C)(C)O)c(C(=O)O)n1Cc1ccc(-c2ccccc2-c2nnn[nH]2)cc1,0.26,15
O=C([O-])CC(O)(CC(=O)[O-])C(=O)[O-].O=C([O-])CC(O)(CC(=O)[O-])C(=O)[O-].[Bi+3].[K+].[K+].[K+],0.002,1
CC(C)(CC(=O)N1CCCC1)NCC(=O)N1C[C@@H](F)C[C@H]1C#N,0.435,2
CCCN(C)CC(=O)[O-],0.4,1
CNc1nc(N)nc2c1ncn2[C@@H]1O[C@H](CO[P@@](=O)(N[C@@H](C)C(=O)OC(C)C)Oc2ccccc2)[C@@H](O)[C@@]1(C)F.CNc1nc(N)nc2c1ncn2[C@@H]1O[C@H](CO[P@@](=O)(N[C@@H](C)C(=O)OC(C)C)Oc2ccccc2)[C@@H](O)[C@@]1(C)F.O=S(=O)(O)O,0.5,1
COc1cc(N2CCN(C)CC2)ccc1Nc1nccc(-c2cn(C)c3c(C)nccc23)n1,0.14,1
CCOC(=O)N1C2CCC1CC(N1CCC3(CC1)CNC(=O)C3)C2.Cl,0.59425,2
Cc1cc(OC[P@@]2(=O)OCC[C@@H](c3cccc(Cl)c3)O2)cc(C)c1Cc1ccc(O)c(C(C)C)c1,0.1,5
Cc1nc2cc(OC[C@H](O)CN3CCN(Cc4noc(-c5ccc(C(F)(F)F)cc5)n4)CC3)ccc2s1,0.93,1
N#C[C@@H]1C[C@@H]2C[C@@H]2N1C(=O)[C@@H](N)C12CC3CC(CC(C3)C1)C2,0.02,1
CC1(C)OB(c2ccc(N(C(=O)C3(C(N)=O)CC3)c3ccc(F)cc3F)cc2)OC1(C)C,0.21,1
COc1ccc(OC)c(C(O)CNC(=O)CN)c1,0.93,11
CC1(C)C(=O)N([C@H]2C3CCCC2C[C@@H](C(N)=O)C3)CC1COc1ccc(C#N)cn1,0.639,1
COC(=O)c1ccc(O)c(O)c1,0.23,1
O=N[O-],0.98,1
COC1=C(OC)C(=O)C(CC=C(C)CCC=C(C)CCC=C(C)CCC=C(C)CCC=C(C)CCC=C(C)CCC=C(C)CCC=C(C)CCC=C(C)CCC=C(C)C)=C(C)C1=O,0.013200000000000002,2
CCc1ccc(CCOc2ccc(CC3SC(=O)NC3=O)cc2)nc1.Cl,0.8300000000000001,1
CO/N=C1\C[C@@H](C)O[C@@H](O[C@@H]2[C@@H](C)[C@H](O[C@H]3C[C@@](C)(O)[C@@H](O)[C@H](C)O3)[C@@H](C)C(=O)O[C@H]([C@@H](C)CO[C@@H]3O[C@H](C)[C@@H](O)[C@@H](OC)[C@H]3OC)[C@H](C)[C@@H](OC(=O)CC(C)C)[C@@H](C)C(=O)[C@@](C)(OC(=O)NCc3ccccc3)C[C@@H]2C)[C@@H]1O,0.21,1
NCCCC(=O)O,0.9,1
CCCn1c(=O)c2[nH]c(-c3cnn(CC4CC(=O)N(c5ccc(C(F)(F)F)cc5)C4)c3)nc2n(CC)c1=O,0.11,1
OC[C@H]1O[C@@H](Oc2cc3c(O)cc(O)cc3[o+]c2-c2ccc(O)cc2)[C@H](O)[C@@H](O)[C@@H]1O.[Cl-],0.0031,1
CNc1nc(NC2CCN(Cc3ccc4c(cc(C#N)n4C[C@H](C)N4CCN(S(C)(=O)=O)CC4)c3C)CC2)c2cc(CC(F)(F)F)sc2n1,0.129,1
O=C1N[C@@H](CO)C(=O)N2C[C@H](O)C[C@@H]12,0.386,2
COc1cc2c(cc1OC)CN(CCc1ccc(NC(=O)c3cccc4c(=O)c5cccc(OC)c5[nH]c34)cc1)CC2,0.22,1
O=c1cc(-c2ccccc2)oc2cc(O)cc(O)c12,0.01,5
C=C=CC1CC=C(C)CC1,1.0,1
NS(=O)(=O)NCC(F)(F)c1ccccc1F,0.42,1
C=C1CCC[C@H]2[C@](C)(CC3=C(O)C(=O)C=C(OC)C3=O)[C@@H](C)CC[C@]12C,0.38,4
O=C(O)c1ccc2nc(N3CCC(OCc4c(-c5c(Cl)cccc5Cl)noc4C4CC4)CC3)sc2c1,0.06,1
Cn1c(=O)c2c(ncn2CC2OCCO2)n(C)c1=O,0.63,1
COc1cc(C)c(Cc2cnc(N)nc2N)cc1OC,0.85,1
Cl.Nc1c2c(nc3ccccc13)CCCC2,0.27,1
Cc1nc(Nc2ncc(C(=O)Nc3c(C)cccc3Cl)s2)cc(N2CCN(CCO)CC2)n1.O,0.2,3
N#Cc1cc(F)cc(Oc2ccc(S(=O)(=O)CF)c3c2CC(F)(F)[C@H]3O)c1,0.615,2
O=C(N[C@H](Cc1ccccc1F)C(=O)N[C@@H]1CCc2c(F)c(F)cc(F)c2N(C2CC2)C1=O)C1CC1C(F)(F)F,1.0,1
O=C(O)c1cc(=O)c2c(OCC(O)COc3cccc4oc(C(=O)O)cc(=O)c34)cccc2o1,0.05,5
COC(=O)c1ccc2c(c1)NC(=O)/C2=C(\Nc1ccc(N(C)C(=O)CN2CCN(C)CC2)cc1)c1ccccc1,0.05,14
O=C(NOCC1CC1)c1ccc(F)c(F)c1N(Cl)c1ccc(I)cc1,0.29850000000000004,6
CC(C)=CCC[C@](C)(O[C@@H]1O[C@H](CO)[C@@H](O)[C@H](O)[C@H]1O)[C@H]1CC[C@]2(C)[C@@H]1[C@H](O)C[C@@H]1[C@@]3(C)CC[C@H](O[C@@H]4O[C@H](CO)[C@@H](O)[C@H](O)[C@H]4O[C@@H]4O[C@H](CO)[C@@H](O)[C@H](O)[C@H]4O)C(C)(C)[C@@H]3CC[C@]12C,0.0026000000000000003,7
CC(C)NC(=N)NC(=N)Nc1ccc(Cl)cc1,0.6,5
Cc1cccc(-c2nnc(Nc3ccc(Oc4ncccc4-c4ccnc(N)n4)cc3)c3ccccc23)n1,0.33,1
C(=C/c1ccccc1)\CN1CCN(C(c2ccccc2)c2ccccc2)CC1,0.20500000000000002,40
O=C([O-])CCCO,0.27,1
CC1(C)Oc2ccccc2C1n1ccnc1,0.55,1
C1=Cc2nc1c(-c1ccccc1)c1ccc([nH]1)c(-c1ccccc1)c1nc(c(-c3ccccc3)c3ccc([nH]3)c2-c2ccccc2)C=C1.CC(=O)O.CC(=O)O.CC(=O)O.CC(=O)O.[Cu+2],0.775,1
C[C@]12CC[C@H](O)CC1=CC[C@@H]1[C@@H]2CC[C@]2(C)C(c3cccnc3)=CC[C@@H]12,0.1,4
CN(C)CCC[C@@]1(c2ccc(F)cc2)OCc2cc(C#N)ccc21,0.8,14
CC(=O)O.NCC1CCCCC1,0.6,1
CC(=O)N1CCN([C@H]2CCN(C(=O)N(C)[C@H](C)c3cc(C(F)(F)F)cc(C(F)(F)F)c3)[C@@H](c3ccc(F)cc3C)C2)CC1,0.6,3
CCn1c(CNC(=O)c2nc(Cl)cnc2N)[n+](CC)c2ccc(OCC(=O)NCCOCP(C)(C)=O)cc21,0.005,1
C=C(C)[C@@H]1CC[C@@H]2[C@]3(CC[C@]4(C)[C@@H]([C@H](C)[C@H]5CC=C(C)C(=O)O5)CC[C@@]24C)C[C@]13CCC(=O)O,0.793,1
C=CCn1cc[n+](C)c1.F[P-](F)(F)(F)(F)F,0.78,4
Cc1cnc(CNC(=O)c2c(=O)c3ccc(N4CCCN(C)CC4)nc3n3c2sc2ccccc23)cn1,0.335,4
CCc1nc2c(C)nc(C)cc2n1-c1ccc(CCNC(=O)NS(=O)(=O)c2ccc(C)cc2)cc1,0.396,1
NS(=O)(=O)NCCNc1nonc1/C(=N/O)Nc1ccc(F)c(Br)c1,0.11,1
CC(=O)N[C@@H]1[C@@H](O)[C@@H](O)O[C@H](CO)[C@H]1O,0.5700000000000001,1
OC[C@@H]1CC[C@H](n2cnc3c(O)ncnc32)O1,0.355,28
COc1cc(N2CCN(C)CC2)ccc1Nc1nccc(-c2cn(C)c3cnccc23)n1,0.22,1
CCC(C)[C@H]1C(=O)O[C@H](C(C)C)C(=O)N(C)[C@@H](C(C)C)C(=O)O[C@H](C(C)C)C(=O)N(C)[C@@H](C(C)C)C(=O)O[C@H](C(C)C)C(=O)N1C,0.909,10
CCCCNCc1ccc(-c2nc(CN(C3CCS(=O)(=O)C3)S(=O)(=O)c3ccc(OC)cc3)cs2)cc1,0.01,1
C[C@@]12OC(=O)O[C@@H]1[C@@H](COP1(=O)OCC[C@@H](c3ccncc3)O1)O[C@H]2n1cnc2c(N)ncnc21,0.39,1
Cc1nccn1CCC(C(N)=O)(c1ccccc1)c1ccccc1,0.578,9
Cc1coc2c1C(=O)C(=O)c1c-2ccc2c1CCCC2(C)C,0.035,11
O=C(/C=C/c1ccc(Sc2ccc(Cl)cc2Cl)c(Cl)c1)NCCCN1CCCC1=O,0.33,1
CC(C)N1CCN(S(=O)(=O)c2ccc(NC(=O)c3ccc(C(F)(F)F)cc3[N+](=O)[O-])cc2)CC1,0.47000000000000003,1
[Ca+2].[Cl-].[Cl-],0.08070000000000001,1
COc1cc2ccc(Br)cc2cc1[C@@H](c1ccnc(OC)c1OC)[C@@](O)(CCN(C)C)c1ccc2occc2c1,0.52,1
C#CCN(Cc1ccc(F)cc1)c1cc(C)c(NC(=O)OC)c(C)c1,0.242,1
C[C@@]1(O)CCC[C@H]1n1c(=O)c(C(F)F)cc2cnc(NC3CCN(S(C)(=O)=O)CC3)nc21,0.36,2
CCCc1nn(C)c2c(=O)nc(-c3cc(S(=O)(=O)N4CCN(C)CC4)ccc3OCC)[nH]c12,0.44,1
CCC(CC)[C@@H]1C(=O)N[C@H](C2Cc3ccccc3C2)C(=O)N1[C@@H](C(=O)N1CCOCC1)c1ccc(C)nc1C,0.42,1
NCc1ccccc1-n1nc(C(F)(F)F)cc1C(=O)Nc1ccc(-c2ccccc2S(N)(=O)=O)cc1F,1.0,1
COc1ccc(C(C)=O)c(O)c1,0.15810000000000002,3
Cn1[14cH]nc2c1c(=O)[nH]c(=O)n2C,1.0,2
Cc1cc(-c2ncc(CNC(=O)c3ccc4c(c3)[nH]c3ccccc34)cc2F)ccn1,0.49,1
CNCc1cc(-c2ccccc2F)n(S(=O)(=O)c2cccnc2)c1.O=C(O)/C=C/C(=O)O,0.31,2
Cc1ccccc1-c1nc2c(C)cccc2c(C)c1Oc1ncnc2[nH]cnc12,0.12,1
CCOC(=O)N[C@@H]1CC[C@@H]2[C@@H](C1)C[C@H]1C(=O)O[C@H](C)[C@H]1[C@H]2/C=C/c1ccc(-c2cccc(F)c2)cn1.O=S(=O)(O)O,0.9500000000000001,2
CS(=O)(=O)N1Cc2cc(Br)ccc2N(Cc2c[nH]cn2)C[C@H]1Cc1ccccc1,0.4,1
Cc1ccc2[nH]c3c(c2c1)CCN(C(=O)CCN)C3c1cccc(O)c1,0.01,1
Cc1c[nH][14cH]n1,0.72,3
CO[C@H]1CC[C@@H](n2nc(C)c(C(=O)N[C@@H](C)C(C)(C)C)c2NS(=O)(=O)c2ccc(C)cc2)CC1,0.8,1
C=CC(C)(OC(=O)Nc1cc(Cl)cc(Cl)c1)C(=O)O,0.7000000000000001,1
CC(C)=CCC/C(C)=C/CO,0.5,5
Cl.Cl.Cl.O[C@@H](COc1cccc2ncccc12)CN1CCN(C2c3ccccc3[C@@H]3[C@H](c4ccccc42)C3(F)F)CC1,0.195,2
CC(C)(C)c1nc2nc(-c3ccccc3Cl)c(-c3ccc(Cl)cc3)cc2c2n[nH]c(=O)n12,0.33,1
CC1CCN(CCCC(=O)c2ccc(F)cc2)CC1,0.62,4
CC[C@@H]1C[C@]1(NC(=O)[C@@H]1C[C@@H](Oc2cc(-c3csc(NC(C)C)n3)nc3c(Cl)c(OCCN4CCCCC4)ccc23)CN1C(=O)[C@@H](NC(=O)O[C@@H]1C[C@@H]2C[C@@H]2C1)C(C)(C)C)C(=O)O,0.32,1
CC(O)c1cc(C(=O)N[C@@H](C)Cn2ccc(-c3ccc(C#N)c(Cl)c3)n2)n[nH]1,0.4875,4
O=C(O)Cc1cc(Br)c(N(Cc2ccc(Oc3ccc(F)cc3F)cc2)Cc2cc(F)cc(F)c2)c(Br)c1,0.1068,1
CCc1[nH]c(C(=O)N[C@@H]2CCN(c3nnc(C(C)(C)O)s3)C[C@@H]2OC)nc1Cl,0.7000000000000001,1
CCCCCOc1ccc(-c2ccc(-c3ccc(C(=O)N[C@H]4C[C@@H](O)[C@@H](O)NC(=O)[C@@H]5[C@@H](O)[C@@H](C)CN5C(=O)[C@H]([C@@H](C)O)NC(=O)[C@H]([C@H](O)[C@@H](O)c5ccc(O)cc5)NC(=O)[C@@H]5C[C@@H](O)CN5C(=O)[C@H]([C@@H](C)O)NC4=O)cc3)cc2)cc1,0.09,3
CC(=N/c1ccc(C)cc1C)/C(C)=N\c1ccc(C)cc1C,0.15,1
Cc1cc(C2=NO[C@@](c3cc(Cl)c(Cl)c(Cl)c3)(C(F)(F)F)C2)sc1C(=O)NCC(=O)NCC(F)(F)F,0.525,2
COc1ccc(O)c(OC)c1C(=O)OCc1ccc(O)cc1O[C@@H]1O[C@H](CO)[C@@H](O)[C@H](O)[C@H]1O,0.0226,4
CNC[C@H](O)[C@@H](O)[C@H](O)[C@H](O)CO.Cc1c(Nc2ncccc2C(=O)O)cccc1C(F)(F)F,0.275,3
O=c1c(-n2ccnn2)c[nH]n1-c1cc(N2CCOCC2)ncn1,0.59,9
CO[C@H]1C[C@@H]2CC[C@@H](C)[C@@](O)(O2)C(=O)C(=O)N2CCCC[C@H]2C(=O)O[C@H]([C@H](C)C[C@@H]2CC[C@@H](OCCO)[C@H](OC)C2)CC(=O)[C@H](C)C=C(C)[C@@H](O)[C@@H](OC)C(=O)[C@H](C)C[C@H](C)/C=C/C=C/C=C1C,0.13,8
C[C@@H](O)CN(C)C1CCN(c2ccc(Nc3ncc4c5ccncc5n([C@H]5CC[C@H](C)CC5)c4n3)nn2)CC1,0.46,1
CS(=O)(=O)c1ncn2c(NCc3c(F)ccc4c3CCO4)ncc(-c3ccc(C4CC4)nc3)c12,0.75,1
CC(=O)Nc1nc2c(Oc3cc(-c4ccc(C(F)(F)F)cc4)ncn3)cccc2s1,0.32,1
CO[C@H]1C[C@@H]2CC[C@@H](C)[C@@](O)(O2)C(=O)C(=O)N2CCCC[C@H]2C(=O)OC([C@H](C)C[C@@H]2CC[C@@H](OC(=O)N(C)OC)[C@H](OC)C2)CC(=O)[C@H](C)/C=C(\C)[C@@H](O)[C@@H](OC)C(=O)[C@H](C)C[C@H](C)/C=C/C=C/C=C/1C,0.062000000000000006,1
O=C[C@H](O)[C@@H](O)[C@H](O)CO,0.765,32
CC(=O)O[C@H]1C(=O)[C@@]2(C)[C@H]([C@H](OC(=O)c3ccccc3)[C@]3(O)C[C@H](OC(=O)[C@H](O)[C@@H](NC(=O)c4ccccc4)c4ccccc4)C(C)=C1C3(C)C)[C@]1(OC(C)=O)CO[C@@H]1C[C@@H]2O,0.1005,114
N#C[C@@H]1C[C@H]1c1c(Cl)ccc2nc(Cn3nc(C(F)(F)F)cc3Cl)cc(=O)n12,0.37,1
Brc1cnc2cccnc2c1,0.29,1
C=C[C@H](O)CC(=NOS(=O)(=O)O)S[C@@H]1O[C@H](CO)[C@@H](O)[C@H](O)[C@H]1O,0.269,3
[Bi],0.0075,2
C=C[C@@H]1C[C@]1(NC(=O)[C@@H]1C[C@@](OC)(c2ccc(-c3ccccc3)cc2)CN1C(=O)[C@@H](NC(=O)OC(C)(C)C)C(C)(C)C)C(=O)NS(=O)(=O)C1CC1,0.58,1
CCCCN(CCCC)CC(O)c1cc(Cl)cc2c1-c1ccc(Cl)cc1/C2=C/c1ccc(Cl)cc1,0.085,5
CC(C)CN1C(=O)CN(Cc2ccc(-c3cccc(CN4CCCCC4)n3)cc2)C1=O,0.04,2
O=C(CC1(c2ccccc2)C2CC3CC1CC(C2)C3O)N1CC(O)C1,0.46,1
C[C@@H]1O[C@@H](OC[C@H]2O[C@@H](Oc3cc4c(O)cc(O)cc4[o+]c3-c3cc(O)c(O)c(O)c3)[C@H](O)[C@@H](O)[C@@H]2O)[C@H](O)[C@H](O)[C@H]1O.[Cl-],0.0049,1
COc1cccc([C@@H](C)NCCCc2ccccc2Cl)c1,0.046,1
C#CCO[C@H]1CN2CCC1CC2.O=C(O)/C=C/C(=O)O,0.85,2
C=CCn1c(C)nc2ccc(Nc3nc(Nc4ccc(F)cc4)nc4ccccc34)cc21,0.43,1
CCOCc1nc(O)c(-c2nnc(Cc3ccc(Cl)cn3)o2)c(O)c1-c1c(OC)cccc1OC,0.665,2
C[C@]12C=CC(=O)C=C1CC[C@@H]1[C@@H]2C(=O)C[C@@]2(C)[C@H]1CC[C@]2(O)C(=O)CO,0.8,13
CCC(CC)[C@@H]1C(=O)N[C@H](C2Cc3ccccc3C2)C(=O)N1[C@@H](C(=O)N1CCOCC1)c1ccc(C)nc1,0.55,1
Clc1cccc(N2CCNCC2)c1,0.12,1
CCOC(=O)CCC(=O)O[C@H]1[C@H](O[C@@H]2[C@@H](C)[C@H](O[C@H]3C[C@@](C)(OC)[C@@H](O)[C@H](C)O3)[C@@H](C)C(=O)O[C@H](CC)[C@@](C)(O)[C@H](O)[C@@H](C)C(=O)[C@H](C)C[C@@]2(C)O)O[C@H](C)C[C@@H]1N(C)C,0.55,1
COCCCOc1cccc([C@H]2NC(=S)NC3=C2C(=O)c2ccccc23)c1,0.1,1
Cc1ncsc1C=CC1=C(C(=O)O)N2C(=O)C[C@H]2SC1NC(=O)C(=NO)c1csc(N)n1,0.0702,1
CC(C)(C)N1CCC(c2cc(-c3ccc(F)cc3Cl)c3c(c2)N(c2c(Cl)cccc2Cl)C(=O)NC3)CC1,0.68,1
O=C(N[C@@H]1CCOC[C@@H]1C(=O)NO)c1ccc(Cn2c(C(F)(F)F)nc3ccccc32)cc1,0.99,1
CCCCCCCCCCCC(=O)Oc1ccc(COP(=O)(OCc2ccc(OC(C)=O)cc2)OP(=O)(O)OC[C@@H]2C=C[C@H](n3cc(C)c(=O)[nH]c3=O)O2)cc1.N,0.6,1
Cc1c(NS(C)(=O)=O)cccc1N(Cc1ccc(Oc2ccc(F)c(OCC(=O)O)c2)cc1)Cc1ccc(F)cc1F,0.4,1
O=C(N[C@H](CO)c1ccc(Cl)c(F)c1)N1CCc2cnc(NC3CCOCC3)nc2C1,0.185,2
CCCc1cc(=O)n2nc(NCc3ccc(Cl)cc3)c(C#N)c2[nH]1,0.78,2
Cc1cccc(C)c1CN[C@]1(CCC(C)(C)C)C(=O)C(C2=NS(=O)(=O)c3cc(NS(C)(=O)=O)ccc3N2)=C(O)c2ccccc21,0.56,1
CC(C)N1C(=O)C(NC(=O)[C@@H](Cc2ccccc2OC(F)(F)F)NC(=O)OC(C)(C)C)CCc2cccnc21,0.04,1
COc1cncc(Cc2cc(-c3ccccc3)no2)c1,0.5,1
C[C@@H]1C(=O)NN=C2COc3cc(-c4ccccc4F)c(C4CCN(C)CC4)cc3N21,0.54,1
C#C[C@@]1(O)[C@H](OC(=O)C(C)C)[C@@H](COC(=O)C(C)C)O[C@H]1n1cc(C(N)=O)c2c(N)ncnc21,0.2175,2
CC(C)=CCC[C@](C)(O[C@@H]1O[C@H](CO[C@@H]2O[C@@H](CO)[C@H](O)[C@H]2O)[C@@H](O)[C@H](O)[C@H]1O)[C@H]1CC[C@]2(C)[C@@H]1[C@H](O)C[C@@H]1[C@@]3(C)CC[C@H](O[C@@H]4O[C@H](CO)[C@@H](O)[C@H](O)[C@H]4O[C@@H]4O[C@H](CO)[C@@H](O)[C@H](O)[C@H]4O)C(C)(C)[C@@H]3CC[C@]12C,0.0017000000000000001,2
CC(C)c1cc(C(C)C)c([C@H](C)O/C(Cl)=C\Cl)c(C(C)C)c1,0.17500000000000002,1
CCCCCCCOC(=O)Cc1ccc(O)c(OC)c1,0.445,1
CO[C@]1(C)C[C@@H](C)C(=O)[C@H](C)[C@@H](O)[C@](C)(O)[C@@H](C(C)O)OC(=O)[C@H](C)[C@@H](O[C@H]2C[C@@](C)(OC)[C@@H](O)[C@H](C)O2)[C@H](C)[C@H]1O[C@@H]1O[C@H](C)C[C@H](N(C)C)[C@H]1O,0.35000000000000003,1
[Zn+2],0.6,1
CC1(C)C(C=C(Cl)Cl)C1C(=O)OC(C#N)c1ccc(F)c(Oc2ccccc2)c1,0.716,1
Cc1cc(CC(C#N)c2ccc(Cl)cc2)c(Cl)cc1NC(=O)c1cc(I)cc(I)c1O,0.5,1
CCc1nc(N)nc(N)c1C#CCCCc1ccncc1,0.18600000000000003,1
CO/N=C1\C[C@]2(C[C@@H]3C[C@@H](C/C=C(\C)C[C@@H](C)/C=C/C=C4\CO[C@@H]5[C@H](O)C(C)=C[C@@H](C(=O)O3)[C@]45O)O2)O[C@H](/C(C)=C/C(C)C)[C@H]1C,0.261,3
Cc1cn(C2OC(CS)C(O)C2F)c(=O)[nH]c1=O,0.115,1
COc1cc2nc(N3CCN(C(=O)c4cccs4)[C@H]4CCCC[C@H]43)nc(N)c2cc1OC,0.07,1
COc1ccc2cc1Oc1ccc(cc1)C[C@H]1c3c(cc4c(c3Oc3cc5c(cc3OC)CCN(C)[C@@H]5C2)OCO4)CCN1C,0.075,12
O=C(O)c1cc(-c2ccc(CC(c3ccccc3)c3nc(-c4ccccc4)no3)cc2)no1,0.41500000000000004,1
COC[C@@H](Cc1ccc(OC)c(OC)c1)[C@@H](COC)Cc1ccc(OC)c(OC)c1,0.0062,1
CN1CCSCC1c1nc(C(=O)NCc2ccc(F)cc2)c(O)c(=O)n1C,0.76,1
NCCc1ccc(O)c(O)c1,0.03,3
COc1cc(C[C@H]2C(=O)OC[C@@H]2Cc2ccc(OC)c(OC)c2)ccc1O,1.0,1
Cc1c(Oc2ccc(Cl)cc2)c2cccnc2n1Cc1cc(O[C@@H](C)C(=O)O)ccc1Cl,0.61,1
Cc1ccc(S(=O)(=O)NCCc2ccc(Oc3ccc(F)c(F)c3)cc2)cc1C(=O)O,0.6,1
CCOC(=O)N1CCN(C(=O)[C@H](CCC(=O)O)NC(=O)c2cc(OC(C)(C)C(=O)O)c3ccc(C)cc3n2)CC1,0.07,1
NCC1(O)CN(C(=O)c2ccc(F)c(F)c2Nc2ccc(I)cc2F)C1,0.775,2
N[C@@H]1c2cccnc2[C@H](OC(=O)N2CCC(n3c(=O)[nH]c4ncccc43)CC2)CC[C@H]1c1cccc(F)c1F,0.64,4
C=CC(=O)N1CCN(CCCn2c(=O)c(-c3c(Cl)c(OC)cc(OC)c3Cl)cc3cnc(NC)nc32)CC1,0.15,1
OC[C@H]1O[C@H](Sc2ccc(Cl)c(Cl)c2)[C@H](O)[C@@H](n2cc(-c3cc(F)c(F)c(F)c3)nn2)[C@H]1O,0.75,1
CCN1CCCC(Cn2c(-c3ccccc3C)nc3ccc(-c4ccc(Cl)cc4)cc3c2=O)C1,0.29,1
CCOC(=O)C1=C(c2ccccc2)c2ccc(OCCN3CCOCC3)cc2/C1=[N+](/C)[O-],0.6295000000000001,2
CC(=O)O[C@@H]1[C@H](CS(=O)(=O)[O-])[C@@H](CN=[N+]=[N-])O[C@H]1n1cnc2c(NC(=O)c3ccccc3)ncnc21.CCCC[N+](CCCC)(CCCC)CCCC,0.92,2
Oc1cc(O)cc(/C=C/c2c(O)cccc2O)c1,0.06,1
C[C@@H](N1CCN(c2ccc(-n3cnn(Cc4ccc(OC(F)(F)F)cc4)c3=O)cc2)CC1)[C@](O)(Cn1cncn1)c1ccc(F)cc1F,0.3748,2
CS(=O)(=O)O.O[C@@]1(C(F)(F)F)CCN(c2nc(Nc3ccnc(C(F)(F)F)c3)nc(-c3cccc(C(F)(F)F)n3)n2)C1,1.0,1
O=C1CCc2cc(Nc3cc(OC4CCOCC4)c([N+](=O)[O-])cc3Cl)ccc2N1,0.799,1
COCCCc1cc(CN(C(=O)[C@H]2CNCC[C@@H]2c2ccc(OCCOc3c(Cl)cc(C)cc3Cl)cc2)C2CC2)cc(OC[C@H]2C[C@@H]2C(=O)O)c1,0.01,15
CN(CCO)c1cc2c(=O)n(NS(C)(=O)=O)c(=O)[nH]c2cc1C(F)(F)F,1.0,1
O=C(O)c1csc(N2CCc3cccc(C(=O)Nc4nc5ccccc5s4)c3C2)n1,0.16,1
O=C(Nc1ncc([N+](=O)[O-])s1)C1CCCCC1,0.17500000000000002,1
CC(C)C1CC[C@@H](NC(=O)N2CCC(n3c(=O)[nH]c4ncccc43)CC2)C(=O)NC1,0.016,1
Cn1c(=O)cc(N2CCC[C@@H](N)C2)n(Cc2ccccc2C#N)c1=O,0.8,25
*c1c(*)c(*)c(C2Oc3c(*)c(*)c(*)c(*)c3C(=O)C2*)c(*)c1*,0.047,2
COc1c(O)cc(O)c2c(=O)cc(-c3ccccc3)oc12,0.011000000000000001,3
C1=CC2CCNC2=CC=N1,0.5,1
O=C(N[C@@H](C(=O)N1CCC[C@H]1C(=O)Nc1nc(-c2ccccc2)cs1)c1ccccc1)c1ccncc1,0.10099999999999999,1
COc1cc(Nc2cc(Oc3ccc(C)nc3C)ccn2)cc(OC)c1OC,0.21,1
O=S(=O)(c1ccc(O)cc1)c1ccc(O)cc1,0.152,5
COc1cc2c(s1)CCN(C(C(=O)C1CC1)c1ccccc1F)C2.Cl,0.77,1
Cc1ccc(-c2ncc(Cl)cc2-c2ccc(S(C)(=O)=O)cc2)cn1,1.0,14
Cc1n[nH]c(=O)cc1-c1ccc(OC2CCN(C3CCC3)CC2)cc1,0.61,1
Nc1ncnc2c1ncn2C[C@@H](CO)OCP(=O)(O)O,0.05,1
CCCCNc1nc(SCCC)nc2c1nnn2[C@@H]1C[C@H](C(=O)O)[C@@H](O)[C@H]1O,0.05,1
O=C(O)c1ccccc1Oc1ncc(Cl)cc1NS(=O)(=O)c1ccc(Cl)c(Cl)c1,0.97,1
C=C1CC(=CC)C(=O)O[C@@H]2CC[N+]3([O-])CC=C(COC(=O)[C@]1(C)O)[C@H]23,0.1,1
CC(C)(C)NC(=O)N[C@H](C(=O)N1C[C@H]2[C@@H]([C@H]1C(=O)NC(CC1CCC1)C(=O)C(N)=O)C2(C)C)C(C)(C)C,0.26,9
CN1CCCC1c1cccnc1.O=C(O)C(O)C(O)C(=O)O,0.41500000000000004,2
[Al],0.0245,8
CCCCS(=N)(=O)CC[C@H](N)C(=O)O,0.02,1
COc1cccc(CNC(=O)c2nc3ccc(F)c(OCCc4ccc(C(=O)O)cc4)c3c(=O)[nH]2)c1,0.29,1
C[C@H]1CN(c2ccc(C(F)(F)F)c3ccoc23)CCN1,0.525,4
COCCCCN1C(=O)[C@@H](CCOc2ccccc2CC(=O)O)Oc2ccccc21,0.41000000000000003,1
CCCCc1nc2cc(-c3cccnc3)c(C)nc2n1Cc1ccc(-c2ccccc2-c2nn[nH]n2)cc1,0.509,1
C[C@@H](NC(=O)[C@H]1CCCCN1)c1ccc(Nc2ncc3cc(-c4ccncc4)ccc3n2)cc1,0.28,1
C=C1C(=O)[C@]23[C@H](O)[C@H]1CC[C@H]2[C@@]12CO[C@]3(O)[C@@H](O)[C@@H]1C(C)(C)CC[C@@H]2O,0.0458,7
CO/N=C/[C@@H]1[C@@H](c2ccc(Cl)c(Cl)c2)C[C@@H]2CC[C@H]1N2C,0.03900000000000001,2
CC(=O)O[C@@H]1[C@@H](O)[C@H]2O[C@@H]3C=C(C)C(=O)[C@@H](O)[C@]3(CO)[C@]1(C)[C@@]21CO1,0.17605,8
CC(C)(C)[C@H](NC(=O)C(F)(F)F)C(=O)N1C[C@H]2[C@@H]([C@H]1C(=O)N[C@H](C#N)C[C@@H]1CCNC1=O)C2(C)C,0.34,5
CN1CCN(S(=O)(=O)CCCN2CCC(CNC(=O)c3cccc4c3OCCO4)CC2)CC1,0.75,1
CCCCCOC(=O)Nc1nc(=O)n([C@@H]2O[C@H](C)[C@@H](O)[C@H]2O)cc1F,1.0,7
NC(=O)c1cn(Cc2c(F)cccc2F)nn1,0.8125,6
CN[C@@H](C)C(=O)N[C@H]1CN(C(=O)CC(C)C)CC[C@H]2CC[C@@H](C(=O)NC(c3ccccc3)c3ccccc3)N2C1=O,0.42700000000000005,1
COc1cc2ncnc(Nc3ccc(F)c(Cl)c3)c2cc1NC(=O)/C=C/CN1CCCCC1,0.65,2
[N-]=[N+]=Nc1ccc(C(=O)NCCSSCCNC(=O)c2ccc(N=[N+]=[N-])cc2O)c(O)c1,0.8,4
C[NH+](C)CCCN1c2ccccc2CCc2ccccc21.[Cl-],0.4385,2
CCCCCCCC(=O)N[C@H](CN1CCCC1)[C@H](O)c1ccc2c(c1)OCCO2.CCCCCCCC(=O)N[C@H](CN1CCCC1)[C@H](O)c1ccc2c(c1)OCCO2.O=C(O)[C@H](O)[C@@H](O)C(=O)O,0.05,1
N#Cc1ccc(-c2n[nH]c3c2Cc2ccc(OCCCCN4CCOCC4)cc2-3)cn1,0.5,1
NC(CO)(CO)CO.O=P(O)(NCCCl)NCCCl,0.65,3
Cn1cncc1C(OCc1ccc(C#N)cc1-c1cccc(Cl)c1)c1ccc(C#N)nc1,0.094,1
C1COC(NC(C2CC2)C2CC2)=N1,1.0,1
CNC(=O)c1ccc(Oc2ccc3c(c2)CCN(C2CCC2)CC3)nc1,0.51,1
CCCCCc1cc(O)c2c(c1)OC(C)(C)[C@@H]1CCC(C)=C[C@@H]21,0.06,14
CC(C)c1onc(-c2c(Cl)cccc2Cl)c1COc1ccc(-c2ccc3nc(C(=O)O)ccc3c2)cc1,0.23,4
CC(C)CCn1nc(-c2cccs2)c(O)c(C2=Nc3ccc(NS(C)(=O)=O)cc3S(=O)(=O)N2)c1=O,0.02,1
COc1cccc(CNC(=O)c2c(C)nc3cc(C)ccn23)c1,0.43,1
CCOC(=O)N1CCN(C(=O)[C@H](CCc2nnn[nH]2)NC(=O)c2cc(N3CC[C@H](OC)C3)nc(-c3ccccc3)n2)CC1,0.013000000000000001,1
CCCC(C)CCCCCCCCC(C)O,0.265,1
CCc1noc(C)c1-c1[nH]c2ccccc2c1C(O)CN(C)C,0.9,3
COC1=C[C@@H]2[C@@H]3Cc4ccc(OC)c(O)c4[C@]2(CCN3C)CC1=O,0.8,1
O=[N+]([O-])c1cn2c(n1)OC[C@@H](OCc1ccc(OC(F)(F)F)cc1)C2,0.55,1
COc1cc(/C=C/C(=O)N2CCN(CC(=O)NC(C)C)CC2)cc(OC)c1OC.O=C(O)/C=C\C(=O)O,0.48,1
C=CCc1ccc(O)c(OC)c1,0.02,7
O=C1NC2(CC2)OCc2ncc(F)cc2[C@H]2COCCN2c2ccn3ncc1c3n2,0.5895,2
COc1cc(-c2cnc3cc(OCCN4CCOCC4)ccn23)cc2c1C(=O)N(CC(F)(F)F)CC2,0.559,3
CN1CCC(N2CCN(C(=O)[C@H](NC(=O)c3ccc4cc[nH]c4c3)c3ccccc3)CC2)CC1.O=C(O)CCC(=O)O.O=C(O)CCC(=O)O,0.535,1
C[C@]1(CS(=O)(=O)N2CCN(c3ncc(OCc4ccc(C(F)(F)F)o4)cn3)CC2)NC(=O)NC1=O,1.0,1
C[C@]12C(=O)CCC=C1CC[C@@H]1[C@@H]2CC[C@]2(C)[C@@H](O)CC[C@@H]12,0.3,1
O=C([O-])[C@H]1/C(=C/CO)O[C@@H]2CC(=O)N21.[K+],0.75,1
CN[C@@H](Cc1ccc(O)c(O)c1)C(=O)O,0.32,3
CCc1ccccc1NC(=O)N1C[C@@H](C)Oc2cc(-c3ccc([C@H]4CC[C@H](CC(=O)O)CC4)cc3)ccc21,0.8200000000000001,2
CCCCOC(=O)N[C@@H](CNC(=O)C[C@H]1CC(c2ccc(C(=N)N)cc2)=NO1)C(=O)OC,0.35000000000000003,2
N[C@@H](CC(=O)N1CCn2nc(C(F)(F)F)nc2[C@H]1Cc1ccc(F)cc1)Cc1cc(F)c(F)cc1F,0.32,1
CC(C)NC[C@@H](O)c1ccc(NS(C)(=O)=O)cc1,1.0,4
O=C(O)[C@H]1C2CCC(CC2)[C@@H]1Nc1nc(-c2c[nH]c3ncc(F)cc23)nc2cscc12,0.1,1
Cc1ccc2c(N3CCN(CCc4ccc5c(c4)N(C)C(=O)CO5)CC3)cccc2n1,0.59,1
CC[C@H](C)[C@H]1O[C@]2(CC[C@@H]1C)C[C@@H]1C[C@@H](C/C=C(\C)[C@@H](O[C@H]3C[C@H](OC)[C@@H](O[C@H]4C[C@H](OC)[C@@H](O)[C@H](C)O4)[C@H](C)O3)[C@@H](C)/C=C/C=C3\CO[C@@H]4[C@H](O)C(C)=C[C@@H](C(=O)O1)[C@]34O)O2.CO[C@H]1C[C@H](O[C@H]2[C@H](C)O[C@@H](O[C@@H]3/C(C)=C/C[C@@H]4C[C@@H](C[C@]5(CC[C@H](C)[C@@H](C(C)C)O5)O4)OC(=O)[C@@H]4C=C(C)[C@@H](O)[C@H]5OC/C(=C\C=C\[C@@H]3C)[C@]54O)C[C@@H]2OC)O[C@@H](C)[C@@H]1O,0.21300000000000002,4
Nc1ncc(-c2ccc(C(=O)N3CCNCC3)cc2)nc1-c1ccc(C(F)(F)F)cc1,0.0025,1
C[C@H]1CN(C[C@H](Cc2ccccc2)C(=O)O)CC[C@@]1(C)c1cccc(O)c1,0.53,1
O=C1N[C@H](c2cncc(C#Cc3ccccc3)c2)[C@@H](c2cc(F)ccc2F)O1,0.68,3
CC(=O)O.CC(=O)O.CC(=O)O.CC(=O)O.CC(=O)O.CC(=O)O.CC(=O)O.CC(=O)O.CC(=O)O.CC(=O)O.CC(=O)O.CC(=O)O.CC(=O)O.CC(=O)O.CC(=O)O.CC(=O)O.CC(=O)O.CC(=O)O.CC(=O)O.CC(=O)O.CC(=O)O.CC(=O)O.CC(=O)O.CC(=O)O.CC(=O)O.CC(C)CC(=O)CC(C)C.CC(C)CC(=O)CC(C)C.CC(C)CC(=O)CC(C)C.CC(C)CC(=O)CC(C)C.CC(C)CC(=O)CC(C)C.CC(C)CC(=O)CC(C)C.CC(C)CC(=O)CC(C)C.CC(C)CC(=O)CC(C)C.CC(C)CC(=O)CC(C)C.CC(C)CC(=O)CC(C)C.CC(C)CC(=O)CC(C)C.CC(C)CC(=O)CC(C)C.CC(C)CC(=O)CC(C)C.CC(C)CC(=O)CC(C)C.CC(C)CC(=O)CC(C)C.CC(C)CC(=O)CC(C)C.CC(C)CC(=O)CC(C)C.CC(C)CC(=O)CC(C)C.CC(C)CC(=O)CC(C)C.CC(C)CC(=O)CC(C)C.CC(C)CC(=O)CC(C)C.CC(C)CC(=O)CC(C)C.CC(C)CC(=O)CC(C)C.CC(C)CC(=O)CC(C)C.CC(C)CC(=O)CC(C)C.CC(C)CC(=O)CC(C)C.CC(C)CC(=O)CC(C)C.CC(C)CC(=O)CC(C)C.CC(C)CC(=O)CC(C)C.CC(C)CC(=O)CC(C)C.CC(C)CC(=O)CC(C)C.CC(C)CC(=O)CC(C)C.CC(C)CC(=O)CC(C)C.CC(C)CC(=O)CC(C)C.CC(C)CC(=O)CC(C)C.CC(C)CC(=O)CC(C)C.CC(C)CC(=O)CC(C)C.CC(C)CC(=O)CC(C)C.CC(C)CC(=O)CC(C)C.CC(C)CC(=O)CC(C)C.O.O.O.O.O,0.26,1
Sc1cccc2cccnc12,0.158,1
CC(C)O.CC(C)O.CC(C)O.CC(C)O.CC(C)O.CC(C)O.O,0.76,1
Cc1cnc(Nc2ccc(C#N)cc2)nc1Nc1c(F)cc(-c2ccc(C#N)cc2)cc1F,0.0239,1
COc1ccc(-c2cc(=O)c3c(O)cc(O)cc3o2)cc1,0.013000000000000001,1
CC[C@H]1OC(=O)[C@@](C)(F)C(=O)[C@H](C)[C@@H](O[C@@H]2O[C@H](C)C[C@H](N(C)C)[C@H]2O)[C@](C)(OC)C[C@@H](C)C(=O)[C@H](C)[C@H]2N(CCCCn3cc(-c4cccc(N)c4)nn3)C(=O)O[C@]12C,0.67,2
CC(C)CCC(=O)[C@]1(O)C(O)=C(C(=O)C(C)C)C(=O)[C@@H]1CCC(C)C,0.23,1
O=C(c1ccccc1)C(Cc1ccc(C(F)(F)P(=O)(O)O)c(Br)c1)c1ccccc1,0.13,1
CC[C@@]1(O)C(=O)OCc2c1cc1n(c2=O)Cc2cc3c(N)cccc3nc2-1,0.35000000000000003,4
CC(=O)Nc1ccc2oc(-c3ccnc(C(=O)N4CCN([C@H](c5ccccc5)c5nnn(C)n5)CC4)c3)nc2c1,0.3,1
CC(C)[C@@H](C)[C@@]1(C)CC[C@]2(C)[C@H]3CC[C@@H]4[C@@]5(COC[C@@]4(C)[C@@H](OC[C@](C)(N)C(C)(C)C)[C@H](n4ncnc4-c4ccncc4)C5)C3=CC[C@@]2(C)[C@@H]1C(=O)O,0.3875,2
CC[C@@H]1c2c(C#N)ncn2-c2cnc(Nc3cc(F)c(C(=O)NC4CCN(C)CC4)cc3OC)nc2N1C1CCCC1,0.49,1
Cc1ncc(S(=O)(=O)N2CCC(c3cn4ncnc4cc3Cl)CC2)s1,0.09,1
COCCCCc1c(C(=O)N(CC(C)C)[C@@H]2CNC[C@H](C(=O)N3CCOCC3)C2)nc2ccccn12,0.022000000000000002,1
CCC(CC)[C@@H]1C(=O)N[C@H](C2Cc3ccccc3C2)C(=O)N1[C@@H](C(=O)NC)c1ccc(C)nc1,0.28,3
CO[C@@]1(NC(=O)CSCC#N)C(=O)N2C(C(=O)[O-])=C(CSc3nnnn3C)CS[C@@H]21.[Na+],0.20800000000000002,3
COc1cc(O)c(C(=O)Nc2nc(C(=O)NCCN(C(C)C)C(C)C)cs2)cc1OC,0.384,2
CCC(CC)[C@@H]1C(=O)N[C@H](C2Cc3ccccc3C2)C(=O)N1[C@@H](C(=O)N(C)C)c1ccc(C)nc1,0.41500000000000004,2
COc1ccc(/C=C/C(=O)c2c(OCCN(C)C)c(OC)c3occc3c2OC)cc1,0.53,1
CC(=O)OCOC(=O)C1=C(COC(N)=O)S[C@@H]2[C@@H]([C@@H](C)O)C(=O)N12,0.35000000000000003,1
O=S(=O)(c1ccc(F)cc1)C1(F)CCN(CCc2ccc(F)cc2F)CC1,0.51,1
C[C@H](/C=C/[C@H](C)C(C)(C)O)[C@H]1CC[C@H]2/C(=C/C=C3C[C@@H](O)C[C@H](O)C3)CCC[C@]12C,0.7205,4
COCCN(C)c1ccc(NC(=O)c2nc(-c3ccccc3)oc2C(F)(F)F)cn1,0.77,1
COc1cc(/C=C/c2cc(O)cc(O)c2)ccc1O,0.25,1
C=C(C)C(=O)C(O)C(=O)O,0.31,1
C=CCc1ccc(O)c(-c2ccc(O)c(CC=C)c2)c1,0.048,1
CCC(O)CCCCCCCCCCC(O)CC(=O)OC,0.44,14
C[As](=O)(O)O,0.17,2
NCCC[C@H](N)C(=O)O.N[C@@H](CC(=O)O)C(=O)O,0.8220000000000001,1
Cc1ccccc1NC(=O)Nc1ccc(CC(=O)N2CCOC[C@H]2C(=O)N2CCC(CC(=O)O)CC2)cc1,0.01,1
NC(=O)c1ccccc1O,0.545,2
C[C@H](CC[C@H](O)CCO)[C@H]1CC[C@H]2[C@@H]3CC[C@@H]4C[C@H](CC(C)(C)O)CC[C@]4(C)[C@H]3CC[C@]12C,0.2,1
CS(=O)(=O)N1CCN(Cc2cc3nc(-c4cccc5[nH]ncc45)nc(N4CCOCC4)c3s2)CC1,0.55,2
C1=CN2CC(CC1)C2,0.605,2
CCCCCOc1ccc(C(=O)c2cccc3ccccc23)c2ccccc12,0.14,5
O=S(=O)(NC1CCC(c2cc(F)ccc2F)(S(=O)(=O)c2ccc(Cl)cc2)CC1)C(F)(F)F,0.31,1
Oc1ccc(/C=C/c2cc(O)cc3c2[C@H](c2cc(O)cc(O)c2)[C@@H](c2ccc(O)cc2)O3)cc1,0.0077,1
C[C@H](Nc1ncnc2[nH]cnc12)c1cc2cccc(Cl)c2nc1-c1cccc(F)c1,1.0,1
CC(C)CCn1nc(CC2CCCC2)c(O)c(C2=NS(=O)(=O)c3cc(NS(C)(=O)=O)ccc3N2)c1=O,0.1,1
C[C@H]1CN(C[C@H](Cc2ccccc2)C(=O)NCC(=O)O)CC[C@H]1c1cccc(O)c1,0.001,1
C[N+](C)(C)CCO.Cn1c(=O)c2[n-]cnc2n(C)c1=O,0.9,1
O=C1CC(N2C(=O)c3ccccc3C2=O)CC(=O)N1,0.9,1
CC(C)N1CCC(COc2ncc(C(=O)c3ccc(Cl)cc3)n2C)CC1,0.1,1
O=c1cc2ccc(F)cc2n[nH]1,0.021,1
O=c1c(O[C@@H]2O[C@H](CO[C@@H]3O[C@H](CO)[C@@H](O)[C@H](O)[C@H]3O)[C@@H](O)[C@H](O)[C@H]2O)c(-c2ccc(O)c(O)c2)oc2cc(O)cc(O)c12,0.03,1
N=C(N)NC(=N)NCCc1ccccc1,0.515,2
C[C@@H](N1CCN(c2ccc(-n3cnn(Cc4ccc(C(F)(F)F)cc4)c3=O)cc2F)CC1)[C@](O)(Cn1cncn1)c1ccc(F)cc1F,0.45890000000000003,1
CC(C)Cc1nc2nccnc2n1Cc1cc(=O)[nH]c2c(F)c(F)ccc12,0.39,1
CC(=O)NC[C@H]1CN(c2cc(F)c(N3CCS(=O)(=O)CC3)c(F)c2)C(=O)O1,0.7640000000000001,4
O=C1c2ccccc2S(=O)(=O)N1CCCCN1CCN(c2ncccn2)CC1,0.1,1
CCCN(CCC)C(=O)C1=Cc2ccc(-c3ccc(C(=O)N4CCCC4)cc3)cc2N=C(N)C1,0.01,1
Cc1cc2c(-c3ccc(F)c(Cl)c3)c(CC(=O)Nc3ccc(Cl)cc3C(F)(F)F)c(=O)oc2cc1Cl,0.07400000000000001,1
C[C@]12CC[C@@H]3c4ccc(CCBr)cc4CC[C@H]3[C@@H]1C[C@H](Cc1cccc(C(N)=O)c1)[C@@H]2O,0.33,1
COC(=O)c1ccc2c(C(=Nc3ccc4c(c3)CCN4C(=O)CN3CCOCC3)c3ccccc3)c(O)[nH]c2c1,0.375,4
O=C(O)CC(Cc1csc(CCCc2ccc3c(n2)NCCC3)n1)c1ccc2c(c1)OCO2,0.64,3
C[C@H](c1cccc2c1CNCC2)n1c(=O)oc2cc(S(=O)(=O)Nc3cccc(F)n3)c(F)cc21,0.3,1
Cc1nc2n(c(=O)c1CCN1CCC(C3NOc4cc(F)ccc43)CC1)CCCC2,0.8200000000000001,1
C[NH3+].C[NH3+].[O]=[Cr](=[O])([O-])[O][Cr](=[O])(=[O])[O-],1.0,1
O=C(O)CCCN1CC(c2nnn[nH]2)Oc2c(CCc3ccc(OCCCCc4ccccc4)cc3)cccc21,0.15,1
CC[C@H](C)[C@H](NC(=O)[C@@H](NC(=O)C1CCC1)C1CCCC1)C(=O)NCC(=O)N[C@@H](C)B1O[C@@H]2C[C@@H]3C[C@@H](C3(C)C)[C@]2(C)O1,0.6812,1
COC(=O)C1=C(C)NC(C)=C(C(=O)OCCN(C)Cc2ccccc2)C1c1cccc([N+](=O)[O-])c1.Cl,0.32,1
Cc1ccc(N)cc1,0.9,1
CCCc1cc(N[C@@H](CC(C)C)C(=O)NCCCOCC)nc(-n2cnc(-c3ccccc3OC(F)(F)F)c2)n1,0.05,1
CCc1cc(F)c2ccccc2c1CNC(=O)c1c(OC)cc(O)c2c1OC1=CC([O-])=C(C(C)=O)C(=O)[C@]12C.[K+],0.58,1
Cc1nc2c(-c3ccc(Cl)cc3)n(-c3ccccc3Cl)nc2c(=O)n1CC(F)(F)F,0.07,1
C[C@H]1[C@H](C)CC[C@]2(C(=O)O)CC[C@]3(C)C(=CC[C@@H]4[C@@]5(C)C[C@@H](O)[C@H](O)[C@@](C)(CO)[C@@H]5CC[C@]43C)[C@H]12,0.1625,1
CCOP(=S)(OCC)Oc1nc(Cl)c(Cl)cc1Cl,0.7000000000000001,1
CC1(C)[C@H]2O[C@H]2[C@H]2[C@](C)(O)[C@@H]3CC[C@@H]4[C@@H](O)[C@@]3(C[C@H](O)[C@@]21O)C[C@@]4(C)O,0.085,2
O=P(O)(O)[C@H](CCCc1cccc(Oc2ccccc2)c1)S(=O)(=O)O,0.026000000000000002,1
CC(=N)N1CC[C@H](Oc2ccc([C@H](Cc3ccc4ccc(C(=N)N)cc4c3)C(=O)O)cc2)C1,0.025,2
CN1CCN(CCCN(C(=O)Nc2ccc(F)c(C(F)(F)F)c2)[C@@H]2CC[C@]3(c4ccc(C#N)cc4)C[C@H]23)CC1,0.27,1
CC(=O)Nc1nc2c(Oc3cc(N4CCN(CC(C)(C)C)CC4)ncn3)cccc2s1,0.14,1
CC(C)=CCC/C(C)=C/C=C/C(C)=C/C=C/C(C)=C/C=C/C=C(C)/C=C/C=C(C)/C=C/C=C(\C)CCC=C(C)C,0.018500000000000003,7
CCOc1ccccc1OCCNC(C)Cc1ccc(OC)c(S(N)(=O)=O)c1,1.0,6
Nc1nc2ncc(CNc3ccc(C(=O)N[C@@H](CCC(=O)[O-])C(=O)O)cc3)nc2c(=O)[nH]1,0.9,1
[O-][n+]1cccc(-c2nc3c(Cl)cccc3cc2[C@@H](Nc2ncnc3cccnc23)C(F)(F)F)c1,0.97,1
Cc1ccccc1-c1cc(N2CCN(C)CC2)ncc1N(C)C(=O)C(C)(C)c1cc(C(F)(F)F)cc(C(F)(F)F)c1,0.63,1
CC(C)C[C@H](NC(=O)c1cc2ccccc2o1)C(=O)N[C@H]1CCCN(S(=O)(=O)c2ccccn2)CC1=O,0.2585,4
COc1cc2c(c(OC)c1OC)-c1c(cc3c(c1OC)OCO3)C[C@H](C)[C@](C)(O)[C@H]2OC(=O)c1ccccc1,0.043,3
CN1CCN(c2c(F)cc3c(=O)c(C(=O)O)cn4c3c2SCC4)CC1,0.6,6
Cn1ncnc1[C@H]1c2n[nH]c(=O)c3cc(F)cc(c23)N[C@@H]1c1ccc(F)cc1,0.546,1
CC(C)CN(C[C@@H](O)[C@H](Cc1ccccc1)NC(=O)O[C@H]1CCOC1)S(=O)(=O)c1ccc(N)cc1,0.6900000000000001,11
CC(=O)N[C@H]1[C@@H](O)[C@@H](O)[C@@H](C(O)c2ncnc3nc[nH]c23)O[C@@H]1O,0.47100000000000003,4
O=C(Cn1c(Cl)cnc(NCC(F)(F)c2cccc[n+]2[O-])c1=O)NCc1ncccc1Cl,0.8,1
CO[C@H]1O[C@]2(C)CC[C@H]3CCC[C@@H](CCO)C31OO2,0.37,1
CCOC(=O)c1c(Br)nc2cc(OC)ccc2c1Cl,0.385,1
CC[C@H]1OC(=O)[C@H](C)[C@@H](O[C@H]2C[C@@](C)(OC)[C@@H](OC(=O)CCOCCOCCCc3ccc4c(c3)c(=O)c(C(=O)O)cn4C3CC3)[C@H](C)O2)[C@H](C)[C@@H](O[C@@H]2O[C@H](C)C[C@H](N(C)C)[C@H]2O)[C@](C)(O)C[C@@H](C)CN(C)[C@H](C)[C@@H](O)[C@]1(C)O,0.16,1
COCCOc1c(OC)cc(Cc2cnc(N)nc2N)cc1OC,0.9,1
NC(=O)c1ccc(Oc2ccc(CNCCC3CCOCC3)cc2F)nc1,0.45,1
CC[C@H]1OC(=O)C[C@@H](O)[C@H](C)[C@@H](O[C@@H]2O[C@H](C)C[C@H](N(C)C)[C@H]2O)[C@@H](CC=O)C[C@@H](C)C(=O)/C=C/[C@]2(C)O[C@H]2[C@@H]1C,0.355,3
COc1ccc(-c2cc(=O)c3c(OC)c(OC)c(OC)c(OC)c3o2)cc1OC,0.2,6
CN(C(=O)C(c1ccccc1)c1ccccc1)[C@H](CN1CC[C@H](O)C1)c1ccccc1,0.45,6
O=c1ccn([C@@H]2O[C@H](COP(=O)(O)O)[C@@H](O)[C@H]2O)c(=O)[nH]1,1.0,1
CC[C@@H]1C[C@]1(NC(=O)[C@@H]1C[C@@H](Oc2cc(-c3csc(NC(C)C)n3)nc3c(Cl)c(OCCN4CCOCC4(C)C)ccc23)CN1C(=O)[C@@H](NC(=O)O[C@@H]1C[C@@H]2C[C@@H]2C1)C(C)(C)C)C(=O)O,0.24,1
CCCOCCn1c(=O)c(NC2CCC(O)CC2)nc2cnc(-c3ccc(OC)nc3)cc21,0.5,1
CC(C)C[C@H](N)C(=O)N[C@@H](Cc1ccccc1)C(=O)N[C@@H](CC(N)=O)C(=O)O,0.07060000000000001,2
CN1Cc2c(N)cccc2[C@H](c2ccccc2)C1,0.265,1
CC(C)c1c(C(=O)Nc2ccccc2)c(-c2ccccc2)c(-c2ccc(F)cc2)n1CC[C@@H](O)C[C@@H](O)CC(=O)O.CC(C)c1c(C(=O)Nc2ccccc2)c(-c2ccccc2)c(-c2ccc(F)cc2)n1CC[C@@H](O)C[C@@H](O)CC(=O)O,0.14,3
Clc1ccc2c(c1)CCc1cccnc1C2=C1CCNCC1,0.9940000000000001,1
CN(C)CC(C)(C)Cn1c(CC(C)(C)C)nc2cc(/C=C/C(=O)NO)ccc21,0.275,2
Cc1c([C@@H]2CN3CCN(C(=O)Cc4ccc(-n5cnnn5)nc4)C[C@H]3CO2)ccc(F)c1C#N,0.63,2
Cc1ncc([N+](=O)[O-])n1C[C@H](O)CCl,0.983,1
CC(C)n1nc(-c2cnc(N)nc2-c2ccccc2)ccc1=O,0.547,3
O=C1OCC2CCCCC12,0.026000000000000002,1
O=c1ccc2c(-c3ccc(F)cc3F)nccc2n1-c1c(Cl)cccc1Cl,0.5700000000000001,1
CC[C@@H]([C@H](C)O)n1ncn(-c2ccc(N3CCN(c4ccc(OC[C@@H]5CO[C@@](Cn6cncn6)(c6ccc(F)cc6F)C5)cc4)CC3)cc2)c1=O,0.54,18
C[C@@H](N)c1cc(Cl)ccc1Cn1c(=S)[nH]c(=O)c2[nH]ccc21,0.5650000000000001,2
CC(C)N(C(=O)CN1C(=O)[C@H](NC(=O)Nc2cccc(C(=O)O)c2)C(=O)N(c2ccccc2)c2ccccc21)c1ccccc1,0.004,1
C[As](C)(=O)O,0.33,5
COc1ccc2c(n1)CCN(C(=O)[C@H]1C[C@@H](CC(=O)O)C1)[C@H]2C(=O)Nc1cc(F)c2c(c1)CCC2(C)C,0.96,1
CC(=O)N[C@@H](CS)C(=O)O.[Na],0.1,1
N[C@]1(CO)O[C@@H](n2cncnc2=O)[C@H](O)[C@@H]1O,0.67,1
[3H]c1cc([3H])c(=O)n2c1[C@H]1CNC[C@H](C1)C2,0.34,1
CC1=CCCC(C)(C)C1/C=C/C(C)=C/C=C/C(C)=C/C=C/C=C(C)/C=C/C=C(C)/C=C/C1=C(C)CCCC1(C)C,0.024,1
CCC(C)(C)C(=O)O[C@H]1C[C@@H](C)C=C2C=C[C@H](C)[C@H](CC[C@@H](O)C[C@@H](O)CC(=O)O)[C@H]21,0.05,1
C=C[C@@H]1C[C@]1(NC(=O)[C@@H]1C[C@@H](Oc2cc(-c3csc(NC(=O)C(C)C)n3)nc3c(Br)c(OC)ccc23)CN1C(=O)[C@@H](NC(=O)OC1CCCC1)C(C)(C)C)C(=O)O,0.3055,1
Cc1cc2cc(N/C(=N\C(=O)c3ccc(C(=O)N(C)C)nc3)N[C@H]3CCCCN(CC(=O)N4CCCC4)C3=O)ccc2o1,0.55,3
Nc1c(C(=O)c2ccc(F)cc2F)cc[n+]([O-])c1-c1ccccc1Cl,0.23,1
Cl.O=C1CN2Cc3c(ccc(Cl)c3Cl)N=C2N1,0.5,1
Nc1ccn([C@@H]2O[C@H](CO)[C@@H](O)C2(F)F)c(=O)n1,0.45,5
CC(=O)CC1(C)CCCCC1=O,0.1,3
CC(C)(C)OC(=O)N[C@H]1CCCCC/C=C\[C@@H]2C[C@@]2(C(=O)[N-]S(=O)(=O)C2CC2)NC(=O)[C@@H]2C[C@@H](OC(=O)N3Cc4cccc(F)c4C3)CN2C1=O.[Na+],0.02505,2
C(=c1\sc2cccc3cccc1c32)\C1CC1,0.42,4
COc1c(OCCCCN2CCCC2)cc(O)c2c(=O)cc(-c3ccccc3)oc12,0.024700000000000003,1
C=CCC(CCC)C(=O)O,0.295,2
[CH2],0.0438,1
C[C@]1(CS(=O)(=O)N2CCC(Oc3ccc(OCc4ccccn4)cc3)CC2)NC(=O)NC1=O,0.43,2
CCCC(O)C(CC)CO,0.21100000000000002,1
COC(=O)C1=C(C)NC(C)=C(C(=O)OC(C)(C)CN(C)CCC(c2ccccc2)c2ccccc2)C1c1cccc([N+](=O)[O-])c1,0.1,11
Cc1ncc(C[n+]2csc(CCO)c2C)c(N)n1,0.265,20
O=C(O)C=Cc1ccccc1,0.96,1
COc1cc(C2Oc3ccc([C@H]4Oc5cc(O)cc(O)c5C(=O)[C@@H]4O)cc3OC2CO)ccc1O,0.0095,1
[Cd],0.12475,2
CCC(C)=O.O=C(O)C1C=CSS1,1.0,1
CC(C)(C)CN1CC[C@@H](c2cc(-c3ccc(Cl)cc3)n[nH]2)[C@H](c2ccc(F)cc2)C1.O=C(O)C(F)(F)F,0.36,1
C[C@H](N)C1(O)CN(C(=O)c2ccc(F)c(F)c2Nc2ccc(I)cc2F)C1,0.58,1
C[C@@H]1[C@H]2c3cc4c(cc3O[C@@]35OCOC3=CC(=O)[C@H](C[C@H]1C)[C@@H]25)OCO4,0.0776,2
C[C@H](N)Cc1ccccc1,0.099,1
O=c1c(O[C@@H]2O[C@H]([C@H](O)CO)[C@H](O)[C@H]2O)c(-c2ccc(O)c(O)c2)oc2cc(O)cc(O)c12,0.08,2
O=C(O)C[C@H](O)C[C@H](O)/C=C/c1c(C2CC2)nc2ccccc2c1-c1ccc(F)cc1,0.6,24
Cc1cccc(C)c1N(CC(=O)Nc1ccc(-c2ncon2)cc1)C(=O)C1CCS(=O)(=O)CC1,0.4,1
Fc1ccc([C@@H]2CN(CCc3ccccc3)CC[C@H]2c2cc(-c3ccc(Cl)cc3)n[nH]2)cc1.O=C(O)C(F)(F)F,0.33,1
O=c1cc(-c2ccccc2)oc2ccc3ccccc3c12,0.095,1
COc1ccc(/C=C\c2cc(OC)c(OC)c(OC)c2)cc1OP(=O)(O)O,0.7759999999999999,3
Cc1ccccc1C(=O)Nc1ccc(C(=O)N2CCC[C@@H](O)c3cc(Cl)ccc32)c(C)c1,0.56,8
CN(C)CCOc1ccc(C[C@H](NC(=O)c2ccccc2)C(=O)N[C@H](CO)Cc2ccccc2)cc1,0.326,2
CCn1cc(C(=O)N2CCCC(c3cc4ccccc4n3C(C)C)C2)cn1,0.4,1
Fc1ccc([C@@H]2CN(Cc3ccc(Cl)cc3)CC[C@H]2c2cc(-c3ccc(Cl)cc3)n[nH]2)cc1.O=C(O)C(F)(F)F,0.39,1
CC1(C)OC(=O)c2ccccc2C1n1ccnc1,0.55,1
CCOC(=O)[C@H](Cc1ccc(-c2c(C)n(C)c(=O)n(C)c2=O)cc1)NC(=O)c1c(C)cccc1Cl,0.25,1
C[C@H]1Cn2c(nnc2C2CCC2)CN1C(=O)c1cccc(C(F)(F)c2n[nH]c(=O)c3ccccc23)c1,0.05,1
CO/N=C(\C(=O)NC1C(=O)N2C(C(=O)OCOC(=O)c3ccc(NC(=O)CN)cc3)=C(C)CS[C@H]12)c1csc(N)n1,0.413,1
COc1ccc2c(n1)CCN(C(=O)CCCC(=O)O)[C@H]2C(=O)Nc1cc(F)c([Si](C)(C)C)c(F)c1,0.51,1
Cc1cc(C(=O)O)n[nH]1,0.4,1
O=C1CCc2cc(-c3cccnc3)ccc2N1,0.71,1
O=C(O[C@H]1[C@@H]2C=CO[C@@H](O[C@@H]3O[C@H](CO)[C@@H](O)[C@H](O)[C@H]3O)[C@@H]2[C@@]2(CO)O[C@@H]12)c1ccc(O)c(O)c1,0.004,2
CCOC(=O)CCNC(=O)N1CCC2(CC1)CCN(c1ccc(C(=N)NO)cc1)C2=O,0.33,3
CC1(N)CCN(c2cnc3c(-c4cccc(Cl)c4Cl)[nH]nc3n2)CC1,0.7000000000000001,1
O=C(Nc1nc(-c2ccccc2)cs1)[C@@H]1CCCN1C(=O)[C@H](NC(=O)N1CCOCC1)c1ccccc1,0.187,1
C[C@H](O)C(=O)[O-].C[C@H](O)C(=O)[O-].O.O.[Mg+2],0.81,1
COCCN1C[C@H](c2cccc(F)c2F)CC[C@@H](NC(=O)N2CCC(n3c(=O)[nH]c4ncccc43)CC2)C1=O,0.0375,2
COc1ccc(N2CCN(C(=O)[C@@H]3CCCC[C@H]3C(=O)NC3(C#N)CC3)CC2)cc1OC,0.6,2
O=C(Nc1c(Cl)cncc1Cl)c1ccc(OC(F)F)c(OCC2CC2)c1,0.79,27
CC(C)N1C(=O)[C@H](NC(=O)[C@@H](Cc2ccccc2F)NC(=O)c2ccc(F)cc2C(F)(F)F)CCc2cc(Cl)ccc21,0.9,2
CCSc1c(C(=O)NC2C3CC4CC(C3)CC2C4)cnn1-c1ccc(C(=O)O)cc1,0.65,1
Cc1cc(OCCCNCC(C)(C)C(N)=O)ccc1Cc1c(O[C@@H]2O[C@H](CO)[C@@H](O)[C@H](O)[C@H]2O)n[nH]c1C(C)C,0.0002,1
C#Cc1cn([C@@H]2O[C@H](CO)[C@@H](O)[C@H]2O)c(=O)[nH]c1=O,0.76,2
Cc1ncsc1-c1ccc([C@H](CC[C@H](C)CCN2CCC(c3ccc4c(c3)n(C3CCCC3)c3nc(=O)c5c(Br)cccc5n43)CC2)NC(=O)[C@@H]2C[C@@H](O)CN2C(=O)[C@@H](NC(=O)C2(F)CC2)C(C)(C)C)cc1,0.22,1
BrCc1ccc2ccccc2c1-c1c(CBr)ccc2ccccc12,0.155,2
CCCC[C@@H](C)[C@@H](OC(=O)C[C@@H](CC(=O)O)C(=O)O)[C@H](C[C@@H](C)C[C@H](O)CCCC[C@@H](O)C[C@H](O)[C@H](C)N)OC(=O)C[C@@H](CC(=O)O)C(=O)O,0.032,5
Cc1c(O)c(=O)ccn1-c1ccc(OCCCN2CCCC2)cc1,0.24,1
CN(C)C(=O)[C@@H](c1ccc(-c2ccn3nccc3n2)cc1)[C@H](N)C(=O)N1CC[C@H](F)C1.O=C(O)C(F)(F)F,0.46,1
C=C(C(=O)C(=[N+]=[N-])C(=O)c1cccs1)c1ccc(OC)cc1,0.33,1
C[C@@]1(c2cc(NC(=O)c3ccc(C#N)cn3)ccc2F)Cc2c(ccnc2F)C(N)=N1,0.33,1
CC(C)c1cc2cccc(C(=O)NCC3CCN(C(C)C)CC3)n2n1,0.196,1
CNC(=O)c1ccccc1Nc1nc(Nc2ccc3c(c2OC)CCCC(N2CCN(CCO)CC2)C3)ncc1Cl,0.34,2
CN(C)CCC[C@@]1(c2ccc(F)cc2)OCc2cc(C#N)ccc21.O=C(O)C(=O)O,0.8,1
C[C@@H](O)C(=O)N1CCC(CCn2c(Sc3cc4c(cc3Br)OCCO4)nc3c(N)ncnc32)CC1,0.5,2
CC(=O)Nc1nc2c([N+](=O)[O-])cccc2n2c(=O)n(-c3ccccc3)nc12,0.052000000000000005,1
O=C(Cc1ccc(Cl)cc1)N[C@H](Cc1ccc(Cl)cc1)C(=O)NCCCO,0.43,1
Cc1cc(COc2cnc(N3CCN(S(=O)(=O)C[C@@]4(C)NC(=O)NC4=O)CC3)nc2)on1,0.37,1
CCCc1nn(C)c2c(=O)[nH]c(-c3cc(S(=O)(=O)N4CCN(C)CC4)ccc3OCC)nc12.O=C(O)CC(O)(CC(=O)O)C(=O)O,0.44,1
O=c1nc(N2CCN(CC3CCCCC3)CC2)sc2c([N+](=O)[O-])cc(C(F)(F)F)cc12,0.1,1
COC(=O)c1ccccc1-c1ccc(CNc2nccc(C)c2NC(=O)CC(F)(F)F)cc1,0.4,1
CC1(C)OC(=O)C=C[C@]2(C)[C@H]3CC[C@@]4(C)[C@H](c5ccoc5)OC(=O)[C@H]5O[C@]54[C@]3(C)C(=O)C[C@@H]12,0.1359,1
CC(=O)[O-].CC(=O)[O-].[Pb+2],0.325,2
CC(=O)NCCCS(=O)(=O)[O-].CC(=O)NCCCS(=O)(=O)[O-].[Ca+2],0.11,1
CCC=CC=CCCC(O)CCC=CCC=CCCCC(=O)O,0.49,3
CCN1CCN(c2cc3c(cc2F)c(=O)c(C(=O)O)cn3C2CC2)CC1,0.6322,31
Cc1cc(-c2ccc3c(c2)CC[C@H]3N2CCC(N(C)C(=O)N[C@@H](C)c3ccc(C#CC4CC4)c(Cl)c3Cl)CC2)ncn1,0.27,3
CC(C)(C)[C@H](NC(=O)[C@H](CC1CCCC1)CN(O)C=O)C(=O)N1CCC(NCc2cc(F)c(F)cc2F)CC1,0.958,1
CCC(CC)COC(=O)[C@H](C)N[P@](=O)(OC[C@H]1O[C@@](C#N)(c2ccc3c(N)ncnn23)[C@H](O)[C@@H]1O)Oc1ccccc1,0.255,2
C1=Nc2ccccc2CN1c1ccccc1,0.17500000000000002,2
O=C(O)CC1Cc2ccc(OCCCNc3ccccn3)cc2CN(CC(F)(F)F)C1=O,0.19,3
CC(C)OC(=O)N1CCC(Oc2ncnc3c2CCN3c2ccc(S(C)(=O)=O)cc2F)CC1,0.66,3
Nc1nc(CC(=O)Nc2ccc(CCNC[C@H](O)c3ccccc3)cc2)cs1,0.41500000000000004,23
Cc1c(C)c2c(c(C)c1OC(=O)CCC(=O)OCCO)CCC(C)(CCCC(C)CCCC(C)CCCC(C)C)O2,0.166,3
C(#Cc1ccc(CN2CCCCC2)cc1)CCN1CCSCC1,0.3725,2
COCC1=C(C(=O)O)N2C(=O)[C@@H](NC(=O)/C(=N\OC)c3csc(N)n3)[C@H]2SC1,0.5,9
C[C@@H]1C[C@H](N)C[C@H](c2ccncc2NC(=O)c2ccc(F)c(-c3c(F)cccc3F)n2)C1,0.71,3
CC(=O)OC(C)(C)CCC(=O)[C@](C)(O)[C@H]1[C@H](O)C[C@@]2(C)[C@@H]3CC=C4[C@@H](CC(=O)[C@H](O)C4(C)C)[C@]3(C)C(=O)C[C@]12C,0.71,1
COC1=C2C[C@@H](C)C[C@H](OC)[C@H](O)[C@@H](C)/C=C(\C)[C@H](OC(N)=O)[C@@H](OC)/C=C\C=C(/C)C(=O)NC(=CC1=O)C2=O,0.861,1
CCCc1ccc(C(=O)OCC)c(C(=O)OCC)c1CCC,0.585,6
CC(C)C[C@@H](C=O)NC(=O)[C@@H](NS(=O)(=O)c1ccc(F)cc1)C(C)C,0.18,1
CCCC/N=C(\N)N=C(N)N,0.4,1
COc1c(C=C2SC(=O)NC2=O)cccc1OC(=O)Cc1ccccc1Cl,0.42,2
CN1CCc2nc(C(=O)N[C@@H]3C[C@@H](C(=O)N(C)C)CC[C@@H]3NC(=O)C(=O)Nc3ccc(Cl)cn3)sc2C1.Cc1ccc(S(=O)(=O)O)cc1,0.5,1
Cc1cc2c(NS(C)(=O)=O)cccc2n1-c1nc2c(c(NCc3ccccc3)n1)COCC2,0.045,1
[2H][C]([2H])[2H],1.0,1
COCCCCn1c(C(=O)N(CC(C)C)[C@@H]2CNC[C@H](C(=O)N3CCOCC3)C2)nc2ccccc21.Cl,0.22399999999999998,4
O=C(O)C[C@@H](NC(=O)[C@@H]1CCCN1S(=O)(=O)c1cc(Cl)cc(Cl)c1)c1ccc(-c2ccccc2)cc1,0.08900000000000001,1
CN(Cc1cc(Br)cc(Br)c1N)C1CCCCC1,0.16,2
C[C@@H]1C[C@H]2[C@@H]3C[C@H](F)C4=CC(=O)C=C[C@]4(C)[C@@]3(F)[C@@H](O)C[C@]2(C)[C@@]1(OC(=O)c1ccco1)C(=O)SCF,0.013000000000000001,1
O=C(c1ccc(-c2nc3ccc(F)cc3o2)cc1)N1CCN(C(=O)C2(O)CC2)CC1,0.895,2
CCc1nc(-c2ccc(Cl)cc2Cl)c(CC)nc1NC(CC)CC,0.8300000000000001,1
COc1ccc(CN2CCNCC2)c(OC)c1OC.Cl.Cl,0.887,1
CCS(=O)(=O)n1cc2c(n1)CN([C@H]1CO[C@H](c3cc(F)ccc3F)[C@@H](N)C1)C2,0.92,2
Cl.Nc1c(Br)cc(Br)cc1CNC1CCC(O)CC1,0.75,1
Cc1ccc(O)c(C)c1-n1c(N)c(C(N)=O)c2nc(C(C)(C)O)cnc21,0.18,1
CC1(C(=O)O)C=CC=C(C(=O)O)N1,0.098,1
CC1=NN(c2ccccc2)C(=O)C1,0.5700000000000001,25
CC(C)c1nn2c(C(=O)NCC3C4CN(C5CCOCC5)CC34)cccc2c1Cl,0.679,1
O=C(O)c1cn(-c2ccc(F)cc2)c2cc(N3CCNCC3)c(F)cc2c1=O,0.1305,1
[169Er],0.41000000000000003,1
C#CC(C)=CCOC(C)=O,0.66,20
CCCNS(=O)(=O)Nc1ncnc(OCCOc2ncc(Br)cn2)c1-c1ccc(Br)cc1,0.74,4
C=C1CCN2[C@@H](C1)C(=O)OC[C@H]2c1ccccc1,0.2,1
C[C@H](Nc1ncnc2[nH]cnc12)c1cc2cccc(Cl)c2c(=O)n1-c1ccccc1,0.42,2
CC(C)N1C(=O)[C@H](NC(=O)[C@@H](Cc2ccccc2OC(F)(F)F)NC(=O)OC(C)(C)C)CCc2ccccc21,0.24,2
[3H]C([3H])([3H])CCN(CCC([3H])([3H])[3H])C1CCc2cccc(O)c2C1,0.024,1
Cc1cc(O)cc2oc(=O)c3c(O)cc(O)cc3c12,0.125,2
CC(C)C[C@H](N)C(=O)O.O=C(O)[C@@H]1CCCN1.O=C(O)[C@@H]1CCCN1,0.0015,3
Cc1c(C)c2c(c(C)c1O)CCC(C)(CCCC(C)CCCC(C)CCCC(C)C)O2,0.265,4
Cn1cncc1C(OCc1ccc(C#N)cc1)c1ccc(C#N)c(-c2cccc3ccccc23)c1,0.47000000000000003,2
Nc1ncnc2c1ncn2CCOC[P@@]1(=O)OCC[C@@H](c2cccc(Cl)c2)O1,0.0542,5
CCC1=NC(=O)N=C1C(=O)c1ccncc1,0.9,1
CCCN(CCC)C1CCc2c(cccc2OS(=O)(=O)C(F)(F)F)C1,0.085,1
O=C(O)c1ccc(CN2CCC(CN[C@@H]3C[C@H]3c3ccccc3)CC2)cc1,0.5920000000000001,1
C[C@H]1CC[C@H]2[C@H](C)[C@@H]3CC[C@@H]4[C@@H](C[C@H]5[C@H]4CC(=O)[C@H]4C[C@@H](O)CC[C@@]45C)[C@@H]3CN2C1,0.12400000000000001,1
COC[C@H](C)Oc1cc(Oc2cnc(C(=O)N3CCC3)cn2)cc(C(=O)Nc2cnc(C)cn2)c1,1.0,2
COc1cc([N-]S(=O)(=O)c2ccc(N)cc2)nc(OC)n1.[Na+],0.61,2
C=C(C)CCCC(C)CCCC(C)CCCCC(C)CCCC(C)C,0.75,1
COc1cc(F)c(C(C)C)cc1-c1ccc(C(F)(F)F)cc1CN1C(=O)O[C@H](c2cc(C(F)(F)F)cc(C(F)(F)F)c2)[C@@H]1C,0.15,15
CC1CC1C(=O)N[C@H](Cc1ccccc1F)C(=O)N[C@@H]1CCc2c(F)c(F)cc(F)c2N(C(C)C)C1=O,0.545,2
Fc1ccc2nc(-c3cccnc3)n(C3CC3)c2c1,0.77,1
CN[C@H](CC(C)C)C(=O)N[C@H]1C(=O)N[C@@H](CC(N)=O)C(=O)N[C@H]2C(=O)N[C@H]3C(=O)N[C@H](C(=O)N[C@H](C(=O)O)c4cc(O)cc(O)c4-c4cc3ccc4O)[C@H](O)c3ccc(c(Cl)c3)Oc3cc2cc(c3O[C@@H]2O[C@H](CO)[C@@H](O)[C@H](O)[C@H]2O[C@H]2C[C@](C)(N)[C@H](O)[C@H](C)O2)Oc2ccc(cc2Cl)[C@H]1O,0.04,9
O=c1[nH]cc(COCCO)c(=O)[nH]1,0.7000000000000001,1
CC(C)Cc1ccc([C@@H](C)C(=O)O)cc1,0.9500000000000001,2
N#Cc1cccc(-c2ncccc2NC(=O)N2CCN3C(=O)N([C@H]4C[C@@H]4c4ccccc4)C(=O)[C@@H]3C2)c1,0.215,2
CCCc1nc(C(C)(C)O)c(C(=O)O)n1Cc1ccc(-c2ccccc2-c2nn[nH]n2)cc1,0.26,2
N[C@@H](Cc1ccccc1)C(=O)N[C@@H](CO)C(=O)O,1.0,2
CCCOc1ccc(S(=O)(=O)NCCC2CCCN2C)cc1-c1nc2c(CCC)nn(C)c2c(=O)[nH]1,0.38,8
CCCC[C@H](NC(=O)OC(C(C)C)C(C)C)C(=O)C(=O)N[C@H](C)c1ccccc1,0.03,1
CN1C(=O)OC(C)(C)C1=O,0.9400000000000001,1
CCCN(CCC)c1c(C)nc(-c2c(C)cc(C)cc2OC)n(CC)c1=O,0.026000000000000002,1
CN(C)c1ccc2nc3ccc(N(C)C)cc3[s+]c2c1.[Cl-],1.0,1
Oc1c(Cl)c(Cl)c(Cl)c(Cl)c1Cl,0.93,2
CC1(C)OC(=O)c2ccccc2C1n1cncc1CO,0.19,1
COc1ccc(C(=O)N(CC(C)(C)C)c2cccc(C)n2)c(N2CCC(COc3cc([C@@H](CC(=O)O)C4CC4)ccn3)CC2)c1,0.21,2
CC[C@@H](C)[C@H](NC(=O)[C@H](CC1CCCCC1)NC(=O)c1ccno1)C(=O)N1CCC2(C=Cc3ccccc32)CC1,0.55,2
NCCCS(=O)(=O)O,0.52,1
CCOc1cccc(Nc2nn(C)c3c2Cc2cc(OCC)c(OCC(N)=O)cc2-3)c1,0.41000000000000003,1
O=C(Nc1nc(-c2ccccc2)cs1)[C@@H]1CCCN1C(=O)[C@H](NC(=O)N1CCCC1)c1ccccc1,0.204,1
COc1cc(OC)c(NC(=O)Nc2cc(C)on2)cc1Cl,0.09,1
Nc1ccn(C[C@@H](CO)OCP(=O)(O)O)c(=O)n1,0.037000000000000005,2
CC(C)(C)CCN1CC[C@H](CNC(=O)c2cc(Cl)cc(Cl)c2)[C@H](F)C1,0.33,1
CC(C)O,0.555,2
CN[C@@]1(c2ccc(F)cc2)CCCCC1=O,0.6,3
Cc1c(CC(=O)O)c2cc(F)ccc2n1S(=O)(=O)c1ccc(S(C)(=O)=O)cc1,0.56,1
Oc1ccc(-c2ccc(O)cc2)cc1,0.3,1
CC(C)CN(C[C@@H](O)[C@H](Cc1ccccc1)NC(=O)[C@@H](N1CCN(Cc2cccnc2)C1=O)C(C)(C)C)S(=O)(=O)c1ccc(/C=N/O)cc1,0.855,2
CN(C)c1cc(CNCC(C)(C)C)c(O)c2c1C[C@H]1C[C@H]3[C@H](N(C)C)C(=O)C(C(N)=O)=C(O)[C@@]3(O)C(=O)C1=C2O,0.312,17
CC[C@H]1OC(=O)[C@H](C)C(=O)[C@H](C)[C@@H](O[C@@H]2O[C@H](C)C[C@H](N(C)C)[C@H]2O)[C@](C)(OC/C=C/c2cnc3ccccc3c2)C[C@@H](C)C(=O)[C@H](C)[C@H]2NC(=O)O[C@@]21C,0.495,1
O=C(O)CCCN1CC(c2nnn[nH]2)Oc2c(NC(=O)c3ccc(OCCCCc4ccccc4)cc3)cccc21,0.01,1
CC(C)C[C@@H]1C(=O)N[C@H](C2Cc3ccccc3C2)C(=O)N1[C@@H](C(N)=O)c1ccc(F)cc1F,0.22,1
COCc1c(C(=O)OC(C)C)ncc2[nH]c3ccc(OCc4ccccc4)cc3c12,0.29,3
[K+],0.0,3
O=C(N[C@@H]1CC[C@@H](c2ccccc2)CN(CC2CC2)C1=O)N1CCC(n2cc(-c3ccccc3)[nH]c2=O)CC1,0.27,1
Cc1nc(C)n(CC23CNCC[C@]2(c2ccc(Cl)c(Cl)c2)C3)n1,0.17,1
C[C@H](NC(=O)COCCN1C(=O)c2ccccc2C1=O)C(=O)N[C@H](CCC(=O)O)C(=O)O,0.0117,1
CC(C)c1cc2[nH]c(=O)n(NS(C)(=O)=O)c(=O)c2cc1-c1ccnn1C,0.65,1
CC1=C[C@H]2O[C@@H]3[C@H](O)C[C@](C)([C@@]2(CO)[C@H](O)C1=O)[C@]31CO1,0.20500000000000002,32
Nc1nc2c(c(=O)[nH]1)N(C=O)C(CNc1ccc(C(=O)N[C@@H](CCC(=O)O)C(=O)O)cc1)CN2,0.04,1
CC(C)=CCC[C@](C)(O)[C@H]1CC[C@]2(C)[C@@H]1[C@H](O)C[C@@H]1[C@@]3(C)CC[C@H](O)C(C)(C)[C@@H]3CC[C@]12C,0.31,21
Cc1ccc(C(=O)/C=C/c2cc(/C=N/NC(=O)Nc3ccc(F)cc3)c(O)c(C(C)C)c2)cc1,0.0168,1
CCCN(CCC)C1CCc2cccc(CS(=O)(=O)NC)c2C1,0.228,2
CCCCP(=O)(O)CCCN,0.6950000000000001,2
Cc1cnc2n1-c1ccc(Br)cc1C(c1ccccn1)=N[C@H]2CCC(=O)O,0.9,2
OCC1OC(Oc2c(O)cc(O)cc2C=Cc2ccc(O)cc2)C(O)C(O)C1O,0.30350000000000005,2
CCCCCC(O)C=CC=CCC=CCC=CCC=CCCC(=O)O,0.3,1
N[C@@H](CC(=O)N1CCn2nc(C(F)(F)F)nc2C1Cn1cccn1)Cc1cc(F)c(F)cc1F,0.62,1
CC(C)(C)OC(=O)N[C@H](Cc1ccccc1)C(=O)N[C@@H]1CN(CC2CC2)c2ccccc2N(CC(F)(F)F)C1=O,0.05,1
CN1C[C@H](C(=O)N[C@]2(C)O[C@@]3(O)[C@@H]4CCCN4C(=O)[C@H](Cc4ccccc4)N3C2=O)C=C2c3cccc4[nH]cc(c34)C[C@H]21.CN1C[C@H](C(=O)N[C@]2(C)O[C@@]3(O)[C@@H]4CCCN4C(=O)[C@H](Cc4ccccc4)N3C2=O)C=C2c3cccc4[nH]cc(c34)C[C@H]21.O=C(O)[C@H](O)[C@@H](O)C(=O)O,0.034,1
COc1cc(Cc2cnc(N)nc2N)cc(OC)c1OC.Cc1cc(NS(=O)(=O)c2ccc(N)cc2)no1,0.9500000000000001,1
Cc1ccc(C(=O)Nc2cc(F)cc(CN3CCN(C(=O)C4CCCC4)[C@@H](C)C3)c2C)cn1,0.48,1
O=C1NC2(CC2)Cc2[nH]c3c(c21)CCc1cnc(-c2ccc(F)nc2)cc1-3,0.24,1
O=C(O)[C@@H]1C[C@@H](C2CCCCC2)CN1C(=O)CP(=O)(O)CCCCc1ccccc1,0.29,4
C=C(C)[C@@H]1CC[C@]2(CNCCCN3CCS(=O)(=O)CC3)CC[C@]3(C)[C@H](CC[C@@H]4[C@@]5(C)CC=C(c6ccc(C(=O)O)cc6)C(C)(C)[C@@H]5CC[C@]43C)[C@@H]12,0.075,4
CC(O)=C(C#N)C(=O)Nc1ccc(C(F)(F)F)cc1,1.0,3
CC1OC(OCC2OC(OCCc3ccc(O)c(O)c3)C(O)C(O)C2O)C(O)C(O)C1O,0.005,1
Cc1cn([C@@H]2C[C@@H](N=[N+]=[N-])[C@H](COP(=O)(O)OC3CCC4(C)C(CCC5C4CC(O)C4(C)C(C(C)CCC(=O)OC[C@@H]6CC[C@H](n7cnc8c(=O)[nH]cnc87)O6)CCC54)C3)O2)c(=O)[nH]c1=O,0.308,1
[2H]C([2H])(Br)C([2H])([2H])NP(=O)(NC([2H])([2H])C([2H])([2H])Br)OCc1cnc([N+](=O)[O-])n1C,0.773,1
O=C(c1ccc(F)c(F)c1Nc1ccc(I)cc1F)N1CC(O)C1,0.19,1
C=CCc1cccc(/C=N/NC(=O)CN2CCN(C(=O)c3ccc(F)cc3)CC2)c1O,0.256,1
Nc1noc2ccc(-n3nc(C(F)(F)F)c4c3C(=O)N(c3ccc(-c5ccccc5CN5CC[C@@H](O)C5)cc3)CC4)cc12,0.84,1
Cl.N#Cc1ccc2[nH]cc(CCCCN3CCN(c4ccc5oc(C(N)=O)cc5c4)CC3)c2c1,0.72,1
C#CC=CC(C)O,0.07200000000000001,46
CC[C@@H]1C[C@]1(NC(=O)[C@@H]1C[C@@H](Oc2cc(-c3csc(NC(C)C)n3)nc3c(Cl)c(OCCN4CC[C@@H](OC)C4)ccc23)CN1C(=O)[C@@H](NC(=O)O[C@@H]1C[C@@H]2C[C@@H]2C1)C(C)(C)C)C(=O)O,0.45,1
CC(C)(C)NCC(O)COc1ccc2c(=O)cc(-c3cc(OCc4ccccc4)cc(OCc4ccccc4)c3)oc2c1,0.28240000000000004,2
CC(C)C/C=C\C=C/C(=O)N[C@H](CC(N)=O)C(=O)N[C@@H]1C(=O)N[C@H](c2ccc(O)cc2)C(=O)N[C@H](CCCN)C(=O)N[C@H]([C@@H](C)O)C(=O)N[C@H](c2ccc(O)cc2)C(=O)N[C@H](c2ccc(O)cc2)C(=O)N[C@@H]([C@H](C)O)C(=O)N[C@H](Cc2ccccc2)C(=O)N[C@H](CCCN)C(=O)N[C@@H](c2ccc(O[C@@H]3O[C@H](CO)[C@@H](O)[C@H](O)[C@@H]3O[C@H]3O[C@H](CO)[C@@H](O)[C@H](O)[C@@H]3O)cc2)C(=O)N[C@H]([C@@H](C)O)C(=O)N[C@@H](c2ccc(O)cc2)C(=O)NCC(=O)N[C@@H](CC(C)C)C(=O)N[C@@H](C)C(=O)N[C@H](c2ccc(O)c(Cl)c2)C(=O)O[C@H]1C(N)=O,0.0007500000000000001,2
CN1CC[C@@H](NC(=O)Nc2ccc(C#N)cc2)C[C@@H]1c1nc2ccccc2[nH]1,0.68,3
Cn1cncc1[C@@](N)(c1ccc(Cl)cc1)c1ccc2c(c1)c(-c1cccc(Cl)c1)cc(=O)n2C,0.3555,6
CC(C)COc1ccc(-c2cc(O)ncn2)cc1C#N,0.13369999999999999,1
O=c1c(-c2ccc(O)cc2)coc2cc(OC3OC(CO)C(O)C(O)C3O)cc(O)c12,0.4866,1
NS(=O)(=O)Oc1ccc2c3c(c(=O)oc2c1)CCCCC3,0.9500000000000001,1
CC(C)=CC[C@@H](O)[C@@H](C)[C@H]1CC[C@@]2(C)C3=C(CC[C@]12C)[C@@]1(C)CC[C@H](O)C(C)(C)[C@@H]1CC3,0.0045000000000000005,1
Cc1cc2c(C(C)C)c(O)c(O)c(C=O)c2c(O)c1-c1c(C)cc2c(C(C)C)c(O)c(O)c(C=O)c2c1O,0.37150000000000005,2
CNc1nc(Nc2ccc(C(=O)N3CCOCC3)cc2OC)ncc1C(F)(F)F,0.8,1
C(=NCCN=Cc1cnc2ccccc2n1)c1cnc2ccccc2n1,0.7000000000000001,1
Cc1ccc(-c2nc3ccc(C)cn3c2CCN)cc1,0.5,2
COc1cc(C=CC(=O)OCC[N+](C)(C)C)cc(OC)c1O.N#C[S-],0.0184,1
CO[C@@H]1COc2c(S(=O)(=O)NC(=O)Nc3c4c(cc5c3CCC5)CCC4)cnn2C1,0.866,2
CC[C@H](Nc1nc(N)nc(N)c1C#N)c1nc2cccc(C#CCCCC(=O)N3CCOCC3)c2c(=O)n1-c1ccccc1,0.297,1
CCN(CC)C(C)CN1c2ccccc2Sc2ccccc21,0.034,2
CC1(C)[C@H](NC(=O)C(=NOCC(=O)O)c2csc(N)n2)C(=O)N1OS(=O)(=O)O,0.84,1
CCc1c(C(=O)C(N)=O)c2c(OCC(=O)OC)cccc2n1Cc1ccccc1,0.47500000000000003,2
CCN1C(=O)c2cccc3c(NS(=O)(=O)c4cc(Br)ccc4OC)ccc1c23,0.768,1
COc1ccccc1Oc1cccc(CN2CCC(NC(=O)C3(c4ccccc4)CCNCC3)CC2)c1,0.185,2
CC(C)C[C@H](NC(=O)c1cc2cc(OCCN3CCOCC3)ccc2o1)C(=O)NC1CCCN(C(=O)Cc2cccc(-c3ccccn3)c2)CC1=O,0.021,2
CN1Cc2cc(OCCCNc3ccccn3)ccc2CC(CC(=O)O)C1=O,0.09,1
C[C@@H](C(=O)O)c1cccc(C(=O)c2ccccc2)c1,0.8295,2
Cc1c(Cc2ccccc2S(=O)(=O)c2ccccc2)c(-c2ccccc2)nn1CC(=O)O,0.4,1
CCOC(=O)N[C@@H]1CC[C@@H]2[C@@H](C1)C[C@H]1C(=O)O[C@H](C)[C@H]1[C@H]2/C=C/c1ccc(-c2cccc(F)c2)cn1,1.0,1
CCC(CC)OC(=O)OCOC(=O)C1=C(S[C@@H]2CN[C@H](C(=O)N(C)C)C2)[C@H](C)[C@@H]2[C@@H]([C@@H](C)O)C(=O)N12.Cl,0.063,1
[NH-]N1CCCC1,0.33,1
COCCCOc1cc(C[C@@H](C[C@H](N)[C@@H](O)C[C@H](C(=O)NCC(C)(C)C(N)=O)C(C)C)C(C)C)ccc1OC,0.026000000000000002,37
O=C(O)C[C@H](CCCCCCc1ccc2c(n1)NCCC2)c1cnc2ccccc2c1,0.79,1
NC(CO)(CO)CO.O=C(c1ccccc1)c1ccc2n1CCC2C(=O)O,0.99,1
CCCS(=O)(=O)N[C@H]1C[C@@H](N(C)c2ncnc3[nH]ccc23)C1,0.6,3
CC(=O)N[C@H]1[C@H]([C@H](O)[C@H](O)CO)OC(O[C@@H]2[C@@H](N)[C@H](O[C@H]3[C@H](O)[C@@H](O)C(O)O[C@@H]3CO)O[C@H](CO)[C@@H]2O)(C(=O)O)C[C@@H]1O,0.275,12
[Si],0.55,1
Nc1ncc(-c2cnn(CCO)c2)c2scc(-c3ccc(NC(=O)Nc4cccc(F)c4)cc3)c12,0.12,1
CC(CC(=O)OC(C)(C)C)NC(=O)C1=NOC(C(O)(C(F)(F)F)C(F)(F)F)C1,0.7000000000000001,2
CC[C@H]1OC(=O)[C@H](C)[C@@H](O[C@H]2C[C@@](C)(OC)[C@@H](OC(=O)CCOCCOCCCc3ccc4c(c3)c(=O)c(C(=O)O)cn4CC)[C@H](C)O2)[C@H](C)[C@@H](O[C@@H]2O[C@H](C)C[C@H](N(C)C)[C@H]2O)[C@](C)(O)C[C@@H](C)CN(C)[C@H](C)[C@@H](O)[C@]1(C)O,0.22,1
Nc1ccn([C@H]2C[SH](O)[C@@H](CO)O2)c(=O)n1,0.81,4
COc1ccccc1C(=O)Nc1cccc(NC(=O)c2cccc(C)c2)c1,0.2249,2
CC#CCn1c(N2CCC[C@H](N)C2)nc2c1c(=O)n(Cc1ncc(C)c3ccccc13)c(=O)n2C,0.1005,1
Clc1ccccc1C(c1ccccc1Cl)N1[C@@H]2CC[C@H]1C[C@@H](c1ccccn1)C2,0.23500000000000001,2
C[C@H](NCc1ccc(OCc2cccc(F)c2)cc1)C(N)=O,0.9500000000000001,14
C=CCC1(C(C)CCC)C(=O)NC(=O)NC1=O,1.0,1
Cc1ccc(C(=O)Nc2cc(C(=O)O)cc(-c3ccc(C4CCNCC4)cc3)c2)cc1,0.06,2
Cc1nc2c(C#N)cccc2n1-c1ccc(C(=O)NC2CC2)s1,0.34,2
COc1cc2ccc(Br)cc2cc1[C@@H](c1ccnc(OC)c1OC)[C@@](O)(CCN(C)C)c1cc2ccccc2o1,0.5,1
CN(C)C(=N)NC(=N)N.Cl,0.55,3
CNC(C)C(=O)c1ccc(C)cc1,0.073,1
C#Cc1cccc(Nc2ncnc3ccc(S(=O)(=O)n4ccc(/C=C/C(=O)Nc5ccccc5N)c4)cc23)c1,0.9400000000000001,3
Cc1ncccc1Oc1ncc(Cl)cc1NS(=O)(=O)c1ccc(Cl)c(Cl)c1,0.75,1
C=C1C(=O)O[C@@H]2CC[N+]3([O-])CC=C(COC(=O)[C@](C)(O)[C@H](C)[C@H]1C)[C@H]23,0.15,1
Clc1ccc(C(c2ccc(Cl)cc2)c2ccc(Cl)cc2)cc1,0.8200000000000001,1
C=C[C@]1(C)C[C@@H](OC(=O)CN2CCN(C(=O)CN3CCN(c4cccc([N+](=O)[O-])c4)CC3)CC2)[C@]2(C)[C@H](C)CC[C@]3(CCC(=O)[C@H]32)[C@@H](C)[C@@H]1O,0.026999999999999996,2
COc1cc2c(c(OC)c1OC)-c1c(cc3c(c1OC)OCO3)C[C@H](C)[C@H](C)C2,0.37150000000000005,4
Nc1nc(=O)n([C@@H]2CS[C@H](CO)O2)cc1F,0.93,20
C[C@H](Nc1ncnc2[nH]cnc12)c1cc2ccc(F)cc2nc1-c1ccccn1,0.54,1
[Na+].[O-]c1c(Cl)c(Cl)c(Cl)c(Cl)c1Cl,0.9,1
CN(C)CCOc1cc(NS(=O)(=O)c2c(Cl)cc(C(F)(F)F)cc2Cl)ccc1Cl,1.0,1
CN1CCN(Cc2ccc(-c3cnc4[nH]cc(-c5ccc6[nH]ccc6c5)c4c3)cc2)CC1,0.41000000000000003,1
C[C@H]1CC[C@H](n2c3cnccc3c3cnc(Nc4ccc(N5CCC6(CCC(=O)N6)CC5)cn4)nc32)CC1,0.48,1
C[C@@H](C(=O)N1CCOCC1)N1CC[C@H](NS(=O)(=O)/C=C/c2ccc(Cl)s2)C1=O,0.64,2
O=C([O-])CC(O)(CC(=O)[O-])C(=O)[O-].O=C([O-])CC(O)(CC(=O)[O-])C(=O)[O-].[Zn+2].[Zn+2].[Zn+2],0.613,1
C=C1C(C)=C(C(=O)Nc2cccc(Cl)c2)C(=O)N1c1cccc(Cl)c1,0.855,12
Nc1n[nH]c(N2CCC(NS(=O)(=O)Cc3ccc(Br)cc3)CC2)n1,0.5700000000000001,1
C[C@H]1CC[C@H](n2c3cnccc3c3cnc(Nc4ccc5c(n4)CCN(C(=O)CO)C5)nc32)CC1,0.75,1
O=C(c1c(O)cc(O)cc1O)C(c1coc2cc(O)cc(O)c2c1=O)C(c1ccc(O)cc1)c1ccc(O)cc1,0.08900000000000001,4
O=C1CC2=CCC=C2O1,0.75,4
COCCc1ccc(-c2c(C)nc3c(N4CCOCC4)nccn23)cn1,0.45,1
COc1cc(C(=O)c2cnc(-c3ccc(C)cc3)[nH]2)cc(OC)c1OC,0.25,1
[I-].[K+],0.97,1
C=C1C[C@H](N)[C@H](C(=O)O)C1,0.8,2
O=C(NCCc1ccccc1Cl)c1cc(-n2ncc(=O)[nH]c2=O)ccc1Cl,0.44,1
Nc1nc(/C(=C/CC(=O)O)C(=O)N[C@@H]2C(=O)N3C(C(=O)O)=CCS[C@H]23)cs1,0.8125,10
[N-]=O,0.8,4
COc1c(-c2ccc(O)c(O)c2)oc2cc(O)cc(O)c2c1=O,0.3,1
C[C@@H]1CN(c2ncc(C(O)CO)cc2Cl)CCN1c1nc2c(-c3cc(F)c(F)c(F)c3)cc(C(F)(F)F)cc2[nH]1,0.17,1
O=C([O-])CCCO.[Na+],0.88,3
NC(CO)(CO)CO.O=C(O)CCc1ccc2c(c1)c(CCc1ccccc1)cn2-c1ccc(OCCO)cc1,0.835,3
CC(C)c1nc2ccccc2n1Cc1ccc(C(=O)N[C@@H]2C[C@@]3(CCCO3)C[C@@H]2C(=O)NO)cc1,0.22,1
CC(=O)Nc1nc2c(Oc3cc(N4CCN(C(C)c5ccc(C(F)(F)F)cc5)CC4)ncn3)cccc2s1,0.03,1
C[C@H]1COC2(CCN(c3nc(=O)c4cc(C(F)(F)F)cc([N+](=O)[O-])c4s3)CC2)O1,1.0,1
CC(=CCC1=C(C)C(=O)c2ccccc2C1=O)CCC[C@H](C)CCC[C@H](C)CCCC(C)C,0.275,6
CC(=O)Nc1cccc(C2CCN(CCCn3c(-c4ccc(Cl)cc4)nc4ccccc43)CC2)c1,0.99,1
CC[C@@]1(O)C(=O)OCc2c1cc1n(c2=O)Cc2c-1nc1ccc(O)cc1c2[Si](C)(C)C(C)(C)C,0.099,9
CS(=O)(=O)c1cc(F)cc2c1c(Sc1ccc(C(F)(F)F)cc1)c1n2CCC[C@H]1CC(=O)O,0.3,1
Fc1cncc(-c2nc3cc(F)c(F)cc3n2C2CC2)c1,0.6950000000000001,2
C=CCc1ccc(O)c(-c2cc(CC=C)ccc2OCCCC[N+](C)(C)CC(=O)NCCCCC)c1.[Br-],0.84,1
COc1cc2c(cc1OC)-c1cc3ccc4c(c3c[n+]1CC2)OCO4,0.1446,1
[O]=[Ru]=[O],0.0025,2
Nc1nc(=O)n([C@H]2C[C@H](O)[C@@H](CO)O2)cc1F,0.0415,2
COc1ccc(C(=O)N2CCCC2=O)cc1,0.0012,5
NC(=O)c1ccco1,0.13,1
COc1cc(N2CCN(C(C)=O)CC2)ccc1Nc1cc(-c2cn(C)c3cnccc23)ncn1,0.05,1
Cl.O=C(O)c1ccc2c(c1)CCC(Cn1ccnc1)C2,0.7000000000000001,1
CCCC1Cc2[nH]nc(-c3nnn[nH]3)c2C1,0.51,1
O=C(NCc1ccccc1)[C@@H]1CCC[C@H]1C(O)CCc1ccc(OC(F)(F)F)cc1,0.4,1
Oc1c(CN2CCCC2)cc(Nc2ncnc3ccccc23)cc1CN1CCCC1,0.3,1
COc1ccc(O)c(C(C)(C)C)c1,0.43,1
CC[C@@H]([C@H](C)O)N1C(=O)[C@@](C)(CC(=O)O)C[C@H](c2cccc(Cl)c2)[C@H]1c1ccc(Cl)cc1,0.56,2
C#CCCCN[C@H]1C(OC(C)=O)O[C@H](COC(C)=O)[C@@H](OC(C)=O)[C@@H]1OC(C)=O,0.5,1
Cc1cc(-n2c(=O)[nH]c(=O)n(C)c2=O)ccc1Oc1ccc(S(=O)(=O)C(F)(F)F)cc1,0.56,3
Cn1ccnc1S,0.93,1
CC(C)=CCC[C@](C)(O)[C@H]1CC[C@]2(C)[C@@H]1[C@H](O)C[C@@H]1[C@@]3(C)CC[C@H](O)C(C)(C)[C@@H]3[C@@H](OC3OC(CO)C(O)C(O)C3O)C[C@]12C,0.0101,4
N#CC1CC2Cc3[nH]ncc3C(C1)N2S(=O)(=O)c1ccc(Cl)cc1,0.21,1
O=Cc1ccc(O[C@@H]2O[C@H](CO)[C@@H](O)[C@@H](O)[C@H]2O)cc1,0.19295,4
O=C(/C=C/c1ccc(O)c2c1[C@H](C(=O)O[C@H](Cc1ccc(O)c(O)c1)C(=O)O)[C@@H](c1ccc(O)c(O)c1)O2)O[C@H](Cc1ccc(O)c(O)c1)C(=O)O,0.023,7
Nc1ncc2nn[nH]c2n1,0.35000000000000003,1
O=C(O)C[C@H]1CC[C@H](c2ccc(-c3ccc4c(c3)OCCN4C(=O)Nc3ccccc3)cc2)CC1,0.9,1
Cc1occc(=O)c1[O-].Cc1occc(=O)c1[O-].Cc1occc(=O)c1[O-].[Ga+3],0.41000000000000003,1
CC1(C)S[C@@H]2[C@H](NC(=O)[C@H](N)c3ccc(O)cc3)C(=O)N2[C@H]1C(=O)O.O=C(O)[C@H]1/C(=C/CO)O[C@@H]2CC(=O)N21,0.35000000000000003,1
CNCC[C@H](Oc1ccc(C(F)(F)F)cc1)c1ccccc1,0.72,14
CCCC[C@@H]1OC(=O)C2=C1CCC=C2,0.25,1
CCCCCNC(=N)N/N=C/c1c[nH]c2ccc(OC)cc12,0.1,11
N#Cc1cc(Cl)cc(Oc2c(C(F)(F)F)ccn(Cc3n[nH]c4ncccc34)c2=O)c1,0.12,2
COc1ccc(CN[C@@H](C(=O)N[C@H]2c3ccccc3C[C@H]2O)[C@H](O)[C@H](Cc2ccccc2)NC(=O)[C@@H](NC(=O)OCc2ccccc2)C(C)(C)C)cc1,0.505,2
CO[C@H]1C[C@H](O[C@@H]2/C(C)=C/C[C@@H]3C[C@@H](C[C@]4(CC[C@H](C)[C@@H](C5CCCCC5)O4)O3)OC(=O)[C@@H]3C=C(C)/C(=N/O)[C@H]4OC/C(=C\C=C\[C@@H]2C)[C@]43O)O[C@@H](C)[C@@H]1O,0.62,3
CNC(=O)c1ccc2[nH]nc(Cc3ccc4c(cnn4C)c3)c2c1,0.5,5
COc1ccc(-c2nc3ccc(C4=NNC(=O)CC4C)cc3[nH]2)cc1,0.68,2
N#CN,0.65,1
OC[C@H]1O[C@@H](c2ccc(F)c(Cc3cc4ccccc4s3)c2)[C@H](O)[C@@H](O)[C@@H]1O,0.812,3
COC(=O)C1=CO[C@@H](O[C@@H]2O[C@H](CO)[C@@H](O)[C@H](O)[C@H]2O)[C@@H]2C(CO)=CC[C@H]12,0.09705,8
Cc1nc(N=NC2C(=O)N(c3nc(-c4ccccc4)cs3)N=C2c2ccccc2)sc1C,0.5,1
Cn1ncc2c(Nc3ccc(S(C)(=O)=O)cc3)nc(-c3cccc4[nH]ncc34)nc21,0.0,1
CO/N=C(\C(=O)N[C@@H]1C(=O)N2C(C(=O)[O-])=C(C[n+]3cccc4c3CCC4)CS[C@H]12)c1csc(N)n1,0.64,1
COCCCN1CC2C(CNC(=O)c3cccc4c(Cl)c(C(C)C)nn34)C2C1,0.499,1
O=C([O-])c1c(Cl)c(Cl)c(Cl)c(Cl)c1-c1c2cc(Br)c(=O)c(Br)c-2oc2c(Br)c([O-])c(Br)cc12.[Na+].[Na+],0.008,4
C[C@H]1Cn2c(nnc2C(C)(C)C)CN1C(=O)c1cccc(C(F)(F)c2n[nH]c(=O)c3ccccc23)c1,0.15,1
CN(C)Cc1nccn1-c1ccc(NC(=O)c2cc(C(F)(F)F)nn2-c2ccc3onc(N)c3c2)c(F)c1,0.84,1
CN(C)CC[C@@H](c1ccc(Cl)cc1)c1ccccn1,0.44,3
O=C(O)c1cc2c(s1)c(C1CCCCC1)c(-c1ccccc1)n2CC(=O)N1CCOCC1,0.16,1
CC(C)NCC1(O)CN(C(=O)c2ccc(F)c(F)c2Nc2ccc(I)cc2F)C1,0.86,1
CCC(=O)c1ccc(OCC(O)CN2CCN(c3ccccc3)CC2)cc1,0.0019500000000000001,2
COc1cc(/C=C/C(=O)C(Cc2ccc(O)c(OC)c2)C(=O)/C=C/c2ccc(O)c(OC)c2)ccc1O,0.013200000000000002,1
[Cl][Mn][Cl],0.131,2
Cc1ccc2c(N3CCN(CCc4c(C)ccc5c4CCC(=O)N5C)CC3)cccc2n1,0.8300000000000001,1
C=C(C)Cc1nc2ccccc2cc1Br,0.655,2
CC(C)OC(=O)OCOP(=O)(CO[C@H](C)Cn1cnc2c(N)ncnc21)OCOC(=O)OC(C)C.O=C(O)/C=C/C(=O)O,0.25,8
C=C(C)C(=O)NCCO,0.35000000000000003,1
C/C1=C\C=C\C(C)C(O)CC(O)C(C)C(O)CCC(C)C(O)CC2(O)OC(CC(OC(=O)CC(=O)O)CC(O)CC(O)CC(O)/C(C)=C/C=C/C(C)C(C(C)CCC/C=C/CCCN=C(N)N)OC1=O)CC(O)C2O,0.0239,1
C=C(Br)C(=O)Nc1ccc(/C=C2\SC(=O)N(Cc3ccc(C(F)(F)F)cc3)C2=O)cc1,0.525,2
O=C(O)C1CCN(c2ccc3oc(-c4ccc(-c5ccccc5)c(C(F)(F)F)c4)nc3c2)CC1,1.0,1
N=c1c2c(-c3ccccc3)c(-c3ccccc3)n(Cc3ccccc3)c2ncn1C1CCC(O)CC1,0.8,3
CC(C)(C)OC(=O)N[C@H](Cc1ccccc1C(F)(F)F)C(=O)NCc1nc2cccnc2n1Cc1ccccc1,0.41000000000000003,3
Cc1ccc2c(N3CCN(CCc4cccc5c4ccc(=O)n5C)C(C)(C)C3)cccc2n1,0.27,1
O=C(COc1ccc(/C=C2\SC(=O)NC2=O)cc1)Nc1cccc(Cl)c1,0.18100000000000002,2
[As+5],0.47200000000000003,5
[Ca],0.25,3
O=C(O)CCCC[C@@H]1CCSS1,0.25,7
CN(C)C/C=C(/c1ccc(Br)cc1)c1cccnc1,0.29,5
CC1C2(C)CC3CC1(C)CC(C)(C2)C3N,0.45,1
O=C(Nc1ccc(C(F)(F)F)cc1Cl)c1cc(Cl)ccc1O,0.15,1
CN1C[C@H](c2cccc(F)c2F)CC[C@@H](NC(=O)N2CCC(n3c(=O)[nH]c4ncccc43)CC2)C1=O,0.314,2
CC(C)(C)c1ccc(-n2c(C(=O)O)c(Oc3cccc(C(F)(F)F)c3)c3cc(Oc4cc(Cl)c[nH]4)ccc32)cc1,0.098,1
CC(=O)S[C@H](C(=O)N[C@H]1Cc2ccccc2[C@H]2CCC[C@@H](C(=O)O)N2C1=O)C(C)C,0.4,1
CCCCCCCCCC=CC=CC=CC=CC=CC(=O)O,0.33,1
C=CCCCCCCC(=O)NC(=O)N1CC=Cc2cccc(C)c21,0.3375,6
NC(Cc1cc(I)c(Oc2cc(I)c(OS(=O)(=O)O)c(I)c2)c(I)c1)C(=O)O,0.48600000000000004,2
CN(C)[C@@H]1C(O)=C(C(N)=O)C(=O)[C@@]2(O)C(O)=C3C(=O)c4c(O)c(NC(=O)CN5CCCC5)cc(F)c4C[C@H]3C[C@@H]12,0.1685,2
O=C(c1ccc(F)c(F)c1Nc1ccc(I)cc1F)N1CC(O)([C@@H]2CCCCN2)C1,0.46,12
COc1cc(NS(C)(=O)=O)ccc1Nc1c2ccccc2nc2ccccc12,0.7000000000000001,2
C[C@@H]1c2nnn(-c3ncc(F)cn3)c2CCN1C(=O)c1cccc(C(F)(F)F)c1Cl,0.96,1
CCC(=O)OCOC(=O)N1C[C@@H](SC2=C(C(=O)OCOC(=O)C(C)(C)C)N3C(=O)[C@H]([C@@H](C)O)[C@H]3[C@H]2C)C[C@H]1C(=O)N(C)C,0.295,1
C[C@H](NC(=O)[C@@H](N)CCCCN)C(=O)O,0.9570000000000001,1
C=C[C@]1(C)C[C@@H](OC(=O)CSCCN(CC)CC)[C@]2(C)C(C)CC[C@]3(CCC(=O)[C@H]32)[C@@H](C)[C@@H]1O.O=C(O)/C=C/C(=O)O,0.971,1
c1cn2cc(-c3ccc4cn[nH]c4c3)nc(Nc3ccc(N4CCN(C5COC5)CC4)cc3)c2n1,0.42,1
CC1=C(c2cccc(O)c2)[C@H](c2ccc(OCCN3CC(CF)C3)cc2)Oc2ccc(O)cc21,0.1,1
O=C(O)[C@H]1/C(=C/CO)O[C@@H]2CC(=O)N21,0.58,27
O=C(O)C1(c2ccc3c(c2)OC[C@H](Cc2ccc(-c4ccccc4)cc2)[C@H]3O)CC1,0.9,1
CCOc1c(Cl)cc(C(=O)Nc2ccc(C(=O)O)c(C)c2)cc1Cl,0.12,1
COc1ccc2ccccc2n1,0.71,1
S=C(NCCc1cccs1)Nc1ccc(Br)cn1,0.034,1
O=C(O)C[C@H](CCCCCCc1ccc2c(n1)NCCC2)c1cncnc1,0.66,1
Nc1nccc(-c2cccnc2Oc2ccc(Nc3nnc(-c4ccccc4)c4ccccc34)cc2)n1,0.65,1
CC(C)=CCC[C@](C)(O[C@@H]1O[C@H](CO[C@@H]2OC[C@@H](O)[C@H](O)[C@H]2O)[C@@H](O)[C@H](O)[C@H]1O)[C@H]1CC[C@]2(C)[C@@H]1[C@H](O)C[C@@H]1[C@@]3(C)CC[C@H](O[C@@H]4O[C@H](CO)[C@@H](O)[C@H](O)[C@H]4O[C@@H]4O[C@H](CO)[C@@H](O)[C@H](O)[C@H]4O)C(C)(C)[C@@H]3CC[C@]12C,0.05,2
c1ccc2c3c([nH]c2c1)CNCC3,0.1328,3
COc1cc(C(=O)N2CC[C@]3(C=C(C(=O)O)CC3)Cc3ccccc32)ccc1NC(=O)c1cc(F)ccc1Cl,0.5,3
CCOC(=O)c1ccc2[nH]c3c(OC)c4[nH]c5ccc(C(=O)OCC)cc5c4cc3c2c1,0.01,1
N#Cc1ccc(O[C@H]2CN(S(=O)(=O)c3ccc(Cl)cc3Cl)C[C@@]2(O)CO)cc1,0.46,1
O=C(Nc1ccccc1-c1ccccc1)N1CCN2C(=O)N([C@H]3C[C@@H]3c3ccccc3)C(=O)[C@@H]2C1,0.525,2
CC#CC(=O)N1CCC[C@H]1c1nc(-c2ccc(C(=O)Nc3ccccn3)cc2)c2c(N)nccn12,0.25,9
CC(C)(c1ccc(O)cc1)c1ccc(O)cc1,0.053,15
CC(C)N1C(=O)[C@H](NC(=O)[C@@H](Cc2ccccc2F)NC(=O)c2ccc(F)cc2C(F)(F)F)CCc2c(F)c(F)cc(F)c21,0.68,1
CCN(CC)C(=O)[C@H](Cc1ccc(OCCN(C)C)cc1)NC(=O)c1ccccc1,1.0,1
O=C1CCC[C@@H]2[C@H]3CCC[N@+]4([O-])CCC[C@@H](CN12)[C@@H]34,0.0679,7
N=C(c1ccc(C(=O)Nc2ccccc2C(=O)Nc2ccc(Cl)cn2)cc1)N1CCCCC1,0.165,2
Cc1onc(-c2c(F)cccc2Cl)c1C(=O)N[C@@H]1C(=O)N2[C@@H]1SC(C)(C)[C@@H]2C(=O)O,0.47700000000000004,1
CC[C@H](C)[C@H](NC(=O)[C@@H]1CCCN1C(=O)[C@@H]1CCCN1)C(=O)O,0.00077,1
CC(=O)N(CCCS(=O)(=O)O)C(C)=O.[Ca],0.11,1
CCCCCCCCc1ccc(CCC(N)(CO)CO)cc1,0.93,6
O=C([O-])CC(O)(CC(=O)[O-])C(=O)[O-].[Al+3],0.05,1
C#C[C@H](Cc1cccc(F)c1)n1cnc2cc3c(cc2c1=O)OC1CCCN1C3=O,0.040999999999999995,1
CC(C)S(=O)(=O)NC[C@H](C)c1ccc(-n2cc(CO)c(C(F)(F)F)n2)cc1,0.032,1
O=C1c2cccc3c2[C@H](CCC3)CN1[C@@H]1CN2CCC1CC2,0.97,4
[H],0.05740000000000001,1
CC(C)NCC(O)COc1ccc(OCCOCC2CC2)cc1,0.9,1
Cc1cc(F)ccc1[C@H]1CN(C(=O)C(N)=O)CC[C@@H]1C(=O)N(C)[C@@H](C)c1cc(C(F)(F)F)cc(C(F)(F)F)c1,0.39,4
COc1ccc(-c2cc(=O)c3c(O)cc(O[C@@H]4O[C@H](CO)[C@@H](O)[C@H](O)[C@H]4O)cc3o2)cc1,0.033,2
C[C@@H]1O[C@@H](O[C@H]2[C@H](O[C@H]3CC[C@@]4(C)[C@@H](CC[C@]5(C)[C@@H]4CC=C4[C@@H]6CC(C)(C)CC[C@]6(C(=O)O)CC[C@]45C)[C@]3(C)CO)OC[C@H](O[C@@H]3O[C@H](CO)[C@@H](O)[C@H](O)[C@H]3O)[C@@H]2O)[C@H](O)[C@H](O)[C@H]1O,0.028300000000000002,1
CSc1ccc(OCc2ncc([N+](=O)[O-])n2C)cc1,0.14,3
Cc1c(Cl)cccc1S(=O)(=O)Nc1nc(CC(=O)N2CCN(C)CC2)cs1,0.21,1
C=C(C)[C@H](CC=C(C)C)Cc1c(O)cc(O)c2c1O[C@H](c1ccc(O)cc1O)CC2=O,0.23149999999999998,2
O=C1NCC[C@H]1C[C@H](NC(=O)[C@@H]1[C@H]2CC[C@H](C2)N1C(=O)[C@@H](NS(=O)(=O)C(F)(F)F)C12CC3CC(CC(C3)C1)C2)C(=O)c1nc2ccccc2s1,0.48100000000000004,1
CC1=C2CC[C@@H](C)C[C@@]2(O)OC1=O,0.75,4
Fc1ccc(C(c2ccc(F)cc2)N2CCN(C/C=C/c3ccccc3)CC2)cc1,0.86,2
COC(=O)CC[C@@H]1N=C(c2ccccn2)c2cc(Br)ccc2-n2c(C)cnc21,0.017,3
Cc1nnc(C(C)C)n1[C@@H]1C[C@H]2CC[C@@H](C1)N2CC[C@H](NC(=O)C1CCC(F)(F)CC1)c1ccccc1,0.2555,28
CCCN1CCO[C@@H]2c3cc(O)ccc3CC[C@H]21.Cl,0.05,3
C=C(C)[C@@H]1CC=C(C)[C@H](OC(C)=O)[C@H]1O,0.012,1
CC(C)=CCC/C(C)=C/CC/C(C)=C/CC[C@]1(C)CCc2c(C)c(O)c(C)c(C)c2O1,0.28,4
CC(=CC(=O)O)/C=C/C=C(C)/C=C/C1=C(C)CCCC1(C)C,0.259,12
C[C@@H]1NC(=O)[C@@H]2CCCN2C(=O)[C@H](CC(N)=O)NC(=O)[C@@H]2CSSC[C@H](N)C(=O)N[C@H]3CSSC[C@H](NC1=O)C(=O)N[C@@H]([C@@H](C)O)C(=O)NCC(=O)N[C@H](C(=O)N[C@@H](Cc1ccc(O)cc1)C(=O)O)CSSC[C@H](NC(=O)[C@H](Cc1ccc(O)cc1)NC(=O)[C@H](CCC(=O)O)NC3=O)C(=O)N2,0.001,2
COc1ccc2c(c1)[nH]c1c(C)nccc12,0.0403,4
CC[C@H](C)C(=O)O[C@H]1C[C@H](O)C=C2C=C[C@H](C)[C@H](CC[C@@H](O)C[C@@H](O)CC(=O)[O-])[C@H]21,0.18,30
CCC[C@@](N)(CO)CCc1ccc(OCCCCCC(C)C)cc1,0.365,3
C=C(C)[C@@H]1CCC(C)=C[C@H]1c1c(O)cc(CCCCC)cc1O.CCCCCc1cc(O)c2c(c1)OC(C)(C)[C@@H]1CCC(C)=C[C@@H]21,0.1,2
O=C1c2ccccc2-c2c3c(cc4ccnc1c24)OCO3,0.17500000000000002,1
O=c1cc(-c2ccc(O)cc2)oc2cc(O)cc(O)c12,0.0745,6
[2H]C(CCCC/C=C\C/C=C\C/C=C\CC)C([2H])([2H])C([2H])([2H])C(=O)O,0.044500000000000005,6
COc1c(Nc2ncc(Cl)c(Nc3ccccc3-n3cccn3)n2)ccc2c1CCCC(N1CCN(CCO)CC1)C2,0.19,1
CN1CCN2c3ncccc3Cc3ccccc3[C@H]2C1,0.49700000000000005,3
CCCCCCCCCCCC1=C(O)C(=O)C=C(O)C1=O,0.302,1
Fc1ccc(-c2nnn3c2CO[C@H]2CN(C4CCOCC4)C[C@@H]23)nc1,0.56,2
CC(=O)Nc1ccc(O)c(C(=O)O)c1,0.25,1
CO/N=C(\N)c1ccc(CNC(=O)[C@@H]2CCN2C(=O)[C@H](O)c2cc(Cl)cc(OC(F)F)c2)cc1,0.3775,2
COc1c(O)cc2c(c1O)[C@@H]1O[C@H](CO)[C@@H](O)[C@H](O)[C@H]1OC2=O,0.06,5
CC=C1C[C@@H](C)[C@](O)(CO)C(=O)OCC2=CC[N+]3([O-])CC[C@@H](OC1=O)[C@@H]23,0.24,1
COc1cccc(F)c1-c1ccc([C@@H](CC(=O)O)NC(=O)[C@]2(C)CCCN2S(=O)(=O)c2cc(Cl)cc(Cl)c2)cc1,0.42,1
CC[C@H](C)[C@@H](C(=O)N[C@@H](Cc1ccccc1)[C@H](O)CN(CC(C)C)S(=O)(=O)c1ccc(/C=N/O)cc1)N1CCN(Cc2cccc(C)n2)C1=O,0.6900000000000001,2
CN(C)CCCOC(=O)Nc1cccc(Cn2nc(-c3cc(F)cc(F)c3)ccc2=O)c1,0.3,1
C[C@@H](OC[C@@]1(c2ccccc2)CC[C@]2(CCC(=O)N2)CN1)c1cc(C(F)(F)F)cc(C(F)(F)F)c1,1.0,4
Cc1cccc(C)c1-c1ccc2[nH]c(=O)[nH]c2c1,0.68,1
CC(C)N1C(=O)[C@H](NC(=O)[C@@H](Cc2ccccc2F)NC(=O)c2ccc(F)cc2C(F)(F)F)CCc2cc(C(F)(F)F)ccc21,0.75,1
CC(C)OC(=O)OC(C)OC(=O)C1=C(S[C@H]2C[C@@H](C(=O)N(C)C)N(C(=O)OCOC(=O)C(C)C)C2)[C@H](C)[C@@H]2[C@@H]([C@@H](C)O)C(=O)N12,0.154,1
O=C(CCC1=CCCN(CCc2ccccc2)C1=O)NO,0.145,2
CCOP(=O)(CO[C@H](COC(c1ccccc1)(c1ccccc1)c1ccccc1)Cn1ccc(NC(=O)c2ccccc2)nc1=O)OCC,0.33,2
CC(C)C(=O)OC[C@@]1(N=[N+]=[N-])O[C@@H](n2ccc(N)nc2=O)[C@@H](C)[C@@H]1OC(=O)C(C)C,0.65,1
CCCCNCc1ccc(-c2nc(CN(C3CCOCC3)S(=O)(=O)c3ccc(OC)cc3)cs2)cc1,0.01,1
CCOC(=O)[C@]1(c2ccccc2)CCC=C[C@H]1N(C)C,0.076,1
CC(C)c1nc(N(C)S(C)(=O)=O)nc(-c2ccc(F)cc2)c1/C=C/[C@@H](O)C[C@@H](O)CC(=O)[O-].CC(C)c1nc(N(C)S(C)(=O)=O)nc(-c2ccc(F)cc2)c1/C=C/[C@@H](O)C[C@@H](O)CC(=O)[O-].[Ca+2],0.2,5
Cc1cc2c(-c3cccc(Cl)c3)c(CC(=O)Nc3ccc(Cl)cc3C(F)(F)F)c(=O)oc2cc1Cl,0.34500000000000003,1
CC(=O)N1c2ccccc2C[C@H]1COc1ccc2c(c1)c(C(=O)C(C)(C)C)c(CC(C)(C)C(=O)O)n2Cc1ccc(Cl)cc1,0.07,1
c1cc2c3cnc(Nc4ccc(N5CCNCC5)cn4)nc3n(C3CCCC3)c2cn1,0.094,1
N[C@@H](Cc1c[nH]c2ccc(O)cc12)C(=O)O,0.47000000000000003,1
N[C@@H](Cc1cc(I)c(Oc2cc(I)c(O)c(I)c2)c(I)c1)C(=O)[O-].[Na+],0.91,2
C[C@@H]1O[C@@H](O[C@@H]2[C@@H](O)[C@H](OCCc3ccc(O)c(O)c3)O[C@H](CO)[C@H]2OC(=O)/C=C/c2ccc(O)c(O)c2)[C@H](O)[C@H](O)[C@H]1O,0.01,6
COC[C@H](C)NC(C)(C)COC1=CC=C[C@](CC(=O)O)(OC)C1,0.165,1
O=C(O)c1ccccc1O,0.585,2
CS(=O)(=O)N1CC2(CCN(C(=O)Nc3cn(-c4ccccc4)cn3)CC2)c2ccccc21,0.27,1
C/C(=C\CNC=O)CC/C=C(\C)CCC/C(C)=C/C(=O)CC(C)C,0.55,1
COc1cccc(F)c1-c1ccc([C@@H](CC(=O)O)NC(=O)[C@@H]2CCCN2S(=O)(=O)c2cc(Cl)cc(Cl)c2)cc1,0.122,1
N#Cc1cc(C(=O)NCCCN2CCCC2)cc(-c2ccccc2N2CCN(CCc3ccc(Cl)c(Cl)c3)CC2)c1,0.81,1
COC(=O)C1=CO[C@@H](O[C@@H]2O[C@H](CO)[C@@H](O)[C@H](O)[C@H]2O)[C@@H]2[C@@H](C)[C@@H](O)C[C@H]12,0.132,1
C/C(=N\O)c1cccc(Oc2c3ccccc3nc3occ(Cl)c23)c1,0.663,3
CCc1cc2c(cc1N1CCC(N3CCOCC3)CC1)C(C)(C)c1[nH]c3cc(C#N)ccc3c1C2=O.Cl,0.37,1
CC(=O)N/N=C/C(C)(C)[C@@H]1CC[C@]2(C)[C@H](CC[C@@H]3[C@H]4[C@H]5OC[C@@]4(CCC5(C)C)CC[C@]32C)[C@@]1(C)CC#N,0.3965,1
COc1cc(C(C)C)c2c(c1)S(=O)(=O)N(COC(=O)c1c(Cl)ccc(OCCN3CCCC3)c1Cl)C2=O,0.46,1
NC(=O)c1cccc2cn(-c3ccc([C@@H]4CCCNC4)cc3)nc12,0.73,7
COc1cc2ccc(Br)cc2cc1[C@@H](c1ccccc1)[C@@](O)(CCN(C)C)c1cccc2c1CCC2,0.34,1
O=C(Cc1ccccc1)C(=O)c1ccccc1,0.115,3
O=S1(=O)CCC(Oc2ccc3c(c2)CCC2(CCN(C4CCC4)CC2)O3)CC1,0.48,1
CCCC[C@H](CC(=O)NO)C(=O)N1CCC[C@H]1C(=O)OC(C)(C)C,0.64,1
CC1(C)S[C@@H]2[C@H](NC(=O)[C@H](N)c3ccccc3)C(=O)N2[C@H]1C(=O)OCOC(=O)[C@@H]1N2C(=O)C[C@H]2S(=O)(=O)C1(C)C,0.8,1
CC(C)(O)CC[C@@H](O)[C@](C)(O)[C@H]1CC[C@@]2(O)C3=CC(=O)[C@@H]4C[C@@H](O)[C@@H](O)C[C@]4(C)[C@H]3CC[C@]12C,0.09949999999999999,4
[O-][As]([O-])[O-],0.8045,2
CCCC[C@H](NC(=O)OC(C(C)C)C(C)C)C(=O)C(=O)Nc1nncs1,0.15,1
O=c1[nH]c2ccccc2n1CCN1CCN(c2cccc(C(F)(F)F)c2)CC1,0.33,6
O=C([O-])[C@H](O)[C@@H](O)C(=O)[O-],0.805,2
Cc1ccccc1[C@@H]1C[C@H](N2CCOCC2)CC[C@H]1C(=O)N1CC(c2ccccc2)(c2ccccc2)C1.O=C(O)C(F)(F)F,0.078,1
Cn1cc(Nc2nccc(N3C[C@H]4CC[C@@H](C3)N4C(=O)[C@@H]3CC3(F)F)n2)cn1,0.75,1
COCCCCn1c(C(=O)N(CC(C)C)[C@@H]2CNC[C@H](C(=O)N3CCOCC3)C2)ccc1-c1ccccc1,0.07,1
C1COCCN1.C=C(C)C(=O)O.C=C(C)C(=O)O,0.635,14
CC(C)[C@H](N)C(=O)O[C@H]1[C@@H](F)[C@H](n2ccc(N)nc2=O)O[C@@]1(CO)CCl.Cl,0.534,3
CC[NH+](CC)C1CCN(C(=O)Cn2c(-c3ccc(Cl)cc3)c(C3CCCCC3)c3ccc(C(=O)O)cc32)CC1.[Cl-],0.1,1
Nc1ccc(O)c(C(=O)O)c1,0.4,1
O=C1OCCc2cc([C@@H]3CN4CCN(C(=O)Cc5ccc(-n6cnnn6)nc5)C[C@H]4CO3)ccc21,0.8150000000000001,2
[NH3]->[Pt]1(<-[NH3])[O]C(=O)C2(CCC2)C(=O)[O]1,0.04,3
CCCCC(=O)N(Cc1ccc(-c2ccccc2-c2nn[nH]n2)cc1)[C@H](C(=O)O)C(C)C.COCCCOc1cc(C[C@@H](C[C@H](N)[C@@H](O)C[C@@H](C(=O)NCC(C)(C)C(N)=O)C(C)C)C(C)C)ccc1OC,0.026000000000000002,1
CSc1cc(Cl)cc(CN)c1O,0.122,1
CCOc1c2c(c(OCC)c3ccccc13)C(=O)N(c1ccc(CC(=O)O)c(F)c1)C2,0.595,2
C=C(C)[C@@H]1CCC(C)=C[C@H]1c1c(O)cc(CCCCC)cc1O,0.0792,37
Nc1nc(=O)n([C@@H]2CC[C@H](CO)O2)cc1F,0.65,1
Cc1c(CCC(=O)O)cccc1NC(=O)[C@@H](c1ccc(-c2cncc(C(F)(F)F)c2)cc1)C1CCCC1,0.73,1
O=C(Nc1nc2cc(CN3CCCCC3)ccc2n1-c1ccccc1)c1cccc(C(F)(F)F)c1,0.89,1
C=C[C@@H]1C[C@]1(NC(=O)[C@@H]1C[C@@H](Oc2cc(-c3csc(NC(C)C)n3)nc3cc(OC)ccc23)CN1C(=O)[C@@H](NC(=O)OC1CCCC1)C(C)(C)C)P(=O)(O)Cc1ccccc1,0.046,1
C=CCCCCCCC(CCCCCCCCC)OCCCCCCCC,0.9,1
Clc1ccc(-c2cc(C3(c4ccccc4)CCN(CCc4ccccc4)CC3)[nH]n2)cc1.O=C(O)C(F)(F)F,0.087,1
C[Si](C)(Cc1ccc(F)cc1)CN1CCCCC1,0.28,1
CNC(=O)c1ccc(Nc2ncc(C(F)(F)F)c(NCc3nccnc3N(C)S(C)(=O)=O)n2)cc1,0.29,1
CCCc1cc(N[C@@H](CC(C)C)C(=O)NCCCOCC)nc(-n2cnc(-c3ccc(OC(F)(F)F)cc3)c2)n1,0.33,1
COc1ccccc1N1CCN(CCCN2C(=O)CCCC2=O)CC1,0.2805,2
CC1(n2c(-c3cccnc3)nc3ccc(F)cc32)CC1,0.32,1
CONC(=O)c1cn(-c2ccc3c(c2)CCC3)c2nc(Nc3ccc(C4CCN(C)CC4)cc3)ncc2c1=O,0.42,4
Cn1c(CNc2ccc(C(=N)N)cc2)nc2cc(C(=O)N(CCC(=O)O)c3ccccn3)ccc21,0.065,42
Cc1ncnc(C2CC2)c1-c1ncc2nc(NCc3ccc(S(C)(=O)=O)cn3)c(=O)n([C@@H](C)C3CC3)c2n1,0.7000000000000001,1
CC(C)(C)c1cc(-c2ccccc2)cc(-c2ccccc2)c1N,0.9,1
C[C@]12CC[C@@H]3c4ccc(OS(=O)(=O)[O-])cc4CC[C@H]3[C@@H]1CCC2=O,0.8015000000000001,2
CC(=O)N1c2ccccc2C[C@H]1COc1ccc2c(c1)c(SC(C)(C)C)c(CC(C)(C)C(=O)O)n2Cc1ccc(Cl)cc1,0.29,1
COC(=O)[C@@]1(Cc2ccc(O)c(CC=C(C)C)c2)OC(=O)C(O)=C1c1ccc(O)cc1,0.0629,1
O=C(Cn1c(Cl)cnc(NCC(F)(F)c2cccc[n+]2[O-])c1=O)NCc1ccccc1F,0.4,6
Cc1nc2ccccc2n1[C@H]1C[C@H]2CC[C@@H](C1)N2CCC1(c2ccccc2)CCN(C(C(=O)O)c2ccccc2)CC1,0.0,1
O.O.O.O.O=P([O-])(O)C(Cl)(Cl)P(=O)([O-])O.[Na+].[Na+],0.020499999999999997,4
CCC[C@@H]1C[C@@H](C(=O)N[C@@H]([C@H]2O[C@H](SC)[C@H](O)[C@@H](O)[C@H]2O)[C@H](C)Cl)N(C)C1,0.8505,2
COc1ccc2c(O[C@@H]3C[C@H]4C(=O)N[C@]5(C(=O)O)C[C@H]5/C=C\CCCCC[C@H](NC(=O)OC(C)(C)C)C(=O)N4C3)cc(-c3ccccc3)nc2c1,0.02,1
CNC(C)C(=O)c1ccc2c(c1)OCO2,0.835,1
Cn1nnc(-c2ccc(-c3ccc(N4C[C@H](COP(=O)(O)O)OC4=O)cc3F)cn2)n1,0.91,4
COc1ccc(C(=O)N2CCCc3cc(C4=NNC(=O)SC4C)ccc32)cc1OC,0.26,9
NC(=O)[C@@H]1CCCN1C(=O)[C@H](Cc1cnc[nH]1)NC(=O)C1CCC(=O)O1.O=C(O)CC(O)(CC(=O)O)C(=O)O,0.018000000000000002,1
CN=C(N)N(C)C(=N)N.Cl,0.5,6
CN(C)C[C@H]1CCCC[C@]1(O)c1cccc(O)c1,0.675,1
N[C@@H]1[C@@H](O)[C@H](O[C@@H]2O[C@H](CO)[C@@H](O)[C@H](O)[C@H]2N)[C@@H](CO)O[C@H]1O,0.0032,1
CC(=O)O[C@H]1C(=O)[C@]23C[C@H]2C[C@H]2OC[C@@]2(OC(C)=O)[C@H]3[C@H](OC(=O)c2ccccc2)[C@]2(O)C[C@H](OC(=O)[C@H](O)[C@@H](NC(=O)OC(C)(C)C)c3ccccc3)C(C)=C1C2(C)C,0.12705,8
Cc1cc(C2(C(C)C)OC(=O)NC2=O)c(=O)[nH]c1-c1ccc2ccccc2c1,1.0,1
C[C@@H](c1nc(-c2ccc(C#N)cc2)cs1)[C@](O)(Cn1cncn1)c1cc(F)ccc1F,0.9740000000000001,35
CN1CCC(=C2c3ccccc3CC(=O)c3sccc32)CC1,0.848,1
Oc1ccc(/C=C\c2cc(O)cc3oc(-c4ccc(O)cc4)c(-c4cc(O)cc(O)c4)c23)cc1,0.0079,1
Cc1c(Oc2ccc(Cl)cc2)c2ccc(Cl)nc2n1Cc1ccc(Cl)c(O[C@@H](C)C(=O)O)c1,0.56,1
O=C1C[C@@H](O)[C@@H](O)[C@@H](O)[C@@H]1O,0.68,1
NC(=O)N1c2ccccc2C2OC2c2ccccc21,0.66,2
N#C[C@@H]1CC[C@H](C#N)N1C(=O)CNC1(CO)CCCC1,0.735,4
CCCc1ncc(C[n+]2ccccc2C)c(N)n1.[Cl-],0.064,3
C[C@H]1Oc2cc(cnc2N)-c2c(nn(C)c2C#N)CN(C)C(=O)c2ccc(F)cc21,0.81,10
OC[C@H]1O[C@@H]2O[C@H]3[C@H](O)[C@@H](O)[C@@H](O[C@H]4[C@H](O)[C@@H](O)[C@@H](O[C@H]5[C@H](O)[C@@H](O)[C@@H](O[C@H]6[C@H](O)[C@@H](O)[C@@H](O[C@H]7[C@H](O)[C@@H](O)[C@@H](O[C@H]8[C@H](O)[C@@H](O)[C@@H](O[C@H]9[C@H](O)[C@@H](O)[C@@H](O[C@H]1[C@H](O)[C@H]2O)O[C@@H]9CO)O[C@@H]8CO)O[C@@H]7CO)O[C@@H]6CO)O[C@@H]5CO)O[C@@H]4CO)O[C@@H]3CO,0.04,1
CN1C(=O)[C@H](Cc2ccccc2)[NH2+]C1(C)C.O.[Cl-],0.171,8
CN[C@H](Cc1ccccc1)C(=O)N1CCC[C@H]1C(=O)N[C@H](C=O)CCCN=C(N)N,0.163,2
Cc1ccc(NS(=O)(=O)Cc2ccccc2F)c(=O)n1CC(=O)N[C@H](CCCN=C(N)N)C(=O)O,0.535,1
BrC1=NOC2(C1)CC1CN(C1)C2,0.44,1
[Cl-].[Li+],1.0,3
Cc1ncc(-c2cc(-c3cc(S(=O)(=O)NCC(C)(C)O)ccc3C)cnc2N)o1,0.9400000000000001,1
CC(C)C(=O)N1CCC[C@]12CN([C@H](C(N)=O)[C@@H](C)O)C2=O,0.56,1
O=C(N[C@@H]1C[C@@]2(CCCO2)C[C@@H]1C(=O)NO)c1ccc(Cn2c(C3CC3)nc3ccccc32)cc1,0.14,1
ClCCl,0.20600000000000002,1
COc1cc(C(=O)OC2C3C=COC(OC4OC(CO)C(O)C(O)C4O)C3C3(CO)OC23)ccc1O,0.002549,1
O=C([C@H](O)CS(=O)(=O)c1ccc2cc(Cl)ccc2c1)N1CCC(N2CCCNC2=O)CC1,0.525,2
Cc1c(Cl)cccc1Nc1ccccc1C(=O)O,0.7775,4
CC(=O)SCCCCCCCCCCCCCCCC(=O)[O-],0.47700000000000004,1
BrCCC(N=Cc1ccccc1)c1nc2ccccc2o1,0.05,1
CC(=O)N[C@H]1[C@H]([C@H](O)[C@H](O)CO)OC(C(=O)O)=C[C@@H]1NC(=N)N,0.0204,9
NS(=O)(=O)c1cccnc1,0.55,1
CO[C@H]1C[C@@H]2CC[C@@H](C)[C@@](O)(O2)C(=O)C(=O)N2CCCC[C@H]2C(=O)O[C@H]([C@H](C)C[C@@H]2CC[C@@H](O)[C@H](OC)C2)CC(=O)[C@H](C)/C=C(\C)[C@@H](O)[C@@H](OC)C(=O)[C@H](C)C[C@H](C)/C=C/C=C/C=C/1C,0.14,26
Cc1cc(N2C[C@@H](C)N[C@@H](C)C2)ncc1-c1ccc(-c2nc3c(ccn3C)c(=O)[nH]2)cc1,0.15,2
C[C@@H]1C[C@H]2[C@@H]3CCC4=CC(=O)C=C[C@]4(C)C3=CC[C@]2(C)[C@@]1(O)C(=O)CO,0.505,2
Cc1ccc2c(N3CCN(CCc4cccc5c4ccc(=O)n5C)[C@@H](C)C3)cc(F)cc2n1,0.34,1
Cc1nc(NNC(=O)[C@H](CC2CCCC2)CN(O)C=O)c(F)c(N2CCN3CCOC[C@@H]3C2)n1,0.56,5
CNC(=O)c1ccc(-c2cc(F)c3ncc(Cc4ccc5ncccc5c4)n3c2)cc1F,0.292,2
Oc1ccc(C2Oc3ccc(/C=C/c4cc(O)cc(O)c4)cc3C2c2cc(O)cc(O)c2)cc1,0.023,2
CO[C@H]1C[C@@H]2CC[C@@H](C)[C@@](O)(O2)C(=O)C(=O)N2CCCC[C@H]2C(=O)O[C@H]([C@H](C)C[C@@H]2CC[C@H](n3cnnn3)[C@H](OC)C2)CC(=O)[C@H](C)/C=C(\C)[C@@H](O)[C@@H](OC)C(=O)[C@H](C)C[C@H](C)/C=C/C=C/C=C/1C,0.121,1
CCCCCS(=O)(=O)NC(=O)CCc1cc(OC(C)C)nn1Cc1ccc(Cl)cc1Cl,0.376,1
Cc1ncc([N+](=O)[O-])n1C,0.8,3
O=C(/C=C/c1ccc(O)c(O)c1)O[C@@H]1C[C@](O)(C(=O)O)C[C@@H](OC(=O)/C=C/c2ccc(O)c(O)c2)[C@H]1O,0.226,3
COc1cc(CCNCC(O)CO/N=C2/c3ccccc3C3CCCCC23OC)cc(OC)c1,0.22,21
CS(=O)(=O)CCN1C[C@H](c2cccc(F)c2F)CC[C@@H](NC(=O)N2CCC(n3c(=O)[nH]c4ncccc43)CC2)C1=O,0.01,1
CCN(C)S(=O)(=O)Nc1ccc(F)c(Oc2ccc3ncn([C@H]4COC5(CCN(C(=O)CC6(O)CCN(c7cc8c(cc7F)c(N7CCC(=O)NC7=O)nn8C)CC6)CC5)C4)c(=O)c3c2)c1C#N,0.89,1
Cc1cnc2c(c1)CN(CCn1ncc3c1nc(N)n1nc(-c4ccco4)nc31)CC2,0.71,1
CCC(=O)C(O)N(C)C(C(=O)N1CC(CC)CC1C(=O)N(C)C1C(=O)NC(CC(C)C)C(=O)N2CC(C)CC2C(=O)NC(CCC(C)C)C(=O)N(C)C(C(C)C)C(=O)N2CCCC2C(=O)N(C)C(CC(C)C)C(=O)NCC(=O)OC1C)C(C)C,0.23500000000000001,3
O=C1O[C@]2(CC[C@H](c3nc4cc(OC(F)(F)F)ccc4[nH]3)CC2)CN1c1ccccc1F,0.75,1
C[C@@H]1CCC[C@H](C)N1CCCC(O)(c1ccccc1)c1ccccn1,0.826,3
CC(C)OC(=O)[C@H](C)N[P@](=O)(CO[C@H](C)Cn1cnc2c(N)ncnc21)Oc1ccccc1,0.485,2
Cc1cccc(Cl)c1C(=O)N[C@@H](Cc1ccc(-c2c(C)n(C)c(=O)n(C)c2=O)cc1)C(=O)O,0.1,1
Cc1ccccc1OCC(O)CNCCOc1ccc(C(N)=O)cc1,0.3,1
Cc1cccc(-n2c(N)c(NC(=O)c3c(C)c(O)c(C)c4c3OC(C)(C)C4)c(=O)n(C)c2=O)c1,0.12,1
Cc1nc(C(=O)NCCCN2CCN(c3cccc(Cl)c3Cl)CC2)c(C)n1-c1ccc2c(c1)OCCO2.Cl.Cl.Cl.Cl,0.1492,1
O=C(O)Cc1c[nH]c2ccccc12,0.13,1
CN1C[C@H](C(=O)Nc2ccc(Cl)cc2)[C@@H](c2ccc(/C=C/C(=O)Nc3ccccc3N)cc2)C1,1.0,1
CCCCc1c(-c2ccccc2)nn(-c2ccccc2)c1F,0.85,1
Cc1noc(C)c1-c1ccc2nc(-c3cnn(CCO)c3)nc(N3CCOCC3c3ccccc3)c2c1,0.51,2
Nc1noc2ccc(-n3nc(C(F)(F)F)cc3C(=O)N3CCc4cc(-c5ccccc5S(N)(=O)=O)ccc43)cc12,0.66,1
O=C(O)Cc1ccccc1OCCC1Oc2ccccc2N(CCCCCCF)C1=O,0.6950000000000001,2
CCc1nn2ccccc2c1Cc1ccc(C(=O)N[C@@H]2CCOC[C@@H]2C(=O)NO)cc1,0.52,1
CNC(C)(C)[C@H]1OC2(CCN(C(=O)[C@@H]3CN(C4CCOCC4)C[C@H]3c3ccc(F)cc3F)CC2)c2cc(Cl)c(C)cc21,0.46,1
O=C1[C@H](CC[C@H](O)c2ccc(F)cc2)[C@@H](c2ccc(O)cc2)N1c1ccc(F)cc1,0.5,1
Cc1nc2cnc3[nH]ccc3c2n1C1CCNCC1,0.0006,1
CO[C@H]1/C=C/O[C@@]2(C)Oc3c(C)c(O)c4c(O)c(c(/C=N/N5CCN(C)CC5)c(O)c4c3C2=O)NC(=O)C(C)=CC=C[C@H](C)[C@H](O)[C@@H](C)[C@@H](O)[C@@H](C)[C@H](OC(C)=O)[C@@H]1C,0.805,16
Cc1cn(-c2cc(NC(=O)c3ccc(C)c(Nc4nccc(-c5cccnc5)n4)c3)cc(C(F)(F)F)c2)cn1,0.26005,20
Cc1cc(C=C2C(=O)Nc3ccc(F)cc32)c2ccccc(OCCN3CCC[C@H]3CO)c1-2,0.228,1
COc1ccc2c(c1)CCN(C(=O)CC(C)(O)CC(=O)O)[C@H]2C(=O)Nc1cc(F)c([Si](C)(C)C)c(F)c1,0.34,1
NC(=O)c1cccc([C@H]2C[C@H]3CC[C@@H](C2)N3CCN(CC2CCC(F)(F)CC2)C(=O)CO)c1,0.3,1
O=C(Nc1cccnc1)c1cc(-c2ccnc(F)c2)ccc1OCc1ccccc1,0.122,1
CC(C)CC1(C(=O)[O-])C(C)NC(C)C(C)(C(=O)[O-])C1c1ccccc1[N+](=O)[O-],0.060500000000000005,1
O=C([O-])COc1cccc(C[C@@H]2CCCC=C2c2nc(-c3ccccc3)c(-c3ccccc3)o2)c1.[Na+],0.5,1
C=CC(=O)Nc1cc(Nc2nccc(-c3cn(C)c4ccccc34)n2)c(OC)cc1N(C)CCN(C)C,0.7000000000000001,6
CC(=O)N1CCN(C)C(c2nc(C(=O)NCc3ccc(F)cc3)c(O)c(=O)n2C)C1,0.17,1
C[C@H](N)[C@H](O)c1ccccc1.Cl,0.885,4
CCC(C(=O)NC(C)(C)C)N(C(=O)CC1Sc2ccccc2NC1=O)c1ccc(OC)cc1,0.275,2
CC(C)CN1CCc2cc(O)ccc2[C@H]1c1ccc(/C=C/C(=O)O)cc1,0.26,1
Cn1cncc1C(OCc1ccc(C#N)cc1)c1ccc(C#N)c(-c2cccc3cccnc23)c1,0.725,2
CCCSc1c(C(=O)N[C@H]2C3CC4CC2C[C@](S(C)(=O)=O)(C4)C3)cnn1-c1ccc(C(=O)O)cc1,0.07,1
Cc1c(Cc2ccccc2S(=O)(=O)c2ccc(F)cc2)c(-c2ccccc2)nn1CC(=O)O,0.5,1
CC(F)(F)CN1CCOc2c(nn(-c3ccccc3Cl)c2-c2ccc(Cl)cc2)C1=O,0.625,1
Cc1cc(Cc2nc3n(n2)Cc2c(C)ncn2-c2ccc(Br)cc2-3)on1,0.34,1
COC[C@@H](NC(=O)c1ccc(Cl)s1)C(=O)Nc1ccc(N2CCOCC2=O)c(C)c1,0.6,3
C=C(C)C([O-])=S,0.51,3
COc1cc2ccc(Br)cc2cc1[C@@H](c1cccc(OC)c1F)[C@@](O)(CCN(C)C)c1cccc2c1CCC2,0.51,1
N#Cc1ccc(S(=O)(=O)[C@H]2CN(S(=O)(=O)c3ccc(Cl)cc3Cl)C[C@@H]2O)cc1,1.0,1
COc1c(O)cc2occ(-c3ccc(O)cc3)c(=O)c2c1O,0.5633,1
CCCCCCCCCCCCCCCCCC(=O)N1CCNCC1,0.46,1
CCCC=C1OC(=O)C2=C1CCC=C2,0.5208,12
C=CCSSCCC,0.41000000000000003,1
COC1(CCC(C)COC2OC(CO)C(O)C(O)C2O)OC2CC3C4CC=C5CC(OC6OC(CO)C(OC7OC(CO)C(O)C7O)C(OC7OC(C)C(O)C(O)C7O)C6O)CCC5(C)C4CCC3(C)C2C1C,0.01,1
CCCCCCCCCCCCC[C@@H]1CC(=O)N[C@H]([C@@H](C)O)C(=O)N[C@H](C)C(=O)N[C@@H](Cc2ccc(O)cc2)C(=O)N[C@@H](C(C)C)C(=O)N2C[C@H](O)C[C@H]2C(=O)N[C@H]([C@@H](C)O)C(=O)N[C@@H]([C@@H](C)O)C(=O)N2CC[C@H](O)[C@H]2C(=O)N[C@@H]([C@H](O)CC(N)=O)C(=O)NCC(=O)N[C@H]([C@@H](C)O)C(=O)N[C@@H](CCCNC(=O)CNC)C(=O)O1.Cl,0.28,1
CCC/N=C1\S/C(=C\c2ccc(OC[C@H](O)CO)c(Cl)c2)C(=O)N1c1ccccc1C,0.8390000000000001,4
C[C@@H]1CN(c2ccc3c(n2)NC(=O)CO3)[C@H](c2ccccc2)CO1,0.4,3
C[C@@]1(C(=O)N[C@H](CC(=O)O)c2ccc(-c3c(O)cccc3O)cc2)CCCN1S(=O)(=O)c1cc(Cl)cc(Cl)c1,0.026000000000000002,1
CCn1c(C(=O)N(CC(C)C)[C@@H]2CNC[C@H](C(=O)N3CCOCC3)C2)nc2ccccc21,0.14,1
C/C(=C/C=C/[C@@H](C)C(=O)O)[C@H]1CN[C@H](C(=O)O)[C@H]1CC(=O)O,0.0015,3
CC(C)N1C(=O)[C@H](NC(=O)[C@@H](Cc2ccccc2C(F)(F)F)NC(=O)OC(C)(C)C)CN(CC2CC2)c2ccccc21,0.09,1
COC(=O)c1cc(OC)c2c(c1-c1c(C(=O)OC)cc(OC)c3c1OCO3)OCO2,0.11435000000000001,2
CCCCNc1nc(SCCC)nc2c1nnn2[C@@H]1C[C@H](C(N)=O)[C@@H](O)[C@H]1O,0.05,1
CCOc1ccc(Cc2cc([C@]34OC[C@](CO)(O3)[C@@H](O)[C@H](O)[C@H]4O)ccc2Cl)cc1,1.0,27
CC(=O)CC(=O)CCC(=O)O.CCCCCCCC(=O)O,0.6950000000000001,2
O=[As]([O-])([O-])[O-],0.93,3
C[N+]1(CC2CC2)CC[C@]23c4c5ccc(O)c4O[C@H]2C(=O)CC[C@@]3(O)[C@H]1C5,0.0175,2
CCOC(=O)c1cc(C#N)c(N2CCN(C(=O)NS(=O)(=O)c3ccc(Cl)s3)CC2)nc1C,0.3,1
COc1cc(C2CCN(CC(N)=O)CC2)ccc1Nc1ncc2c(C)cc(-c3ccccc3N(C)S(C)(=O)=O)n2n1,0.24,1
COc1ccc2nc3cc(Cl)ccc3c(Nc3cc(CN4CCCC4)c(O)c(CN4CCCC4)c3)c2n1,0.385,2
CS(=O)(=O)N1CC2(CCN(C(=O)Nc3ccc(-c4ccccn4)cc3)CC2)c2ccccc21,0.12,1
COc1cc(OC(C)C)cc(S(=O)(=O)c2ccc3c(c2)O[C@H]2CNCC[C@@H]32)c1.Cl,0.39,1
CN1C[C@H](O)C[C@H]1c1nc(C(=O)NCc2ccc(F)cc2)c(O)c(=O)n1C,0.02,1
O[C@@H](CN1c2cccc(-c3cccc(OC(F)(F)F)c3)c2OC[C@@H]1c1cccc(OC(F)(F)C(F)F)c1)C(F)(F)F,0.53,1
CC(=O)Nc1cccc(C=Cc2ccc(N3C(=O)C=CC3=O)cc2S(=O)(=O)[O-])c1S(=O)(=O)[O-],0.8,6
COc1ccc(S(=O)(=O)NCc2cc(CN3CCCC3)c(O)c(CN3CCCC3)c2)cc1.O=S(=O)(O)O,0.35200000000000004,3
O=C(c1c[nH]nn1)[C@@H]1C[C@@H](F)CN1,1.0,2
COc1ccccc1-c1ccc([C@@H](CC(=O)O)NC(=O)[C@H]2CCCN2S(=O)(=O)c2cc(Cl)cc(Cl)c2)cc1,0.21600000000000003,1
O=C(O)[C@H]1CC[C@H](C(=O)N2CC[C@](c3ccc(C(OCc4c(F)cccc4F)(C(F)(F)F)C(F)(F)F)cc3)(S(=O)(=O)c3ccc(F)cc3)C2)CC1,0.56,1
O=C1Cc2cc3ccccc3cc2O1,0.9465000000000001,1
CO[C@H]1O[C@H](COS(=O)(=O)O)[C@@H](O[C@@H]2O[C@@H](C(=O)O)[C@@H](O[C@H]3O[C@H](COS(=O)(=O)O)[C@@H](O[C@@H]4O[C@H](C(=O)O)[C@@H](O[C@H]5O[C@H](COS(=O)(=O)O)[C@@H](O)[C@H](O)[C@H]5NS(=O)(=O)O)[C@H](O)[C@H]4O)[C@H](OS(=O)(=O)O)[C@H]3NS(=O)(=O)O)[C@H](O)[C@H]2OS(=O)(=O)O)[C@H](O)[C@H]1NS(=O)(=O)O,0.21,3
COC(=O)c1sccc1Nc1cc(OC)c(OC)c(OC)c1,0.365,2
CC(C)(C)c1cc(NC(=O)Nc2ccc(-c3cn4c(n3)sc3cc(OCCN5CCOCC5)ccc34)cc2)no1,0.42,5
O=C(Nc1cc(Cl)c(Cl)c(Cl)c1)c1ccccc1NS(=O)(=O)c1cccc([N+](=O)[O-])c1,1.0,1
C[S@@](=O)CCCCN=C=S,0.6835,8
O=c1ncnc2[nH][nH]cc1-2,0.67,1
O=C(O)c1cccc(-c2cccc(NCCNC[C@H](O)c3cccc(Cl)c3)c2)c1,0.365,4
CCCC[C@H](NC(=O)OC(C(C)C)C(C)C)C(=O)C(=O)Nc1cc[nH]n1,0.41000000000000003,2
NC(N)=NCCC[C@@H](NC(=O)Cn1cccc(NS(=O)(=O)Cc2ccccc2F)c1=O)C(=O)O,0.535,1
C=C(Br)/C=C(\CBr)c1ccc(Cl)cc1,0.9,1
COc1c2c(c(-c3ccc4c(c3)OCO4)c3cc4c(cc13)OCO4)C(=O)OC2,0.058499999999999996,1
COc1ccc(-n2c3cssc-3c(NC(=O)c3cc(C(F)(F)F)cc(C(F)(F)F)c3)c2=O)c(OC)c1,0.23600000000000002,3
CC[C@@H]1[C@@H]2CN(C(=O)[C@H](C(C)(C)C)NC(=O)O[C@@H]3C[C@H]3CCCCCc3nc4ccc(OC)cc4nc3O2)[C@@H]1C(=O)N[C@]1(C(=O)NS(=O)(=O)C2(C)CC2)C[C@H]1C(F)F,0.31,1
CC(C)=O.CC(C)=O.O=C[C@H](O)[C@@H](O)[C@H](O)[C@@H](O)C[N+](=O)[O-],0.535,1
NC(=O)c1cc2ncccc2cn1,0.04,1
C[C@@]12CC[C@@H]3[C@@](CC[C@H]4[C@@]3(C)CCC[C@@]4(C)C(=O)O)(CC1=O)C2,0.6,1
CC(C)C[C@@H]1C(=O)N[C@H](C2Cc3ccccc3C2)C(=O)N1[C@@H](C(=O)N1CCC1)c1ccc(F)cc1F,0.27,2
COc1c(Nc2ncc(Cl)c(N[C@H]3[C@@H](C(N)=O)[C@@H]4C=C[C@H]3C4)n2)ccc2c1CCC[C@@H](N1CCN(C)CC1)C2,0.11,2
COc1ccc(/C=C/c2cc(OC)cc(OC)c2)cc1,0.549,6
Brc1ccccn1.Cl,0.14,1
CON=C(C(=O)N[C@@H]1C(=O)N2C(C(=O)O)=C(COC(C)=O)CS[C@H]12)c1csc(N)n1,0.049100000000000005,1
CCCCOC(=O)N1CCN(C(=O)[C@H](CP(=O)(O)O)NC(=O)c2cc(N3CC[C@H](OC)C3)nc(-c3ccccc3)n2)CC1,0.01,2
FCF,0.32,1
CS(=O)(=O)c1ccc(-c2cc(C(=O)O)c3cccc(C(=O)c4ccccc4)c3n2)cc1,0.26295,2
Cl.O=C(O)COc1cccc(CN2CCC[C@@H]2c2nc(-c3ccccc3)c(-c3ccccc3)o2)c1,0.41000000000000003,1
CCCn1c(=O)c2[nH]c(-c3cnn(CC(=O)N4CCN(c5cccc(C(F)(F)F)c5)CC4)c3)nc2n(CCC)c1=O,0.27,2
O=C(N[C@@H]1CCC[C@@H]1C(=O)NO)c1ccc(Cn2c(C3CC3)nc3ccccc32)cc1,0.22,1
O=C(O)CCCc1ccccc1,0.78,1
C=CC(=O)N1CC(N2CCN(C(=O)CNc3cc(C4(C)CC4)c(Cl)cc3O)CC2)C1,0.02,1
C=CC(=O)N1CCC[C@@H](n2nc(-c3ccc(Oc4ccccc4)cc3)c3c(N)ncnc32)C1,0.084,33
CC(=O)Nc1cccc(Nc2ncnc(N3CCC(Oc4ccccc4)CC3)n2)c1,0.52,1
NC(=O)C(=O)C(Cc1ccccc1)NC(=O)[C@H]1CCC(=O)N1Cc1ccccc1,0.0,1
CC1(C)CC[C@]2(C(=O)O)CC[C@]3(C)C(=CC[C@@H]4[C@@]5(C)CC[C@H](O)C(C)(C)[C@@H]5CC[C@]43C)[C@@H]2C1,0.006999999999999999,12
CCCCCCNC(=O)n1cc(F)c(=O)[nH]c1=O,0.39349999999999996,2
N=C(N)NCCC[C@H](N)C(=O)O,0.44,2
O=C(O)c1cccc(-c2cccc(CCS)c2C(=O)O)c1,0.37,3
COc1cc(O)c(C(=O)[C@@H]2[C@H](CC=C(C)C)C(C)=CC[C@H]2c2ccccc2)c(O)c1,0.08,3
CC(C)(F)c1noc(N2CCC(N(c3cc(OC4CCN(S(C)(=O)=O)CC4)ncn3)C(F)(F)F)CC2)n1,0.5700000000000001,1
CC(C)(C)N.CCC[C@H](N[C@@H](C)C(=O)N1[C@H](C(=O)O)C[C@@H]2CCCC[C@@H]21)C(=O)OCC,0.75,3
Cn1cc(S(C)=O)c(=O)c2ccc(F)cc21,0.72,2
O=P([O-])(O)C(Cl)(Cl)P(=O)([O-])O,0.01909,8
CC(C)(C)c1nc2nc(-c3ccccc3Cl)c(-c3ccc(C#N)cc3)cc2c2n[nH]c(=O)n12,0.09699999999999999,3
N#C[C@@H]1C[C@H](F)CN1C(=O)[C@@H](N)Cc1ccccc1,0.218,1
O=C(N[C@@H]1CCOC[C@@H]1C(=O)NO)c1ccc(Cc2c(C(F)(F)F)nn3ccccc23)cc1,0.9,1
COC(=O)C(c1ccc(F)cc1)N1CCC(CCN2[C@@H]3CC[C@H]2C[C@@H](n2c(C)nc4ccccc42)C3)(c2ccccc2)CC1,0.53,1
CC(C)N1C(=O)[C@H](NC(=O)[C@@H](Cc2ccccc2OC(F)(F)F)NC(=O)c2ccccn2)CCc2ccccc21,0.6,1
C=C[C@@H](O)CC(=NOS(=O)(=O)[O-])S[C@@H]1O[C@H](CO)[C@@H](O)[C@H](O)[C@H]1O,0.087,3
Cc1cc(COc2ccc(NC(=O)[C@@H]3[C@@H](C(=O)NO)CCCN3C)cc2)c2ccccc2n1,0.43,1
O=C(NC[C@H](O)CO)c1ccncc1Nc1ccc(I)cc1F,0.73,1
C(#Cc1ccncc1)Cc1ccc2ccccc2n1,0.75,1
CN(CCOc1ccc(CC2SC(=O)NC2=O)cc1)c1ccccn1.O=C(O)/C=C\C(=O)O,0.9500000000000001,1
CC(C)=C[C@H]1C[C@](C)(O)[C@@H]2[C@H]3CC[C@@H]4[C@@]5(C)CC[C@H](O[C@@H]6OC[C@H](O)[C@H](O[C@@H]7O[C@H](CO[C@@H]8O[C@H](CO)[C@@H](O)[C@H](O)[C@H]8O)[C@@H](O)[C@H](O)[C@H]7O[C@@H]7OC[C@@H](O)[C@H](O)[C@H]7O)[C@H]6O[C@@H]6O[C@@H](C)[C@H](O)[C@@H](O)[C@H]6O)C(C)(C)[C@@H]5CC[C@@]4(C)[C@@]34CO[C@@]2(C4)O1,0.013200000000000002,1
COc1ccc([C@H]2CNC(=O)C2)cc1OC1CCCC1,0.73,1
C[C@]1(COc2ccc(N3CCC(Oc4ccc(OC(F)(F)F)cc4)CC3)cc2)Cn2cc([N+](=O)[O-])nc2O1,0.25,1
C[C@H](c1ccc(Cl)cc1Cl)n1nc(C#N)c2ncc(N3CC([C@H]4CCCN(CCO)C4)C3)nc21,0.29,1
O=C(c1ccccc1)c1ccc2n1CCC2C(=O)[O-].[NH3+]C(CO)(CO)CO,0.5700000000000001,2
C[C@@](Cc1ccc(O)c(O)c1)(NN)C(=O)O,0.05,1
Cc1cc(COc2ccc(NC(=O)[C@H]3CN(C)CC[C@@H]3C(=O)NO)cc2)c2ccccc2n1,0.09,2
COc1cc(Br)c2oc(C3CCNCC3)cc2c1.Cl,0.865,1
CCNc1nc(Nc2cc(F)c(C(=O)N3CCOCC3)cc2OC)ncc1C(F)(F)F,0.20500000000000002,2
CCl,0.7467,2
O=C(O)CC(Cc1nc(CCCc2ccc3c(n2)NCCC3)no1)c1ccc2c(c1)OCO2,0.9500000000000001,1
[2H]C([2H])([2H])N1CC(=O)NC1=N,0.99,1
Oc1ccc(CC2NCCc3cc(O)c(O)cc32)cc1,0.1235,2
O=C(Nc1cccnc1-c1ccccc1)N1CCN2C(=O)N([C@H]3C[C@@H]3c3ccccc3)C(=O)[C@@H]2C1,0.21850000000000003,2
N#Cc1c(N(CC(=O)[O-])CC(=O)[O-])sc(C(=O)[O-])c1CC(=O)[O-].[Sr+2].[Sr+2],0.27,1
O=C1NC(=O)[C@](CNC(=O)c2cnn(-c3ccccc3)n2)(C2CC2)N1,0.74,1
c1c[nH]cn1,0.22,2
O=c1[nH]c(=O)n(C2CCCO2)cc1F.O=c1cc[nH]c(=O)[nH]1,1.0,1
COc1ccc(C(=O)NC[C@@H](O)CO)cc1/C=C/c1ccc(Cl)cc1,0.9500000000000001,2
CCOc1ccccc1OCCN[C@H](C)Cc1ccc(OC)c(S(N)(=O)=O)c1.Cl,0.35850000000000004,5
COCCCN1CCC(NC(=O)c2cc(Cl)c(N)c3c2OCC3)CC1,0.9,7
C=CC(=O)Nc1cc2c(Nc3ccc(F)c(Cl)c3)ncnc2cc1OCCCN1CCOCC1.Cl.Cl,0.21,2
CC(=N)N1CCC(Oc2ccc(N(Cc3ccc4ccc(C(=N)N)cc4c3)S(=O)(=O)CC(=O)O)cc2)CC1,0.135,4
O=C(O)CCn1c2c(c3ccccc31)C[C@H](NS(=O)(=O)c1ccc(F)cc1)CC2,0.41450000000000004,2
C=C1C[C@@H]2/C=C/C[C@H](C)C(=O)[C@](C)(O)/C=C/[C@@H](OC(C)=O)C23C(=O)N[C@@H](Cc2ccccc2)[C@@H]3[C@@H]1C,0.09,2
CC1=C(/C=C/C(C)=C/C=C/C(C)=C/C=C/C=C(C)/C=C/C=C(C)/C=C/C2=C(C)C(=O)[C@@H](O)CC2(C)C)C(C)(C)C[C@H](O)C1=O,0.105,4
CSCC[C@H](NC(=O)c1ccc(COc2cccnc2)cc1-c1ccccc1C)C(=O)O,0.06,1
CC(C)(Oc1ccc(F)cc1Cl)C(=O)N[C@H]1C2CC3CC1C[C@](S(N)(=O)=O)(C3)C2,0.61,1
Cc1cc(-c2nc(C(=O)Nc3cn(C4CCOCC4)nc3C(N)=O)co2)ccn1.Cl,0.64,2
CC[C@@]1([C@@H]2O[C@@H]([C@H]3O[C@@](O)(CO)[C@H](C)C[C@@H]3C)C[C@@H]2C)CC[C@H]([C@]2(C)CC[C@]3(C[C@H](O)[C@@H](C)[C@@H]([C@@H](C)[C@@H](OC)[C@H](C)C(=O)O)O3)O2)O1,0.29910000000000003,1
Nc1nc2c(c(=O)[nH]1)N(C=O)C(CNc1ccc(C(=O)N[C@@H](CCC(=O)[O-])C(=O)O)cc1)CN2,0.04,1
Cc1ccc(C(=O)Nc2ccc(CN3CCN(C)CC3)c(C(F)(F)F)c2)cc1C#Cc1cnc2cccnn12.Cl,0.65,1
CCNC(=O)Nc1ccc(-c2nc3c(c(N4CCOC[C@@H]4C)n2)C[C@@H]2CC[C@H]3N2C2COC2)cc1,0.8200000000000001,1
Cc1ccc(-c2nc3ccc(C)cn3c2CC(=O)N(C)C)cc1.Cc1ccc(-c2nc3ccc(C)cn3c2CC(=O)N(C)C)cc1.O=C(O)[C@H](O)[C@@H](O)C(=O)O,0.7000000000000001,3
CN(c1ccc(C(=O)Nc2cnc3ccccc3c2)cc1)C1CCCCC1,0.7000000000000001,1
C=C1[C@@H](O)[C@@H]2O[C@]3(CC[C@H](/C=C/[C@@H](C)[C@@H]4CC(C)=C[C@@]5(O[C@H](C[C@@](C)(O)C(=O)O)CC[C@H]5O)O4)O3)CC[C@H]2O[C@@H]1[C@@H](O)C[C@H](C)[C@H]1O[C@@]2(CCCCO2)CC[C@H]1C,0.11,1
Cc1nc([C@](C)(O)CO)sc1-c1cnc(N)c(O[C@H](C)c2cc(F)ccc2-n2nccn2)c1,0.86,1
NCCCC[C@H](OP(=O)(O)CCCCc1ccccc1)C(=O)N1CCC[C@H]1C(=O)O,0.53,1
Cc1cncc(Cc2ccc(-c3ccccc3)nc2)c1,0.02,1
CCCC(=O)N(Cc1ccc(-c2ccccc2S(=O)(=O)Nc2noc(C)c2F)cc1)C(C(=O)NC(C)C)C(C)C,0.19,1
COc1cc2ccc(Br)cc2cc1[C@@H](c1ccccc1)[C@@](O)(CCN(C)C)c1cccc2ccoc12,0.52,1
C(#C[Te+](c1ccccc1)c1ccccc1)c1ccccc1.F[B-](F)(F)F,0.45,1
O=c1[nH]c(=O)n([C@H]2C[C@H](F)[C@@H](CO)O2)cc1Cl,0.73,2
O=C(O)/C(=C/c1ccc(Oc2ccccc2Br)cc1)NC(=O)c1ccccc1,0.21,1
c1cnc2cc3c(cc2n1)[C@@H]1CNC[C@H]3C1,0.9,1
CS(=O)(=O)c1cc(Cl)c(NC(=O)N2CCN3C(=O)N([C@H]4C[C@@H]4c4ccccc4)C(=O)[C@@H]3C2)c(Cl)c1,0.37300000000000005,2
CN(Cc1nc2ccccc2[nH]1)C(=O)c1ccc2c(c1)CN(C)C(=O)[C@H](CC(=O)O)N2,0.05,1
COc1cc(Nc2c(C#N)cnc3cc(OCCCN4CCN(C)CC4)c(OC)cc23)c(Cl)cc1Cl,0.33475000000000005,4
CC(C)(O)c1cncc(-c2nc3ccc(F)cc3n2C2CC2)c1,0.455,2
Nc1ccn([C@@H]2O[C@H](CO)C[C@@H]2F)c(=O)n1,0.465,2
O=c1[nH]c(=O)n([C@H]2C[C@H](O)[C@@H](CO)O2)cc1F,0.39,1
CNC(=O)c1cc(Oc2ccc(NC(=O)c3cccc(C(F)(F)F)c3)cc2)ccn1,0.399,1
O=C([O-])P(=O)([O-])[O-].[Na+].[Na+].[Na+],0.38,2
O=C(CCCCCCC(=O)P(=O)([O-])[O-])P(=O)([O-])[O-],0.389,1
Cc1cc(C(=O)Nc2nc3cccc(C)c3n2[C@@H]2CCCCN(C(=O)/C=C/CN(C)C)C2)ccn1,0.34,1
OCC1CO1,0.7000000000000001,1
O=C(Cn1c(Cl)cnc(NCC(F)(F)c2cccc[n+]2[O-])c1=O)NCc1ncccc1F,0.8300000000000001,1
CC(C)N1C(=O)[C@H](NC(=O)[C@@H](Cc2ccccc2OC(F)(F)F)NC(=O)c2ccc(F)cc2C(F)(F)F)CCc2cc(Cl)ccc21,0.65,1
O=C(O)c1cc(-c2ccc(CC(C(=O)c3ccccc3)c3ccccc3)cc2)no1,0.41500000000000004,1
CC(=O)Nc1cccc(Nc2ncnc(N3CCC(OCc4ccccc4)CC3)n2)c1,0.19,1
CCCC[C@H](NC(=O)OC(C(C)C)C(C)C)C(=O)C(=O)Nc1nccs1,0.18,1
COc1ccc(-c2coc3cc(O)ccc3c2=O)cc1OC,0.13699999999999998,1
O=C(Cc1ccc(-c2ccc(OCCN3CCOCC3)cc2)cn1)NCc1ccccc1,0.42,1
CN1CCN(Cc2ccc(-c3cnc(N4CCOC(Cn5nnc6ncc(-c7cnn(C)c7)nc65)C4)nc3)cc2)CC1,0.45,1
C1=Cc2nc1c(-c1ccccc1)c1ccc([nH]1)c(-c1ccccc1)c1nc(c(-c3ccccc3)c3c(-c4nnnn4-c4ccncc4)c(-c4nnnn4-c4ccncc4)c(c2-c2ccccc2)n3-c2nnnn2-c2ccncc2)C(c2nnnn2-c2ccncc2)=C1,0.5,1
CC1(C)S[C@@H]2[C@H](NC(=O)[C@H](N)c3ccccc3)C(=O)N2[C@H]1C(=O)O.O.O.O,0.49,1
CC(C)(C)c1cc2cc(C(C)(C)C)cc3c4ccc(-c5ccc(-n6cc(C(=O)O)nn6)cc5)c5cccc(c(c1)c23)c54,0.04,1
C[C@H](c1ccnc(Nc2nc3ccc(-c4cc(N(C)C)ncn4)cc3[nH]2)c1)N1CCN(C(=O)CC(F)(F)F)CC1,0.11,1
O=C(O)c1c(F)ccc2c1OB(O)[C@@H]1C[C@H]21,0.24,1
FC(F)(F)c1ccc(-c2conn2)cc1,0.17,1
COc1ccc(OC(=O)N(CC(=O)O)Cc2ccc(OCCc3nc(-c4ccccc4)oc3C)cc2)cc1,0.76,2
C[C@@H](c1ccncc1)N(C)C(=O)[C@@](C)(Cc1c[nH]c2ccccc12)NC(=O)OCc1cc2ccccc2o1.Cl,0.8,1
COc1cc2nccc(Oc3ccc(NC(=O)NC4CC4)c(Cl)c3)c2cc1C(N)=O,0.85,1
OCCn1cc(-c2cnc3nnn(Cc4ccc5ncccc5c4)c3n2)cn1,0.855,2
CN[C@@H](C)[C@H](O)c1ccccc1,0.782,4
C1=C(c2ccccc2)c2ccccc2C1=C1CCCCC1,0.84,1
C[C@@H]1CN(c2ncc(-c3ccc4c(c3)N(Cc3cccnc3C#N)C(C)(C)C4=O)cn2)CCN1C(=O)CO,0.508,1
COc1ccc(C(C)(C)C)cc1CN[C@H]1C2CCN(CC2)[C@H]1C(c1ccccc1)c1ccccc1,0.355,3
Cc1nc(C)c(/C=[N+](\[O-])C(C)(C)C)nc1C,0.3602,1
O=S1(=O)CCC(COc2ccc3c(c2)CCC2(CCN(C4CCC4)CC2)O3)CC1,0.22,1
CC(N)Cc1ccc2c(c1)OCO2,0.37,1
CCC(=O)N(Cc1ccc(C(F)(F)F)cc1)c1cc(F)cc(-c2nnn[nH]2)c1,0.76,1
CC1CC1N1C(=O)[C@H](NC(=O)[C@@H](Cc2ccccc2F)NC(=O)c2ccc(F)cc2C(F)(F)F)CCc2c(F)c(F)cc(F)c21,0.28,1
CC(C)c1cc2cccc(-c3nnc(C4CCN(CC5CCOCC5)CC4)o3)n2n1,0.299,1
COc1ccc2[nH]c([S@@](=O)Cc3ncc(C)c(OC)c3C)nc2c1,0.64,5
CN1CCOCC1c1nc(C(=O)NCc2ccc(F)cc2)c(O)c(=O)n1C,0.73,5
O=S(=O)(c1ccc(C(F)(F)F)cc1)N1c2cc(F)c(F)cc2-c2[nH]ncc2[C@H]1C1CC1,0.11,1
CCC(=O)CCCCC[C@@H]1NC(=O)[C@H]2CCCCN2C(=O)[C@H]([C@@H](C)CC)NC(=O)[C@H](Cc2cn(OC)c3ccccc23)NC1=O,0.142,7
C[C@@H](Oc1cc(-c2cnn(C3CCNCC3)c2)cnc1N)c1c(Cl)ccc(F)c1Cl,0.43,14
O=C([O-])c1cc(=O)c2c(OCC(O)COc3cccc4oc(C(=O)[O-])cc(=O)c34)cccc2o1.[Na+].[Na+],0.025,4
CCc1nc(N)nc(N)c1-c1ccc(NCc2ccc(S(C)(=O)=O)cc2)cc1,0.52,1
CC(C)n1cnc2c(-c3cccc(OCCCC(=O)NO)c3)nc(N3CCOCC3)nc21,0.41500000000000004,2
CC(=O)O.CC[C@H](C)[C@H](NC(=O)[C@H](CCC(=O)O)NC(=O)[C@H](CO)NC(=O)[C@@H](NC(=O)[C@@H](N)CO)C(C)C)C(=O)N[C@@H](CCC(N)=O)C(=O)N[C@@H](CC(C)C)C(=O)N[C@@H](CCSC)C(=O)N[C@@H](Cc1c[nH]cn1)C(=O)N[C@@H](CC(N)=O)C(=O)N[C@@H](CC(C)C)C(=O)NCC(=O)N[C@@H](CCCCN)C(=O)N[C@@H](Cc1c[nH]cn1)C(=O)N[C@@H](CC(C)C)C(=O)N[C@@H](CC(N)=O)C(=O)N[C@@H](CO)C(=O)N[C@@H](CCSC)C(=O)N[C@@H](CCC(=O)O)C(=O)N[C@@H](CCCNC(=N)N)C(=O)N[C@H](C(=O)N[C@@H](CCC(=O)O)C(=O)N[C@@H](Cc1c[nH]c2ccccc12)C(=O)N[C@@H](CC(C)C)C(=O)N[C@@H](CCCNC(=N)N)C(=O)N[C@@H](CCCCN)C(=O)N[C@@H](CCCCN)C(=O)N[C@@H](CC(C)C)C(=O)N[C@@H](CCC(N)=O)C(=O)N[C@@H](CC(=O)O)C(=O)N[C@H](C(=O)N[C@@H](Cc1c[nH]cn1)C(=O)N[C@@H](CC(N)=O)C(=O)N[C@@H](Cc1ccccc1)C(=O)O)C(C)C)C(C)C,0.28,2
C=CCc1cccc(/C=N/NC(=O)CN2CCN(Cc3ccc(S(N)(=O)=O)cc3)CC2)c1O,0.129,1
Cc1c(CCC(=O)O)cccc1NC(=O)[C@@H](c1ccc(-c2cncc(Cl)c2)c(F)c1)C1CCCC1,0.72,1
COc1ccc(Br)cc1NC(=O)Nc1cccc2c1ccn2Cc1ccnc(N)c1.Cl,0.5485,2
O=c1ccn([C@H]2CC[C@@H](CO)O2)c(=O)[nH]1,0.38,1
C=C(CC[C@@H](C)[C@H]1CC[C@H]2C3=C(CC[C@]12C)[C@@]1(C)CC[C@H](OC(C)=O)CC1[C@@H](OC(C)=O)C3)C(C)C,1.0,1
CC(=O)Nc1ccc2ccn(-c3cc(NC4CC4)n4ncc(C#N)c4n3)c2c1,0.05,1
CC(C)N1C(=O)[C@H](NC(=O)[C@@H](Cc2ccccc2F)NC(=O)C2CC2C(F)(F)F)CCc2c(F)c(F)cc(F)c21,0.62,1
CNCCS(=O)(=O)O,0.7705,2
S,0.5969,4
Cc1ccc(CC=NNc2ccc([N+](=O)[O-])cc2[N+](=O)[O-])cc1,0.55,1
COc1cc(-c2nc3ccc(-c4cccc(CN(C)C)c4)cc3c(=O)n2CC(=O)NC(C)C)ccc1F,0.45,1
COc1ccc(C(=O)c2c(C)n(Cc3cc(O[C@@H](C)C(=O)O)ccc3F)c3ncccc23)cc1,0.51,1
N#Cc1ccc(S(=O)(=O)[C@H]2CN(S(=O)(=O)c3ccc(C#N)cc3Cl)C[C@@]2(O)CO)cc1,0.15,1
C#Cc1cnc2nc(O)n(C(CC)CC)c2n1,0.9550000000000001,4
CC=C(C)C(=O)O[C@H]1[C@H](OC(C)=O)[C@]2(CO)[C@H](O)C[C@]3(C)C(=CC[C@@H]4[C@@]5(C)CC[C@H](O[C@@H]6O[C@H](C(=O)O)[C@@H](O[C@@H]7O[C@H](CO)[C@@H](O)[C@H](O)[C@H]7O)[C@H](O)[C@H]6O[C@@H]6O[C@H](CO)[C@@H](O)[C@H](O)[C@H]6O)[C@](C)(CO)[C@@H]5CC[C@]43C)[C@@H]2CC1(C)C,0.02,3
C/C=C1\NC(=O)[C@H]2CSSCC/C=C/[C@H](CC(=O)N[C@H](C(C)C)C(=O)N2)OC(=O)[C@H](C(C)C)NC1=O,0.106,6
CC(C)(C)NS(=O)(=O)c1cc(C(=O)N2CCC(CCN3CCC(N(C(=O)NCc4ccc(C#N)cc4)c4cccc(F)c4)CC3)(c3cccc(F)c3)CC2)c(Cl)cc1F,0.22,1
CCCCCc1oc(C)c(OC)c(=O)c1O,0.31,1
COCCCCn1c(C(=O)N(CC(C)C)[C@@H]2CNC[C@H](C(=O)N3CCOCC3)C2)cnc1-c1ccccc1,0.08,1
O=C1CC[C@@H](N2C(=O)c3ccccc3C2=O)C(=O)N1,0.8,5
Cc1ccc2[nH]c3c(c2c1)CCN(C(=O)CCN)C3c1ccccc1,0.32,1
CN(C)CCCOc1ccc(-c2ccc3ncc4c(c3c2)n(C2CCOCC2)c(=O)n4C)cn1,0.66,1
OB(O)c1cccc(-c2ccccc2)c1I,1.0,1
CNC(=O)[C@@H](NC(=O)[C@H](c1ccc(OC)cc1)[C@H](CO)C(=O)NO)C(C)(C)C,0.03,1
CC(=O)CC(C)=NNc1ccccc1,0.73,3
CC1(n2nnc3cnc4[nH]ccc4c32)CCN(S(C)(=O)=O)CC1,0.006999999999999999,1
CCOC(=O)C(CCN)(CCN)C(=O)[O-],0.060300000000000006,1
COc1ccc2c(c1)CCN(C(=O)CC1SC(=O)NC1=O)[C@H]2C(=O)Nc1cc(F)c([Si](C)(C)C)c(F)c1,0.13,1
COc1ccc(CN(C(=O)[C@@H](N)Cc2c(C)cc(C(N)=O)cc2C)[C@@H](C)c2nc(-c3ccccc3)c[nH]2)cc1C(=O)O,0.0102,1
CCN(CC)Cc1cc(N(c2cc(C)nc3cc(Cl)ccc23)S(=O)(=O)c2cccc(Cl)c2Cl)ccc1O,0.0172,2
O=C(O)CC(O)(C(=O)O)C(O)C(=O)O,0.6,1
CC(C)(C)NC(=O)[C@@H]1CN(C(C)(C)c2cc3cnccc3o2)CCN1C[C@@H](O)C[C@@H](Cc1ccccc1)C(=O)N[C@H]1c2ccccc2C[C@H]1O,0.47000000000000003,1
C=C(CCO[Si](C)(C)C(C)(C)C)C(=O)c1cc([N+](=O)[O-])ccc1F,0.25,1
CN1C(=O)[C@H]2CN(S(=O)(=O)c3ccc4occc4c3)C[C@H]2c2cnccc21,1.0,1
O=C1c2c(O)cc(O)cc2OC(c2ccccc2)(c2ccc(O)c(O)c2)C1O,0.44799999999999995,1
C=C(C)C(N)=O.C=CC(=O)O,0.45,1
C#CCN(C)C(C)Cc1ccccc1,0.1,14
CN1CCCCC1c1nc(O)c(O)c(C(=O)NCc2ccc(F)cc2)n1,0.585,2
O=C(Nc1cnn2ccc(N3CCC[C@@H]3c3cc(F)ccc3F)nc12)N1CC[C@H](O)C1,0.443,2
CN(C)[C@H]1CC[C@H](NC(=O)[C@@H](Cc2ccc(Cl)cc2)NC(=O)C2(c3ccc(Cl)cc3)CC2)CC1,0.17,1
CCCNc1ccc2cc(S(=O)(=O)Nc3ccc(Cl)cc3F)ccc2n1,0.865,1
Cc1[nH]c(/C=C2\C(=O)Nc3ccc(F)cc32)c(C)c1C(=O)NCCN1CCCC1,0.77,1
COc1cc2c(cc1OC)[C@@H](Cc1ccc(Oc3cc(C[C@@H]4c5cc(OC)c(OC)cc5CCN4C)ccc3O)cc1)N(C)CC2,0.166,1
CCc1nc(N)nc(N)c1-c1ccc2c(c1)N(CCCOC(F)(F)F)C(=O)C(C)(c1cc(F)cc(F)c1)O2,0.28,1
C[C@H](C(=O)[O-])c1ccc(Nc2nc(C(F)(F)F)cs2)cc1.[Na+],0.882,1
CN(C)CC[C@H](CSc1ccccc1)Nc1ccc(S(=O)(=O)NC(=O)c2ccc(N3CCN(Cc4ccccc4-c4ccc(Cl)cc4)CC3)cc2)cc1[N+](=O)[O-],0.073,2
CO/N=C(\C(=O)N[C@@H]1C(=O)N2C(C(=O)OCOC(=O)c3ccc(OC(=O)CN)cc3)=C(C)CS[C@H]12)c1csc(N)n1,0.151,1
CN1CCN(Cc2ccc(NC(=O)CCSc3ccc4c(/C=C/c5ccccn5)n[nH]c4c3)cc2C(F)(F)F)CC1,0.1265,2
Oc1ccc(C=Cc2cc(O)cc(O)c2)cc1.Oc1ccc(C=Cc2cc(O)cc(O)c2)cc1,0.41250000000000003,2
Cc1ccc2c(N3CCN(CCc4c(C)ccc5c4ccc(=O)n5C)[C@@H](C)C3)cccc2n1,0.33,2
CC(C)CN1CCN(c2nc3c(c(Nc4ccc(C(F)(F)F)cc4)n2)CCN(c2ncccc2C(F)(F)F)CC3)CC1,0.21,1
NC(=O)N1c2ccccc2C=Cc2ccccc21.O.O,0.6020000000000001,2
N=C(N)NOCC[C@H](N)C(=O)O,0.428,1
COc1cccc(C2(O)CCCCC2CN(C)C)c1,0.684,49
CC(C)(C)c1nc2ccccc2n1Cc1ccc(C(=O)N[C@@H]2C[C@@]3(CCCO3)C[C@@H]2C(=O)NO)cc1,0.29,1
Nc1nccc(-c2cccnc2Oc2ccc(Nc3nnc(-c4ccc5c(c4)OCO5)c4ccccc34)cc2)n1,0.79,1
C[C@@H]1CC[C@]2(C(=O)O)CC[C@]3(C)C(=CC[C@@H]4[C@@]5(C)CC[C@H](O)[C@@](C)(CO)[C@@H]5CC[C@]43C)[C@@H]2[C@]1(C)O,0.2,1
CCN1CC2(COC)CCC(O)C34C5CC6C(O)C5C(O)(C(O)C6OC)C(C(OC)C23)C14,0.21100000000000002,1
CC(C)C[C@H](NC(=O)CNC(=O)c1cc(Cl)ccc1Cl)B(O)O,0.58,13
C=CC(=O)OCC(OC)OC,0.9,1
CSC[C@H](NC(=O)COc1cccc2cnccc12)C(=O)N[C@@H](Cc1ccccc1)[C@H](O)C(=O)N1CSC[C@H]1C(=O)NC(C)(C)C,0.27125,2
CC(C)CN(C[C@@H](O)[C@H](Cc1ccccc1)NC(=O)OCc1cncs1)C(=O)c1ccc2ncsc2c1,0.97,1
CC(=N)N1CCC(Oc2ccc3c(c2)C(=O)NCC(=O)N3C/C=C/c2cccc(C(=N)N)c2)CC1,0.24,1
CC(C)S(=O)(=O)N[C@H]1Cc2ccc(Cn3cc(CO)c(C(F)(F)F)n3)cc2C1,0.9400000000000001,1
[V],0.16,3
CC(C)Cc1ccc(C(C)C(=O)O)cc1.CCOC(=O)OCC,1.0,1
C[C@H](Oc1ccc(S(C)(=O)=O)cc1C(=O)N1CCN(c2ncc(C(F)(F)F)cc2F)CC1)C(F)(F)F,0.56,1
CC(C)(C)c1ccc(OCCCN2CCCCC2)cc1,0.609,1
N=C(N)C1CCC[C@H](NC(=O)CN2CCCC[C@H](NS(=O)(=O)Cc3ccccc3)C2=O)C1O,0.66,1
CC(C)C(OC(=O)NC(C)(Cc1cccc(F)c1F)C(=O)NCCN1CCOCC1)c1ccccc1,0.1,1
O=C1Nc2ccc(Cl)cc2[C@@](C#CC2CC2)(C(F)(F)F)O1,0.42,19
C(#Cc1ccccc1)CN(c1ccccc1)c1ccccc1,0.6,1
CC(C)S(=O)(=O)n1c(N)nc2ccc(-c3[nH]c(-c4c(Cl)cccc4Cl)nc3-c3ccccc3)cc21.CS(=O)(=O)O,0.55,1
COc1cn(-c2ccc(-n3cccn3)cc2F)nc(-c2ccnn2-c2ccccc2)c1=O,0.38450000000000006,2
N#C[C@@H]1CCCN1C(=O)CNC12CC3CC(CC(O)(C3)C1)C2,0.85,30
CCN1C[C@]2(COC)[C@H](O)C[C@H](OC)[C@]34C1[C@H]([C@H](OC)[C@H]23)[C@]1(OC(C)=O)[C@H]2[C@@H](OC(=O)c3ccccc3)[C@](O)(C[C@H]24)[C@@H](OC)[C@@H]1O,0.08245000000000001,12
CN1CCC(Nc2ncc3ncnc(Nc4ccc(F)c(Cl)c4)c3n2)CC1,0.4,4
CC(C)Oc1ccc(Sc2ccc(NC3=NCCN3)cc2)cc1,0.5,5
Cn1nc(C(F)(F)F)c(CN2CCN(c3nc(N)n4nc(-c5ccco5)nc4n3)CC2)c1Cl,0.07,1
CNc1c(C)n(C)n(-c2ccccc2)c1=O,0.85,1
CCCC(=O)c1cnc2c(OCC)nccc2c1NCc1cccc(C)c1,0.11715,7
Nc1ccc(CNC(=O)Nc2ccc(Br)cc2)cn1,1.0,3
CCn1cc(C(=O)O)c(=O)c2cnc(N3CCNCC3)nc21,0.715,4
N#Cc1ccc(S(=O)(=O)[C@H]2CN(S(=O)(=O)c3ccc(Cl)cc3Cl)C[C@@]2(O)CO)cc1,1.0,1
NC(=O)OCCO[C@@H]1O[C@H](CO)[C@@H](O)[C@H](O)[C@H]1O,0.775,2
CN1CCN(c2ccc(Nc3ncc4cc(C#N)c(=O)n(C5CCCC5)c4n3)cc2)CC1,0.09,1
CCNC(=O)c1cc(F)ccc1CNC(=O)c1nc(C(C)(C)C)n(C)c(=O)c1O,0.3,1
CC(=O)OC1O[C@H](COS(C)(=O)=O)[C@@H](OS(C)(=O)=O)[C@H](OC(C)=O)[C@H]1OC(C)=O,0.4,1
CS(=O)(=O)n1cc2c(n1)CN([C@H]1CO[C@H](c3cc(F)ccc3F)[C@@H](N)C1)C2,1.0,2
CCOC(=O)NNc1ccc(N(CC)CC(C)O)nn1,0.8,1
COc1cc(F)ccc1-c1ccc([C@@H](CC(=O)O)NC(=O)[C@@H]2CCCN2S(=O)(=O)c2cc(Cl)cc(Cl)c2)cc1,0.08199999999999999,1
COCCCc1cc(CN(C(=O)[C@H]2CNCC[C@@H]2c2ccc(OCCOc3c(Cl)cc(C)cc3Cl)cc2)C2CC2)cc(OCC[C@](C)(OC)C(=O)O)c1,0.03,1
O=C(O)c1ccc(NC(=O)c2cc(Cl)c(OC3CCCC3)c(Cl)c2)cc1,0.003,2
NC(=O)[C@@H]1CC[C@H](c2ccc(OCc3ccc(F)cc3)cc2)N1,0.31,1
CN1CCN(c2ccc(Nc3cc(-c4c[nH]c5ccccc45)ncn3)cc2)CC1,0.13,1
N=C(N)N/N=C/c1ccc(Cl)c(Cl)c1,0.43,1
C1=CNSC1,0.504,1
CC(C)(C)C(=O)OCOP(=O)(COCCn1cnc2c(N)ncnc21)OCOC(=O)C(C)(C)C,0.5650000000000001,7
[Cu],0.13149999999999998,2
Cc1ccc2c(N3CCN(CCc4c(C)ccc5c4ccc(=O)n5C)CC3)cccc2n1,0.88,1
C[C@@H]1CN([C@H]2CC[C@](C#N)(c3ccc(F)cc3)CC2)CC[C@]1(C(=O)O)c1ccccc1,1.0,2
N[C@H](C(=O)N1CCCC1)[C@H]1CC[C@H](NS(=O)(=O)c2ccc(F)cc2F)CC1,1.0,1
CCCCC(=O)OCOC(=O)N1C[C@@H](SC2=C(C(=O)OCOC(=O)C(C)(C)C)N3C(=O)[C@H]([C@@H](C)O)[C@H]3[C@H]2C)C[C@H]1C(=O)N(C)C,0.27,1
C[C@H](CNc1cccc(-c2ccccc2C(=O)O)c1)NC[C@H](O)c1cccc(Cl)c1,0.25,1
N#CCC(=O)N1CCC[C@@H](n2nnc3cnc4[nH]ccc4c32)C1,0.41000000000000003,1
C[C@@H]1O[C@@H](O[C@@H]2[C@@H](O)[C@H](OCCc3ccc(O)c(O)c3)O[C@H](CO[C@@H]3O[C@H](CO)[C@@H](O)[C@H](O)[C@H]3O)[C@H]2OC(=O)/C=C/c2ccc(O)c(O)c2)[C@H](O)[C@H](O)[C@H]1O,0.0083,3
C#CCN(C(=O)C(C)Br)S(=O)(=O)c1ccc(C)cc1,0.24,1
Cc1c(C(=O)NCc2cccc(C(N)=O)c2)cnn1-c1ccc(Cl)cc1,0.87,1
Cc1cc(CN(C)C(=O)c2ccc(Oc3ccc(C#C[C@]4(O)CN5CCC4CC5)cc3)cc2)on1,0.03,1
Clc1ccc(Nc2nnc(Cc3ccncc3)c3ccccc23)cc1,0.47500000000000003,4
Cc1nc2cnc3[nH]ccc3c2n1[C@@H]1CCNC[C@H]1F,0.045,1
CO[C@@H]1C[C@](C)(O)Cc2cc3c(c(O)c21)C(=O)c1c(O)cc2c(c1C3=O)O[C@@H]1O[C@@]2(C)[C@H](O)[C@@H](N(C)C)[C@@H]1O,0.3,2
[O-2].[Zn+2],0.1631,25
C[C@H](N)C(=O)OC1CCN(c2c(F)cc3c(=O)c(C(=O)O)cn4c3c2CC[C@@H]4C)CC1,0.9,2
C[C@@H]1O[C@@H](O[C@H]2[C@H](OC(=O)[C@]34CCC(C)(C)C[C@H]3C3=CC[C@@H]5[C@@]6(C)C[C@H](O)[C@H](O[C@@H]7O[C@H](CO)[C@@H](O)[C@H](O)[C@H]7O)C(CO)(CO)[C@@H]6CC[C@@]5(C)[C@]3(C)C[C@H]4O)OC[C@H](O)[C@@H]2O)[C@H](O)[C@H](O)[C@H]1O[C@@H]1OC[C@@H](O)[C@H](O[C@@H]2OC[C@](O)(CO)[C@H]2O)[C@H]1O,0.025395000000000004,2
CC1c2cccc(O)c2C(O)=C2C(=O)[C@]3(O)C(O)=C(C(N)=O)C(=O)C(N(C)C)C3C(O)C21,0.027999999999999997,1
CC(=O)c1ccc(-c2cc(=S)ss2)cc1,0.34,1
Cc1cc(Nc2cc(C)[nH]n2)nc(N2CCC3(CC2)OCCN([C@@H](C)c2ccc(-n4cc(F)cn4)nc2)C3=O)n1,0.5970000000000001,1
CC(C)(C)[C@H](NS(=O)(=O)C(F)(F)F)C(=O)N1[C@@H]2CC[C@@H](C2)[C@H]1C(=O)N[C@@H](C[C@@H]1CCNC1=O)C(=O)c1nc2ccccc2s1,0.6798000000000001,1
Cc1ncc(-[n+]2c(C)sc(CCCl)c2C)c(N)n1.[Cl-],0.6609,1
COc1cc2c3c(ccc2cc1S(C)(=O)=O)O[C@H](c1cc(F)c(F)cc1F)[C@@H](N)C3,0.5479999999999999,1
C/C=C/C(=O)Nc1ncnc2nc[nH]c12,0.77,2
N[C@H]1[C@H](O[C@H]2[C@H](O)[C@@H](N)[C@H](O[C@H]3[C@H](O)[C@@H](N)C(O)O[C@@H]3CO)O[C@@H]2CO)O[C@H](CO)[C@@H](O)[C@@H]1O,0.0032,1
CC(N)C12CC3CC(CC(C3)C1)C2.Cl,0.25,1
C[NH+]1CC[C@@]23c4c5ccc(O)c4OC2[C@H](O)C=C[C@@H]3[C@@H]1C5.C[NH+]1CC[C@@]23c4c5ccc(O)c4OC2[C@H](O)C=C[C@@H]3[C@@H]1C5.O=C1CC[C@@]2(O)[C@H]3Cc4ccc(O)c5c4[C@@]2(CCN3CC2CC2)[C@H]1O5.O=S(=O)([O-])[O-],0.05,1
COc1ccc2c(c1)CCN(C(=O)CCC(=O)O)[C@H]2C(=O)Nc1cc(F)c([Si](C)(C)C)c(F)c1,0.51,1
C[C@H](NC(=O)[C@H]1CCCCN1CCOc1ccccc1)c1ccc(C(=O)O)cc1.Cl,0.81,1
Cc1ccc2c(N3CCN(CCc4cccc5c4ccc(=O)n5C)CC3)cccc2n1,0.37,1
CC(C)NC(=O)COc1cccc(-c2nc(Nc3ccc4[nH]ncc4c3)c3ccccc3n2)c1,0.64,2
COC(c1ccccc1)(c1ccccc1)[C@H](Oc1nc(C)cc(C)n1)C(=O)O,0.8,1
CN(C)C(=O)/C=C/CNCCOc1ccc(/C(=C(/CC(F)(F)F)c2ccccc2)c2ccc3n[nH]c(F)c3c2)cn1.Cl,0.44150000000000006,4
N#Cc1cc(C(=O)NCCCN2CCCC2)cc(-c2ccccc2N2CCN(CCc3c[nH]c4ccccc34)CC2)c1,0.18,1
CN1C[C@H](Nc2nc3cc[nH]c3c(=O)n2C)C[C@H](c2ccc3c(c2)OCCO3)C1,0.52,1
CC1(C)CCC2=C(O1)c1ccccc1C(=O)C2=O,0.32,1
O=C(O)c1ccc2c(c1)nc(Nc1cccc(C(F)(F)F)c1)c1nc(NC3CC3)ncc12,0.01,1
C#CCN1CCN(CC(N)=O)CCNCCN(CC(N)=O)CC1,0.45,1
Cn1c(C(C)(C)C)nc(C(=O)NCc2ccc(F)cc2C(N)=O)c(O)c1=O,0.23,1
COc1cc2c(cc1OC)[C@H]1C[C@@H](OC(=O)[C@@H](N)C(C)C)[C@H](CC(C)C)CN1CC2,0.49,4
NC(=O)CN1CCCC1=O,1.0,2
CC1=C[C@H](O)CC(C)(C)[C@H]1/C=C/C(C)=C/C=C/C(C)=C/C=C/C=C(C)/C=C/C=C(C)/C=C/C1=C(C)C[C@@H](O)CC1(C)C,0.0391,2
CCCc1cc(=O)n2nc(NCc3ccc(Cl)cc3F)c(C#N)c2[nH]1,0.5700000000000001,2
CCCCn1ncc(/C=C(\Cc2cc3c(cc2OC)CCO3)C(=O)O)c1-c1ccc(Cl)cc1OCc1ccccc1C(=O)O,0.159,2
O=c1[nH]ccc2c(S(=O)(=O)N3CCCNCC3)cccc12,0.6900000000000001,1
CCC(CC)O[C@@H]1C=C(P(=O)(O)O)C[C@H](N)[C@H]1NC(C)=O,0.032,3
C=C1CC[C@H](O)C/C1=C/C=C1\CCC[C@]2(C)[C@@H]([C@H](C)CCCC(C)C)CC[C@@H]12,0.503,4
N[C@@H](CC(=O)N1CCn2nc(C(F)(F)F)nc2C1)Cc1cc(F)c(F)cc1F,1.0,1
Nc1nc(N2CCCCC2)nc2c1c(=O)c(C(=O)NCc1ccc(-n3ccnc3)cc1)cn2CC1CCCO1,1.0,1
C[C@@H]1C(=O)O[C@H]2[C@H](O)C34[C@H]5C[C@@H](C(C)(C)C)C36[C@@H](OC(=O)[C@@H]6O)O[C@@]4(C(=O)O5)[C@@]12O,0.30145,10
Cc1c(CN(C)C(=O)/C=C/c2cnc3c(c2)CCC(=O)N3)oc2ccccc12,0.8300000000000001,2
COc1c(N2CCC/C(=C(\F)CN)C2)c(F)cc2c(=O)c(C(=O)O)cn(C3CC3)c12,0.65,3
C#CCN1C[C@H](C(=O)NO)[C@H](NC(=O)c2ccc(Cn3c(C(C)(C)C)nc4ccccc43)cc2)C1,0.08,1
CC1CN(S(=O)(=O)Nc2cc(O[C@H](C)[C@@H](O)CO)nc(SCc3ccc(F)cc3)n2)C1,0.635,2
CCC(c1ccccc1)c1c(O)c2ccccc2oc1=O,1.0,2
C[C@]1(CS(=O)(=O)N2CCN(c3ncc(OCc4cnc(C#N)s4)cn3)CC2)NC(=O)NC1=O,0.06,1
CN=C(N)NC(N)=NC,0.55,1
[Mn],0.04,1
COCCNC(C)c1ccc(Nc2ncc3cc(-c4ccncc4)ccc3n2)cc1,0.31,1
CC1(C)CC(=O)N(CCCCN2CCN(c3ncccn3)CC2)C(=O)C1,0.46,1
COC(=O)O[C@@]12CO[C@@H]1C[C@H](O)[C@@]1(C)C(=O)[C@H](OC(C)=O)C3=C(C)[C@@H](OC(=O)[C@H](O)[C@@H](NC(=O)OC(C)(C)C)C(C)(C)C)C[C@@](O)([C@@H](OC(=O)c4ccccc4)[C@H]21)C3(C)C,0.24,1
O[Si](O)(O)O,0.59,2
O[C@H]1CC[C@H](n2ccc3cc(-c4ccn5c(CC(F)(F)F)cnc5c4Cl)ccc32)CC1,1.0,1
C1=C(c2ccccc2)CCN(C[C@@H]2CCC=C(c3ccccc3)C2)C1,0.055,4
CC(C)C[C@H](NC(=O)[C@@H](N)C(C)C)C(=O)NCC(=O)N[C@@H](Cc1ccccc1)C(=O)O,0.43,2
[2H]C([2H])([2H])C(c1ccc(O)cc1)(c1ccc(O)cc1)C([2H])([2H])[2H],0.0094,3
C[N+](C)(C)C[C@H](O)CC(=O)[O-],0.155,21
C[C@@H]1C[C@H]2[C@@H]3CCC4=CC(=O)C=C[C@]4(C)[C@@]3(Cl)[C@@H](O)C[C@]2(C)[C@@]1(OC(=O)c1ccco1)C(=O)CCl,0.01,2
CCN(CC)Cc1ccc(Nc2ccnc3cc(Cl)ccc23)cc1O,0.68,1
O=C(/C=C/c1ccc(O)cc1)C1=C(O)C(O)([C@@H]2O[C@H](CO)[C@@H](O)[C@H](O)[C@H]2O)C(O)=C([C@@H]2O[C@H](CO)[C@@H](O)[C@H](O)[C@H]2O)C1=O,0.012,3
CCC1(C)CC(=O)NC1=O,0.925,9
Cc1ccc(NC(=O)c2ccc3c(c2)OCCO3)cc1NC(=O)c1ccc2nc(OCCN3CCCC3)ccc2c1,0.39,1
Oc1ccc(O)cc1,0.016,1
CCCC[N+]1(C)CCCC1.CCOS(=O)(=O)[O-],0.29,7
COc1cc2ccc(C#N)cc2cc1[C@@H](c1cccc(OC)c1OC)[C@@](O)(CCN(C)C)c1cccc2c1CCC2,0.25,1
COc1ccc(-c2oc3c(CC=C(C)C)c(O[C@@H]4O[C@H](CO)[C@@H](O)[C@H](O)[C@H]4O)cc(O)c3c(=O)c2O[C@@H]2O[C@@H](C)[C@H](O)[C@@H](O)[C@H]2O[C@@H]2O[C@@H](C)[C@H](O)[C@@H](O)[C@H]2O)cc1,0.01,3
COc1ccc(/C=C/c2cc(OC)c(OC)c(OC)c2)c(OC)c1,0.0363,1
CC(C)=CCC[C@](C)(O[C@@H]1O[C@H](CO)[C@@H](O)[C@H](O)[C@H]1O)[C@H]1CC[C@]2(C)[C@@H]1[C@H](O)C[C@@H]1[C@@]3(C)CC[C@H](O)C(C)(C)[C@@H]3[C@@H](O[C@@H]3O[C@H](CO)[C@@H](O)[C@H](O)[C@H]3O)C[C@]12C,0.042050000000000004,12
C[C@H]1[C@H](NC(=O)/C(=N\OC(C)(C)C(=O)O)c2csc(N)n2)C(=O)N1S(=O)(=O)O,0.01,4
CCCC[C@@H]1OC(=O)C2=CCCC[C@H]21,0.25,1
CC(C)CN(C(=O)c1nc2ccccc2n1C)[C@@H]1CNC[C@H](C(=O)N2CCOCC2)C1,0.17,1
Brc1ccc(CC(Cc2ccc(Br)cc2)(C2=N[C@H]3c4ccccc4C[C@H]3O2)C2=N[C@H]3c4ccccc4C[C@H]3O2)cc1,0.9,1
CC(C)C[C@@H]1COCc2nc(OCc3cccc(C#N)c3)cc(=O)n21,0.525,2
CC(C)N1C(=O)[C@H](NC(=O)[C@@H](Cc2c(Cl)cccc2Cl)NC(=O)c2ccc(F)cc2C(F)(F)F)CCc2cc(Cl)ccc21,0.7000000000000001,1
Cc1ccc(O)c(C)c1-n1c(N)c(C(N)=O)c2nc(C)c(C)nc21,0.18,1
OC(=NC1CC1)Nc1c[nH]nc1-c1nc2cc(CN3CCOCC3)ccc2[nH]1,0.267,2
CC(=O)CC(C)(C)Sc1ccccc1,0.5,2
CC(=O)C(=O)C=N.[Cl-],0.14,5
CC(=O)Nc1c2ccccc2c2ccc3cccc4ccc1c2c43,0.555,2
CC[C@H]1OC(=O)[C@H](C)[C@@H](O[C@H]2C[C@@](C)(OC)[C@@H](O)[C@H](C)O2)[C@H](C)[C@@H](O[C@@H]2O[C@H](C)C[C@H]3[C@H]2O/C(=N\C(C)C)N3C)[C@](C)(O)C[C@@H](C)CN(C)[C@H](C)[C@@H](O)[C@]1(C)O,0.47500000000000003,2
COc1ccc(-n2nc(C(N)=O)c3c2C(=O)N(c2ccc(N4CCCCC4=O)cc2)CC3)cc1,0.5,49
O=c1c(O)c(-c2ccc(O)cc2)oc2cc(O)cc(O)c12,0.02,6
CCCCC[C@H](O)CC[C@@H]1[C@H]2Cc3cccc(OCC(=O)O)c3C[C@H]2C[C@H]1O,0.17,2
COc1cc2c(cc1O)CCN1Cc3c(ccc(OC)c3OC)C[C@@H]21,0.046,1
CSCC[C@@H](C(N)=O)N(C)C(=O)[C@H](Cc1ccccc1)NC(=O)CNC(=O)[C@@H](C)NC(=O)[C@@H](N)Cc1ccc(O)cc1,0.0022,5
CC(C)CC(=O)N1CCC[C@H](COc2cccc3c2C(N)=NS(=O)(=O)N3)C1,0.011850000000000001,2
CN[C@@H]1C[C@H]2O[C@@](C)([C@@H]1OC)n1c3ccccc3c3c4c(c5c6ccccc6n2c5c31)C(=O)N[C@@H]4O,0.13,1
C[N+]1(C)[C@@H]2C[C@@H](OC(=O)C(O)(c3cccs3)c3cccs3)C[C@H]1[C@@H]1O[C@@H]12,0.025,2
COc1cc(C(=O)c2csc(-c3ccccc3)n2)cc(OC)c1OC,0.033,1
CC(C)CN(C[C@@H](O)[C@H](Cc1ccccc1)NC(=O)O[C@H]1CO[C@H]2OCC[C@H]21)S(=O)(=O)c1ccc(N)cc1,0.37,21
CC1OC2OC3C(CO)OC(OC4C(CO)OC(OC5C(CO)OC(OC6C(CO)OC(OC7C(CO)OC(OC8C(COCCCCS(=O)(=O)[O-])OC(OC1C(O)C2O)C(O)C8O)C(O)C7O)C(O)C6O)C(O)C5O)C(O)C4O)C(O)C3O.[Na+],0.34,2
C[C@H](COc1ccc(C2=NNC(=O)C3CC23)cc1)CN1CCC[C@H]1C,0.25,1
C[C@H](CCc1ccccc1)NC[C@H](O)c1ccc(O)c(C(N)=O)c1.Cl,0.11900000000000001,2
Cn1c(C2(C)CC2)c/c(=N\C(=O)c2cc(C(F)(F)F)ccc2OCC(C)(C)O)n1C[C@H]1CCCO1,0.46,1
CC(C)(O)CCC[C@@](C)(O)[C@H]1CC[C@]2(C)[C@@H]1[C@H](O)C[C@@H]1[C@@]3(C)CC[C@H](O)C(C)(C)[C@@H]3CC[C@]12C,0.19455000000000003,2
COc1cc2ccc(Br)cc2cc1[C@@H](c1ccnc(OC)c1OC)[C@@](O)(CCN(C)C)c1cccc2ccoc12,0.37,1
CN1CCN(c2cc3c(cc2F)C(=O)C(C(=O)O)C(=O)N3c2ccc(F)cn2)CC1.Cl,0.99,1
CC(C)n1nc(C(=O)N[C@H]2C[C@H]3CC[C@@H](C2)N3CCN2CCN(S(C)(=O)=O)CC2)c2ccccc21,0.48,1
[F-],0.74,12
Cc1nnc(C(=O)NC(C)(C)c2nc(C(=O)NCc3ccc(F)cc3)c(O)c(=O)n2C)o1,0.45,10
OC[C@H]1O[C@@H](c2ccc(Cl)c(Cc3ccc(O[C@H]4CCOC4)cc3)c2)[C@H](O)[C@@H](O)[C@@H]1O,0.78,5
O=C(CC(=O)c1ccccc1)c1ccccc1,0.115,1
CC(=O)O[C@H]1C(=O)[C@@]2(C)[C@H]([C@H](OC(=O)c3ccccc3)[C@]3(O)C[C@H](OC(=O)[C@H](O)[C@@H](NC(=O)c4ccccc4)c4ccccc4)C(C)=C1C3(C)C)[C@]1(OC(C)=O)CO[C@@H]1C[C@@H]2O.CCO,0.01165,2
O=C(O)c1ccc2nc(N3C4CCC3CC(OCc3c(-c5ccccc5OC(F)(F)F)noc3C3CC3)C4)sc2c1,0.11,1
CCN(CC)CCNC(=O)c1cc(Cl)c(N)cc1OCCS(C)=O.Cl,0.18,2
O=c1ccc2ncc(=O)n3c2n1C[C@H]3CN1CCC(NCc2cc3c(cn2)OCCC3)CC1,0.45,1
CON=C(C(=O)N[C@@H]1C(=O)N2C(C(=O)O)=C(COC(N)=O)CS[C@H]12)c1ccco1,0.3975,8
CC(=O)N1CCC(c2ccc(NC(=O)c3ncc(C#N)[nH]3)c(C3=CCCCC3)c2)CC1,0.15,1
O=C(O)[C@@H](C1CCCCC1)N1C[C@H](CN2CCC(O)(CCCc3ccccc3)CC2)[C@@H](c2ccccc2)C1,0.0,1
CCC(=O)O[C@H]1C[C@H]2OC[C@@]2(OC(C)=O)[C@H]2[C@H](OC(=O)c3ccccc3)[C@]3(O)C[C@H](OC(=O)[C@H](O)[C@@H](NC(=O)OC(C)(C)C)c4ccco4)C(C)=C([C@@H](O)C(=O)[C@]12C)C3(C)C,0.08,1
CCCCCCc1nc2cc(/C=C/C(=O)NO)ccc2n1CCNCC,0.013999999999999999,1
CCCC1(CCCCCCCCCCCCn2cc(CO[C@@H]3O[C@H](COC(C)=O)[C@@H](OC(C)=O)[C@H](OC(C)=O)[C@H]3NC(=O)C(F)(F)F)nn2)OCC(C)(C)N1O,0.185,2
CC(C)C[C@@H]1C(=O)N[C@H](C2Cc3ccccc3C2)C(=O)N1[C@@H](C(=O)NC(C)(C)C)c1ccc(Cl)cc1,0.02,1
O=C(O)c1cccc(-c2noc(-c3ccccc3F)n2)c1,0.07,5
Cc1c(-c2ccc(C[C@H](NC(=O)c3c(Cl)cccc3Cl)C(=O)O)cc2)c(=O)n(C)c(=O)n1C,0.017,1
COCCCCC(=NOCCN)c1ccc(C(F)(F)F)cc1,0.5,18
CCOS(C)(=O)=O,0.7000000000000001,1
CC(C)(C)C[C@@H]1COCc2nc(OCc3ccccn3)cc(=O)n21,0.2,3
CS(=O)(=O)Nc1ccc2c(c1)S(=O)(=O)N=C(C1=C(O)[C@H]3CCC[C@H]3N(Cc3ccc(F)cc3)C1=O)N2,0.24,1
C[C@@H]1CCC[C@H](n2cnc(-c3cc(Cl)ccc3-n3cc(Cl)nn3)cc2=O)c2cc(ccn2)-c2c(cnn2C(F)F)NC1=O,0.5820000000000001,5
COCCOc1ccc(Oc2cc(C)c(-c3csc(NC(=O)c4ccncc4)n3)c(C)c2)cc1,0.8420000000000001,1
COCCCc1cc(CN(C(=O)[C@H]2CNCC[C@@H]2c2ccc(OCCOc3c(Cl)cc(C)cc3Cl)cc2)C2CC2)cc(OC[C@H]2C[C@@H]2C(=O)NS(C)(=O)=O)c1,0.0,1
CCCCc1cc(=O)n2nc(NCc3c(F)cc(Cl)cc3F)c(C#N)c2[nH]1,0.5,1
c1cc2c3c(c1)[C@H]1CCC[C@H]1N3CCNC2,0.7000000000000001,1
OCCc1ccc(O)c(O)c1,0.003,1
N#Cc1ccc(S(=O)(=O)[C@H]2CN(S(=O)(=O)c3ccc(Cl)cc3C#N)C[C@@]2(O)CO)cc1,0.25,1
C[C@@H]1O[C@H]2O[C@H]3[C@@H](OC[C@H](O)[C@@H]3O)OC(=O)[C@]34CCC(C)(C)C[C@H]3C3=CC[C@@H]5[C@@]6(C)C[C@H](O)[C@H](O[C@@H]7O[C@H](CO)[C@@H](O)[C@H](O)[C@H]7O[C@@H]7OC[C@H](OC(=O)C[C@](C)(O)CC(=O)O[C@@H]1[C@@H](O[C@@H]1OC[C@@H](O)[C@H](O)[C@H]1O)[C@H]2O)[C@H](O)[C@H]7O)[C@@](C)(CO)[C@@H]6CC[C@@]5(C)[C@]3(C)CC4,0.01,2
CC(C)(C)COc1ccc(-n2cc(C(=O)O)cn2)cc1C#N,0.8,1
COc1cc2c(c(OC)c1OC)-c1c(cc(OC)c(OC)c1OC)CC(C)(O)C(C)C2,0.14800000000000002,3
CC(=O)N[C@H]1[C@@H](O[C@H]2[C@H](O)[C@@H](O)[C@H](O[C@H]3[C@H](CS(=O)(=O)O)[C@@H](OS(=O)(=O)O)[C@@H](O[C@H]4[C@H](O)[C@@H](OS(=O)(=O)O)C(O)O[C@H]4C(=O)O)O[C@@H]3O)O[C@@H]2C(=O)O)O[C@H](COS(=O)(=O)O)[C@@H](O)[C@@H]1O,0.20500000000000002,3
O=C(N[C@@H]1COC[C@@H]1C(=O)NO)c1ccc(Cn2c(C(F)(F)F)nc3ccccc32)cc1,0.2,1
O=c1cc(-c2ccc(O)c(-c3c(O)cc(O)c4c(=O)cc(-c5ccc(O)cc5)oc34)c2)oc2cc(O)cc(O)c12,0.0006,3
O=C1c2ccccc2OCN1CCO[N+](=O)[O-],0.827,2
C[C@@H](NC1=CC(=O)CCC1)c1ccc(Nc2ncc3cc(-c4ccncc4)ccc3n2)cc1,0.17,1
Cc1nccn1-c1ccc(N2CCC(Oc3ccccc3Cl)CC2)nn1,0.5,1
CCNC(=O)CC[C@H](N)C(=O)O,0.6729,3
O=C(CCC1=CCN(CCCc2ccc3ccccc3c2)C1=O)NO,0.087,1
O=C(Nc1nc(-c2ccc(F)c(C(F)(F)F)c2)cs1)c1cnc(N2CCC(C(=O)O)CC2)c(Cl)c1,0.668,1
NCC(=O)N1CCC[C@H]1C(=O)NCC(N)=O,1.0,1
O=S(=O)([O-])[O-].[Fe+2],0.856,9
[Cl-],0.9500000000000001,1
C=CC[C@@H](OCC)[C@H](NC(C)=O)[C@@H]1N[C@@H](C(=O)O)C[C@H]1/C=C\C,0.054000000000000006,2
Cc1ccccc1N1CCN(S(=O)(=O)C[C@]23CC[C@H](C[C@@H]2NC(=O)[C@@H](N)CCS(C)(=O)=O)C3(C)C)CC1,0.165,2
O=C(O)C[C@H]1CC[C@H](c2ccc(-c3ccc(Nc4ccc(C(F)(F)F)nc4)cn3)cc2)CC1,0.4,1
C=CCC1(O)C=CC=CC1O,0.0069,7
CC[C@H](C)[C@H](N)C(=O)O.O=C(O)[C@@H]1CCCN1.O=C(O)[C@@H]1CCCN1,0.0026000000000000003,3
Nc1ccn([C@H]2CO[C@@H](CO)S2)c(=O)n1,0.8,4
CS(=O)(=O)c1cc(F)ccc1N1CCN(C(=O)[C@H](NC(=O)c2ccc3ccnc(N)c3c2)c2ccccc2)CC1,0.27,1
C[C@](C#N)(COc1cc(C#N)ccc1C(F)(F)F)NC(=O)c1ccc(SC(F)(F)F)cc1,0.305,2
CCCCNCc1ccc(-c2nc(CN(C3CCCC3)S(=O)(=O)c3ccc(OC)cc3)cs2)cc1,0.01,1
CC[C@H](C)[C@H](N)C(=O)N[C@@H](C)C(=O)O,0.985,1
C[C@@H](C1CC1)n1cc(Cl)nc(N(C(=O)OCCCOP(=O)([O-])[O-])c2c(Cl)cc(OC(F)F)cc2Cl)c1=O.[Na+].[Na+],0.18,1
CCCCC(CC)COC(=O)c1ccccc1C(=O)OCC(CC)CCCC,0.07,1
CC(C)(O)CNc1nc(Nc2ccnc(C(F)(F)F)c2)nc(-c2cccc(C(F)(F)F)n2)n1,0.5710000000000001,4
Cc1cn(Cc2ccc(Cl)cc2Cl)c2c(/C=C/C(=O)NS(=O)(=O)c3cc(Cl)c(Cl)s3)cc(F)cc12,0.27,1
O=S(=O)(c1ccc(Cl)cc1)N1C2COCC1c1cn[nH]c1C2,0.19,1
N#Cc1c(SCc2csc(-c3ccc(Cl)cc3)n2)nc(N2CCCC2)c(C#N)c1-c1ccc(OCCO)cc1,0.01,1
Cc1cccc2sc3nncn3c12,0.925,2
C[C@H]1[C@H](C)CC[C@]2(C(=O)O[C@@H]3O[C@H](CO[C@@H]4O[C@H](CO)[C@@H](O[C@@H]5O[C@@H](C)[C@H](O)[C@@H](O)[C@H]5O)[C@H](O)[C@H]4O)[C@@H](O)[C@H](O)[C@H]3O)CC[C@]3(C)C(=CC[C@@H]4[C@@]5(C)C[C@@H](O)[C@H](O)[C@@](C)(CO)[C@@H]5[C@H](O)C[C@]43C)[C@H]12,0.0067,1
C1=CC23C=CC1=C1C2=c2c(ccc4cccc1c24)=CC3,0.009000000000000001,1
COc1ccc(-c2nc3cc(C4=NNC(=O)CC4C)ccc3[nH]2)cc1,0.7000000000000001,3
C/C=C/C[C@@H](C)[C@@H](O)[C@H]1C(=O)N[C@@H]([C@@H](C)O)C(=O)N(C)[C@H](C)C(=O)N(C)[C@@H]([C@@H](C)OC)C(=O)N[C@@H](CC(C)C)C(=O)N(C)[C@@H](CC(C)C)C(=O)N[C@@H](C)C(=O)N[C@H](C)C(=O)N(C)[C@@H](CC(C)C)C(=O)N[C@@H](CC(C)C)C(=O)N(C)[C@@H](C(C)C)C(=O)N1C,0.36,1
C#Cc1cccc2cc3c([Si](C4CCCCC4)(C4CCCCC4)C4CCCCC4)c4cc5cc6ccccc6c([Si](C6CCCCC6)(C6CCCCC6)C6CCCCC6)c5cc4cc3cc12,0.6900000000000001,2
N=C(N)Nc1ccccc1C(=O)O,0.535,1
CCOc1cc([C@H](c2cc3cc(Br)ccc3cc2OC)[C@@](O)(CCN(C)C)c2cccc3ccoc23)cc(OC)n1,0.73,1
C=CCC(OC(=N)C(Cl)(Cl)Cl)c1ccc(Br)cc1,0.020499999999999997,10
COc1cc(C(C)=O)ccc1O,0.18024,3
CCCN(CCC)C1CCc2cc(F)c3[nH]cc(C#N)c3c2C1,0.081,1
CC(C)C[C@H](O)[C@H](O)[C@H](CC1CCCCC1)NC(=O)[C@H](Cc1csc(N)n1)NC(=O)[C@H](Cc1ccccc1)NS(=O)(=O)N1CCOCC1,0.02,1
N#Cc1c(N2C[C@@H]3NCCO[C@H]3C2)c(F)cc2c(=O)c(C(=O)O)cn(C3CC3)c12,0.6,1
CCC=CC1OC(=O)c2ccccc21,0.25,1
Cn1ncc2c(Oc3ccc(S(C)(=O)=O)cc3)nc(-c3cccc4[nH]ncc34)nc21,0.29,1
CC1(C)CC[C@]2(C(=O)O[C@@H]3O[C@H](CO)[C@@H](O)[C@H](O)[C@H]3O)CC[C@]3(C)C(=CC[C@@H]4[C@@]5(C)CC[C@H](O[C@@H]6O[C@H](C(=O)O)[C@@H](O)[C@H](O)[C@H]6O)C(C)(C)[C@@H]5CC[C@]43C)[C@@H]2C1,0.08630000000000002,1
CN(C)CCN(Cc1ccc(-c2ccc(CNCCc3ccccc3)cc2)cc1)C(=O)CCC1CCCC1.Cl.Cl,0.04,1
COc1cc(C(F)(F)F)cc2c1nnc1c(C)nc(-c3ccncc3C)n12,0.53,1
COC(=O)N[C@H](C(=O)N[C@@H](Cc1ccccc1)[C@@H](O)CN(Cc1ccc(-c2ccccn2)cc1)NC(=O)[C@@H](NC(=O)OC)C(C)(C)C)C(C)(C)C,0.44,4
Cc1nnc2n1-c1ccc(-c3cnn(C)c3)cc1[C@H](Nc1ccc(Cl)cc1)CC2,0.5910000000000001,1
Cc1ccc(CN2CCN([C@H](C(=O)N[C@@H](Cc3ccccc3)[C@H](O)CN(CC(C)C)S(=O)(=O)c3ccc(/C=N/O)cc3)C(C)(C)C)C2=O)cn1,1.0,1
Nc1nc(-n2cc(C(=O)O)c(=O)c3cc(F)c(N4CC(O)C4)c(Cl)c32)c(F)cc1F,0.588,4
O=C(O)c1cc(-c2ccc([C@@H](O)C(F)F)cc2)c2ccc(-c3ccc(C(F)(F)F)cc3)cc2c1,0.67,1
S=c1cc(-c2ccccc2)ss1,0.4,1
CO[C@@H]1[C@H](N(C)C(=O)c2ccccc2)C[C@H]2O[C@]1(C)n1c3ccccc3c3c4c(c5c6ccccc6n2c5c31)C(=O)NC4,0.2945,4
COc1cc(OC)c(/C=C/S(=O)(=O)Cc2ccc(OC)c(NCC(=O)[O-])c2)c(OC)c1.[Na+],0.125,2
CCC(CC)[C@H](NC(C)=O)[C@@H]1[C@H](O)[C@@H](C(=O)O)C[C@H]1NC(=N)N,0.025,1
O=P([O-])(O)C(O)(Cc1cccnc1)P(=O)(O)O.[Na+],0.0063,1
C[C@@H](O)[C@H]1C(=O)N2C(C(=O)OCOC(=O)C(C)(C)C)=C(SC3CN(C4=NCCS4)C3)[C@H](C)[C@H]12,0.5425,4
CCOc1ccc(-c2nc(-c3cccc(C(=O)O)n3)cs2)cc1OCC,1.0,1
O=C(O)COC(=O)Cc1ccccc1Nc1c(Cl)cccc1Cl,0.15,2
Cc1ccc2c(N3CCN(CCc4cccc5c4OCC(=O)N5)CC3)cccc2n1,0.63,2
Cc1c(Oc2ccc(Cl)cc2)c2ccc(F)nc2n1Cc1ccc(Cl)c(O[C@@H](C)C(=O)O)c1,0.47000000000000003,1
OC[C@H]1O[C@@H](c2ccc(Cl)c(Cc3ccc(OCCOC4CC4)cc3)c2)[C@H](O)[C@@H](O)[C@@H]1O,0.78,1
CC(C)Oc1cc(C(=O)Nc2ccc(C(=O)O)cc2)cc(Cl)c1OC(C)C,0.39,1
O=S(=O)(Nc1nccs1)c1cc(Cl)c(NCC23CCCN2CCC3)cc1F,0.4,1
CC[C@@H]1NC(=O)[C@H]([C@H](O)[C@H](C)C/C=C/CO)N(C)C(=O)[C@H](C(C)C)N(C)C(=O)[C@H](CC(C)C)N(C)C(=O)[C@H](CC(C)C)N(C)C(=O)[C@@H](C)NC(=O)[C@H](C)NC(=O)[C@H](CC(C)C)N(C)C(=O)[C@H](C(C)C)NC(=O)[C@H](CC(C)C)N(C)C(=O)CN(C)C1=O,0.05,1
CC(C)(C)OC(=O)N[C@H](Cc1ccccc1C(F)(F)F)C(=O)N[C@@H]1CN(CC2CC2)c2ccccc2N(CC(F)(F)F)C1=O,0.1,1
CCC[C@@H]1CC(=O)N([C@@H](CC)C(N)=O)C1,1.0,1
CCO[C@@H]1OC(=O)C[C@@H]1NC(=O)[C@@H]1CCCN1C(=O)[C@@H](NC(=O)c1ccc(N)c(Cl)c1)C(C)(C)C,0.5,1
CC(C)[C@H](N)C(=O)OCOC(=O)N(c1c(Cl)cc(OC(F)F)cc1Cl)c1nc(Cl)cn([C@@H](C)C2CC2)c1=O.Cl,0.32,1
CC(C)=CCC[C@](C)(O[C@@H]1O[C@H](CO[C@@H]2O[C@H](CO)[C@@H](O)[C@H](O)[C@H]2O)[C@@H](O)[C@H](O)[C@H]1O)[C@H]1CC[C@]2(C)[C@@H]1[C@H](O)C[C@@H]1[C@@]3(C)CC[C@H](O[C@@H]4O[C@H](CO)[C@@H](O)[C@H](O)[C@H]4O[C@@H]4O[C@H](CO)[C@@H](O)[C@H](O)[C@H]4O)C(C)(C)[C@@H]3CC[C@]12C,0.0246,24
COC(=O)c1ccccc1-c1ccc([C@@H](C)Nc2nccc(C)c2NC(=O)CC(F)(F)F)cc1,0.17,1
CCCCN(CCCC)C(=O)CN1C[C@H](c2ccc3c(c2)CCO3)[C@@H](C(=O)O)[C@@H]1c1ccc(C)c(F)c1,0.6865000000000001,2
CCC(CC)(c1ccc(C(=O)OC)cc1)c1ccc(OCC(=O)C(C)(C)C)c(C)c1,0.0,1
CO/C(=N/C#N)N1CCC(CCN2[C@@H]3CC[C@H]2C[C@@H](n2c(C)nc4ccccc42)C3)(c2ccccc2)CC1,0.15,1
CC(C)(C)C(=O)C1=C(C(C)(C)C)OC(=O)C1=O,0.5,1
CN(C)Cc1nccn1-c1ccc(N2CC[C@H](NS(=O)(=O)/C=C/c3ccc(Cl)s3)C2=O)c(F)c1,0.52,1
Cc1ccc(-n2nccn2)c(C(=O)N2CCN(c3nc4cc(Cl)ccc4o3)CC[C@H]2C)c1,0.8200000000000001,1
CC[NH+](CC)CC(=O)N(CCOc1ccc(Cl)cc1)c1ccccc1C.[Cl-],0.4341,1
CC=CC=CCOC(=O)CC,0.97,1
CN1CCN(c2cc(C(=O)Nc3ccc4c(c3)-c3c(c(C(N)=O)nn3-c3ccc(F)cc3)CC4)c(Cl)cn2)CC1,0.55,1
Br.Cc1ccc(Sc2ccccc2N2CCNCC2)c(C)c1,0.75,3
CCc1cc(/C(C)=N/OCc2ccc(C3CCCCC3)c(C(F)(F)F)c2)ccc1CN1CC(C(=O)O)C1,0.84,2
NC(=O)c1c(F)ccc(OCc2nc3cc(Cl)cnc3s2)c1F,0.29600000000000004,1
C=CCCCCC[C@H]1CCC[C@@H]1CCCCCCCC,0.55,1
COCCCN1CCC(c2nnc(-c3nn(C(C)C)c4ccccc34)o2)CC1,0.3,1
CN(C)CCN(C)C(=O)CN([C@H]1CCCN(c2ccc(-n3ccccc3=O)cc2F)C1=O)S(=O)(=O)c1ccc2cc(Cl)ccc2c1,0.04,1
C[C@@]1(O)[C@H](O)[C@@H](CO)O[C@H]1n1cnc2c(=O)[nH]c(N)nc21,0.8200000000000001,1
CC(=O)N[C@@H](CC1CCCCC1)C(=O)N[C@@H](CCCN=C(N)N)C(=O)N1Cc2ccccc2C[C@H]1C(=O)N[C@H]1CCc2cccc3c2N(C1=O)[C@H](C(=O)N[C@@H](CO)C(=O)N(C)[C@@H](C)C(N)=O)C3,0.0095,1
N=C(NO)c1ccc(N2CCC3(CCN(C(=O)CCCC(=O)O)CC3)C2=O)cc1,0.037000000000000005,1
OC1/C(=C/c2cn(Cc3ccccc3)c3ccccc23)N2CCC1CC2,0.062000000000000006,1
C#Cc1ccc2c(c1)C(=O)CCS2,0.805,1
O=C(O)[C@]1(O)C[C@@H](O)[C@@H](O)[C@H](O)C1,0.30710000000000004,1
C[C@@H](N1CCN(c2ccc(-n3cnn(Cc4ccc(OC(F)(F)F)cc4)c3=O)cc2F)CC1)[C@](O)(Cn1cncn1)c1ccc(F)cc1F,0.5376000000000001,2
C[C@H](O)C(=O)N1CCC(CCn2c(Sc3cc4c(cc3Br)OCO4)nc3c(N)ncnc32)CC1,0.5,3
O=C(C(=O)N1CCN(C(=O)c2ccccc2)CC1)c1c[nH]c2cccc(F)c12,0.2,2
CCCSc1c(C(=O)NC2CCCCC2)cnn1-c1cccc(C(=O)O)c1,1.0,1
Br.NOCc1ccccc1,0.8,1
O=C1c2cccc3n[nH]c(c23)CCN1[C@@H]1CN2CCC1CC2,0.71,2
CCCCCCCCCCCCCCCCCCOCC(COP(=O)([O-])OCC[N+](C)(C)C)OC,0.64,1
NCCCCN(C[C@H]1Cc2ccccc2CN1)[C@H]1CCCc2cccnc21,0.63,1
CCCc1nc(C)c(C(=O)NCC)n1Cc1ccc2oc(-c3ccccc3NS(=O)(=O)C(F)(F)F)c(Br)c2c1,0.9,1
CC12CCC(CC1=O)C2(C)C,0.06,3
CC(F)(F)c1nc2ccccc2n1Cc1ccc(C(=O)N[C@@H]2CCOC[C@@H]2C(=O)NO)cc1,0.55,1
CC(NC(=O)C(Cc1c[nH]c2ccccc12)NC(=O)C(N)Cc1cnc[nH]1)C(=O)NC(Cc1c[nH]c2ccccc12)C(=O)NC(Cc1ccccc1)C(=O)NC(CCCCN)C(N)=O,0.01,1
Cn1nc2c(=O)n(CC3(O)CCN(C(=O)C[C@H](c4ccccc4)C(F)(F)F)CC3)cnc2c1-c1ccc(CN)cc1,0.01,1
NS(=O)(=O)c1ccc(-n2nc(C(F)(F)F)cc2-c2ccc(F)cc2)cc1,0.8740000000000001,7
CC(C)=CC/C=C(\C)[C@H]1CC[C@]2(C)[C@@H]1[C@H](O)C[C@@H]1[C@@]3(C)CC[C@H](O[C@@H]4O[C@H](CO)[C@@H](O)[C@H](O)[C@H]4O[C@@H]4O[C@H](CO)[C@@H](O)[C@H](O)[C@H]4O)C(C)(C)[C@@H]3CC[C@]12C,0.0097,1
Cc1ccc2c(-c3nnc(SCCCN4CCc5cc6onc(C)c6cc5CC4)n3C)cccc2n1,0.22,1
CSc1cc(Oc2ccnc3[nH]c(=O)cnc23)ccc1NC(=O)Nc1cc(C(C)(C)C)nn1-c1ccc(C)cc1,0.71,1
CC(C)C1(c2cc(Cl)c(-c3ccc4ccccc4c3)[nH]c2=O)OC(=O)NC1=O,0.86,1
N[C@@H](Cc1cc(I)c(Oc2cc(I)c(O)c(I)c2)c(I)c1)C(=O)O,0.8,17
Cc1nccc(-c2cc3[nH]nc(N[C@H]4CCNC[C@@H]4F)c3cc2C2CC2)c1F,0.43,1
O=C(O[C@H]1CN2CCC1CC2)N1CCc2ccccc2[C@@H]1c1ccccc1,0.9,14
CNc1nccc(-c2cccnc2Oc2ccc(NC(=O)c3ccccc3Nc3ccccc3)cc2)n1,0.01,1
CCCCCCCCCCCCCCCCN(CCCCCCCCCCCCCCCC)[C@H](CCC(=O)NC(CCCC(NC(=O)OC(C)(C)C)C(=O)OCc1ccccc1)C(=O)OCc1ccccc1)C(=O)OCc1ccccc1,0.09,4
C[C@H](NCc1ccc(OCc2cccc(F)c2)cc1)C(=O)NCS(=O)(=O)[O-],0.9500000000000001,1
N[C@@H](Cc1cc(I)c(Oc2ccc(O)c(I)c2)c(I)c1)C(=O)O,0.782,3
COc1cc(F)ccc1-c1ncnc(Nc2cccc(CS(N)(=O)=O)c2)n1,0.1,1
CN1C(=O)N(c2ccc(C(=N)N)cc2)C(=O)C12CCN(C(=O)NCCC(=O)O)CC2,0.048,1
C[C@H]1Cn2c(nnc2C(C)(C)F)CN1C(=O)c1cccc(C(F)(F)c2n[nH]c(=O)c3ccccc23)c1,0.5700000000000001,1
O=P(O)(O)C(O)(Cn1ccnc1)P(=O)(O)O,0.085,1
COc1cncnc1N1CCN(CCCc2c[nH]c3ccc(F)cc23)CC1.Cl.Cl,0.09,7
C[C@](C#N)(COc1cc(C#N)ccc1C(F)(F)F)NC(=O)c1ccc(S(=O)(=O)C(F)(F)F)cc1,0.97,2
COc1cc(C2CCN(CC(N)=O)CC2)ccc1Nc1ncc2c(Cl)cc(-c3ccccc3N(C)S(C)(=O)=O)n2n1,0.41000000000000003,1
CC(C)C[C@H]1C(=O)O[C@H](Cc2ccc(N3CCOCC3)cc2)C(=O)N(C)[C@@H](CC(C)C)C(=O)O[C@H](C)C(=O)N(C)[C@@H](CC(C)C)C(=O)O[C@H](Cc2ccc(N3CCOCC3)cc2)C(=O)N(C)[C@@H](CC(C)C)C(=O)O[C@H](C)C(=O)N1C,0.1,1
COc1c(-c2ccc3cc(NS(C)(=O)=O)ccc3c2)cc(-n2ccc(=O)[nH]c2=O)cc1C(C)(C)C,0.7000000000000001,1
COc1c(Cl)cc(C(=O)Nc2ccc(C(=O)O)cc2)cc1OC(C)C,0.13,1
Cc1ccc(-n2[nH]c(C)c(/N=N/c3cccc(-c4cccc(C(=O)O)c4)c3O)c2=O)cc1C.NCCO.NCCO,0.52,1
C=CC(=O)N1C[C@H]2C[C@@H](Oc3nc(-c4cnn(C)c4)cn4nccc34)C[C@@H]1C2,0.15,1
Cn1cc(C2=C(c3cccc(N)c3)C(=O)NC2=O)c2ccccc21,0.2,1
O=C1CCO1,0.2634,1
O=C([O-])CCc1ccc(Cn2cccn2)cc1OCCc1ccc2ccccc2c1.[Na+],0.53,1
CCOC(=O)C1=C(COCCN)NC(C)=C(C(=O)OC)C1c1ccccc1Cl.O=S(=O)(O)c1ccccc1,0.65,1
COc1ccc2c(c1)[C@]13CCCC[C@@H]1[C@H](C2)N(C)CC3,0.1,5
Cc1cccc(-c2nn3c(c2-c2ccnc4ccc(C(N)=O)cc24)CCC3)n1,0.73,1
COc1ccc([C@@H](CCCCCCc2ccc3c(n2)NCCC3)CC(=O)O)cn1,0.49,1
CCc1cc(CC(=O)N2C[C@@H](F)C[C@H]2COc2ccc(C(=O)O)cc2)ccc1NC(=O)Nc1ccccc1C,0.36,3
CCCc1nc(C)c2c(=O)[nH]c(-c3cc(S(=O)(=O)N4CCN(CC)CC4)ccc3OCC)nn12,0.15,3
COc1cc2c(Nc3ccc(Br)cc3F)ncnc2cc1OCCn1ccnn1,0.425,2
Cc1c(Oc2ccc(Cl)cc2)c2cccnc2n1Cc1cc(O[C@@H](C)C(=O)O)ccc1F,0.77,1
CN1CCOCCN(C)S(=O)(=O)NC(=O)c2ccc3c(C4CCCCC4)c4n(c3c2)CC(=Cc2cc(F)ccc2-4)C1=O,0.52,1
COC[C@@H](CC(C)C)NC(=O)c1ccc(C)c(C)c1,0.0004,3
CCNc1cccnc1N1CCN(C(=O)c2cc3cc(OC)ccc3[nH]2)CC1.CS(=O)(=O)O,0.685,2
C=C(CCC=C(C)C)[C@H]1CC[C@]2(C)[C@@H]1[C@H](O)C[C@@H]1[C@@]3(C)CC[C@H](O[C@@H]4O[C@H](CO)[C@@H](O)[C@H](O)[C@H]4O[C@@H]4O[C@H](CO)[C@@H](O)[C@H](O)[C@H]4O)C(C)(C)[C@@H]3CC[C@]12C,0.0067,1
C#CC(C=C)OC(C)=O,0.01,1
CCCC(CCC)N1CCc2nn(-c3ccc(Cl)cc3Cl)c3nc(C)cc1c23,0.07,1
CCCCC1OC(=O)c2ccccc21,0.21,4
O=C(NC1C2CC3CC(C2)CC1C3)c1cc(-c2ccc(F)nc2F)c[nH]1,0.066,1
CCc1cccc(CC)c1NC(=O)c1nn(C)c2c1CCc1cnc(Nc3ccc(C(=O)NC4CCN(C)CC4)cc3OC(F)(F)F)nc1-2,0.37,1
CCOP(=O)(O)C1=C[C@@H](OC(CC)CC)[C@H](NC(C)=O)[C@@H](N)C1,0.07600000000000001,2
COc1cc([C@@H]2c3cc4c(cc3[C@@H](O[C@@H]3O[C@@H]5CO[C@@H](C)O[C@H]5[C@H](O)[C@H]3N(C)C)[C@H]3COC(=O)[C@H]23)OCO4)cc(OC)c1O.Cl,0.56,2
NC[C@H]1OB(O)c2c(OCCO)ccc(Cl)c21,1.0,1
Brc1ccc(-c2ccc3c(c2-c2ccc(Br)cc2Br)Oc2ccccc2O3)c(Br)c1,0.39,2
N#C[C@@H]1C[C@H]1c1c(C(F)(F)F)sc2nc(Cn3nc(C(F)(F)F)cc3Cl)cc(=O)n12,0.24,2
CCN1CC[C@@H](c2cc3c(cc2-c2ccccc2F)OCC2=NNC(=O)[C@@H](C)N23)[C@@H](C)C1,0.38,1
C1=C[CH]([Ti]([c]2ccccc2)([c]2ccccc2)[CH]2C=CC=C2)C=C1,1.0,2
O=c1oc(-c2ccc(C(F)(F)F)cc2)nn1Cc1cc(Cl)ccc1O,0.42,2
CC1CCc2cc(F)cc3c(=O)c(C(=O)O)cn1c23,0.4,9
C[C@H](c1cccc2c1CNCC2)n1c(=O)oc2cc(S(=O)(=O)Nc3ncns3)ccc21,0.02,1
CNc1cc(Nc2cnc(C#N)c(O[C@H](C)CN(C)C)n2)ncc1-c1cnn(C)c1,0.48,1
NC(=O)Cc1ccc(OCCO)cc1,0.22890000000000002,4
CCc1c(C)sc(NC(=S)NC(=O)c2ccc(Cl)cc2)c1C(N)=O,0.051,1
Cc1ccn2c(C(=O)NCc3ccc(Cl)cc3)c(C)nc2c1,0.49,1
CSCCN1C[C@H](c2cccc(F)c2F)CC[C@@H](NC(=O)N2CCC(n3c(=O)[nH]c4ncccc43)CC2)C1=O,0.025,2
CC(C)(C)Cn1c(CN2C(=O)CC3(CCNCC3)C2=O)cc2cnc(C#N)nc21,0.98,1
O=C(O)Cc1ccc(OCCc2ccc(Cl)cc2)cc1,0.10690000000000001,4
COCCOc1nc(-c2ccc(Cl)nc2)nc2c1CN(C(=O)c1ncn3ccccc13)CC2,0.47000000000000003,3
COc1c(C)c2c(c(O)c1CC=C(C)CCC(=O)O)C(=O)OC2,0.72,18
CCN(CC)CC#CCOC(=O)[C@@](O)(c1ccccc1)C1CCCCC1,0.06,1
CC(=O)O[C@H]1[C@H](O[C@H]2CC[C@]34C[C@]35CC[C@]3(C)[C@@H]([C@@]6(C)CC[C@@H](C(C)(C)O)O6)[C@@H](O)C[C@@]3(C)[C@@H]5C[C@H](O[C@@H]3O[C@H](CO)[C@@H](O)[C@H](O)[C@H]3O)[C@H]4C2(C)C)OC[C@@H](O)[C@@H]1O,0.0079,1
CC(=O)C1=CC[C@H]2[C@@H]3CC=C4C[C@@H](O)CC[C@]4(C)[C@H]3CC[C@]12C,0.0262,2
[Li],0.925,15
CC(C)(C)[C@]1(O)C[C@@H]2OC(=O)C[C@@]23C(=O)O[C@@H]2OC(=O)[C@H](O)[C@]213,0.7123,6
CCCCCCCCCc1ccc(O)cc1,0.2,3
Nc1nc(NC2CC2)c2ncn([C@H]3C=C[C@@H](CO)C3)c2n1.Nc1nc(NC2CC2)c2ncn([C@H]3C=C[C@@H](CO)C3)c2n1.O=S(=O)(O)O,0.8300000000000001,1
CC1(C(=O)NC(=O)[C@@]2(C)CCC[C@]3(C)c4cc(O)ccc4CC[C@@H]23)CCC[C@]2(C)c3cc(O)ccc3CC[C@@H]12,0.22,1
CC=C1CC=C[N-]1,0.89,1
Cc1ccc(-c2cc3c(cc2-c2ccc(C#N)cc2)c(C(=O)N2CCC(N)CC2)cn3S(=O)(=O)c2ccc(F)cc2)cc1,0.07490000000000001,1
O=C1O[C@H]([C@@H](O)CO)C(O)=C1O,0.745,6
COc1cc(S(C)(=O)=O)ccc1Nc1nc2ccc(-c3ccc(NC(=O)[C@H](C)c4ccc(F)cc4)cc3)cn2n1,0.54,2
O=C(NCc1cc(F)cc(F)c1)[C@@]1(O)CCN(c2ccc3[nH]ccc3c2)C1=O,0.7000000000000001,4
C[C@@H](C1CC1)n1cc(Cl)nc(N(C(=O)OCOP(=O)(O)O)c2c(Cl)cc(OC(F)F)cc2Cl)c1=O,0.17,1
Fc1ccc(-n2cc(CCCCN3CCC4(CC3)OCc3ccccc34)c3ccccc32)cc1.O=C(O)/C=C/C(=O)O,0.11,3
C1CCC(CC2CCCCC2)CC1.CC(=O)C1C(C(C)=O)C(C(C)=O)C1C(C)=O.CC(=O)C1C(C(C)=O)C(C(C)=O)C1C(C)=O,0.03,1
CN(C)CCn1nnnc1SCC1=C(C(=O)O)N2C(=O)[C@@H](NC(=O)Cc3csc(N)n3)[C@H]2SC1,0.28,6
C=CCOC(=O)N1CC=C(C(=O)OC)C[C@@H]1C,0.0126,1
COc1cccc(N2CCN(c3c(C)n(Cc4c(F)cccc4C(F)(F)F)c(=O)n(C[C@H](NCCCC(=O)O)c4ccccc4)c3=O)CC2)c1F,0.084,2
O=C1OC(COCc2ccccc2)C(OCc2ccccc2)C(OCc2ccccc2)C1OCc1ccccc1,0.03,1
CCN(c1cc(-c2ccc(CN3CCOCC3)cc2)cc(/C(O)=N/Cc2c(C)cc(C)nc2O)c1C)C1CCOCC1,0.33,1
Nc1nccc(/C=C/c2ccccc2)n1,0.51,1
CN(Cc1ccc(Cl)cc1)C(=O)[C@H]1CCCN1C(=O)Nc1ccc(C(F)(F)F)cc1,0.45,1
COc1cc2c(c(OC)c1OC)-c1c(cc3c(c1OC)OCO3)CC(C)C(C)(O)C2,0.18730000000000002,1
O=C(N[C@@H]1CC[C@@H](c2ccccc2)CN(CC2CC2)C1=O)N1CCC(n2c(=O)[nH]c3ncccc32)CC1,0.41000000000000003,3
CCN1C[C@H](c2cccc(F)c2F)CC[C@@H](NC(=O)N2CCC(n3c(=O)[nH]c4ncccc43)CC2)C1=O,0.33,2
COc1ccc2c3c1OC1CC(O)C=CC31CCN(C)C2,0.775,2
C[C@]12CCC(=O)C=C1[C@@H]1C[C@@H]1[C@H]1[C@@H]3[C@@H]4C[C@@H]4[C@@]4(CCC(=O)O4)[C@@]3(C)CC[C@@H]12,0.76,11
COc1cccc(N2CCN(C3=Nc4c(F)cccc4[C@H](CC(=O)O)N3c3cc(C(F)(F)F)ccc3OC)CC2)c1,0.6,6
Cl.O=C1Nc2ccc([N+](=O)[O-])cc2/C1=C1Nc2ccc(O)cc2C/1=N\OCCN1CCNCC1,0.0,1
O=C(Nc1ccnn1-c1ccccc1)N1CCN2C(=O)N([C@H]3C[C@@H]3c3ccccc3)C(=O)[C@@H]2C1,0.85,2
Fc1ccc(-c2cc(C3(c4ccccc4)CCN(CCc4ccccc4)CC3)[nH]n2)cc1.O=C(O)C(F)(F)F,0.12,1
CCC(CC)O[C@@H]1C=C(C(=O)O)C[C@H](NC(=N)N)[C@H]1NC(C)=O,0.04,2
CN(C)CCO[C@]1(c2ccccc2)C[C@H]2CC[C@]1(C)C2(C)C,0.515,4
CCCCCCCCCC(=O)N(CCN(C)C)C(C)c1nc2ccccc2c(=O)n1-c1ccc(F)cc1,0.015,1
CN(C)CCCCOC(=O)Nc1ccc(Cn2nc(-c3cccc(C(F)(F)F)c3)c3ccccc3c2=O)cc1,0.349,1
COc1ccc(CN2C[C@@H]3[C@@H](C2)OCc2c(-c4ccccc4F)nnn23)cn1.Cl,0.54,1
COc1ccc2c(c1)[C@@H]1C[C@]1(C(=O)N1[C@@H]3CC[C@H]1CN(C)C3)Cn1c-2c(C2CCCCC2)c2ccc(C(=O)NS(=O)(=O)N(C)C)cc21,0.66,1
CC#C[C@]1(O)CC[C@H]2[C@@H]3CCC4=CC(=O)CCC4=C3[C@@H](c3ccc(OC[C@@H](O)C[C@@H](O)CC(=O)O)cc3)C[C@@]21C,0.05,1
CC(C)(C)Cn1c(CNC(=O)[C@@H](Cc2ccccc2C(F)(F)F)NC(=O)OC(C)(C)C)nc2cccnc21,0.17,1
CC[C@]1(O)C[C@@H]2CN(CCc3c([nH]c4ccccc34)[C@@](C(=O)OC)(c3cc4c(cc3OC)N(C)[C@H]3[C@]5(OC(=O)N(CCCl)C5=O)[C@H](OC(C)=O)[C@]5(CC)C=CCN6CC[C@]43[C@@H]65)C2)C1,0.25,1
Cc1ccc(Sc2ccccc2N2CCNCC2)c(C)c1,0.75,16
CCC(=O)N(c1ccccc1)C1(COC)CCN(CCc2cccs2)CC1,0.09,3
Oc1ccc2c(c1)OCO2,0.355,2
O=C(CO)NCCCOc1cccc(CN2CCCCC2)c1,0.5465000000000001,2
CS(=O)(=O)O.Cc1cc2ncnn2cc1Nc1ncc2c(n1)n(N1CC3CCC(C1)O3)c(=O)n2C,0.7000000000000001,1
COc1cc(F)cc(-c2ccc([C@@H](CC(=O)O)NC(=O)[C@]3(C)CCCN3S(=O)(=O)c3cc(Cl)cc(Cl)c3)cc2)c1,0.387,1
Br.NC(=O)C(c1ccccc1)(c1ccccc1)[C@@H]1CCN(CCc2ccc3c(c2)CCO3)C1,0.2,1
CC(OC(=O)OC1CCCCC1)OC(=O)C1=C(S[C@H]2C[C@@H](C(=O)N(C)C)N(C(=O)OCOC(=O)C(C)C)C2)[C@H](C)[C@@H]2[C@@H]([C@@H](C)O)C(=O)N12,0.16899999999999998,1
COc1ccc(C2=N[C@@H](c3ccc(Cl)cc3)[C@@H](c3ccc(Cl)cc3)N2C(=O)N2CCNC(=O)C2)c(OC(C)C)c1,1.0,1
CCN1c2ncc(CCOc3cc[n+]([O-])c4ccccc34)cc2C(=O)N(C)c2cccnc21,0.521,2
CC#COCC1=C(N)C(=O)c2ccccc2C1=O,0.174,1
CC1(C)C2CCC1(CS(=O)(=O)O)C(=O)C2,0.24,4
CC(=O)N[C@H](Cc1ccc2ccccc2c1)C(=O)N[C@H](Cc1ccc(Cl)cc1)C(=O)N[C@H](Cc1cccnc1)C(=O)N[C@@H](CO)C(=O)N[C@@H](CCCCNC(=O)c1cccnc1)C(=O)N[C@H](CCCCNC(=O)c1cccnc1)C(=O)N[C@@H](CC(C)C)C(=O)N[C@@H](CCCCNC(C)C)C(=O)N1CCC[C@H]1C(=O)N[C@H](C)C(N)=O,0.012,4
CCN1CCN(c2ccc(Nc3nc(-c4ccc5cn[nH]c5c4)cn4ccnc34)cc2)CC1,0.48,1
C=C(C)C(=O)NCCOC(C)=O,0.46,2
C[C@@H](C1CC1)n1cc(Cl)nc(Nc2c(Cl)cc(OC(F)F)cc2Cl)c1=O,0.28500000000000003,2
O=C(/C=C/c1ccc(O)c2c1C(C(=O)O)C(c1ccc(O)c(O)c1)O2)O[C@H](Cc1ccc(O)c(O)c1)C(=O)O,0.0115,3
Cc1nc(-c2nnc3n2CCN(C(=O)c2ccc(-c4cccs4)cc2)[C@@H]3C)cs1,0.2,1
CC12CC3CC(C)(C1)CC(N)(C3)C2,1.0,13
COc1cc2c(cc1O)C[C@H]1c3c(cc(O)c(OC)c3-2)CCN1C,0.047,1
CS(=O)(=O)CC1CCN(c2ccc(Nc3ncc4c5ccncc5n([C@H]5CC[C@H](C)CC5)c4n3)nn2)CC1,0.23,1
CN1CCN(C)C(c2nc(C(=O)NCc3ccc(F)cc3)c(O)c(=O)n2C)C1,0.62,1
[Fe+2],0.238,6
COc1cc(O)c2c(=O)cc(-c3ccc(NC(=O)N4CC(C)NC(C)C4)cc3)oc2c1OC(C)C,0.192,1
CC(C)N1C[C@H](C(=O)Nc2ccc(Cl)cn2)[C@@H](C(=O)Nc2ccc(-n3ccccc3=O)cc2F)C1,0.595,2
[Cl][Hg][Cl],0.105,2
Cc1cc2cc(Nc3ncnn4cc(-c5nnc(C)o5)c(C(C)C)c34)cnc2[nH]1,0.68,1
CC(C)[C@H]1OC(=O)[C@H](Cc2ccccc2)N(C)C(=O)[C@@H](C(C)C)OC(=O)[C@H](Cc2ccccc2)N(C)C(=O)[C@@H](C(C)C)OC(=O)[C@H](Cc2ccccc2)N(C)C1=O,0.295,2
Cl.Clc1cccc(Cl)c1NC1=NCCN1,0.85,1
Cc1ccc(Nc2nccc(N(C)c3ccc4c(C)n(C)nc4c3)n2)cc1S(N)(=O)=O,0.265,10
S=C=NCCc1ccccc1,0.4925,4
COc1cccc(-c2cc(C#N)ccc2COC(c2ccc(C#N)cc2)c2cncn2C)c1,0.18650000000000003,2
CCOC(=O)C1=C(c2ccc(-n3c(C)nc4cnccc43)cc2)NC(C)=C(C(=O)Nc2ccccn2)[C@H]1c1ccccc1Cl,0.47000000000000003,1
O=C(O)c1ccc2c(c1)C1(OC2=O)c2ccc(O)cc2Oc2cc(O)ccc21,0.2955,4
CC1(C)Cc2nc(C3CCCC3)c([C@@H](F)c3ccc(C(F)(F)F)cc3)c(C3CCCCC3)c2[C@@H](O)C1,0.58,6
FC(F)(F)c1ccccc1-c1ccc2[nH]c(/C=C/C3CCCCC3)nc2c1,0.14,1
CC(=O)O[C@H]1C(=O)[C@@]2(C)C([C@H](OC(=O)c3ccccc3)[C@]3(O)C[C@H](OC(=O)[C@H](O)[C@@H](NC(=O)c4ccccc4)c4ccccc4)C(C)=C1C3(C)C)[C@]1(OC(C)=O)CO[C@@H]1C[C@@H]2OC(=O)OCC(O)CO,0.08899999999999998,1
O.O=C([O-])c1cc2cc(Cc3cccnc3)ccc2o1.[Na+],0.725,1
C#CCNCc1ccccc1OC,1.0,2
COc1cccc2sc(NC(=O)N3CCC4(CC3)CN(S(C)(=O)=O)c3ccccc34)nc12,0.24,1
CN[C@@H](C)C(=O)N[C@H](C(=O)N1CC[C@H](C)[C@H]1C(=O)Nc1ccccc1-c1ncccn1)C1CCCCC1,0.1,1
Cc1nc(N2CC[C@@H](O)C2)ncc1-c1cc(C(F)(F)F)cc2[nH]ncc12,0.58,1
C=C(N[C@@H](CCC(=O)O)C(=O)N[C@@H](CCSC)C(=O)N[C@@H](CCC(N)=O)C(=O)N[C@@H](CCCNC(=N)N)C(=O)N[C@@H](CCCNC(=N)N)C(N)=O)[C@H](CCC(=O)O)NC(C)=O,0.2,1
CN(C)[C@@H]1C(=O)C(C(N)=O)=C(O)[C@@]2(O)C(=O)C3=C(O)c4c(O)cccc4[C@@](C)(O)[C@H]3[C@H](O)[C@@H]12.Cl,0.048,1
O=C(NCc1nc2cccnc2n1C1(c2ccccc2)CC1)[C@@H](Cc1ccccc1Cl)NC(=O)C1(C(F)(F)F)CC1,0.78,1
CCNCC(O)c1cccc(O)c1,0.1,5
CC(C)OC(=O)OCOP(=O)(CO[C@H](C)Cn1cnc2c(N)ncnc21)OCOC(=O)OC(C)C.Nc1nc(=O)n([C@@H]2CS[C@H](CO)O2)cc1F,0.92,1
CC1(C)OC(=O)N([C@H]2CC[C@H](n3c(=O)[nH]c4c(F)c(C#N)ccc43)CC2)[C@H]1c1ccccc1,0.9,1
CCc1nc(N)nc(N)c1-c1ccc2c(c1)N(CCCC#N)C(=O)C(C)(c1cc(F)cc(F)c1)O2,0.12,1
OC1OC2COC(c3ccccc3)OC2C(O)C1O,0.5,6
CC(C)n1nc(C(=O)N[C@H]2C[C@H]3CC[C@@H](C2)N3C[C@@H](O)CN2CCN(S(C)(=O)=O)CC2)c2ccccc21,0.36,1
COc1cc2c(OC)c3c(c(-c4ccc5c(c4)OCO5)c2cc1OC)C(=O)OC3,0.36,1
N#Cc1c(N)nc(N)nc1N1CC2(CC2)C[C@H]1c1nc2cccc(Cl)c2c(=O)n1-c1ccccc1,0.875,1
CO/N=C(\C(=O)N[C@@H]1C(=O)N2C(C(=O)O)=C(/C=C\c3scnc3C)CS[C@H]12)c1csc(N)n1,0.17500000000000002,1
Cc1nccc(-c2cc3[nH]nc(NC4CCN(C)CC4)c3cc2C2CC2)c1F,0.53,1
CNC(=O)c1ccccc1-c1ccc([C@@H](C)Nc2nccc(C)c2NC(=O)CC(F)(F)F)cc1,0.25,1
O=C(CO)Nc1ccc2ncn(Cc3ccc(Cl)c(Cl)c3)c(=O)c2c1,0.9,1
Cc1cc2c(cc1CC(=O)c1sccc1S(=O)(=O)Nc1onc(C)c1Cl)OCO2,0.875,2
O=[N+]([O-])OCC(O)CO,0.98,1
CN(C)C(N)=NC(=N)N,0.5,1
CC(=O)N1CCN(c2ccc(OCC3COC(Cn4ccnc4)(c4ccc(Cl)cc4Cl)O3)cc2)CC1,0.32,3
CC1(N)CCN(c2nc(-c3ccc4cc(Br)ccc4c3)cs2)CC1,0.67,1
[Cl][Fe-]([Cl])[Cl],0.745,8
CCNC(=O)Nc1ccc(-c2nc3c(c(N4CCOC[C@@H]4C)n2)C[C@@H]2CC[C@H]3N2S(C)(=O)=O)cc1,0.53,1
CC(C)C[C@@H]1C(=O)N[C@H](C2Cc3ccccc3C2)C(=O)N1[C@@H](C(=O)NC(C)(C)C)c1ccc2c(c1)CCO2,0.18,2
C/C(CCCCN1C(=O)C(CCOc2ccccc2CC(=O)O)Oc2ccccc21)=N\O,0.16,1
CCCCNS(=O)(=O)c1ccccc1,1.0,3
O=S(=O)(Nc1nccs1)c1cc(Cl)c(NC[C@H]2CCCOC2)cc1F,0.47000000000000003,1
COc1cc(C(C)=O)ccc1OCCCN1CCC(c2noc3cc(F)ccc23)CC1,0.275,2
[177Lu],0.25370000000000004,2
CCCn1c(=O)c2[nH]c(-c3cnn(CC4CC(=O)N(c5ccc(C(F)(F)F)cc5)C4)c3)nc2n(CCC)c1=O,0.65,2
Cc1ccc([C@@H]2O[C@H](CO)[C@@H](O)[C@H](O)[C@H]2O)cc1Cc1ccc(-c2ccc(F)cc2)s1.Cc1ccc([C@@H]2O[C@H](CO)[C@@H](O)[C@H](O)[C@H]2O)cc1Cc1ccc(-c2ccc(F)cc2)s1.O,0.65,21
CN(C)C(=O)[C@@H](c1ccc(-c2ccc(=O)n(C)c2)cc1)[C@H](N)C(=O)N1CC[C@H](F)C1.O=C(O)C(F)(F)F,0.03,1
O=C(O)CSc1ncnc2c(C3CC3)c(Cl)sc12,0.65,1
COc1ccc2c(c1)CCN(C(=O)c1cc(O)no1)[C@H]2C(=O)Nc1cc(F)c([Si](C)(C)C)c(F)c1,0.11,1
O=C(NC1CCCCCCC1)NS(=O)(=O)c1cnccc1NC1CCCCCC1,0.7000000000000001,2
COc1cc(-c2ccc([C@@H]3CCc4ccc([C@H](C5CC5)[C@H](C)C(=O)[O-])cc4O3)c(F)c2)ccn1.[Na+],0.7000000000000001,1
Cc1cc(Cc2nc3n(n2)Cc2c(C)ncn2-c2ccc(Cl)cc2-3)on1,0.44,1
FC(F)C(F)Cl,0.15,1
Cc1cc(F)c(Br)cc1NS(=O)(=O)c1ccc(NS(=O)(=O)c2cc(Cl)cc(Cl)c2)cc1CN1CCOC[C@H]1C,0.9296,1
COc1cc(OC)cc(N2CCN(C(=O)Nc3nc4sccc4nc3OC)CC2)c1,0.16954999999999998,2
O=C(O[C@H]1Cc2c(O)cc(O)cc2O[C@H]1c1ccc(O)c(O)c1)c1cc(O)c(O)c(O)c1,0.033,2
C[C@H]1c2cccc(O)c2C(O)=C2C(=O)[C@]3(O)C(O)=C(C(N)=O)C(=O)[C@@H](N(C)C)[C@@H]3[C@@H](O)[C@@H]21.Cl,0.31,2
Cc1occc(=O)c1[O-].Cc1occc(=O)c1[O-].[O]=[V+2],0.281,6
Cc1n[nH]c2ccc(-c3cncc(OC[C@@H](N)Cc4ccc(Cl)c(F)c4)c3)cc12,0.84,1
O=C(O)CCCn1cc(CC(=O)O)c2c(/C=C/c3ccc(OCCCCOc4ccccc4)cc3)cccc21,1.0,2
C[C@@H]1CCCN1CCCOc1ccc(-c2ccc(=O)n(C)c2)cc1,0.11,1
CNC(=O)c1ccc(N2C(=S)N(c3cnc(C#N)c(C(F)(F)F)c3)C(=O)C23CCC3)cc1F,1.0,6
CC(C)(C)c1ccccc1Oc1ncccc1Nc1nc(C(F)(F)F)c(-c2ccccc2F)s1,0.99,1
CN1CCN(C(=O)c2nc3ccc(Cl)cc3[nH]2)CC1,0.27,1
CC(C)(C)NCc1ccc(Nc2ccnc3cc(Cl)ccc23)cc1O,0.68,2
COCCCN1CCC(CNC(=O)c2cccc3c(Cl)c(C(C)C)nn23)CC1,0.768,1
CO/N=C1\CN(c2nc3c(cc2F)c(=O)c(C(=O)O)cn3C2CC2)CC1CN,0.71,14
Cl.Clc1ccc([C@]23CNC[C@H]2C3)cc1Cl,0.77,1
CON=C(C(=O)N[C@@H]1C(=O)N2C(C(=O)OCOC(=O)C(C)(C)C)=C(C=Cc3scnc3C)CS[C@H]12)c1csc(N)n1,0.14,5
CCCCCC=CCC=CCCCCCCCC(=O)OC[C@@H](COC(=O)CCCCCCCCCCCCCCC)OC(=O)CCCCCCCC=CCCCCCC,0.9500000000000001,1
COc1ccc(CCN(C)CCC[C@@](C#N)(c2ccc(OC)c(OC)c2)C(C)C)cc1OC,0.22,94
CC(C)C[C@@H]1C(=O)N[C@H](C2Cc3ccccc3C2)C(=O)N1[C@@H](C(=O)N1CC(O)C1)c1ccc(F)cc1F,0.12,1
O=C(O)CCC(CCCS)C(=O)O,0.74,2
COC(=O)Nc1ccc(-c2cc([C@H](Cc3ccccc3)NC(=O)/C=C/c3cc(Cl)ccc3-n3cnnn3)nnc2Cl)cc1,0.16,1
CC(C)(C)CC(C)(C)c1ccc(OCCOCC[N+](C)(C)Cc2ccccc2)cc1.[Cl-],0.161,4
CC(=O)CSc1ccsc1,0.0012,1
C=C(C)[C@H]1CC=C(C)CC1,0.2502,2
CCC[C@@H](CCO)Nc1nc(N)nc2c(F)cccc12,0.11,1
CCOCCn1c(C2CCN(CCc3ccc(C(C)(C)C(=O)O)cc3)CC2)nc2ccccc21,0.6083500000000001,8
COC[C@H](NC(=O)c1cnc(C)s1)C(=O)N[C@@H](COC)C(=O)N[C@@H](Cc1ccccc1)C(=O)[C@@]1(C)CO1,0.3,4
C=C[C@@H]1C[C@]1(NC(=O)[C@@H]1C[C@@H]2CN1C(=O)[C@H](C(C)C)Nc1nc(cs1)CCCCc1ccc3ccnc(c3c1)O2)C(=O)NS(=O)(=O)C1CC1.O=C(O)C(F)(F)F,0.6,1
CON=C(C(=O)N[C@@H]1C(=O)N2C(C(=O)OC(C)OC(C)=O)=C(COC(N)=O)CS[C@H]12)c1ccco1,0.36,19
CC(=O)N[C@H](C)c1ccc(Nc2ncc3cc(-c4ccncc4)ccc3n2)cc1,1.0,1
C[C@@](Cc1ccc(O)c(O)c1)(NN)C(=O)O.O,0.915,2
CC(C)N1CCN(S(=O)(=O)c2ccc(NC(=O)c3ccc(S(F)(F)(F)(F)F)cc3)cc2)CC1,0.23,1
N[C@@H]1[C@@H](O)[C@H](O)[C@@H](CO)O[C@H]1O,0.02,1
C[C@H]([NH3+])C(=O)N[C@@H](CCC(N)=O)C(=O)[O-],0.25,1
OCc1ccccc1O[C@@H]1O[C@H](CO)[C@@H](O)[C@H](O)[C@H]1O,0.2995,2
Cc1nc2c(c(-c3ccc(Cl)cc3Cl)c1CN)C(=O)N(CC(=O)N(C)C)C2,0.41000000000000003,1
CC(C)=CCC[C@](C)(O)[C@H]1CC[C@]2(C)[C@@H]1[C@H](O)C[C@@H]1[C@@]3(C)CC[C@H](O[C@@H]4O[C@H](CO)[C@@H](O)[C@H](O)[C@H]4O)C(C)(C)[C@@H]3CC[C@]12C,0.057,4
Nc1nc2c(ncn2COCCO)c(=O)[nH]1,0.155,6
C[C@@H]1Cc2c(Cl)cc(C(=O)N[C@@H](Cc3ccccc3)C(=O)O)c(O)c2C(=O)O1,0.343,2
O=C(N[C@H]1CCS[C@H]2CCC[C@@H](C(=O)O)N2C1=O)[C@@H](S)Cc1ccccc1,0.31,3
Cc1cn(C[C@H]2CN(c3ccc(-c4cc(C)no4)c(F)c3)C(=O)O2)nn1,0.87,1
CN(C)Cc1c(C(=O)NCCOc2ccc(C(=O)NO)cc2)oc2ccccc12,0.22100000000000003,1
CC(=O)NCc1ccc(-c2csc(NC(=N)NCC3CCCC3)n2)o1,0.5,1
CCN(CC)CCCCOc1ccccc1.O=C(O)C(=O)O,0.5,3
CCCCC1=NC2(CCCC2)C(=O)N1Cc1ccc(-c2ccccc2S(=O)(=O)Nc2onc(C)c2C)c(CN2CCC(C)(C)C2=O)c1,0.38,1
Cc1cc(C(=O)O)ccc1-c1ccc(N2C(=O)N(c3ccncn3)C3(CCN(Cc4ncccc4C)CC3)C2=O)cc1,0.47000000000000003,1
BrC1C(Br)C2c3ccccc3C1C(Br)C2(Br)Br,0.27,1
O=C(c1ccc2c(CN3CCOCC3)c[nH]c2c1)N1CCN(C2CC2)CC1,0.6900000000000001,1
CC[C@H](C)C(=O)O[C@H]1C[C@H](O)C=C2C=C[C@H](C)[C@H](CC[C@@H](O)C[C@@H](O)CC(=O)[O-])[C@H]21.[Na+],0.17,3
ClC=C(Cl)Cl,1.0,1
CC(=O)N[C@H](CC(C)C)C(=O)O,0.7390000000000001,1
CC(C)(C)C(=O)OCOC(=O)[C@@H]1N2C(=O)[C@@H](NC(=O)[C@H](N)c3ccccc3)[C@H]2SC1(C)C,0.675,11
CCCCCCCCCCCCOC(=O)c1nccnc1C(=O)Nc1ccn([C@@H]2O[C@H](CO)[C@@H](O)C2(F)F)c(=O)n1,0.5920000000000001,1
CC(C)NC(=O)c1ccc(OC(F)F)c(OCC2CC2)c1,0.0123,1
CCCCCCC[C@@H]1CN[C@H](C(=O)NC(C(C)Cl)C2O[C@H](SC)[C@H](O)[C@@H](O)[C@H]2O)C1,0.1265,2
O=C(O)CNS(=O)(=O)c1ccc(NC(=O)c2ccccc2)cc1,0.061,1
Nc1nccc2ccc(CN3CC[C@H](NS(=O)(=O)c4cc5ncccc5s4)C3=O)cc12,0.33,1
O=c1cc(-c2ccc(O)cc2)oc2cc(O[C@@H]3O[C@H](CO)[C@@H](O)[C@H](O)[C@H]3O)cc(O)c12,0.007699999999999999,1
CC(=O)O[C@@H]1C[C@H](O)[C@@]23CO[C@@H](O)[C@]1(C)[C@@H]2C[C@@H](O)[C@]1(C)[C@@H]3C(=O)[C@H](OC(C)=O)[C@@]2(C)[C@H](c3ccoc3)C[C@H]3O[C@]321,0.099,1
C[C@H](c1nc2c(C3CC3)nccn2c1-c1ccc(C#N)cc1)N(CC1CCS(=O)(=O)CC1)C(=O)Cc1ccc(C(F)(F)F)c(F)c1,0.305,2
O=c1cc(-c2ccccc2)oc2cc(O)c(O)c(O)c12,0.2045,6
Cc1c(Cc2ccc(=O)n(Cc3ccc(F)cc3F)n2)c2cc(F)ccc2n1CC(=O)O,0.37,1
OC(CNc1nc(-c2cc(-c3ccon3)n(Cc3ccccc3F)n2)ncc1F)(C(F)(F)F)C(F)(F)F,0.9,1
CS(=O)(=O)N1CC2(CCN(C(=O)Nc3ccc(-c4ccncc4)cc3)CC2)c2ccccc21,0.53,1
O=C(O)C1OC(Oc2cc3oc(-c4ccc(O)cc4)cc(=O)c3c(O)c2O)C(O)C(O)C1O,0.004,6
Cc1cnc(-c2c(F)ccc(F)c2CCNC(=O)c2ccc(COCC(F)(F)F)nc2)cn1,0.4,1
CC1CS(=O)(=O)CCN1/N=C/c1ccc([N+](=O)[O-])o1,0.6,1
C[C@@H]1c2nc(C(F)(F)F)nn2CCN1C(=O)C[C@H](N)Cc1cc(F)c(F)cc1F,0.67,3
CS(=O)(=O)CCCOc1ccc2c(c1)CCC1(CCN(C3CCC3)CC1)O2,0.13,1
Cc1cc(Nc2ncc(Cl)c(Nc3ccccc3S(=O)(=O)C(C)C)n2)c(OC(C)C)cc1C1CCNCC1,0.56,3
CN1CC(=O)N2[C@H](c3ccc4c(c3)OCO4)c3[nH]c4ccccc4c3C[C@@H]2C1=O,0.35000000000000003,3
Clc1ccc2c(N3CCN(CCCN4CCN(c5ccnc6cc(Cl)ccc56)CC4)CC3)ccnc2c1,0.5,7
Nc1ccn(C2CSC(CO)O2)c(=O)n1,0.86,4
CNC(=O)[C@@H](c1ccc(F)cc1F)N1C(=O)[C@@H](C2Cc3ccccc3C2)NC(=O)[C@H]1CC(C)C,0.545,2
Cc1ccc(-c2c(Cl)ncn2-c2ccc(S(C)(=O)=O)cn2)cc1,0.105,3
CC(C)CN(C(=O)c1nc2ccccc2[nH]1)[C@@H]1CNC[C@H](C(=O)N2CCOCC2)C1,0.08199999999999999,1
O=C(O[C@H]1C[C@H]2CC[C@@H](C1)[N+]21CCCC1)C(O)(c1ccccc1)c1ccccc1.[Cl-],0.096,8
Cc1cc(O)c2c(c1)C(=O)c1cc(O)cc(O)c1C2=O,0.11914999999999999,4
COC[C@H](C)Oc1cc(CCc2c(F)cccc2F)cc(C(=O)Nc2ccc(C(=O)O)cn2)c1,0.85,1
OC1CCc2cccc(Nc3cc(-c4ccc(C(F)(F)F)cc4)ncn3)c2C1,0.012,3
COCCCc1cc(CN(C(=O)[C@H]2CNCC[C@@H]2c2ccc(OCCOc3c(Cl)cc(C)cc3Cl)cc2)C2CC2)cc(OCCC(C)(C)C(=O)O)c1,0.13,1
CCOC(=O)[C@H](C)C[C@@H](C)C(=O)N1c2ccccc2C[C@H]1C(=O)O,0.58,2
COC[C@@]12CNCC[C@]1(c1ccc(Cl)c(Cl)c1)C2,0.54,1
CC1(C)S[C@@H]2[C@H](NC(=O)Cc3ccccc3)C(=O)N2[C@H]1C(=O)O.CCN(CC)CCOC(=O)c1ccc(N)cc1,0.424,1
Cc1nc(Nc2ncc(C(=O)Nc3c(C)cccc3Cl)s2)cc(N2CCN(CCO)CC2)n1,0.495,4
O=C(O)c1ccccc1Oc1ccc(Cl)cc1NS(=O)(=O)c1ccc(Cl)c(Cl)c1,0.7000000000000001,1
O=P(O)(O)C(O)(Cc1cccnc1)P(=O)(O)O,0.006500000000000001,5
Cc1nn(C[C@H](F)CN2C3CCC2CC(OCc2cccc(F)c2)C3)c(=O)n1C,0.078,1
O=C(O)c1ccc(-n2nc(-c3ccccc3O)nc2-c2ccccc2O)cc1,0.7000000000000001,12
CO[C@@H]1[C@H](O)[C@H](O)[C@@H](O)[C@H](O)[C@H]1O,0.28500000000000003,1
CN[C@H]1CC[C@@H](c2ccc(Cl)c(Cl)c2)c2ccccc21,0.62,3
CN(C)c1cccc(-n2c(NNC(=O)Nc3cccc(C#N)c3)nc3ccccc3c2=O)c1,0.22,2
Nc1cc(C(F)(F)F)c(-c2cc(N3CCOCC3)nc(N3CCOCC3)n2)cn1,0.8,5
COc1c(O)c(=O)n2c3ccccc3c3ccnc1c32,0.278,1
C[C@H]1COc2c(N3CCN(C)CC3)c(F)cc3c(=O)c(C(=O)O)cn1c23,0.99,73
Cc1ccc2c(N3CCN(CCc4ccc5c(c4)NC(=O)CO5)CC3)cccc2n1,0.68,1
C=CCC1CCS(=O)(=O)C1(C(=O)[O-])C(=O)c1ccccc1,1.0,2
CCO[C@@H](Cc1ccc(OCCc2ccc(OS(C)(=O)=O)cc2)cc1)C(=O)O,0.55,1
O=C(NC12CC3CC(CC(C3)C1)C2)c1cc(-c2ccc(F)nc2F)c[nH]1,0.08,1
Cc1cc(NC(=O)[C@H](O)c2cc(F)cc(F)c2)ccc1-c1cnc(N)c(C(=O)NC(C)C)c1,0.49,1
CCCOCCn1c(=O)nc(NC2CCCC(C(=O)O)C2)c2nnc(-c3ccc(OC)nc3)cc21,0.17,1
N#Cc1cc(F)cc(Oc2ccc3c(c2C(F)F)[C@@H](O)C(F)(F)S3(=O)=O)c1,0.54,2
C#CCC(C(=O)Nc1ccc(C(OC)(C(F)(F)F)C(F)(F)F)cc1OC)C(=O)Nc1c(C)nn(C)c1C,0.5750000000000001,2
[2H]c1c([2H])c([2H])c2c(c1[2H])C(=O)C(C)=C(C/C=C(\C)CCC[C@H](C)CCC[C@H](C)CCCC(C)C)C2=O,0.13,1
COC(=O)c1cc2ccc(OCCCCCO[Si](C)(C)C(C)(C)C)cc2n1CCCCCCO[Si](C)(C)C(C)(C)C,0.36650000000000005,2
CCC(CC)n1c(=O)[nH]c2ncc(Cl)nc21,1.0,1
CC(C)[C@H]1C(=O)O[C@H](C(C)C)C(=O)N(C)[C@@H](C(C)C)C(=O)O[C@H](C(C)C)C(=O)N(C)[C@@H](C(C)C)C(=O)O[C@H](C(C)C)C(=O)N1C,0.2,5
C[C@H]1[C@H](C)CC[C@]2(C(=O)O)CC[C@]3(C)C(=CC[C@@H]4[C@@]5(C)CC[C@H](O)C(C)(C)[C@@H]5CC[C@]43C)[C@H]12,0.08,1
Cc1cccc(-c2c(CC(=O)Nc3ccc(Cl)cc3C(F)(F)F)c(=O)oc3cc(Cl)c(C)cc23)c1,0.159,1
C=CCN(CCCN1CCc2cc(OC)c(OC)cc2CC1=O)CCc1ccc(OC)c(OC)c1.Cl,0.1545,6
O=C(NN1C(=O)[C@@H]2[C@@H]3C=C[C@@H]([C@H]4C[C@@H]34)[C@@H]2C1=O)c1ccc(C(F)(F)F)cc1,0.38,3
CCC(CC)CNC(=O)c1ccc2c(c1)c(Cc1ccc(C(=O)NS(=O)(=O)c3ccccc3C)cc1OC)cn2CC,0.28,2
CC(C)Sc1cc(-c2ccc(CCNC[C@H](O)c3ccccc3)cc2)ccc1C(=O)NS(C)(=O)=O.Cl,0.41000000000000003,3
Cc1nc(-c2cccnc2)sc1C(=O)Nc1ccccc1-c1cn2c(CN3CCOCC3)csc2n1,0.145,1
O=C(O)Cn1nnc(-c2cc(OCCCOc3cc(F)ccc3Br)no2)n1,0.1,1
CCOP(=O)(OCC)OC(=CCl)c1ccc(Cl)cc1Cl,0.435,2
CC(C)[C@H](NC(=O)C(C)(F)F)[C@H](Oc1ccc2c(cnn2-c2ccc(=O)n(C)c2)c1)c1ccccc1,0.49,2
C[C@@H]1CN[C@@H](C2CC2)C(=O)N(C)[C@H](C)C(=O)N[C@H](Cc2ccc(Cl)cc2)C(=O)NCCCc2ccccc2O1,0.22,1
O=C(/C=C/c1ccc(O)c(O)c1)O[C@@H]1C[C@](O)(C(=O)O)C[C@@H](O)[C@H]1O,0.01,5
C[C@@H]1CC[C@@]2(OC1)O[C@H]1C[C@H]3[C@@H]4CC=C5C[C@@H](O[C@@H]6O[C@H](CO)[C@@H](O)[C@H](O)[C@H]6O[C@@H]6O[C@@H](C)[C@H](O)[C@@H](O)[C@H]6O)CC[C@]5(C)[C@H]4CC[C@]3(C)[C@@]1(O)[C@@H]2C,0.01,1
CN1CCN(Nc2cccc3c2C[C@@H](CN(C)[C@H]2CCCc4cccnc42)NC3)CC1,0.2,1
CC(C)CN(CCc1ccc(Br)cc1)C1CCN(c2nc(N)n[nH]2)CC1,1.0,1
O=C(O)CCCN1CC(C(=O)O)Oc2c(OCc3ccc(OCCCCc4ccccc4)cc3)cccc21,0.2,1
Cc1ccc(/C(=C\CN2CCCC2)c2ccccn2)cc1,0.04,1
CCc1ccc(C(=O)COc2ccc(CC3SC(=O)NC3=O)cc2)nc1,0.64,8
CC(C)=CCC[C@](C)(O)[C@H]1CC[C@]2(C)[C@@H]1[C@H](O)C[C@@H]1[C@@]3(C)CC[C@H](O)C(C)(C)[C@@H]3[C@@H](O)C[C@]12C,0.043250000000000004,4
Cc1ccnc(Nc2nc(-c3ccc(-c4ccccn4)s3)cs2)c1,0.335,1
CN(C)C1CCc2ccc3[nH]ccc3c2C1,0.59,2
CC(C)C[C@@H]1C(=O)N[C@H](C2Cc3ccccc3C2)C(=O)N1[C@@H](C(=O)NC(C)(C)C)c1ccc(N2CCC(O)CC2)cc1,0.17,2
CCCCC(C)(C)[C@H](O)/C=C/[C@@H]1[C@@H](C/C=C\CCCC(=O)O)[C@H](Cl)C[C@H]1O,0.015,1
C=CC(=O)N(C)CCOc1c(N)ncnc1-c1cc(F)cc(NC(=O)c2ccc(C3CC3)cc2F)c1C,0.5735,4
CC1(C)OCc2c(Nc3n[nH]c4c(Cl)cccc34)nc(-c3cn[nH]c3C(F)F)nc21,0.62,1
O=C(O)c1ccc2nc(N3CCC(OCc4c(-c5ccccc5OC(F)(F)F)noc4C4CC4)CC3)sc2c1,0.37,1
CS(=O)(=O)N(CCO)c1c(Cl)c(Cl)cc2[nH]c(=O)c(=O)[nH]c12,0.17,1
CCOC(=O)C1=C(CN2CCOCC2)N=C(c2nccs2)NC1c1ccc(F)cc1Br,0.255,1
O[C@@H]1CCN2Cc3ccccc3N=C12,0.5456000000000001,1
O=c1[nH]c(=O)n(C2CCCO2)cc1F,1.0,1
CCOC(=O)[C@H](Cc1ccc(-c2c(C)n(C)c(=O)n(C)c2=O)cc1)NC(=O)c1c(Cl)cccc1Cl,0.06,1
CCCOP(=O)(OCCC)C(NC(=O)c1cc(OC)c(OC)c(OC)c1)c1ccccc1,0.04,2
CC(C)(C)c1nc(-c2cccc(NS(=O)(=O)c3c(F)cccc3F)c2F)c(-c2ccnc(N)n2)s1,0.9500000000000001,9
CC(C)Nc1nc2cc(Cl)c(Cl)cc2n1[C@H]1O[C@@H](CO)[C@H](O)[C@@H]1O,0.6900000000000001,5
O=C(O)c1c(Oc2ccc(-c3ccccc3-c3nn[nH]n3)cc2)c(C2CC2)nc2ccccc12,0.11,1
[11CH3]NC[C@H](O)c1cccc(O)c1,0.38,2
COc1ccc2cc3[n+](cc2c1OC)CCc1cc2c(cc1-3)OCO2.[Cl-],0.05,1
O=C(N[C@@H]1CC[C@@H](c2cccc(F)c2F)CN(CCO)C1=O)N1CCC(n2c(=O)[nH]c3ncccc32)CC1,0.01,1
CCCCN(CCCC)C(=O)CN1C[C@H](c2ccc3c(c2)OCC3)[C@@H](C(=O)O)[C@@H]1c1ccc(OC)cc1,0.68,1
C[C@@H](NCCCc1cccc(C(F)(F)F)c1)c1cccc2ccccc12.Cl,0.225,3
COc1ccccc1N1C[C@@]2(CCC[C@](C)(Cn3cnc4ccc(C#N)cc43)C2)OC1=O,1.0,1
COc1c(C)c2c(c(O)c1CC=C(C)CCC(=O)OCCN1CCOCC1)C(=O)OC2,0.9400000000000001,17
[Cl-].[Cl-].[Cl-].[Cr+3],0.00265,2
Cc1[nH]c(=O)c(C#N)cc1-c1ccc2nccn2c1,0.371,1
NS(=O)(=O)c1cc(C(=O)[O-])c(NCc2ccco2)cc1Cl.[Na+],0.251,1
[Fe+3],0.129,3
Cc1ccc(-c2ncccn2)c(C(=O)N2CCCC2(C)c2nc3c(C)cc(Br)cc3[nH]2)c1,0.23,4
CCOc1cc(N)c(Cl)cc1C(=O)NCC1CN(Cc2ccc(F)cc2)CCO1,0.075,4
CCC(C)(C)NCC(O)COc1ccccc1C(=O)CCc1ccccc1,0.28750000000000003,4
O=C(/C=C/c1ccc(O)c(O)c1)O[C@H]1[C@H](O)C[C@](O)(C(=O)O)C[C@H]1OC(=O)/C=C/c1ccc(O)c(O)c1,0.15350000000000003,4
Cc1cc(C[C@@H](NC(=O)N2CCC(N3Cc4cccc(F)c4NC3=O)CC2)C(=O)N2CCC(N3CCCCC3)CC2)cc2cn[nH]c12,0.006499999999999999,4
CN1CCN(c2ccc(C(=O)Nc3n[nH]c4c3CN(Cc3cc(F)cc(F)c3)C4(C)C)cc2)CC1,0.443,1
O=C1Nc2c(C(F)(F)F)cccc2C1(c1ccc(O)cc1)c1ccc(OC(F)(F)F)cc1,0.47000000000000003,1
CNC(=O)C(c1ccc(F)cc1)N1CCC(CCN2[C@@H]3CC[C@H]2C[C@@H](n2c(C)nc4ccccc42)C3)(c2cccc(F)c2)CC1,0.37,1
COc1ccc([N+](=O)[O-])cc1N,0.201,1
CNC(=O)C[C@H]1COc2cc(F)ccc2N1C(=O)c1ccc2c(c1)NC(=O)CO2,0.52,1
FC(F)(F)C(F)(F)C(F)(F)C(F)(F)C(F)(F)C(F)(F)F,1.0,4
C=C1CC[C@@H]2[C@](C)(CO)[C@H](O)CC[C@@]2(C)[C@@H]1C/C=C1/C(=O)OC[C@H]1O,0.0267,5
COC(=O)c1ccccc1-c1c2ccc(=[NH2+])cc-2oc2cc(N)ccc12.[Cl-],0.0016,4
COc1ccc2cc3[n+](cc2c1OC)CCc1cc(O)c(O)cc1-3,0.034550000000000004,2
C=CC(=O)N1CCC[C@@H](Oc2nc(-c3cnn(C)c3)cn3nccc23)CC1,0.03,3
CCCCNCCC(O)c1cc2c(Cl)cc(Cl)cc2c2cc(C(F)(F)F)ccc12,0.6900000000000001,2
CC(C)c1onc(-c2c(Cl)cccc2Cl)c1COc1ccc(-c2ccc3cc(C(=O)O)ncc3c2)cc1,0.10649999999999998,4
C[N+](C)(C)CCCC(=O)[O-],0.341,1
CC1(C)S[C@@H]2[C@H](NC(=O)[C@H](N)c3ccc(O)cc3)C(=O)N2[C@H]1C(=O)O.O=C([O-])[C@H]1/C(=C/CO)O[C@@H]2CC(=O)N21.[K+],0.765,2
C[C@H]1CN(S(=O)(=O)CC23CCC(CC2O)C3(C)C)CCN1C1NCC(C(F)(F)F)CC1F,0.08,1
C#Cc1c(F)ccc2cc(O)cc(-c3ncc4c(N5CC6CCC(C5)N6)nc(OC[C@@]56CCCN5C[C@H](F)C6)nc4c3F)c12,0.04,8
O[C@H](COc1ccc(C(F)(F)F)cc1)CN1CCN(Cc2c(F)cccc2Cl)CC1,0.09935000000000001,1
Cc1c(CCC(=O)O)cccc1NC(=O)[C@@H](c1ccc(-c2cncc(Cl)c2)cc1)C1CCCC1,0.98,1
CSCC[C@H](NC=O)C(=O)N[C@@H](CC(C)C)C(=O)N[C@H](C)C(=O)N[C@H](Cc1ccccc1)C(=O)O,0.6,25
CC[C@@H](C(=O)Nc1ccc(C(N)=O)c(F)c1)n1cc(OC)c(-c2cc(Cl)ccc2-n2cc(Cl)nn2)cc1=O,0.53,1
NCC1CCN(c2nc3c(cc2F)c(=O)c(C(=O)O)cn3C2CC2)C1,0.10099999999999999,2
COc1cc(/C=C/c2cccc(/C=C/c3ccc(N(C)C)c(OC)c3)c2)ccc1N(C)C,0.462,1
Cc1ncn(-c2cc(Cl)c(C(=O)NC[C@@H](c3cccc(F)c3)c3nc4c(C)cc(Cl)cc4[nH]3)c(Cl)c2)n1,0.573,1
CC[C@H]1C[C@H](C)[C@@]2(NC1=O)O[C@@H](C[C@H](O)[C@@H](C)CC/C=C/C=C(\C)[C@@H]1C/C=C/C=C/[C@H](O)[C@H](C)[C@@H](O)[C@@H](CCC(C)=O)C(=O)N[C@@H](C(C)C)C(=O)N[C@@H](Cc3cccc(O)c3)C(=O)N3CCC[C@H](N3)C(=O)O1)[C@H](C)[C@H](O)[C@@H]2C,0.014199999999999999,1
Cc1cc(S(=O)(=O)Nc2cscn2)c(F)cc1N(C)[C@H]1CCN(Cc2ccccc2)C1,1.0,4
O=C(O)C1=CC(O)C(O)C(O)C1,0.1,2
COC(=O)[C@]1(C)CC[C@]2(C)CC[C@]3(C)C4=CC=C5C(=CC(=O)C(O)=C5C)[C@]4(C)CC[C@@]3(C)[C@@H]2C1,0.284,1
Cn1cc2c(-c3cc(F)c(CN4Cc5ncccc5C4=O)c(F)c3)cccc2n1,0.8,1
CC(CCCO)C1CCC2C3CCC4CCCCC4(C)C3CCC12C,0.332,1
CNC(=O)c1ccc2cc([C@@]3(O)CCn4cncc43)ccc2c1,0.89,1
C[C@@H]1CN(c2ncc(-c3ccc4c(c3)N(Cc3ccccc3OC(F)F)C(C)(C)C4=O)cn2)CCN1C(=O)CO,0.7540000000000001,1
COc1ccc(F)c(-c2ccc(COc3cccc([C@@H](CC(=O)O)C4CC4)c3)cc2C2=CCCC2(C)C)c1,0.855,1
Cc1nc2ccc(F)cc2n1-c1nc(N)c(F)c(Nc2ccc(C(F)(F)F)cc2)n1,0.725,2
CO/N=C(\C(=O)N[C@@H]1C(=O)N2C(C(=O)OCOC(=O)c3ccccc3NC(=O)CN)=C(C)CS[C@H]12)c1csc(N)n1,0.342,1
N#Cc1c(N(CC(=O)O)CC(=O)O)sc(C(=O)O)c1CC(=O)O,0.025,2
CCCn1c(=O)c2[nH]c(-c3cnn(Cc4cccc(C(F)(F)F)c4)c3)nc2n(CC)c1=O,0.35000000000000003,1
COC(=O)Nc1c(N)nc(-c2nn(Cc3ccccc3F)c3ncc(F)cc23)nc1N,0.93,11
COc1ccc([C@@]23c4ccccc4C(=O)N2CCN3C(=O)c2cc(F)c(F)c(F)c2)cc1C,0.02,1
COc1cc(/C=C/c2ccc(O)cc2)cc(OC)c1,0.125,4
CCCC(=O)OCOC(=O)N1C[C@@H](SC2=C(C(=O)OCOC(=O)C(C)(C)C)N3C(=O)[C@H]([C@@H](C)O)[C@H]3[C@H]2C)C[C@H]1C(=O)N(C)C,0.295,1
COc1ccc(Oc2cc(C)c(-c3csc(NC(=O)c4ccncc4)n3)c(C)c2)cc1,0.12400000000000001,1
COc1ccc2nccc([C@@H](O)CC[C@@H]3CCN(C4CC(c5cc(F)ccc5F)C4)C[C@@H]3C(=O)O)c2c1,0.47000000000000003,1
Nc1nccc(-c2cccnc2Oc2ccc(Nc3nnc(-c4ccsc4)c4ccccc34)cc2)n1,0.75,1
CC(C)NCC(O)c1cc(O)cc(O)c1,0.15,1
Fc1cccc(C2Cc3[nH]nc(-c4nnn[nH]4)c3C2)c1,0.5700000000000001,1
Cc1c(C)c2c(c(C)c1OC(=O)CCC(=O)O)CC[C@@](C)(CCC[C@H](C)CCC[C@H](C)CCCC(C)C)O2,0.92,1
CN1CCC(c2ccsc2)(C(C)(C)O)CC1.CN1CCC(c2ccsc2)(C(C)(C)O)CC1.O=C(O)/C=C/C(=O)O,0.81,1
COc1cccc(Nc2ncnn3ccc(CN4CC[C@@H](N)[C@H](O)C4)c23)c1,0.5700000000000001,2
CCOc1nc2cccc(C(=O)OCc3oc(=O)oc3C)c2n1Cc1ccc(-c2ccccc2-c2noc(=O)[nH]2)cc1,0.58,3
C=C1CC23C[C@H]4[C@@H]5[C@@]6(C)C[C@H](OC(C)=O)C[C@]57C(N4C6)[C@@]2(O)[C@H](O)[C@H]1[C@@H](O)[C@H]37,0.7131000000000001,1
Cc1c(F)cncc1-c1nc2cc(F)c(F)cc2n1C1CC1,0.88,1
NN=C1CCCc2ccccc21,0.027000000000000003,1
CC(C)(C)[C@@H](O)C(=O)N1CCC[C@H]1C(=O)NCc1cc(Cl)ccc1CN,0.635,4
CCCCN(CCCC)C(=O)CN1C[C@H](c2ccc3ccoc3c2)[C@@H](C(=O)O)[C@@H]1c1ccc(OC)cc1,0.38,1
CCCc1cc(=O)n2nc(NCc3c(F)cc(Cl)cc3F)c(C#N)c2[nH]1,1.0,1
CCc1cc(C(N)=S)ccn1,0.9,1
O=C([O-])[C@H](O)[C@@H](O)[C@H](O)[C@H](O)CO.O=C([O-])[C@H](O)[C@@H](O)[C@H](O)[C@H](O)CO.[Zn+2],0.609,1
CCOc1nc2cccc(C(=O)OC(C)OC(=O)OC3CCCCC3)c2n1Cc1ccc(-c2ccccc2-c2nn[nH]n2)cc1,0.15,1
O=c1ccc(-c2ccc(OCCCN3CCCCC3)cc2)n[nH]1,0.11,1
C/C(=C(\CCOP(=O)(O)O)SC(=O)c1ccccc1)N(C=O)Cc1cnc(C)nc1N,0.25,1
C[C@@H]1OC(=O)N[C@@H]1C(=O)N[C@@H](Cc1cscn1)C(=O)N1CCC[C@H]1C,0.24300000000000002,2
O=C(/C=C/C=C/c1ccc2c(c1)OCO2)N1CCCCC1,0.25,5
CNc1nc(Nc2ccc(C(=O)N3CCN(CC4CCC(CSC(C)(C)[C@H](NC(=O)C5(F)CC5)C(=O)N5C[C@H](O)C[C@H]5C(=O)NCc5ccc(-c6scnc6C)cc5)CC4)CC3)cc2OC)ncc1Cl,0.15,1
CC(C)CC[C@@]1(C)C(=O)C(C2=NS(=O)(=O)c3cc(NS(C)(=O)=O)ccc3N2)=C(O)c2ccccc21,0.627,3
N[C@H](COc1cncc(-c2ccc3cnccc3c2)c1)Cc1c[nH]c2ccccc12,0.0,1
O=C1CCc2ccc(OCCCCN3CCN(c4cccc(Cl)c4Cl)CC3)cc2N1,0.87,26
*/C(=N/OS(=O)(=O)[O-])S[C@@H]1O[C@H](CO)[C@@H](O)[C@H](O)[C@H]1O,0.113,3
C=C1CC[C@H](O)C/C1=C/C=C1\CCC[C@]2(C)[C@@H]([C@H](C)CCCC(C)(C)O)CC[C@@H]12,0.0178,1
O=C(O)CC1CC2(CCN(C(=O)NC3C4CC5CC(C4)CC3C5)CC2)c2c(Br)cccc21,0.31,3
CCC[C@@H](C(=O)Nc1ccc(C(N)=O)c(F)c1)n1cc(OC)c(-c2cc(Cl)ccc2-n2cc(C(F)(F)F)nn2)cc1=O,0.4,1
COc1cc(C(=O)N2CCOCC2)c(F)cc1Nc1ncc(C(F)(F)F)c(NC2CC2)n1,0.22,1
N#Cc1cc(Cl)cc(Oc2c(C(F)(F)F)ccn(Cc3n[nH]c4nc(C(N)=O)ccc34)c2=O)c1,0.0,1
CCN(CC)C(=O)CN(c1ccc(C)cc1)S(=O)(=O)c1ccc(C(C)(C)C)cc1,0.01,1
BrCCCCc1ccc2ccc3cccc4ccc1c2c34,0.504,14
O=S(=O)(Nc1nccs1)c1cc(Cl)c(NCC2CCCN2)cc1F,0.14,1
CC1(C)NCCNC1=O,0.08,4
Cc1ccc(-c2ccccc2)c(C(=O)N2C[C@H]3CCN(c4cnc5cc(F)c(F)cc5n4)C[C@H]32)c1,0.17,2
COc1ccnc(CS(=O)C2[N-]c3cc(OC(F)F)ccc3N2)c1OC.[Na+],0.8250000000000001,1
CC(C)C[C@@H]1C(=O)N[C@H](C2Cc3ccccc3C2)C(=O)N1[C@@H](C(=O)NC(C)C)c1ccc(F)cc1,0.13,2
CC(C)[C@H](NC(=O)[C@@H]1CCCN1C(=O)[C@@H]1CCCN1)C(=O)O,0.00073,1
Clc1ccc(-c2nc(-c3ccccn3)no2)c(Cl)c1,0.978,2
CCCc1cc(F)cc(/C=N/NC(=O)CN2CCN(C(=O)c3ccc(C#N)cc3)CC2)c1O,0.36100000000000004,1
CC(=O)N1CCC(C(=O)N2C[C@H](C(=O)N(C)Cc3cc(C(F)(F)F)cc(C(F)(F)F)c3)[C@@H](c3ccccc3)C2)CC1,0.6,1
CC1(C)[C@H](C(=O)O[C@H](C#N)c2cccc(Oc3ccccc3)c2)[C@@H]1C=C(Br)Br,0.073,1
O=c1cc(-c2ccnc(NC3CCOCC3)n2)ccn1[C@H](CO)c1ccc(Cl)c(F)c1,0.45,2
O=C([O-])c1ccccn1.O=C([O-])c1ccccn1.O=C([O-])c1ccccn1.[V+3],0.053,1
Cn1c(=O)oc2cc(-n3cc(C(=O)O)c(=O)n([C@@H]4CCc5c4cccc5C(F)(F)F)c3=O)ccc21,0.5,1
C[C@]12Cc3cnn(-c4ccc(F)cc4)c3C=C1CCC[C@@H]2[C@@H](O)c1csc2ccccc12,0.31,1
COc1cc(C(=O)N2CCOCC2)ccc1Nc1ncc(Br)c(OC)n1,0.58,1
O=c1c(O)c(-c2ccc(O)cc2O)oc2cc(O)cc(O)c12,0.01,9
CC(C)CN(C[C@@H](O)[C@H](Cc1ccccc1)NC(=O)OCc1cncs1)C(=O)c1ccc2nc(N)sc2c1,0.01095,2
CNC(=O)c1cc(F)ccc1CNC(=O)c1nc(C(C)(C)C)n(C)c(=O)c1O,0.18,1
OCCn1cc(-c2ccc3c(c2)CC/C3=N\O)c(-c2ccncc2)n1,0.41500000000000004,2
O=c1c2cc(O)c(O)cc2oc2cc(O)c([C@@H]3O[C@H](CO)[C@@H](O)[C@H](O)[C@H]3O)c(O)c12,0.01,7
Nc1ncnc2c1nc(Sc1cc3c(cc1Br)OCCO3)n2CCC1CCN(C=O)CC1,0.5,1
COC=C[C@H](N)C(=O)O,0.02,1
COc1c(CN2CC3(CC(N4CCC(C)(C(=O)O)CC4)=NO3)C2)cc(C2CC2)c(-c2ccc(F)cc2)c1Cl,0.85,1
O=C(/C=C/c1cccc(S(=O)(=O)Nc2ccccc2)c1)NO,0.067,3
COC(=O)Nc1ccc(-c2cnnc([C@H](Cc3ccccc3)NC(=O)/C=C/c3cc(Cl)ccc3-n3cnnn3)c2)cc1,0.18,1
COc1cc(/C=C/c2ccccc2)c(C(=O)O)c(O)c1CC=C(C)C,0.354,3
CC#N.CC#N.CC(=O)Cl.[Pd+2],0.47000000000000003,1
CCOc1ccn(-c2ccc(F)cc2)c(=O)c1C(=O)Nc1ccc(Oc2ccnc(N)c2Cl)c(F)c1,1.0,3
CN1CCC[C@@H](C(=O)Nc2ccc(-n3cc4cccc(C(N)=O)c4n3)cc2)C1,0.47000000000000003,1
Cc1ccc(S(=O)(=O)NC(=O)NC2CC3CCCN3C2)cc1,1.0,1
COc1ccc2c(c1O)-c1c(OC)c(OC)cc3c1[C@H](C2)N(C)CC3,0.2745,2
Nc1nc(F)nc2c1ncn2C1OC(CO)C(O)C1O,0.55,2
NNC(=O)c1nccs1,0.5,1
C(#Cc1n[nH]c2ccccc12)c1ccsc1,0.73,2
CC(=O)Nc1cccc(-n2c(=O)n(C3CC3)c(=O)c3c(Nc4ccc(I)cc4F)n(C)c(=O)c(C)c32)c1,0.72,8
O=C(NCCO)c1ccccc1Oc1ncc(Cl)cc1NS(=O)(=O)c1ccc(Cl)c(Cl)c1,0.37,1
O=C1C[C@@H](c2ccc(O)cc2)Oc2cc(O)cc(O)c21,0.04,7
CC(C)OC(=O)OCOP(=O)(CO[C@H](C)Cn1cnc2c(N)ncnc21)OCOC(=O)OC(C)C.Nc1nc(=O)n([C@@H]2CS[C@H](CO)O2)cc1F.O=C(O)/C=C/C(=O)O,0.93,1
Fc1cccc2c1OCCN2c1ncc(Oc2cccc(N3CCOCC3)c2)cn1,0.56,1
CS(=O)(=O)NC(=O)c1ccc(-c2ccc(CCNC[C@H](O)c3cnccc3N)cc2)cc1OC1CCCCC1.Cl.Cl,0.54,1
CN(C)CC(c1ccc(O)cc1)C1(O)CCCCC1,0.8,7
CO[C@H]1/C=C/O[C@@]2(C)Oc3c(C)c(O)c4c(O)c(c(/C=N/N5CCN(C)CC5)c(O)c4c3C2=O)NC(=O)/C(C)=C\C=C\[C@H](C)[C@H](O)[C@@H](C)[C@@H](O)[C@@H](C)[C@H](OC(C)=O)[C@@H]1C.NC(=O)c1cnccn1.NNC(=O)c1ccncc1,0.68,1
Cl.O=C1Cc2cc(CCN3CCN(c4nsc5ccccc45)CC3)c(Cl)cc2N1,0.6,1
CCCc1nc(C)c2c(=O)nc(-c3cc(S(=O)(=O)N4CCN(CC)CC4)ccc3OCC)[nH]n12,0.15,26
O=C(O)CC(Nc1ccc(OCCc2ccc3c(n2)NCCC3)cn1)c1cccc(C2CC2)c1,0.98,1
COc1cc(/C=C/C(=O)O)ccc1O.O=S(=O)(O)O,0.0615,2
C[C@H](N[C@@H](CCc1ccccc1)C(=O)O)C(=O)N1CCC[C@H]1C(=O)O,0.4,7
COc1cc2ccc(Br)cc2cc1[C@@H](c1ccccc1)[C@@](O)(CCN(C)C)c1cccc2ccsc12,0.33,1
CCOC(=O)[C@@]12C[C@@H]1[C@@H](n1ccc3c(NC)nc(C#Cc4ccc(Cl)s4)nc31)[C@H](O)[C@@H]2O,0.6,3
CCC(N)CC.NC(=O)N=S(=O)=O,0.715,1
O=P(O)(O)C(Sc1ccc(Cl)cc1)P(=O)(O)O,0.06,6
Cn1cncc1[C@@](N)(c1ccc(C#N)cc1)c1cc2cc(C#N)cc(-c3cccc(F)c3)c2o1,0.585,2
N#CCCNc1nonc1-c1nc2ccccc2n1CC(=O)c1ccc(NC(=O)[C@@H](N)CCCCN)cc1,0.8,1
CC[C@@H](C(=O)OC(C)(C)C)N1C(=O)[C@@](C)(CC(=O)O)C[C@H](c2cccc(Cl)c2)[C@H]1c1ccc(Cl)cc1,0.5650000000000001,2
CC(C)(O)CCOc1c(-c2ccc(S(C)(=O)=O)cc2)cnn(-c2ccc(F)c(F)c2)c1=O,1.0,1
CCOC(=O)c1c(CSc2ccccc2)n(C)c2cc(Br)c(O)c(CN(C)C)c12,0.294,2
Cc1cccc(C)c1CNc1cc(C(=O)NCCO)cn2c(C)c(C)nc12,0.5,1
CNC(=O)c1ccccc1Sc1ccc2c(/C=C/c3ccccn3)n[nH]c2c1,0.58,20
CN(C)c1ccc2cc(C(=O)NS(=O)(=O)c3ccccc3-c3ccccc3)oc2c1,0.6,1
O=C(Nc1ccc2cc[nH]c2c1)c1c[nH]c2ccccc2c1=O,0.11,1
O=C(O)[C@H]1O[C@@H](Oc2cc3oc(-c4ccccc4)cc(=O)c3c(O)c2O)[C@H](O)[C@@H](O)[C@@H]1O,0.022000000000000002,28
CCc1nc2c(N)nc3ccccc3c2n1CCCCNS(C)(=O)=O,0.265,2
CC(C)[C@H](N)C(=O)OCCOCn1cnc2c(=O)[nH]c(N)nc21,0.54,2
COc1ccc(-c2c3c(c(OC)c4cc5c(cc24)OCO5)COC3=O)cc1OC,0.032,1
COc1ccc(F)cc1-c1ccc([C@@H](CC(=O)O)NC(=O)[C@@H]2CCCN2S(=O)(=O)c2cc(Cl)cc(Cl)c2)cc1,0.139,1
C[C@H]1CCCC(=O)CCC/C=C/c2cc(O)cc(O)c2C(=O)O1,0.0834,15
C[C@H](c1nc2c(C3CC3)nccn2c1-c1ccc(C#N)cc1)N(CC1CCS(=O)(=O)CC1)C(=O)Cc1ccc(OC(F)(F)F)cc1,0.23500000000000001,2
Cc1cc(COc2ccc(NC(=O)[C@H]3CCN(C(=O)C4CC4)C[C@@H]3C(=O)NO)cc2)c2ccccc2n1,0.08,1
Nc1ccn([C@@H]2O[C@H](CO)[SH](O)[C@H]2O)c(=O)n1,0.8,1
CC(=O)O.O=NN(CCO)CCO,0.58,1
COc1cc(C(N)=O)cc(-c2cc3c(cc2OC)OCc2c(C(=O)N(C)C(C)(C)C)nn(-c4cc(Cl)cc(Cl)c4)c2-3)n1,0.157,2
CC(C)C[C@@H]1NC(=O)[C@H](Cc2ccc(O)cc2)N(C)C(=O)[C@H]2CCCN2C(=O)[C@H](CC(C)C)NC(=O)[C@H](CC(C)C)N(C)C(=O)[C@@H](CC(C)C)N(C)C1=O,0.28,1
NCCCNCCS,0.1,2
Cc1nccc2c1[nH]c1ccccc12,0.19100000000000003,1
Oc1ccc2c(c1)[C@@]13CCCC[C@@]1(O)[C@@H](C2)N(CC1CCC1)CC3,0.11,3
CC(C)Cc1cc(-c2ccc(Cn3ccnc3)cc2)c(C#N)s1,0.046,1
CCC(=O)c1sc(-c2ccc(OC)cc2)c(C)c1-c1ccc(S(N)(=O)=O)cc1,0.4,1
Cc1ccc(C(=O)Nc2ccc(CN3CCN(C)CC3)c(C(F)(F)F)c2)cc1C#Cc1cnc2[nH]ncc2c1,0.48700000000000004,1
Nc1ccn([C@H]2CC[C@@H](COP(=O)(O)OP(=O)(O)O)O2)c(=O)n1.Nc1ccn([C@H]2CC[C@@H](COP(=O)(O)OP(=O)(O)OP(=O)(O)O)O2)c(=O)n1,0.8,1
COc1cc2c3c(c1OC)-c1ccccc1C[C@H]3N(C)CC2,0.028499999999999998,4
CCOP(=O)(Cc1ccc(C(=O)Nc2cc(-c3cccs3)ccc2N)cc1)OCC,0.45,1
C=CCc1ccc(O)c(OO)c1,0.34500000000000003,2
COc1c(O)cc2oc3cc(O)c(CC=C(C)C)c(O)c3c(=O)c2c1CC=C(C)C,0.0229,1
CSc1c(C(=O)NC2C3CC4CC(C3)CC2C4)cnn1-c1ccc(C(=O)O)cc1,0.64,1
Nc1n[nH]c(N2CCC(N(CCc3ccc(Cl)cc3)Cc3ccccc3Cl)CC2)n1,0.47000000000000003,1
CC1(C)CC(n2nnc3cc(-c4ccc(-n5nccn5)cc4O)nnc32)CC(C)(C)N1,0.49,1
C[C@@H](C1CC1)n1cc(Cl)nc(N(C(=O)OCOC(=O)CCN)c2c(Cl)cc(OC(F)F)cc2Cl)c1=O.Cl,0.27,1
COc1ccc2c3c([nH]c2c1)[C@H](CC(C)C)N1C(=O)[C@H](C)NC(=O)[C@H]1C3,0.526,1
CCN1CC(C(=O)NC(C)CCc2ccc(Cl)c(Cl)c2)=C(O)C1=O,0.96,1
COc1ccc(-c2cc(=O)c3c(O)c(OC)c(O)cc3o2)cc1OC,0.0328,2
Cc1cc(-c2cccc(C3=Nc4cc(C)c(C(F)(F)F)cc4NC(=O)C3)c2)cc(C)n1,0.52,1
CC(C)C[C@@H]1C(=O)N[C@H](C2Cc3ccccc3C2)C(=O)N1[C@@H](C(=O)NC(C)(C)C)c1ccc2c(c1)OCO2,0.31,2
[O]=[Zn],0.0308,1
CC(C)=CCC[C@](C)(O[C@@H]1O[C@H](CO)[C@@H](O)[C@H](O)[C@H]1O)[C@H]1CC[C@]2(C)[C@@H]1[C@H](O)C[C@@H]1[C@@]3(C)CC[C@H](O)C(C)(C)[C@@H]3CC[C@]12C,0.11,13
N[C@@H]1CCN(c2c(F)cc3c(=O)c(C(=O)O)cn(C4CC4)c3c2Cl)C1,0.8684999999999999,2
CCN1C(=O)CNc2ncc(-c3ccc(-c4nnc[nH]4)nc3C)nc21,0.78,1
CCC[C@@H]1C[C@@H](C(=O)NC(C(C)Cl)[C@H]2O[C@H](SC)[C@H](OP(=O)(O)O)[C@@H](O)[C@H]2O)N(C)C1,0.53,1
Cc1noc(Cn2nc3ccc(-c4ccc(OC(F)(F)F)cc4)cn3c2=O)n1,0.5855,2
CCCc1nc(C)c2c(=O)[nH]c(-c3cc(S(=O)(=O)N4CCN(CC)CC4)ccc3OCC)nn12.Cl,0.2,1
CCCC(CCC)C(=O)[O-].[Na+],0.05449999999999999,4
C/C=C(/C)C(=O)O[C@H]1[C@H](O)[C@]2(COC(C)=O)[C@H](O)C[C@]3(C)C(=CC[C@@H]4[C@@]5(C)CC[C@H](O[C@@H]6O[C@H](C(=O)O)[C@@H](O[C@@H]7O[C@H](CO)[C@@H](O)[C@H](O)[C@H]7O)[C@H](O)[C@H]6O[C@@H]6O[C@H](CO)[C@@H](O)[C@H](O)[C@H]6O)[C@](C)(CO)[C@@H]5CC[C@]43C)[C@@H]2CC1(C)C,0.02,1
Cc1c(-c2ccc(F)cc2)sc(C(=O)O)c1-c1ccc(S(N)(=O)=O)cc1,0.095,1
CN(C)C[C@@H]1CN(c2ccc(Nc3nc(-c4ccc5cn[nH]c5c4)cn4ccnc34)cc2)CCO1,0.02,1
S=C=NCc1ccccc1,0.3385,2
COc1ccc(-c2nc(-c3ccccc3O)n(-c3ccc(S(N)(=O)=O)cc3)n2)c(O)c1,0.6076,1
O=CC=Cc1ccccc1,0.03,1
O=S(=O)(c1ccc(C(F)(F)F)cc1)N1[C@H]2c3c[nH]nc3C[C@@H]1c1cccc(F)c12,0.17,3
Cn1cncc1C(OCc1ncc(C#N)cc1-c1cccc(Cl)c1)c1ccc(C#N)cc1,0.39449999999999996,2
C[C@H]1CCC[C@@H](O)CCC/C=C/c2cc(O)cc(O)c2C(=O)O1,0.98,1
CC(C)NCC1CCc2cc(CO)c([N+](=O)[O-])cc2N1,0.5,1
Cc1cc(N=Nc2ccc(S(=O)(=O)NC3CCCC3)cc2)c(N)cc1O,0.0046,1
CCCCCCC/C=C\CCCCCCCCC(=O)OC[C@H]1O[C@@](COC(=O)CCCCCCCC/C=C\CCCCCCC)(O[C@H]2O[C@H](COC(=O)CCCCCCCC/C=C\CCCCCCC)[C@@H](OC(=O)CCCCCCCC/C=C\CCCCCCC)[C@H](OC(=O)CCCCCCCC/C=C\CCCCCCC)[C@H]2OC(=O)CCCCCCCC/C=C\CCCCCCC)[C@@H](OC(=O)CCCCCCCC/C=C\CCCCCCC)[C@@H]1OC(=O)CCCCCCCC/C=C\CCCCCCC,0.02,1
C=CCOc1ccccc1Cc1c(O)cc(O)c(C(=O)/C=C/c2ccccc2)c1O,1.0,4
N#C/C(=C\c1cn[nH]c1-c1ccccc1)c1nn(-c2ccccc2)c(N)c1C#N,0.0029,3
Cn1c(CCC(=O)N2CCC[C@H]2C(=O)Nc2ccccc2-c2ccccc2)nc2ccccc21,0.23,1
Cl.O.O=C(O)c1cn(C2CC2)c2cc(N3CCNCC3)c(F)cc2c1=O,0.7000000000000001,5
CNCc1cn(S(=O)(=O)c2cccc(F)c2)c(-c2ccc(F)cc2F)c1OC,0.32872500000000004,2
COc1cc2ccc(C#N)cc2cc1[C@@H](c1cccc(F)c1)[C@@](O)(CCN(C)C)c1cc2ccccc2o1,0.33,1
CC1(C)CCC(CN2CCN(c3ccc(C(=O)NS(=O)(=O)c4ccc(NCC5CCOCC5)c([N+](=O)[O-])c4)c(Oc4cnc5[nH]ccc5c4)c3)CC2)=C(c2ccc(Cl)cc2)C1,0.14800000000000002,4
Cc1cc(COc2ccc(NC(=O)[C@H]3CCN(C(=O)NC(C)(C)C)C[C@@H]3C(=O)NO)cc2)c2ccccc2n1,0.05,1
C[C@H](CCC(=O)O)[C@H]1CC[C@H]2[C@@H]3[C@H](O)[C@@H](O)[C@@H]4C[C@H](O)CC[C@]4(C)[C@H]3CC[C@]12C,0.040999999999999995,1
COc1ccc(C(=CC(=O)N2CCOCC2)c2ccc(Cl)cc2)cc1OC,0.81,2
C1OOOO1.CC(=O)CCC=O,0.38,1
CN1CCN(c2cc3c(cc2F)c(=O)c(C(=O)O)cn3-c2ccc(F)cc2)CC1,0.6862,6
CCNC(=O)Nc1ccc(-c2nc3c(c(N4CCOC[C@@H]4C)n2)C[C@@H]2CC[C@H]3N2C(C)=O)cc1,0.4,1
C[C@@H]1CCCN1CCCOc1ccc(C2=NNC(=O)C3CC23)cc1,0.25,1
CC(=O)N[C@@H]1[C@@H](O[C@H](C)C(=O)N[C@@H](C)C(=O)N[C@H](CCC(N)=O)C(=O)O)[C@H](O[C@@H]2O[C@H](CO)[C@@H](O)[C@H](O)[C@H]2N)[C@@H](CO)O[C@H]1O,0.067,1
CNC(=O)c1cccc2c(Nc3ccc(NS(C)(=O)=O)cc3OC)c3cccc(C)c3nc12,0.47500000000000003,2
O=C(O)CNC(=O)c1ncc(-c2cccc(Cl)c2)cc1O,0.75,1
